eid,Al_frac,Cr_frac,Cu_frac,Fe_frac,Hf_frac,Mn_frac,Mo_frac,Nb_frac,Ni_frac,Sc_frac,Si_frac,Sn_frac,Ta_frac,Ti_frac,V_frac,W_frac,Zr_frac,condition,ph1,ph2,ph3,grain_size_param_1,grain_size_param_2,flag_1,flag_2,flag_3,YM_GPa,YM_err,YS_MPa,YS_err,UTS_MPa,UTS_err,DAR_pct,DAR_err,test_mode,HV,HV_err,Mo_equivalent,Mo_equivalent_class,ref_doi,ref_key,comments
Ti-23Nb-10Zr-2.0Fe,0.0,0.0,0.0,0.0234,0.0,0.0,0.0,0.1358,0.0,0.0,0.0,0.0,0.0,0.7791,0.0,0.0,0.0617,ST-WQ,Ti-beta,,,1860.0,90.0,1,0,0,79.0,1.0,782.0,62.0,,,10.0,1.0,tension,252.0,8.0,12.88,meta,10.1007/s10853-021-06002-0,salvador2021,"Young modulus obtained via tensile tests (Table 3). Grain size not reported, estimated from Fig. 9. "
Ti-27Nb-10Zr-1.5Fe,0.0,0.0,0.0,0.015600000000000001,0.0,0.0,0.0,0.16320000000000004,0.0,0.0,0.0,0.0,0.0,0.7575000000000001,0.0,0.0,0.06370000000000002,ST-WQ,Ti-beta,,,1400.0,60.0,1,1,0,78.0,3.0,735.0,94.0,,,9.0,1.0,tension,229.0,2.0,11.65,meta,10.1007/s10853-021-06002-0,salvador2021,"Young modulus obtained via tensile tests (Table 3). Grain size not reported, estimated from Fig. 9. "
Ti-31Nb-10Zr-1.0Fe,0.0,0.0,0.0,0.0138013801380138,0.0,0.0,0.0,0.18991899189918993,0.0,0.0,0.0,0.0,0.0,0.7298729872987298,0.0,0.0,0.0664066406640664,ST-WQ,Ti-beta,,,1310.0,60.0,1,0,0,77.0,2.0,672.0,99.0,,,15.0,6.0,tension,218.0,5.0,12.08,meta,10.1007/s10853-021-06002-0,salvador2021,"Young modulus obtained via tensile tests (Table 3). Grain size not reported, estimated from Fig. 9. "
Ti-11Nb-7Zr-3.5Fe,0.0,0.0,0.0,0.0349034903490349,0.0,0.0,0.0,0.061806180618061805,0.0,0.0,0.0,0.0,0.0,0.8622862286228622,0.0,0.0,0.041004100410041,ST-WQ,Ti-beta,Ti-omega,,1640.0,100.0,1,1,0,90.0,2.0,1011.0,17.0,,,4.0,1.0,tension,358.0,3.0,13.78,meta,10.1016/j.matdes.2018.10.040,dalbo2018,Young modulus obtained via tensile tests (Table 3)
Ti-19Nb-6Sn-2.5Fe,0.0,0.0,0.0,0.0256,0.0,0.0,0.0,0.11,0.0,0.0,0.0,0.0268,0.0,0.8376,0.0,0.0,0.0,ST-WQ,Ti-beta,Ti-omega,,1280.0,70.0,1,1,0,71.0,2.0,765.0,10.0,,,31.0,5.0,tension,260.0,9.0,12.76,meta,10.1016/j.matdes.2018.10.040,dalbo2018,Young modulus obtained via tensile tests (Table 3)
Ti-19Nb-10Zr-2.5Fe,0.0,0.0,0.0,0.027000000000000003,0.0,0.0,0.0,0.11370000000000001,0.0,0.0,0.0,0.0,0.0,0.7974000000000001,0.0,0.0,0.061900000000000004,ST-WQ,Ti-beta,Ti-omega,,1570.0,70.0,1,1,0,69.0,1.0,1027.0,33.0,,,8.0,2.0,tension,267.0,3.0,13.12,meta,10.1016/j.matdes.2018.10.040,dalbo2018,Young modulus obtained via tensile tests (Table 3)
Ti-31Nb-1.0Fe,0.0,0.0,0.0,0.011,0.0,0.0,0.0,0.1805,0.0,0.0,0.0,0.0,0.0,0.8085,0.0,0.0,0.0,ST-WQ,Ti-beta,Ti-omega,,1400.0,,1,1,0,81.0,3.0,477.0,79.0,,,-32.0,,compression,230.0,11.0,11.55,meta,10.1016/j.jmbbm.2016.09.024,salvador2017,Average grain size not reported. Young modulus obtained via pulse-echo ultrasonic testing. Yield strength obtained via compression tests.
Ti-27Nb-1.5Fe,0.0,0.0,0.0,0.0162,0.0,0.0,0.0,0.1584,0.0,0.0,0.0,0.0,0.0,0.8254,0.0,0.0,0.0,ST-WQ,Ti-beta,Ti-omega,,1300.0,,1,1,0,94.0,2.0,496.0,31.0,,,-33.0,,compression,277.0,16.0,12.23,meta,10.1016/j.jmbbm.2016.09.024,salvador2017,Average grain size not reported. Young modulus obtained via pulse-echo ultrasonic testing. Yield strength obtained via compression tests.
Ti-23Nb-2.0Fe,0.0,0.0,0.0,0.0217,0.0,0.0,0.0,0.1325,0.0,0.0,0.0,0.0,0.0,0.8458,0.0,0.0,0.0,ST-WQ,Ti-beta,Ti-omega,,1300.0,,1,1,0,95.0,5.0,604.0,55.0,,,-34.0,,compression,314.0,6.0,12.89,meta,10.1016/j.jmbbm.2016.09.024,salvador2017,Average grain size not reported. Young modulus obtained via pulse-echo ultrasonic testing. Yield strength obtained via compression tests.
Ti-19Nb-2.5Fe,0.0,0.0,0.0,0.0254,0.0,0.0,0.0,0.1039,0.0,0.0,0.0,0.0,0.0,0.8707,0.0,0.0,0.0,ST-WQ,Ti-beta,Ti-omega,,1600.0,,1,1,0,90.0,3.0,672.0,77.0,,,-32.0,,compression,334.0,4.0,12.92,meta,10.1016/j.jmbbm.2016.09.024,salvador2017,Average grain size not reported. Young modulus obtained via pulse-echo ultrasonic testing. Yield strength obtained via compression tests.
Ti-15Nb-3.0Fe,0.0,0.0,0.0,0.028,0.0,0.0,0.0,0.0825,0.0,0.0,0.0,0.0,0.0,0.8895,0.0,0.0,0.0,ST-WQ,Ti-beta,Ti-omega,,1700.0,,1,1,0,94.0,3.0,695.0,40.0,,,-50.0,,compression,362.0,3.0,12.9,meta,10.1016/j.jmbbm.2016.09.024,salvador2017,Average grain size not reported. Deformation is higher than > 40 (no fracture) and cannot be determined. Young modulus obtained via pulse-echo ultrasonic testing. Yield strength obtained via compression tests. Sample with no apparent fracture in compression - assumed deformation of -50%.
Ti-11Nb-3.5Fe,0.0,0.0,0.0,0.0335,0.0,0.0,0.0,0.0602,0.0,0.0,0.0,0.0,0.0,0.9063,0.0,0.0,0.0,ST-WQ,Ti-beta,Ti-omega,,1800.0,,1,1,0,97.0,1.0,715.0,44.0,,,-50.0,,compression,382.0,3.0,13.75,meta,10.1016/j.jmbbm.2016.09.024,salvador2017,Average grain size not reported. Deformation is higher than > 40 (no fracture) and cannot be determined. Young modulus obtained via pulse-echo ultrasonic testing. Yield strength obtained via compression tests. Sample with no apparent fracture in compression - assumed deformation of -50%.
Ti-30Nb,0.0,0.0,0.0,0.0,0.0,0.0,0.0,0.1816,0.0,0.0,0.0,0.0,0.0,0.8184,0.0,0.0,0.0,ST-WQ,Ti-beta,Ti-omega,,1100.0,350.0,1,1,0,79.0,4.0,348.0,17.0,601.0,15.0,28.5,2.6,tension,202.0,4.0,8.43,near,10.1007/s11661-016-3411-0,lopes2016,Average grain size not reported - estimated from Fig. 10. Young modulus obtained via pulse-echo ultrasonic testing. Mechanical properties extracted from Fig. 18.
Ti-30Nb-1Fe,0.0,0.0,0.0,0.0111,0.0,0.0,0.0,0.1826,0.0,0.0,0.0,0.0,0.0,0.8063,0.0,0.0,0.0,ST-WQ,Ti-beta,Ti-omega,,1700.0,350.0,1,1,0,79.0,4.0,606.0,14.0,633.0,22.0,17.3,2.1,tension,284.0,9.0,11.66,meta,10.1007/s11661-016-3411-0,lopes2016,Average grain size not reported - estimated from Fig. 10. Young modulus obtained via pulse-echo ultrasonic testing. Mechanical properties extracted from Fig. 18.
Ti-30Nb-3Fe,0.0,0.0,0.0,0.0292,0.0,0.0,0.0,0.1796,0.0,0.0,0.0,0.0,0.0,0.7912,0.0,0.0,0.0,ST-WQ,Ti-beta,Ti-omega,,1200.0,350.0,1,1,0,78.0,4.0,625.0,12.0,656.0,13.0,19.0,0.7,tension,255.0,6.0,16.73,meta,10.1007/s11661-016-3411-0,lopes2016,Average grain size not reported - estimated from Fig. 10. Young modulus obtained via pulse-echo ultrasonic testing. Mechanical properties extracted from Fig. 18.
Ti-30Nb-5Fe,0.0,0.0,0.0,0.051394860513948606,0.0,0.0,0.0,0.17678232176782324,0.0,0.0,0.0,0.0,0.0,0.7718228177182282,0.0,0.0,0.0,ST-WQ,Ti-beta,Ti-omega,,1500.0,350.0,1,1,0,79.0,4.0,629.0,15.0,689.0,6.0,16.6,0.7,tension,246.0,6.0,22.98,meta,10.1007/s11661-016-3411-0,lopes2016,Average grain size not reported - estimated from Fig. 10. Young modulus obtained via pulse-echo ultrasonic testing. Mechanical properties extracted from Fig. 18.
Ti-12Nb-5Fe,0.0,0.0,0.0,0.0414,0.0,0.0,0.0,0.0696,0.0,0.0,0.0,0.0,0.0,0.889,0.0,0.0,0.0,ST-WQ,Ti-beta,,,,140.0,0,0,0,90.0,20.0,740.0,20.0,,,-42.0,0.0,compression,293.0,6.0,16.59,meta,10.1016/j.actbio.2015.12.010,biesiekierski2016,Small rods with a height of 10.00 mm and 5.00 mm diameter for mechanical testing (compression)
Ti-7Ta-4Fe,0.0,0.0,0.0,0.0328,0.0,0.0,0.0,0.0,0.0,0.0,0.0,0.0,0.0208,0.9464,0.0,0.0,0.0,ST-WQ,Ti-alpha-dp,Ti-beta,,,140.0,0,0,0,110.0,10.0,1250.0,40.0,,,-7.0,1.0,compression,430.0,10.0,12.06,meta,10.1016/j.actbio.2015.12.010,biesiekierski2016,Small rods with a height of 10.00 mm and 5.00 mm diameter for mechanical testing (compression)
Ti-10Ta-4Fe,0.0,0.0,0.0,0.0343,0.0,0.0,0.0,0.0,0.0,0.0,0.0,0.0,0.0275,0.9382,0.0,0.0,0.0,ST-WQ,Ti-beta,Ti-omega,,,140.0,0,0,0,121.0,2.0,1360.0,20.0,,,-14.0,4.0,compression,410.0,10.0,12.84,meta,10.1016/j.actbio.2015.12.010,biesiekierski2016,Small rods with a height of 10.00 mm and 5.00 mm diameter for mechanical testing (compression)
Ti-13Mo-6Sn,0.0,0.0,0.0,0.0,0.0,0.0,0.0724,0.0,0.0,0.0,0.0,0.0292,0.0,0.8984,0.0,0.0,0.0,ST-WQ,Ti-beta,,,2100.0,,1,0,0,66.0,4.0,650.0,18.0,,,12.0,2.0,tension,314.0,10.0,13.0,meta,10.1016/j.msea.2019.138190,mello2019,Grain size not reported. 
Ti-9Mo,0.0,0.0,0.0,0.0,0.0,0.0,0.0465,0.0,0.0,0.0,0.0,0.0,0.0,0.9535,0.0,0.0,0.0,ST-WQ,Ti-beta,Ti-omega,,1700.0,,1,1,0,91.0,3.0,537.0,11.0,852.0,22.0,22.0,4.0,tension,350.0,9.0,8.9,near,10.1016/j.matchar.2015.10.005,mello2015,Grain size not reported. 
Ti-9Mo-1.5Sn,0.0,0.0,0.0,0.0,0.0,0.0,0.0487,0.0,0.0,0.0,0.0,0.0077,0.0,0.9436,0.0,0.0,0.0,ST-WQ,Ti-beta,Ti-omega,,1600.0,,1,1,0,89.0,2.0,511.0,16.0,847.0,29.0,18.0,3.0,tension,312.0,5.0,9.21,near,10.1016/j.matchar.2015.10.005,mello2015,Grain size not reported. 
Ti-9Mo-6Sn,0.0,0.0,0.0,0.0,0.0,0.0,0.0473,0.0,0.0,0.0,0.0,0.0286,0.0,0.9241,0.0,0.0,0.0,ST-WQ,Ti-beta,Ti-omega,,1700.0,,1,1,0,78.0,2.0,441.0,57.0,803.0,37.0,16.0,1.0,tension,271.0,5.0,8.7,near,10.1016/j.matchar.2015.10.005,mello2015,Grain size not reported. 
Ti-25Zr-24Nb,0.0,0.0,0.0,0.0,0.0,0.0,0.0,0.2445244524452445,0.0,0.0,0.0,0.0,0.0,0.5723572357235723,0.0,0.0,0.18311831183118313,As-cast,Ti-beta,,,,300.0,0,0,0,62.0,3.6,810.0,48.0,,,14.8,1.6,tension,241.3,,9.52,near,10.1016/j.actbio.2015.03.023,ozan2015,Grain size estimated from Figure 2. Mechanical properties from tensile testing.
Ti-32Zr-30Nb,0.0,0.0,0.0,0.0,0.0,0.0,0.0,0.22002200220022003,0.0,0.0,0.0,0.0,0.0,0.540954095409541,0.0,0.0,0.23902390239023902,As-cast,Ti-beta,,,,300.0,0,0,0,65.0,4.2,782.0,18.8,,,13.0,1.8,tension,244.4,,8.4,near,10.1016/j.actbio.2015.03.023,ozan2015,Grain size estimated from Figure 2. Mechanical properties from tensile testing.
Ti-35Zr-28Nb,0.0,0.0,0.0,0.0,0.0,0.0,0.0,0.20727927207279268,0.0,0.0,0.0,0.0,0.0,0.5258474152584741,0.0,0.0,0.2668733126687331,As-cast,Ti-beta,,,,300.0,0,0,0,64.0,4.5,729.0,26.3,,,11.3,1.5,tension,244.0,,7.84,near,10.1016/j.actbio.2015.03.023,ozan2015,Grain size estimated from Figure 2. Mechanical properties from tensile testing.
Ti-41Zr-25Nb,0.0,0.0,0.0,0.0,0.0,0.0,0.0,0.18618138186181382,0.0,0.0,0.0,0.0,0.0,0.5026497350264973,0.0,0.0,0.31116888311168883,As-cast,Ti-beta,,,,300.0,0,0,0,63.0,4.2,682.0,49.5,,,9.9,1.1,tension,235.6,,6.94,near,10.1016/j.actbio.2015.03.023,ozan2015,Grain size estimated from Figure 2. Mechanical properties from tensile testing.
Ti-13Nb-13Zr,0.0,0.0,0.0,0.0,0.0,0.0,0.0,0.0792,0.0,0.0,0.0,0.0,0.0,0.8416,0.0,0.0,0.0792,ST-WQ,Ti-beta,Ti-alpha-dp,,1200.0,,1,0,0,66.0,1.2,501.0,23.0,,,20.3,2.6,tension,220.0,5.0,3.75,rich,10.1016/j.jmbbm.2011.03.023,majumdar2011,Deformation and ST at 800 deg C followed by WQ (Figure 10a). Mechanical properties from tensile tests.  
Ti-28Nb-13Zr-0.5Fe,0.0,0.0,0.0,0.0057,0.0,0.0,0.0,0.1839,0.0,0.0,0.0,0.0,0.0,0.7236,0.0,0.0,0.0868,ST-WQ,Ti-beta,Ti-alpha-dp,,1100.0,100.0,1,1,0,58.0,,780.0,,,,13.0,,tension,,,9.52,near,10.1016/j.msea.2009.08.057,cui2009,"Average grain size from the text in section 3. Cylindrical specimens gauge diameter of 5 mm, length 25 mm."
Ti-19Nb-10Zr-1Fe,0.0,0.0,0.0,0.009999000099990002,0.0,0.0,0.0,0.05989401059894011,0.0,0.0,0.0,0.0,0.0,0.8141185881411859,0.0,0.0,0.11598840115988401,ST-WQ,Ti-beta,Ti-omega,,,0.5,0,1,1,59.0,,553.0,,723.0,,25.0,,tension,,,5.71,near,10.1016/j.msec.2015.02.004,xue2015,Real composition not reported.  ST at 600 deg C for 5 min (which might be below beta-transus) after cold-rolling with a reduction of 75% in thickness.
Ti-32Nb-6Zr-1.5Fe,0.0,0.0,0.0,0.0147014701470147,0.0,0.0,0.0,0.2004200420042004,0.0,0.0,0.0,0.0,0.0,0.7448744874487448,0.0,0.0,0.040004000400040006,ST-WQ,Ti-beta,,,1600.0,50.0,1,0,0,62.0,,1038.0,,1083.0,,9.0,,tension,218.0,6.0,12.93,meta,10.1007/s12613-017-1477-3,nocivin2017,"Sample P4, recrystallization at 800 deg C followed by WQ."
Ti-32Nb-2Sn,0.0,0.0,0.0,0.0,0.0,0.0,0.0,0.1979,0.0,0.0,0.0,0.0097,0.0,0.7924,0.0,0.0,0.0,ST-WQ,Ti-beta,,,,100.0,0,1,0,60.0,2.0,665.0,25.0,,,32.0,2.0,tension,260.0,10.0,8.96,near,10.1016/j.matdes.2017.04.014,bahl2017,Real composition not reported. Grain size estimated from Figure 1. 
Ti-38Ta-22Zr-8Nb,0.0,0.0,0.0,0.0,0.0,0.0,0.0,0.0726,0.0,0.0,0.0,0.0,0.1764,0.5501,0.0,0.0,0.2009,ST-WQ,Ti-beta,Ti-omega,,,250.0,0,1,0,73.0,4.0,1107.0,145.0,,,0.0,,tension,365.0,3.0,10.69,meta,10.1016/j.jmbbm.2017.07.011,ozan2017,Average grain size from Figure 1. Number of specimens tested not reported. Plastic deformation tends to 0 in tensile tests. 
Ti-39Ta-25Zr-5Nb,0.0,0.0,0.0,0.0,0.0,0.0,0.0,0.0451,0.0,0.0,0.0,0.0,0.1803,0.5448,0.0,0.0,0.2298,ST-WQ,Ti-beta,Ti-omega,,,250.0,0,1,0,75.0,2.0,932.0,195.0,,,0.0,,tension,422.0,10.0,9.96,near,10.1016/j.jmbbm.2017.07.011,ozan2017,Average grain size from Figure 1. Number of specimens tested not reported. Plastic deformation tends to 0 in tensile tests. 
Ti-39Ta-28Zr-2.5Nb,0.0,0.0,0.0,0.0,0.0,0.0,0.0,0.0228,0.0,0.0,0.0,0.0,0.1852,0.5316,0.0,0.0,0.2604,ST-WQ,Ti-beta,Ti-omega,,,250.0,0,1,0,77.0,2.0,953.0,121.0,,,0.0,,tension,433.0,8.0,9.39,near,10.1016/j.jmbbm.2017.07.011,ozan2017,Average grain size from Figure 1. Number of specimens tested not reported. Plastic deformation tends to 0 in tensile tests. 
Ti-5Mo-5Fe,0.0,0.0,0.0,0.03979602039796021,0.0,0.0,0.0241975802419758,0.0,0.0,0.0,0.0,0.0,0.0,0.936006399360064,0.0,0.0,0.0,ST-WQ,Ti-beta,Ti-alpha-dp,,,300.0,0,0,0,83.0,3.0,936.0,,,,,,,452.0,,17.76,meta,10.1016/j.matdes.2016.02.110,abd-elrhman2016,Solution treated at 900 deg C followed by WQ (ST900). Average grain size from Figure 5. Yield strength approx. from Fig. 6. Hardness taken from Fig. 7. No TEM image from ST900 condition. 
Ti-26Nb-12Zr-8Mo,0.0,0.0,0.0,0.0,0.0,0.0,0.0514,0.1724,0.0,0.0,0.0,0.0,0.0,0.6951,0.0,0.0,0.0811,ST-WQ,Ti-beta,,,,9.0,0,0,0,66.6,1.4,754.7,7.0,759.0,,8.5,1.2,tension,,,15.28,meta,10.1179/1743284712Y.0000000128,golosova2013,Hardness not reported. No TEM analysis. Oxygen content not reported. Average grain-size of 9 um. 
Ti-30Nb-4Sn-1Mo,0.0,0.0,0.0,0.0,0.0,0.0,0.006000600060006001,0.18721872187218722,0.0,0.0,0.0,0.0195019501950195,0.0,0.7872787278727873,0.0,0.0,0.0,ST-WQ,Ti-beta,Ti-alpha-dp,,,,0,1,1,46.0,,130.0,,380.0,,,,,,,9.39,near,10.1016/j.pnsc.2015.09.008,guo2015,Cold rolled plate annealed at 800 deg C for 1 h then quenched into water (ST specimens). TEM image of such samples are in Fig. 3. UTS extrapolated from Figure 6. 
Ti-29Nb-13Ta-4.6Zr,0.0,0.0,0.0,0.0,0.0,0.0,0.0,0.2014,0.0,0.0,0.0,0.0,0.0464,0.7197,0.0,0.0,0.0325,ST-WQ,Ti-beta,,,,20.0,0,1,0,65.0,,600.0,,650.0,,25.0,,tension,175.0,,10.98,meta,10.1016/S0142-9612(03)00069-3,niinomi2003,"ST at 790 deg C for 1 h, sample ""As-ST"".  "
Ti-18Nb-9Zr-6Sn-5Mo,0.0,0.0,0.0,0.0,0.0,0.0,0.0296,0.118,0.0,0.0,0.0,0.0295,0.0,0.7638,0.0,0.0,0.0591,As-cast,Ti-beta,Ti-alpha-dp,,,,0,1,0,72.0,,499.0,,519.0,,6.4,,tension,,,9.97,near,10.1016/j.msea.2017.01.047,jiang2017,"Copper-mold suction-cast, 10g samples. Alloy #2 from the study. Hardness not reported. Errors bars not reported. "
Ti-14Nb-9Zr-6Sn-5Mo,0.0,0.0,0.0,0.0,0.0,0.0,0.0296,0.0885,0.0,0.0,0.0,0.0293,0.0,0.7936,0.0,0.0,0.059,As-cast,Ti-beta,Ti-alpha-dp,,,,0,1,0,56.0,,566.0,,701.0,,13.6,,tension,,,8.88,near,10.1016/j.msea.2017.01.047,jiang2017,"Copper-mold suction-cast, 10g samples. Alloy #3 from the study. Hardness not reported. Errors bars not reported. "
Ti-15Nb-6Sn-5Zr-5Mo,0.0,0.0,0.0,0.0,0.0,0.0,0.03160316031603161,0.09350935093509351,0.0,0.0,0.0,0.03130313031303131,0.0,0.8122812281228123,0.0,0.0,0.03130313031303131,As-cast,Ti-beta,Ti-alpha-dp,,,,0,1,0,55.0,,533.0,,692.0,,14.2,,tension,,,9.56,near,10.1016/j.msea.2017.01.047,jiang2017,"Copper-mold suction-cast, 10g samples. Alloy #7 from the study. Hardness not reported. Errors bars not reported. "
Ti-32Nb-7Zr-3Sn-0.3O,0.0,0.0,0.0,0.0,0.0,0.0,0.0,0.2109,0.0,0.0,0.0,0.0137,0.0,0.7305,0.0,0.0,0.0449,ST-WQ,Ti-beta,,,3000.0,175.0,1,0,0,66.9,,806.0,,829.0,,15.4,,tension,282.0,,9.1,near,10.1016/j.msea.2017.02.045,lan2017,Grain size in the range of 150-200 um (Section 3.1). Hardness extracted from Fig. 7 (reduction = 0).
Ti-25Nb-2Mo-4Sn,0.0,0.0,0.0,0.0,0.0,0.0,0.0118,0.1524,0.0,0.0,0.0,0.0191,0.0,0.8167,0.0,0.0,0.0,ST-WQ,Ti-beta,Ti-alpha-dp,,,,0,0,1,53.1,,361.0,,511.0,,,,,,,9.0,near,10.1007/s11661-012-1324-0,guo2012,ST at 750 deg C for 1 h followed by quenching into water. Mechanical properties estimated from Fig. 2. YSIM at approx. 164 MPa.
Ti-12Mo-6Zr-2Fe,0.0,0.0,0.0,0.0188981101889811,0.0,0.0,0.0658934106589341,0.0,0.0,0.0,0.0,0.0,0.0,0.8805119488051195,0.0,0.0,0.03469653034696531,ST-AC,Ti-beta,,,2000.0,,1,0,0,79.5,,897.0,,931.5,,12.0,,tension,,,17.81,meta,10.1520/F1813-13.2,astmF1813,"Solution annealed, cooling condition not specified (assumed AC). Errors in composition assumed from Table 1. Elastic modulus taken from 10.1016/j.pmatsci.2008.06.004"
Ti-6Al-4V,0.102,0.0,0.0,0.0,0.0,0.0,0.0,0.0,0.0,0.0,0.0,0.0,0.0,0.862,0.036,0.0,0.0,ST-AC,Ti-beta,Ti-alpha,,1300.0,,1,0,0,110.0,,760.0,,825.0,,8.0,,tension,,,-3.32,other,10.1520/F0136-12A.2,astmF0136,"Solution annealed, cooling condition not specified (assumed AC). Mechanical properties from large samples (distance between parallel sides > 44 mm). Elastic modulus taken from 10.1016/j.pmatsci.2008.06.004"
Ti-6Al-7Nb,0.1051,0.0,0.0,0.0,0.0,0.0,0.0,0.0356,0.0,0.0,0.0,0.0,0.0,0.8593,0.0,0.0,0.0,ST-AC,Ti-beta,Ti-alpha,,2000.0,,1,0,0,110.0,,800.0,,900.0,,10.0,,tension,,,-4.04,other,10.1520/F0562-13.2,astmF0562,"Solution annealed, cooling condition not specified (assumed AC). Elastic modulus taken from 10.1016/j.pmatsci.2008.06.004"
Ti-10Ta,0.0,0.0,0.0,0.0,0.0,0.0,0.0,0.0,0.0,0.0,0.0,0.0,0.0286,0.9714,0.0,0.0,0.0,ST-WQ,Ti-alpha-p,,,750.0,70.0,1,0,0,100.0,,396.0,,504.0,,21.0,,tension,,,2.2,rich,10.1016/j.msea.2003.12.011,zhou2004,Elastic modulus from Fig. 3. Other mechanical properties from Fig. 5. Hardness not reported. Grain size inferred from text in Section 4. 
Ti-30Ta,0.0,0.0,0.0,0.0,0.0,0.0,0.0,0.0,0.0,0.0,0.0,0.0,0.1018,0.8982,0.0,0.0,0.0,ST-WQ,Ti-alpha-dp,,,880.0,70.0,1,0,0,69.0,,441.0,,587.0,,21.0,,tension,,,6.6,near,10.1016/j.msea.2003.12.011,zhou2004,Elastic modulus from Fig. 3. Other mechanical properties from Fig. 5. Hardness not reported. Grain size inferred from text in Section 4. 
Ti-50Ta,0.0,0.0,0.0,0.0,0.0,0.0,0.0,0.0,0.0,0.0,0.0,0.0,0.2092,0.7908,0.0,0.0,0.0,ST-WQ,Ti-alpha-dp,Ti-beta,,710.0,70.0,1,0,0,88.0,,379.0,,530.0,,25.0,,tension,,,11.0,meta,10.1016/j.msea.2003.12.011,zhou2004,Elastic modulus from Fig. 3. Other mechanical properties from Fig. 5. Hardness not reported. Grain size inferred from text in Section 4. 
Ti-70Ta,0.0,0.0,0.0,0.0,0.0,0.0,0.0,0.0,0.0,0.0,0.0,0.0,0.3817,0.6183,0.0,0.0,0.0,ST-WQ,Ti-beta,,,340.0,70.0,1,0,0,67.0,,373.0,,600.0,,16.0,,tension,,,15.4,meta,10.1016/j.msea.2003.12.011,zhou2004,Elastic modulus from Fig. 3. Other mechanical properties from Fig. 5. Hardness not reported. Grain size inferred from text in Section 4. 
Ti-35Nb-4Sn,0.0,0.0,0.0,0.0,0.0,0.0,0.0,0.2236,0.0,0.0,0.0,0.02,0.0,0.7564,0.0,0.0,0.0,ST-WQ,Ti-beta,Ti-alpha-dp,,,120.0,0,0,1,55.0,,376.0,,480.0,,29.0,,tension,,,9.8,near,10.2320/matertrans.46.1070,matsumoto2005,Average grain size reported in section 3.2. Mechanical properties from Fig. 12a.
Ti-35Nb-8Sn,0.0,0.0,0.0,0.0,0.0,0.0,0.0,0.2302,0.0,0.0,0.0,0.0407,0.0,0.7291,0.0,0.0,0.0,ST-WQ,Ti-beta,,,,120.0,0,0,1,61.0,,444.0,,480.0,,19.0,,tension,,,9.8,near,10.2320/matertrans.46.1070,matsumoto2005,Average grain size estimated based on section 3.2. Mechanical properties from Fig. 12a.
Ti-29Nb-13Ta-4.6Zr,0.0,0.0,0.0,0.0,0.0,0.0,0.0,0.2014,0.0,0.0,0.0,0.0,0.0464,0.7197,0.0,0.0,0.0325,ST-WQ,Ti-beta,,,,23.0,0,0,0,55.0,,257.0,,535.0,,41.0,,tension,,,10.98,meta,10.1016/S0921-5093(97)00808-3,kuroda1998,Mechanical properties extracted from Figures 7 and 8.
Ti-16Nb-13Ta-4Mo,0.0,0.0,0.0,0.0,0.0,0.0,0.0247,0.1022,0.0,0.0,0.0,0.0,0.0426,0.8305,0.0,0.0,0.0,ST-WQ,Ti-beta,,,,30.0,0,0,0,50.0,,557.0,,641.0,,50.0,,tension,,,11.33,meta,10.1016/S0921-5093(97)00808-3,kuroda1998,Mechanical properties extracted from Figures 7 and 8. Elongation reported as 65% (replaced with 50%)
Ti-29Nb-13Ta,0.0,0.0,0.0,0.0,0.0,0.0,0.0,0.1956,0.0,0.0,0.0,0.0,0.045,0.7594,0.0,0.0,0.0,ST-WQ,Ti-beta,,,,27.0,0,0,0,66.0,,213.0,,572.0,,31.0,,tension,,,10.98,meta,10.1016/S0921-5093(97)00808-3,kuroda1998,Mechanical properties extracted from Figures 7 and 8. Grain size estimated based on other compositions. 
Ti-29Nb-13Ta-4Mo,0.0,0.0,0.0,0.0,0.0,0.0,0.026802680268026804,0.2009200920092009,0.0,0.0,0.0,0.0,0.0462046204620462,0.7260726072607261,0.0,0.0,0.0,ST-WQ,Ti-beta,,,,26.0,0,0,0,53.0,,599.0,,608.0,,17.0,,tension,,,14.98,meta,10.1016/S0921-5093(97)00808-3,kuroda1998,Mechanical properties extracted from Figures 7 and 8.
Ti-29Nb-13Ta-2Sn,0.0,0.0,0.0,0.0,0.0,0.0,0.0,0.1987198719871987,0.0,0.0,0.0,0.0107010701070107,0.0457045704570457,0.7448744874487448,0.0,0.0,0.0,ST-WQ,Ti-beta,,,,28.0,0,0,0,48.0,,432.0,,497.0,,25.0,,tension,,,10.98,meta,10.1016/S0921-5093(97)00808-3,kuroda1998,Mechanical properties extracted from Figures 7 and 8.
Ti-29Nb-13Ta-4.6Sn,0.0,0.0,0.0,0.0,0.0,0.0,0.0,0.2029,0.0,0.0,0.0,0.0252,0.0467,0.7252,0.0,0.0,0.0,ST-WQ,Ti-beta,,,,27.0,0,0,0,55.0,,367.0,,528.0,,21.0,,tension,,,10.98,meta,10.1016/S0921-5093(97)00808-3,kuroda1998,Mechanical properties extracted from Figures 7 and 8. Grain size estimated based on other compositions. 
Ti-29Nb-13Ta-6Sn,0.0,0.0,0.0,0.0,0.0,0.0,0.0,0.2052205220522052,0.0,0.0,0.0,0.0332033203320332,0.047204720472047206,0.7143714371437144,0.0,0.0,0.0,ST-WQ,Ti-beta,,,,27.0,0,0,0,69.0,,501.0,,523.0,,18.0,,tension,,,10.98,meta,10.1016/S0921-5093(97)00808-3,kuroda1998,Mechanical properties extracted from Figures 7 and 8. Grain size estimated based on other compositions. 
Ti-11Nb-6Fe,0.0,0.0,0.0,0.0548,0.0,0.0,0.0,0.0604,0.0,0.0,0.0,0.0,0.0,0.8848,0.0,0.0,0.0,As-cast,Ti-beta,Ti-alpha-dp,,,,0,0,0,89.0,,1137.0,,,,-36.0,,compression,357.0,,20.47,meta,10.1016/j.matdes.2016.02.094,haghighi2016,Elastic modulus from Table 2. Plastic strain from compression tests (36%). 
Ti-11Nb-9Fe,0.0,0.0,0.0,0.0826,0.0,0.0,0.0,0.0607,0.0,0.0,0.0,0.0,0.0,0.8567,0.0,0.0,0.0,As-cast,Ti-beta,,,,,0,0,0,82.0,,1078.0,,,,-38.0,,compression,334.0,,29.18,meta,10.1016/j.matdes.2016.02.094,haghighi2016,Elastic modulus from Table 2. Plastic strain from compression tests (36%). 
Ti-5Al-5Mo-5V-3Cr,0.1014,0.0224,0.0,0.0008,0.0,0.0,0.0247,0.0,0.0,0.0,0.0,0.0,0.0,0.8062,0.0445,0.0,0.0,ST-WQ,Ti-beta,Ti-omega,,920.0,160.0,1,0,0,115.0,6.0,636.0,20.0,,,13.0,2.0,tension,314.0,16.0,6.67,near,10.1016/j.matdes.2014.04.015,shekhar2014,"Hardness and elastic modulus not reported, data taken from (PT) http://repositorio.unicamp.br/jspui/handle/REPOSIP/263158"
Ti-10Mo,0.0,0.0,0.0,0.0,0.0,0.0,0.0539,0.0,0.0,0.0,0.0,0.0,0.0,0.9461,0.0,0.0,0.0,ST-WQ,Ti-beta,Ti-omega,,1370.0,200.0,1,0,0,93.0,,731.0,,,,47.0,,tension,,,10.25,meta,10.1016/j.matchar.2011.07.010,zhou2011,Average grain size estimated from Fig. 2
Ti-20Mo,0.0,0.0,0.0,0.0,0.0,0.0,0.1076,0.0,0.0,0.0,0.0,0.0,0.0,0.8924,0.0,0.0,0.0,ST-WQ,Ti-beta,,,1300.0,180.0,1,0,0,75.0,,823.0,,,,15.0,,tension,,,19.46,meta,10.1016/j.matchar.2011.07.010,zhou2011,Average grain size estimated from Fig. 2
Ti-10Mo,0.0,0.0,0.0,0.0,0.0,0.0,0.0525,0.0,0.0,0.0,0.0,0.0,0.0,0.9475,0.0,0.0,0.0,PM-FC,Ti-beta,Ti-alpha,,,40.0,0,0,0,77.6,1.3,862.0,,916.0,,14.8,0.3,tension,,,10.0,near,10.1016/j.bioactmat.2020.04.012,xu2020,Powder metallurgy + sintering at 1300-1420 deg C. Relative density > 94%. Yield strength from Figure 5. Variations in composition (after sintering) not reported. Average grain size estimated from Fig. 4.
Ti-10Mo-1Cu,0.0,0.0,0.007999200079992,0.0,0.0,0.0,0.0526947305269473,0.0,0.0,0.0,0.0,0.0,0.0,0.9393060693930607,0.0,0.0,0.0,PM-FC,Ti-beta,Ti-alpha,Ti2Cu,,40.0,0,0,0,73.5,1.6,972.0,,1002.3,,8.2,0.1,tension,,,10.01,meta,10.1016/j.bioactmat.2020.04.012,xu2020,Powder metallurgy + sintering at 1300-1420 deg C. Relative density > 94%. Yield strength from Figure 5. Variations in composition (after sintering) not reported. Average grain size estimated from Fig. 4.
Ti-10Mo-3Cu,0.0,0.0,0.024,0.0,0.0,0.0,0.0529,0.0,0.0,0.0,0.0,0.0,0.0,0.9231,0.0,0.0,0.0,PM-FC,Ti-beta,Ti-alpha,Ti2Cu,,40.0,0,0,0,71.1,0.9,1062.0,,1098.1,,5.2,0.2,tension,,,9.99,near,10.1016/j.bioactmat.2020.04.012,xu2020,Powder metallurgy + sintering at 1300-1420 deg C. Relative density > 94%. Yield strength from Figure 5. Variations in composition (after sintering) not reported. Average grain size estimated from Fig. 4.
Ti-10Mo-5Cu,0.0,0.0,0.0402,0.0,0.0,0.0,0.0532,0.0,0.0,0.0,0.0,0.0,0.0,0.9066,0.0,0.0,0.0,PM-FC,Ti-beta,Ti-alpha,Ti2Cu,,40.0,0,1,0,74.9,1.5,1152.0,,1162.2,,1.97,0.2,tension,,,10.0,near,10.1016/j.bioactmat.2020.04.012,xu2020,Powder metallurgy + sintering at 1300-1420 deg C. Relative density > 94%. Yield strength from Figure 5. Variations in composition (after sintering) not reported. Average grain size estimated from Fig. 4.
Ti-3Cu,0.0,0.0,0.0228,0.0,0.0,0.0,0.0,0.0,0.0,0.0,0.0,0.0,0.0,0.9772,0.0,0.0,0.0,ST-AC,Ti-alpha-p,Ti2Cu,,,,0,0,0,,,535.0,6.0,633.0,,19.0,5.0,tension,243.0,18.0,0.0,rich,10.1016/j.jmst.2019.03.044,wang2019,"Alloys annealed at 910 deg C for 1 h then AC. Based on the morphology presented in Fig. 2, the matrix is alpha-prime martensite (Fig. 1 can be misleading). Elastic modulus not reported."
Ti-5Cu,0.0,0.0,0.0381,0.0,0.0,0.0,0.0,0.0,0.0,0.0,0.0,0.0,0.0,0.9619,0.0,0.0,0.0,ST-AC,Ti-alpha-p,Ti2Cu,,,,0,0,0,,,588.0,5.0,745.0,,8.3,0.7,tension,272.0,29.0,0.0,rich,10.1016/j.jmst.2019.03.044,wang2019,"Alloys annealed at 910 deg C for 1 h then AC. Based on the morphology presented in Fig. 2, the matrix is alpha-prime martensite (Fig. 1 can be misleading). Elastic modulus not reported."
Ti-7Cu,0.0,0.0,0.0537,0.0,0.0,0.0,0.0,0.0,0.0,0.0,0.0,0.0,0.0,0.9463,0.0,0.0,0.0,ST-AC,Ti-alpha-p,Ti2Cu,,,,0,0,0,,,711.0,7.0,877.0,,3.6,1.6,tension,298.0,20.0,0.0,rich,10.1016/j.jmst.2019.03.044,wang2019,"Alloys annealed at 910 deg C for 1 h then AC. Based on the morphology presented in Fig. 2, the matrix is alpha-prime martensite (Fig. 1 can be misleading). Elastic modulus not reported."
Ti-30Zr-5Al-3V,0.0992,0.0,0.0,0.0,0.0,0.0,0.0,0.0,0.0,0.0,0.0,0.0,0.0,0.6933,0.0315,0.0,0.176,ST-AC,Ti-alpha-p,Ti-beta,,,400.0,0,1,0,97.0,,1181.0,,1302.0,,4.28,,tension,400.0,11.0,-2.99,other,10.1016/j.msea.2017.03.027,li2017,"Ingots heated to 1000 deg C and hot rolled, AC to room temperature. Unable to distinct alpha from alpha-p (no composition analysis). Grain size estimated from Fig. 3. Number of samples not informed. Hardness extracted from Fig. 6."
Ti-30Zr-5Al-3V-0.5Fe,0.0993,0.0,0.0,0.0048,0.0,0.0,0.0,0.0,0.0,0.0,0.0,0.0,0.0,0.6882,0.0315,0.0,0.1762,ST-AC,Ti-alpha-p,Ti-beta,,,400.0,0,1,0,92.0,,1299.0,,1420.0,,5.34,,tension,439.0,13.0,-1.54,other,10.1016/j.msea.2017.03.027,li2017,"Ingots heated to 1000 deg C and hot rolled, AC to room temperature. Unable to distinct alpha from alpha-p (no composition analysis). Grain size estimated from Fig. 3. Number of samples not informed. Hardness extracted from Fig. 6."
Ti-30Zr-5Al-3V-1.0Fe,0.0993,0.0,0.0,0.0096,0.0,0.0,0.0,0.0,0.0,0.0,0.0,0.0,0.0,0.6832,0.0316,0.0,0.1763,ST-AC,Ti-alpha-p,Ti-beta,,,400.0,0,1,0,100.0,,1421.0,,1533.0,,2.49,,tension,475.0,11.0,-0.09,other,10.1016/j.msea.2017.03.027,li2017,"Ingots heated to 1000 deg C and hot rolled, AC to room temperature. Unable to distinct alpha from alpha-p (no composition analysis). Grain size estimated from Fig. 3. Number of samples not informed. Hardness extracted from Fig. 6."
Ti-30Zr-5Al-3V-1.5Fe,0.09940994099409942,0.0,0.0,0.0144014401440144,0.0,0.0,0.0,0.0,0.0,0.0,0.0,0.0,0.0,0.6781678167816781,0.03160316031603161,0.0,0.17641764176417643,ST-AC,Ti-beta,Ti-alpha-p,,,350.0,0,1,0,96.0,,1553.0,,1667.0,,2.34,,tension,488.0,11.0,1.36,rich,10.1016/j.msea.2017.03.027,li2017,"Ingots heated to 1000 deg C and hot rolled, AC to room temperature. Unable to distinct alpha from alpha-p (no composition analysis). Grain size estimated from Fig. 3. Number of samples not informed. Hardness extracted from Fig. 6."
Ti-30Zr-5Al-3V-2.0Fe,0.0995,0.0,0.0,0.0192,0.0,0.0,0.0,0.0,0.0,0.0,0.0,0.0,0.0,0.6731,0.0316,0.0,0.1766,ST-AC,Ti-beta,Ti-alpha-p,,,300.0,0,1,0,103.0,,1399.0,,1538.0,,1.9,,tension,484.0,13.0,2.8,rich,10.1016/j.msea.2017.03.027,li2017,"Ingots heated to 1000 deg C and hot rolled, AC to room temperature. Unable to distinct alpha from alpha-p (no composition analysis). Grain size estimated from Fig. 3. Number of samples not informed. Hardness extracted from Fig. 6."
Ti-30Zr-5Al-3V-2.5Fe,0.0996,0.0,0.0,0.0241,0.0,0.0,0.0,0.0,0.0,0.0,0.0,0.0,0.0,0.668,0.0316,0.0,0.1767,ST-AC,Ti-beta,Ti-alpha-p,,,300.0,0,1,0,79.0,,1068.0,,1115.0,,2.0,,tension,403.0,15.0,4.27,rich,10.1016/j.msea.2017.03.027,li2017,"Ingots heated to 1000 deg C and hot rolled, AC to room temperature. Unable to distinct alpha from alpha-p (no composition analysis). Grain size estimated from Fig. 3. Number of samples not informed. Hardness extracted from Fig. 6."
Ti-25Nb-3Zr-3Mo-2Sn,0.0,0.0,0.0,0.0,0.0,0.0,0.0179,0.1538,0.0,0.0,0.0,0.0096,0.0,0.7999,0.0,0.0,0.0188,ST-AC,Ti-beta,,,,25.0,0,0,1,83.0,6.0,499.1,71.4,708.5,,0.7,,tension,,,10.01,meta,10.1016/j.msea.2009.11.059,kent2010,Elastic modulus (incipient) from 1% strain (Fig. 5a). Errors in composition not reported. Average grain size shown in Fig. 6a. Phase composition not detailed for the ST-WQ condition.
Ti-5Hf,0.0,0.0,0.0,0.0,0.0137,0.0,0.0,0.0,0.0,0.0,0.0,0.0,0.0,0.9863,0.0,0.0,0.0,ST-WQ,Ti-alpha-p,,,1030.0,,0,0,0,115.0,,369.0,,455.0,,25.6,,tension,,,0.0,rich,10.2320/matertrans.45.1549,zhou2004b,Composition variations and oxygen content based on Ti-10Hf errors (Table 2). Elastic modulus measured via resonant frequencies (Fig. 3). Phase analisys restricted to conventional XRD. Mechanical properties extracted from Fig. 5.
Ti-10Hf,0.0,0.0,0.0,0.0,0.0284,0.0,0.0,0.0,0.0,0.0,0.0,0.0,0.0,0.9716,0.0,0.0,0.0,ST-WQ,Ti-alpha-p,,,1030.0,,0,0,0,114.0,,406.0,,482.0,,21.2,,tension,,,0.0,rich,10.2320/matertrans.45.1549,zhou2004b,Composition variations and oxygen content based on Ti-10Hf errors (Table 2). Elastic modulus measured via resonant frequencies (Fig. 3). Phase analisys restricted to conventional XRD. Mechanical properties extracted from Fig. 5.
Ti-15Hf,0.0,0.0,0.0,0.0,0.0443,0.0,0.0,0.0,0.0,0.0,0.0,0.0,0.0,0.9557,0.0,0.0,0.0,ST-WQ,Ti-alpha-p,,,1030.0,,0,0,0,113.0,,439.0,,546.0,,19.6,,tension,,,0.0,rich,10.2320/matertrans.45.1549,zhou2004b,Composition variations and oxygen content based on Ti-10Hf errors (Table 2). Elastic modulus measured via resonant frequencies (Fig. 3). Phase analisys restricted to conventional XRD. Mechanical properties extracted from Fig. 5.
Ti-20Hf,0.0,0.0,0.0,0.0,0.0616,0.0,0.0,0.0,0.0,0.0,0.0,0.0,0.0,0.9384,0.0,0.0,0.0,ST-WQ,Ti-alpha-p,,,1030.0,,0,0,0,112.0,,530.0,,634.0,,12.1,,tension,,,0.0,rich,10.2320/matertrans.45.1549,zhou2004b,Composition variations and oxygen content based on Ti-10Hf errors (Table 2). Elastic modulus measured via resonant frequencies (Fig. 3). Phase analisys restricted to conventional XRD. Mechanical properties extracted from Fig. 5.
Ti-30Hf,0.0,0.0,0.0,0.0,0.1009,0.0,0.0,0.0,0.0,0.0,0.0,0.0,0.0,0.8991,0.0,0.0,0.0,ST-WQ,Ti-alpha-p,,,1030.0,,0,0,0,110.0,,551.0,,681.0,,9.1,,tension,,,0.0,rich,10.2320/matertrans.45.1549,zhou2004b,Composition variations and oxygen content based on Ti-10Hf errors (Table 2). Elastic modulus measured via resonant frequencies (Fig. 3). Phase analisys restricted to conventional XRD. Mechanical properties extracted from Fig. 5.
Ti-40Hf,0.0,0.0,0.0,0.0,0.148,0.0,0.0,0.0,0.0,0.0,0.0,0.0,0.0,0.852,0.0,0.0,0.0,ST-WQ,Ti-alpha-p,,,1030.0,,0,0,0,109.0,,964.0,,1106.0,,2.7,,tension,,,0.0,rich,10.2320/matertrans.45.1549,zhou2004b,Composition variations and oxygen content based on Ti-10Hf errors (Table 2). Elastic modulus measured via resonant frequencies (Fig. 3). Phase analisys restricted to conventional XRD. Mechanical properties extracted from Fig. 5.
Ti-25Zr-25Nb,0.0,0.0,0.0,0.001000100010001,0.0,0.0,0.0,0.16641664166416642,0.0,0.0,0.0,0.0,0.0,0.6586658665866586,0.0,0.0,0.17391739173917392,ST-AC,Ti-beta,,,1950.0,263.0,0,0,0,70.0,,480.0,,552.0,,54.0,,tension,220.0,4.0,7.14,near,10.1016/j.msea.2018.09.002,vajpai2018,Oxygen content assumed to be the average of two values reported in Table 1. Cooling condition not clear - assumed AC. Samples ST at 1273K for 1h. Young modulus not confirmed via experiments.
Ti-8Fe,0.0,0.0,0.0,0.0694,0.0,0.0,0.0,0.0,0.0,0.0,0.0,0.0,0.0,0.9306,0.0,0.0,0.0,As-cast,Ti-beta,Ti-alpha-dp,,,100.0,0,0,0,129.0,,1560.0,,,,-11.0,,compression,468.0,9.0,23.21,meta,10.1016/j.matdes.2015.03.028,haghighi2015,Cold crucible leviation casting. Average grain size estimated from Fig. 2. Modulus and hardness from Fig. 4. Plastic strength and yield stress approx. from Fig. 8. Mechanical assessment conducted under compression. Oxygen content not reported.
Ti-8Fe-5Ta,0.0,0.0,0.0,0.072,0.0,0.0,0.0,0.0,0.0,0.0,0.0,0.0,0.0139,0.9141,0.0,0.0,0.0,As-cast,Ti-beta,Ti-alpha-dp,,,100.0,0,0,0,120.0,,1103.0,,,,-31.0,,compression,389.0,5.0,24.29,meta,10.1016/j.matdes.2015.03.028,haghighi2015,Cold crucible leviation casting. Average grain size estimated from Fig. 2. Modulus and hardness from Fig. 4. Plastic strength and yield stress approx. from Fig. 8. Mechanical assessment conducted under compression. Oxygen content not reported.
Ti-8Fe-8Ta,0.0,0.0,0.0,0.07379262073792621,0.0,0.0,0.0,0.0,0.0,0.0,0.0,0.0,0.022797720227977204,0.9034096590340965,0.0,0.0,0.0,As-cast,Ti-beta,Ti-alpha-dp,,,100.0,0,0,0,106.0,,1050.0,,,,-31.5,,compression,379.0,5.0,24.97,meta,10.1016/j.matdes.2015.03.028,haghighi2015,Cold crucible leviation casting. Average grain size estimated from Fig. 2. Modulus and hardness from Fig. 4. Plastic strength and yield stress approx. from Fig. 8. Mechanical assessment conducted under compression. Oxygen content not reported.
Ti-9Fe-2Ta,0.0,0.0,0.0,0.07930793079307931,0.0,0.0,0.0,0.0,0.0,0.0,0.0,0.0,0.0054005400540054005,0.9152915291529153,0.0,0.0,0.0,As-cast,Ti-beta,Ti-alpha-dp,,,100.0,0,0,0,110.0,2.0,1143.0,,,,-29.9,,compression,390.0,5.0,26.53,meta,10.1016/j.matdes.2015.03.028,haghighi2015,Cold crucible leviation casting. Average grain size estimated from Fig. 2. Modulus and hardness from Fig. 4. Plastic strength and yield stress approx. from Fig. 8. Mechanical assessment conducted under compression. Oxygen content not reported.
Ti-9Fe-5Ta,0.0,0.0,0.0,0.0812,0.0,0.0,0.0,0.0,0.0,0.0,0.0,0.0,0.0139,0.9049,0.0,0.0,0.0,As-cast,Ti-beta,Ti-alpha-dp,,,100.0,0,0,0,103.0,,1079.0,,,,-33.8,,compression,370.0,5.0,27.21,meta,10.1016/j.matdes.2015.03.028,haghighi2015,Cold crucible leviation casting. Average grain size estimated from Fig. 2. Modulus and hardness from Fig. 4. Plastic strength and yield stress approx. from Fig. 8. Mechanical assessment conducted under compression. Oxygen content not reported.
Ti-9Fe-9Ta,0.0,0.0,0.0,0.0837916208379162,0.0,0.0,0.0,0.0,0.0,0.0,0.0,0.0,0.025897410258974102,0.8903109689031097,0.0,0.0,0.0,As-cast,Ti-beta,Ti-alpha-dp,,,100.0,0,0,0,99.0,,1016.0,,,,-34.7,,compression,351.0,5.0,28.09,meta,10.1016/j.matdes.2015.03.028,haghighi2015,Cold crucible leviation casting. Average grain size estimated from Fig. 2. Modulus and hardness from Fig. 4. Plastic strength and yield stress approx. from Fig. 8. Mechanical assessment conducted under compression. Oxygen content not reported.
Ti-10Fe10Ta,0.0,0.0,0.0,0.094,0.0,0.0,0.0,0.0,0.0,0.0,0.0,0.0,0.029,0.877,0.0,0.0,0.0,As-cast,Ti-beta,Ti-alpha-dp,,,100.0,0,0,0,92.0,,1008.0,,,,-35.4,,compression,343.0,5.0,31.21,stable,10.1016/j.matdes.2015.03.028,haghighi2015,Cold crucible leviation casting. Average grain size estimated from Fig. 2. Modulus and hardness from Fig. 4. Plastic strength and yield stress approx. from Fig. 8. Mechanical assessment conducted under compression. Oxygen content not reported.
Ti-7Mo-4Al-3V-3Cr,0.0697069706970697,0.0269026902690269,0.0,0.0,0.0,0.0,0.034203420342034205,0.0,0.0,0.0,0.0,0.0,0.0,0.8407840784078408,0.028402840284028404,0.0,0.0,ST-WQ,Ti-beta,,,,148.0,0,0,0,,,829.0,12.0,884.0,,17.0,1.0,tension,,,9.55,near,10.1016/j.matdes.2017.02.043,sadeghpour2017,"ST at 910 deg C for 30 min, then water-quenched. Properties extracted from Fig. 9. Hardness and modulus not reported. TEM investigation not reported. "
Ti-5Al-5Mo-5V-3Cr,0.09120000000000002,0.026400000000000003,0.0,0.0,0.0,0.0,0.023700000000000002,0.0,0.0,0.0,0.0,0.0,0.0,0.8150000000000001,0.04370000000000001,0.0,0.0,ST-WQ,Ti-beta,,,,135.0,0,0,0,,,804.0,11.0,836.0,,12.0,1.0,tension,,,7.39,near,10.1016/j.matdes.2017.02.043,sadeghpour2017,"ST at 910 deg C for 30 min, then water-quenched. Properties extracted from Fig. 9. Hardness and modulus not reported. TEM investigation not reported. "
Ti-7V-5Mo-3Al-3Cr,0.05369463053694631,0.027897210278972105,0.0,0.0,0.0,0.0,0.025197480251974803,0.0,0.0,0.0,0.0,0.0,0.0,0.8269173082691731,0.0662933706629337,0.0,0.0,ST-WQ,Ti-beta,Ti-omega,,,64.0,0,1,0,,,750.0,,1100.0,,19.0,,tension,,,11.5,meta,10.1016/j.scriptamat.2017.10.017,sadeghpour2018,"ST at 900 deg C for 5 min, then WQ. Average grain size from page 2. "
TiZr-5Al,0.1091,0.0,0.0,0.0,0.0,0.0,0.0,0.0,0.0,0.0,0.0,0.0,0.0,0.5843,0.0,0.0,0.3066,ST-WQ,Ti-alpha-p,,,,107.0,0,1,0,100.0,5.0,1710.0,140.0,1665.0,165.0,0.82,0.07,tension,,,-5.0,other,10.1016/j.jallcom.2015.12.199,liang2016,WQ just after hot-rolling (850 deg C). Grain size assumed to be an average of parent (200 um) and dynamic rycrystallizatiion grains (15 um). Mechanical properties extracted from Table 2.
TiZr-5Al-1V,0.1089,0.0,0.0,0.0,0.0,0.0,0.0,0.0,0.0,0.0,0.0,0.0,0.0,0.5769,0.0115,0.0,0.3027,ST-WQ,Ti-alpha-p,Ti-alpha-dp,Ti-beta,,107.0,0,1,0,72.0,3.0,740.0,70.0,1255.0,125.0,5.75,0.45,tension,,,-4.33,other,10.1016/j.jallcom.2015.12.199,liang2016,WQ just after hot-rolling (850 deg C). Grain size assumed to be an average of parent (200 um) and dynamic rycrystallizatiion grains (15 um). Mechanical properties extracted from Table 2.
TiZr-5Al-3V,0.10838916108389161,0.0,0.0,0.0,0.0,0.0,0.0,0.0,0.0,0.0,0.0,0.0,0.0,0.5621437856214379,0.03449655034496551,0.0,0.294970502949705,ST-WQ,Ti-alpha-dp,Ti-beta,,,107.0,0,1,0,68.0,3.0,690.0,70.0,1355.0,135.0,12.4,1.4,tension,,,-2.99,other,10.1016/j.jallcom.2015.12.199,liang2016,WQ just after hot-rolling (850 deg C). Grain size assumed to be an average of parent (200 um) and dynamic rycrystallizatiion grains (15 um). Mechanical properties extracted from Table 2.
TiZr-5Al-5V,0.1079,0.0,0.0,0.0,0.0,0.0,0.0,0.0,0.0,0.0,0.0,0.0,0.0,0.5476,0.0572,0.0,0.2873,ST-WQ,Ti-beta,Ti-alpha-dp,,,107.0,0,1,0,73.0,4.0,955.0,95.0,1055.0,105.0,8.95,0.85,tension,,,-1.65,other,10.1016/j.jallcom.2015.12.199,liang2016,WQ just after hot-rolling (850 deg C). Grain size assumed to be an average of parent (200 um) and dynamic rycrystallizatiion grains (15 um). Mechanical properties extracted from Table 2.
TiZr-5Al-7V,0.1075,0.0,0.0,0.0,0.0,0.0,0.0,0.0,0.0,0.0,0.0,0.0,0.0,0.5331,0.0797,0.0,0.2797,ST-WQ,Ti-beta,,,,107.0,0,1,0,81.0,4.0,1065.0,95.0,1185.0,115.0,9.35,0.85,tension,,,-0.31,other,10.1016/j.jallcom.2015.12.199,liang2016,WQ just after hot-rolling (850 deg C). Grain size assumed to be an average of parent (200 um) and dynamic rycrystallizatiion grains (15 um). Mechanical properties extracted from Table 2.
Ti-38Nb-0.13O,0.0,0.0,0.0,0.0,0.0,0.0,0.0,0.24,0.0,0.0,0.0,0.0,0.0,0.76,0.0,0.0,0.0,ST-WQ,Ti-alpha-dp,Ti-beta,,1300.0,200.0,1,0,1,56.0,1.5,203.0,10.0,481.0,,36.0,1.5,tension,,,10.64,meta,10.2320/matertrans.M2018021,li2018,Average grain size ~ 200 um (Fig. 2). Hardness not reported. Mechanical properties taken from Fig. 3
Ti-38Nb-0.24O,0.0,0.0,0.0,0.0,0.0,0.0,0.0,0.24,0.0,0.0,0.0,0.0,0.0,0.76,0.0,0.0,0.0,ST-WQ,Ti-beta,,,2400.0,200.0,1,0,1,58.0,1.8,301.0,25.0,578.0,,37.7,0.5,tension,,,10.64,meta,10.2320/matertrans.M2018021,li2018,Average grain size ~ 200 um (Fig. 2). Hardness not reported. Mechanical properties taken from Fig. 3
Ti-38Nb-0.46O,0.0,0.0,0.0,0.0,0.0,0.0,0.0,0.24,0.0,0.0,0.0,0.0,0.0,0.76,0.0,0.0,0.0,ST-WQ,Ti-beta,,,4600.0,200.0,1,0,1,62.0,2.0,575.0,5.0,780.0,,25.0,2.5,tension,,,10.64,meta,10.2320/matertrans.M2018021,li2018,Average grain size ~ 200 um (Fig. 2). Hardness not reported. Mechanical properties taken from Fig. 3
Ti-12Mo-5Zr,0.0,0.0,0.0,0.0,0.0,0.0,0.0654,0.0,0.0,0.0,0.0,0.0,0.0,0.906,0.0,0.0,0.0286,ST-WQ,Ti-beta,Ti-alpha-dp,,800.0,90.0,1,0,0,64.5,0.3,509.0,16.0,628.0,32.0,4.7,0.3,tension,442.0,8.0,12.01,meta,10.1016/j.jallcom.2011.05.090,zhao2011,Annealed at 1133K for 1h followed by a rapid water quenching. Errors in composition not reported. Grain size informed in the text could be misleading (see Fig. 1).
Ti-25Ta-25Nb,0.0,0.0,0.0,0.0,0.0,0.0,0.0,0.1853,0.0,0.0,0.0,0.0,0.0952,0.7195,0.0,0.0,0.0,ST-WQ,Ti-beta,,,,30.0,0,0,1,55.0,,200.0,,530.0,,20.0,,tension,145.0,,12.5,meta,10.1016/j.jmbbm.2010.06.007,bertrand2010,"All samples were solution treated at 850 deg C for 0.5 h and water quenched. Alloy exhibits superelasticity, with a stress plateau at 200 MPa. Grain size estimated based on Fig. 2"
Pure Ti,0.0,0.0,0.0,0.0,0.0,0.0,0.0,0.0,0.0,0.0,0.0,0.0,0.0,1.0,0.0,0.0,0.0,ST-AC,Ti-alpha,,,,20.0,0,0,1,105.0,,200.0,,360.0,,27.0,,tension,134.0,,0.0,rich,10.1016/j.jmbbm.2010.06.007,bertrand2010,Grain size estimated based on Fig. 2. Processing condition not especified (assumed AC)
Ti-15Nb-0.15O,0.0,0.0,0.0,0.0,0.0,0.0,0.0,0.0833,0.0,0.0,0.0,0.0,0.0,0.9167,0.0,0.0,0.0,ST-FC,Ti-alpha,Ti-beta,,1500.0,,1,0,0,96.0,5.0,558.0,51.0,,,-50.0,,compression,211.0,8.0,4.2,rich,10.1016/j.msea.2021.141750,santos2021,"Errors in composition not reported. Number of samples/specimens not reported. Mechanical strength via compression tests (Table 1). Sample did not fracture, assumed deformation of -50%."
Ti-15Nb-0.25O,0.0,0.0,0.0,0.0,0.0,0.0,0.0,0.0833,0.0,0.0,0.0,0.0,0.0,0.9167,0.0,0.0,0.0,ST-FC,Ti-alpha,Ti-beta,,2500.0,,1,0,0,103.0,4.0,744.0,26.0,,,-33.0,3.0,compression,245.0,5.0,4.2,rich,10.1016/j.msea.2021.141750,santos2021,Errors in composition not reported. Number of samples/specimens not reported. Mechanical strength via compression tests (Table 1).
Ti-15Nb-0.40O,0.0,0.0,0.0,0.0,0.0,0.0,0.0,0.0833,0.0,0.0,0.0,0.0,0.0,0.9167,0.0,0.0,0.0,ST-FC,Ti-alpha,Ti-beta,,4000.0,,1,0,0,102.0,1.0,962.0,22.0,,,-30.0,3.0,compression,265.0,7.0,4.2,rich,10.1016/j.msea.2021.141750,santos2021,Errors in composition not reported. Number of samples/specimens not reported. Mechanical strength via compression tests (Table 1).
Ti-17.5Nb-0.15O,0.0,0.0,0.0,0.0,0.0,0.0,0.0,0.0985,0.0,0.0,0.0,0.0,0.0,0.9015,0.0,0.0,0.0,ST-FC,Ti-alpha,Ti-beta,,1500.0,,1,0,0,89.0,2.0,628.0,9.0,,,-50.0,,compression,220.0,6.0,4.9,rich,10.1016/j.msea.2021.141750,santos2021,"Errors in composition not reported. Number of samples/specimens not reported. Mechanical strength via compression tests (Table 1). Sample did not fracture, assumed deformation of -50%."
Ti-17.5Nb-0.25O,0.0,0.0,0.0,0.0,0.0,0.0,0.0,0.0985,0.0,0.0,0.0,0.0,0.0,0.9015,0.0,0.0,0.0,ST-FC,Ti-alpha,Ti-beta,,2500.0,,1,0,0,91.0,5.0,822.0,25.0,,,-27.0,5.0,compression,252.0,9.0,4.9,rich,10.1016/j.msea.2021.141750,santos2021,Errors in composition not reported. Number of samples/specimens not reported. Mechanical strength via compression tests (Table 1).
Ti-17.5Nb-0.40O,0.0,0.0,0.0,0.0,0.0,0.0,0.0,0.0985,0.0,0.0,0.0,0.0,0.0,0.9015,0.0,0.0,0.0,ST-FC,Ti-alpha,Ti-beta,,4000.0,,1,0,0,92.0,3.0,893.0,15.0,,,-20.0,5.0,compression,275.0,2.0,4.9,rich,10.1016/j.msea.2021.141750,santos2021,Errors in composition not reported. Number of samples/specimens not reported. Mechanical strength via compression tests (Table 1).
Ti-20.0Nb-0.15O,0.0,0.0,0.0,0.0,0.0,0.0,0.0,0.1141,0.0,0.0,0.0,0.0,0.0,0.8859,0.0,0.0,0.0,ST-FC,Ti-alpha,Ti-beta,,1500.0,,1,0,0,89.0,1.0,655.0,40.0,,,-36.0,9.0,compression,239.0,2.0,5.6,near,10.1016/j.msea.2021.141750,santos2021,Errors in composition not reported. Number of samples/specimens not reported. Mechanical strength via compression tests (Table 1).
Ti-20.0Nb-0.25O,0.0,0.0,0.0,0.0,0.0,0.0,0.0,0.1141,0.0,0.0,0.0,0.0,0.0,0.8859,0.0,0.0,0.0,ST-FC,Ti-alpha,Ti-beta,,2500.0,,1,0,0,87.0,2.0,818.0,51.0,,,-31.0,4.0,compression,273.0,3.0,5.6,near,10.1016/j.msea.2021.141750,santos2021,Errors in composition not reported. Number of samples/specimens not reported. Mechanical strength via compression tests (Table 1).
Ti-20.0Nb-0.40O,0.0,0.0,0.0,0.0,0.0,0.0,0.0,0.1141,0.0,0.0,0.0,0.0,0.0,0.8859,0.0,0.0,0.0,ST-FC,Ti-alpha,Ti-beta,,4000.0,,1,0,0,94.0,2.0,906.0,25.0,,,-25.0,2.0,compression,291.0,1.0,5.6,near,10.1016/j.msea.2021.141750,santos2021,Errors in composition not reported. Number of samples/specimens not reported. Mechanical strength via compression tests (Table 1).
Ti-22.5Nb-0.15O,0.0,0.0,0.0,0.0,0.0,0.0,0.0,0.1301,0.0,0.0,0.0,0.0,0.0,0.8699,0.0,0.0,0.0,ST-FC,Ti-alpha,Ti-beta,,1500.0,,1,0,0,89.0,4.0,734.0,35.0,,,-25.0,7.0,compression,262.0,4.0,6.3,near,10.1016/j.msea.2021.141750,santos2021,Errors in composition not reported. Number of samples/specimens not reported. Mechanical strength via compression tests (Table 1).
Ti-22.5Nb-0.25O,0.0,0.0,0.0,0.0,0.0,0.0,0.0,0.1301,0.0,0.0,0.0,0.0,0.0,0.8699,0.0,0.0,0.0,ST-FC,Ti-alpha,Ti-beta,,2500.0,,1,0,0,99.0,6.0,854.0,23.0,,,-26.0,1.0,compression,290.0,4.0,6.3,near,10.1016/j.msea.2021.141750,santos2021,Errors in composition not reported. Number of samples/specimens not reported. Mechanical strength via compression tests (Table 1).
Ti-22.5Nb-0.40O,0.0,0.0,0.0,0.0,0.0,0.0,0.0,0.1301,0.0,0.0,0.0,0.0,0.0,0.8699,0.0,0.0,0.0,ST-FC,Ti-alpha,Ti-beta,,4000.0,,1,0,0,100.0,1.0,930.0,25.0,,,-28.0,3.0,compression,303.0,4.0,6.3,near,10.1016/j.msea.2021.141750,santos2021,Errors in composition not reported. Number of samples/specimens not reported. Mechanical strength via compression tests (Table 1).
Cp-Ti grade 1,0.0,0.0,0.0,0.0017,0.0,0.0,0.0,0.0,0.0,0.0,0.0,0.0,0.0,0.9983,0.0,0.0,0.0,ST,Ti-alpha,,,1800.0,,1,0,0,102.0,,170.0,,,,25.0,,tension,,,0.58,rich,10.1520/F0067-13R17,astmF0067,Ingot metallurgy route. Processing and cooling conditions unknown. Compilation by 10.3390/prosthesis2020011
Cp-Ti grade 2,0.0,0.0,0.0,0.0017,0.0,0.0,0.0,0.0,0.0,0.0,0.0,0.0,0.0,0.9983,0.0,0.0,0.0,ST,Ti-alpha,,,2500.0,,1,0,0,102.0,,275.0,,,,20.0,,tension,,,0.58,rich,10.1520/F0067-13R17,astmF0067,Ingot metallurgy route. Processing and cooling conditions unknown. Compilation by 10.3390/prosthesis2020011
Cp-Ti grade 3,0.0,0.0,0.0,0.0017,0.0,0.0,0.0,0.0,0.0,0.0,0.0,0.0,0.0,0.9983,0.0,0.0,0.0,ST,Ti-alpha,,,3500.0,,1,0,0,102.0,,380.0,,,,18.0,,tension,,,0.58,rich,10.1520/F0067-13R17,astmF0067,Ingot metallurgy route. Processing and cooling conditions unknown. Compilation by 10.3390/prosthesis2020011
Cp-Ti grade 4,0.0,0.0,0.0,0.0026,0.0,0.0,0.0,0.0,0.0,0.0,0.0,0.0,0.0,0.9974,0.0,0.0,0.0,ST,Ti-alpha,,,4000.0,,1,0,0,104.0,,483.0,,,,15.0,,tension,,,0.88,rich,10.1520/F0067-13R17,astmF0067,Ingot metallurgy route. Processing and cooling conditions unknown. Compilation by 10.3390/prosthesis2020011
Ti-7Fe,0.0,0.0,0.0,0.0606,0.0,0.0,0.0,0.0,0.0,0.0,0.0,0.0,0.0,0.9394,0.0,0.0,0.0,As-cast,Ti-beta,Ti-alpha-dp,,,150.0,0,0,0,130.0,,1847.0,,,,-8.0,,compression,560.0,8.0,20.3,meta,10.1016/j.msec.2015.11.072,haghighi2016,Cold crucible levitation melting (CCLM). Mechanical tests in compression. Vickers hardness from Fig. 8; errors estimated from Fig. 8. Average grain size rougly estimated from Fig. 2.
Ti-7Fe-1Nb,0.0,0.0,0.0,0.0609,0.0,0.0,0.0,0.0052,0.0,0.0,0.0,0.0,0.0,0.9339,0.0,0.0,0.0,As-cast,Ti-beta,Ti-alpha-dp,,,150.0,0,0,0,124.0,,1785.0,,,,-10.0,,compression,525.0,8.0,20.58,meta,10.1016/j.msec.2015.11.072,haghighi2016,Cold crucible levitation melting (CCLM). Mechanical tests in compression. Vickers hardness from Fig. 8; errors estimated from Fig. 8. Average grain size rougly estimated from Fig. 2.
Ti-7Fe-4Nb,0.0,0.0,0.0,0.0618,0.0,0.0,0.0,0.0212,0.0,0.0,0.0,0.0,0.0,0.917,0.0,0.0,0.0,As-cast,Ti-beta,Ti-alpha-dp,,,150.0,0,0,0,115.0,,1539.0,,,,-24.3,,compression,472.0,8.0,21.41,meta,10.1016/j.msec.2015.11.072,haghighi2016,Cold crucible levitation melting (CCLM). Mechanical tests in compression. Vickers hardness from Fig. 8; errors estimated from Fig. 8. Average grain size rougly estimated from Fig. 2.
Ti-7Fe-6Nb,0.0,0.0,0.0,0.0624,0.0,0.0,0.0,0.0322,0.0,0.0,0.0,0.0,0.0,0.9054,0.0,0.0,0.0,As-cast,Ti-beta,Ti-alpha-dp,,,150.0,0,0,0,97.0,,1144.0,,,,-23.1,,compression,372.0,8.0,21.97,meta,10.1016/j.msec.2015.11.072,haghighi2016,Cold crucible levitation melting (CCLM). Mechanical tests in compression. Vickers hardness from Fig. 8; errors estimated from Fig. 8. Average grain size rougly estimated from Fig. 2.
Ti-7Fe-9Nb,0.0,0.0,0.0,0.0634,0.0,0.0,0.0,0.049,0.0,0.0,0.0,0.0,0.0,0.8876,0.0,0.0,0.0,As-cast,Ti-beta,Ti-alpha-dp,,,150.0,0,0,0,89.0,,1010.0,,,,-40.5,,compression,335.0,8.0,22.82,meta,10.1016/j.msec.2015.11.072,haghighi2016,Cold crucible levitation melting (CCLM). Mechanical tests in compression. Vickers hardness from Fig. 8; errors estimated from Fig. 8. Average grain size rougly estimated from Fig. 2.
Ti-7Fe-11Nb,0.0,0.0,0.0,0.0641,0.0,0.0,0.0,0.0605,0.0,0.0,0.0,0.0,0.0,0.8754,0.0,0.0,0.0,As-cast,Ti-beta,,,,150.0,0,0,0,86.0,,985.0,,,,-41.5,,compression,325.0,8.0,23.39,meta,10.1016/j.msec.2015.11.072,haghighi2016,Cold crucible levitation melting (CCLM). Mechanical tests in compression. Vickers hardness from Fig. 8; errors estimated from Fig. 8. Average grain size rougly estimated from Fig. 2.
Ti-33Zr-3Fe-2Cr,0.0,0.022,0.0,0.0307,0.0,0.0,0.0,0.0,0.0,0.0,0.0,0.0,0.0,0.7405,0.0,0.0,0.2068,As-cast,Ti-beta,C15,Fe2Zr,,,0,0,0,140.0,5.0,1049.0,17.0,1755.0,50.0,-25.7,2.0,compression,,,11.9,meta,10.1016/j.matdes.2018.05.035,rabadia2018,"Cold crucible levitation melting (CCLM). Mechanical tests in compression. Elastic modulus via nanohardness. Approximations: Fig 5 (Yield stregth), Fig (UTS, plastic strain), Fig 7 (Elastic modulus)."
Ti-33Zr-5Fe-2Cr,0.0,0.022097790220977905,0.0,0.051394860513948606,0.0,0.0,0.0,0.0,0.0,0.0,0.0,0.0,0.0,0.7190280971902809,0.0,0.0,0.2074792520747925,As-cast,Ti-beta,C15,Fe2Zr,,,0,0,0,145.0,8.0,1130.0,12.0,1830.0,55.0,-24.8,2.5,compression,,,17.71,meta,10.1016/j.matdes.2018.05.035,rabadia2018,"Cold crucible levitation melting (CCLM). Mechanical tests in compression. Elastic modulus via nanohardness. Approximations: Fig 5 (Yield stregth), Fig (UTS, plastic strain), Fig 7 (Elastic modulus)."
Ti-33Zr-7Fe-2Cr,0.0,0.0221,0.0,0.0722,0.0,0.0,0.0,0.0,0.0,0.0,0.0,0.0,0.0,0.6975,0.0,0.0,0.2082,As-cast,Ti-beta,C15,Fe2Zr,,,0,0,0,157.0,13.0,1239.0,27.0,1901.0,39.0,-24.2,2.6,compression,,,23.51,meta,10.1016/j.matdes.2018.05.035,rabadia2018,"Cold crucible levitation melting (CCLM). Mechanical tests in compression. Elastic modulus via nanohardness. Approximations: Fig 5 (Yield stregth), Fig (UTS, plastic strain), Fig 7 (Elastic modulus)."
Ti-33Zr-3Fe-4Cr,0.0,0.04409559044095591,0.0,0.030796920307969204,0.0,0.0,0.0,0.0,0.0,0.0,0.0,0.0,0.0,0.7179282071792821,0.0,0.0,0.20717928207179281,As-cast,Ti-beta,C15,"Zr(Fe,Cr)2",,,0,0,0,130.0,6.0,1113.0,32.0,2008.0,79.0,-33.7,1.9,compression,,,15.11,meta,10.1016/j.matdes.2018.05.035,rabadia2018,"Cold crucible levitation melting (CCLM). Mechanical tests in compression. Elastic modulus via nanohardness. Approximations: Fig 5 (Yield stregth), Fig (UTS, plastic strain), Fig 7 (Elastic modulus)."
Ti-33Zr-5Fe-4Cr,0.0,0.0442,0.0,0.0515,0.0,0.0,0.0,0.0,0.0,0.0,0.0,0.0,0.0,0.6964,0.0,0.0,0.2079,As-cast,Ti-beta,C15,"Zr(Fe,Cr)2",,,0,0,0,142.0,14.0,1210.0,11.0,1712.0,34.0,-22.0,0.5,compression,,,20.91,meta,10.1016/j.matdes.2018.05.035,rabadia2018,"Cold crucible levitation melting (CCLM). Mechanical tests in compression. Elastic modulus via nanohardness. Approximations: Fig 5 (Yield stregth), Fig (UTS, plastic strain), Fig 7 (Elastic modulus)."
Ti-33Zr-7Fe-4Cr,0.0,0.0444,0.0,0.0723,0.0,0.0,0.0,0.0,0.0,0.0,0.0,0.0,0.0,0.6747,0.0,0.0,0.2086,As-cast,Ti-beta,C15,"Zr(Fe,Cr)2",,,0,0,0,149.0,13.0,1287.0,41.0,1567.0,48.0,-8.7,1.2,compression,,,26.71,meta,10.1016/j.matdes.2018.05.035,rabadia2018,"Cold crucible levitation melting (CCLM). Mechanical tests in compression. Elastic modulus via nanohardness. Approximations: Fig 5 (Yield stregth), Fig (UTS, plastic strain), Fig 7 (Elastic modulus)."
Ti-27Nb-7Fe,0.0,0.0,0.0,0.0698069806980698,0.0,0.0,0.0,0.1619161916191619,0.0,0.0,0.0,0.0,0.0,0.7682768276827683,0.0,0.0,0.0,As-cast,Ti-beta,Ti-alpha-dp,,,,0,0,0,116.0,9.0,784.0,9.0,,,-34.0,1.0,compression,,,27.85,meta,10.1016/j.msea.2018.07.031,rabadia2018b,Melting in a cold crucible levitation melting furnace. Mechanical evaluation in compression. Yield strength taken from Fig. 5. Young modulus and plastic strain taken from Fig. 6
Ti-27Nb-7Fe-2Cr,0.0,0.0215,0.0,0.07,0.0,0.0,0.0,0.1622,0.0,0.0,0.0,0.0,0.0,0.7463,0.0,0.0,0.0,As-cast,Ti-beta,,,,,0,0,0,99.0,5.0,1097.0,21.0,,,-26.0,1.0,compression,,,31.07,stable,10.1016/j.msea.2018.07.031,rabadia2018b,Melting in a cold crucible levitation melting furnace. Mechanical evaluation in compression. Yield strength taken from Fig. 5. Young modulus and plastic strain taken from Fig. 6
Ti-27Nb-7Fe-4Cr,0.0,0.043,0.0,0.0701,0.0,0.0,0.0,0.1625,0.0,0.0,0.0,0.0,0.0,0.7244,0.0,0.0,0.0,As-cast,Ti-beta,,,,,0,0,0,81.0,2.0,947.0,22.0,,,-30.0,2.0,compression,,,34.26,stable,10.1016/j.msea.2018.07.031,rabadia2018b,Melting in a cold crucible levitation melting furnace. Mechanical evaluation in compression. Yield strength taken from Fig. 5. Young modulus and plastic strain taken from Fig. 6
Ti-27Nb-7Fe-6Cr,0.0,0.0647,0.0,0.0702,0.0,0.0,0.0,0.1628,0.0,0.0,0.0,0.0,0.0,0.7023,0.0,0.0,0.0,As-cast,Ti-beta,,,,,0,0,0,77.0,4.0,922.0,14.0,,,-33.0,1.0,compression,,,37.46,stable,10.1016/j.msea.2018.07.031,rabadia2018b,Melting in a cold crucible levitation melting furnace. Mechanical evaluation in compression. Yield strength taken from Fig. 5. Young modulus and plastic strain taken from Fig. 6
Ti-27Nb-7Fe-8Cr,0.0,0.0864,0.0,0.0704,0.0,0.0,0.0,0.1631,0.0,0.0,0.0,0.0,0.0,0.6801,0.0,0.0,0.0,As-cast,Ti-beta,,,,,0,0,0,72.0,5.0,941.0,23.0,,,-33.0,2.0,compression,,,40.68,stable,10.1016/j.msea.2018.07.031,rabadia2018b,Melting in a cold crucible levitation melting furnace. Mechanical evaluation in compression. Yield strength taken from Fig. 5. Young modulus and plastic strain taken from Fig. 6
Ti-9Mn,0.0,0.0,0.0,0.0,0.0,0.0835,0.0,0.0,0.0,0.0,0.0,0.0,0.0,0.9165,0.0,0.0,0.0,ST-WQ,Ti-beta,Ti-omega,,700.0,190.0,1,1,0,94.0,,1023.0,,1048.0,,19.0,,tension,338.0,13.0,16.09,meta,10.1016/j.actbio.2015.08.015,santos2015,Average grain size reported in section 3.1.
Ti-13Mn,0.0,0.0,0.0,0.0,0.0,0.112,0.0,0.0,0.0,0.0,0.0,0.0,0.0,0.888,0.0,0.0,0.0,ST-WQ,Ti-beta,,,700.0,190.0,1,1,0,100.0,,927.0,,939.0,,13.0,,tension,312.0,8.0,21.5,meta,10.1016/j.actbio.2015.08.015,santos2015,Average grain size reported in section 3.1. Absence of omega not conclusive
Ti-5Mn-3Mo,0.0,0.0,0.0,0.0,0.0,0.0463,0.015,0.0,0.0,0.0,0.0,0.0,0.0,0.9387,0.0,0.0,0.0,PM,Ti-beta,Ti-omega,,2220.0,37.0,1,1,0,88.0,,980.0,,1036.0,,2.0,,tension,331.0,,11.78,meta,10.2320/matertrans.M2016286,santos2017,Average grain size reported in section 3.1.
Ti-5Mn-4Mo,0.0,0.0,0.0,0.0,0.0,0.0461,0.0205,0.0,0.0,0.0,0.0,0.0,0.0,0.9334,0.0,0.0,0.0,PM,Ti-beta,Ti-omega,,2350.0,37.0,1,1,0,84.0,,1046.0,,1104.0,,1.9,,tension,337.0,,12.75,meta,10.2320/matertrans.M2016286,santos2017,Average grain size reported in section 3.1.
Ti-6Mn-3Mo,0.0,0.0,0.0,0.0,0.0,0.0552,0.0154,0.0,0.0,0.0,0.0,0.0,0.0,0.9294,0.0,0.0,0.0,PM,Ti-beta,Ti-omega,,2280.0,37.0,1,1,0,86.0,,1077.0,,1143.0,,3.9,,tension,359.0,,13.54,meta,10.2320/matertrans.M2016286,santos2017,Average grain size reported in section 3.1.
Ti-6Mn-4Mo,0.0,0.0,0.0,0.0,0.0,0.0554,0.0203,0.0,0.0,0.0,0.0,0.0,0.0,0.9243,0.0,0.0,0.0,PM,Ti-beta,Ti-omega,,2440.0,37.0,1,1,0,85.0,,1033.0,,1093.0,,5.0,,tension,312.0,,14.46,meta,10.2320/matertrans.M2016286,santos2017,Average grain size reported in section 3.1.
Ti-15Zr-5Cr-2Al,0.0377,0.049,0.0,0.0,0.0,0.0,0.0,0.0,0.0,0.0,0.0,0.0,0.0,0.8296,0.0,0.0,0.0837,ST-WQ,Ti-beta,,,,200.0,0,0,1,58.0,3.5,625.4,31.8,1879.9,58.5,-23.7,,compression,302.0,10.0,6.01,near,10.1016/j.msec.2016.11.101,wang2017,ST at 1173 for 0.5 h followed by ice water quench. Mechanical properties assessed in compression tests. Grain size roughly estimated from Fig. 2.
Ti-36Nb-3Zr-2Ta-0.3O,0.0,0.0,0.0,0.0,0.0,0.0,0.0,0.22540000000000002,0.0,0.0,0.0,0.0,0.006900000000000001,0.7474000000000001,0.0,0.0,0.020300000000000002,ST-WQ,Ti-beta,,,3000.0,15.0,1,1,0,64.5,2.1,700.0,,840.0,,12.9,,tension,,,10.26,meta,10.1016/j.scriptamat.2008.05.022,talling2008,"IM0.0 condition, grain thickness on the order of 15 um (page 2). Yield strength approx. from Fig. 2"
Ti-32.5Nb-6.8Zr-2.7Sn,0.0,0.0,0.0,0.0,0.0,0.0,0.0,0.2109,0.0,0.0,0.0,0.0137,0.0,0.7305,0.0,0.0,0.0449,ST-WQ,Ti-beta,,,,170.0,0,0,1,54.2,,380.0,,562.0,,20.0,,tension,,,9.1,near,10.1016/j.jmst.2017.04.017,lan2018,Solution treated at 1000 deg C for 1 h followed by WQ. Yield strength estimated from Fig. 8. Grain size roughly estimated from Fig. 1.
Ti-12Mo,0.0,0.0,0.0,0.0,0.0,0.0,0.0637,0.0,0.0,0.0,0.0,0.0,0.0,0.9363,0.0,0.0,0.0,ST-WQ,Ti-beta,Ti-omega,,,80.0,0,1,1,,,480.0,,1000.0,,38.0,,tension,,,12.0,meta,10.1016/j.matchar.2018.03.031,zhang2018,Solution treated at 900 deg C for 0.5 h and subsequently WQ. Mechanical properties approx. from Fig. 2. Potential occurrence of TRIP/TWIN. Grain size assumed to be similar to other alloys from the same study.
Ti-12Mo-5Zr,0.0,0.0,0.0,0.0,0.0,0.0,0.0654,0.0,0.0,0.0,0.0,0.0,0.0,0.906,0.0,0.0,0.0286,ST-WQ,Ti-beta,Ti-omega,,,80.0,0,1,1,,,650.0,,950.0,,50.0,,tension,,,12.01,meta,10.1016/j.matchar.2018.03.031,zhang2018,Solution treated at 900 deg C for 0.5 h and subsequently WQ. Mechanical properties approx. from Fig. 2. Potential occurrence of TRIP/TWIN.
Ti-35Nb,0.0,0.0,0.0,0.0,0.0,0.0,0.0,0.2172,0.0,0.0,0.0,0.0,0.0,0.7828,0.0,0.0,0.0,ST-WQ,Ti-beta,Ti-alpha-dp,,,500.0,0,0,1,73.9,0.4,289.0,27.0,561.0,22.0,59.0,14.0,tension,202.0,6.0,9.8,near,10.1016/j.matdes.2013.10.067,griza2014,Hot rolling at 800 deg C followed by WQ. YS assumed to be Y2 (Table 1) since these alloys present double yielding. Grain size roughly estimated from Fig. 3. Hardness extracted from Fig. 9. 
Ti-35Nb-2.5Sn,0.0,0.0,0.0,0.0,0.0,0.0,0.0,0.2211,0.0,0.0,0.0,0.0124,0.0,0.7665,0.0,0.0,0.0,ST-WQ,Ti-beta,Ti-alpha-dp,,,500.0,0,0,1,65.8,1.1,237.0,8.0,566.0,21.0,55.0,5.0,tension,195.0,6.0,9.8,near,10.1016/j.matdes.2013.10.067,griza2014,Hot rolling at 800 deg C followed by WQ. YS assumed to be Y2 (Table 1) since these alloys present double yielding. Grain size roughly estimated from Fig. 3. Hardness extracted from Fig. 9. 
Ti-35Nb-5Sn,0.0,0.0,0.0,0.0,0.0,0.0,0.0,0.2253,0.0,0.0,0.0,0.0252,0.0,0.7495,0.0,0.0,0.0,ST-WQ,Ti-beta,,,,500.0,0,0,1,68.2,1.2,216.0,18.0,563.0,10.0,36.0,7.0,tension,184.0,6.0,9.8,near,10.1016/j.matdes.2013.10.067,griza2014,Hot rolling at 800 deg C followed by WQ. YS assumed to be Y2 (Table 1) since these alloys present double yielding. Grain size roughly estimated from Fig. 3. Hardness extracted from Fig. 9. 
Ti-35Nb-7.5Sn,0.0,0.0,0.0,0.0,0.0,0.0,0.0,0.2295,0.0,0.0,0.0,0.0385,0.0,0.732,0.0,0.0,0.0,ST-WQ,Ti-beta,,,,500.0,0,0,1,86.4,1.7,262.0,24.0,478.0,22.0,38.0,6.0,tension,202.0,6.0,9.8,near,10.1016/j.matdes.2013.10.067,griza2014,Hot rolling at 800 deg C followed by WQ. YS assumed to be Y2 (Table 1) since these alloys present double yielding. Grain size roughly estimated from Fig. 3. Hardness extracted from Fig. 9. 
Ti-8.5Cr-1.5Sn,0.0,0.0795,0.0,0.0,0.0,0.0,0.0,0.0,0.0,0.0,0.0,0.0061,0.0,0.9144,0.0,0.0,0.0,ST-WQ,Ti-beta,,,400.0,200.0,1,1,1,83.0,4.2,554.0,27.7,1240.0,62.0,35.0,1.8,tension,,,13.6,meta,10.1016/j.scriptamat.2015.11.020,brozek2016,"ST at 900 deg C for 30 min, and then WQ. Mechanical properties estimated from Figure 4a. Errors estimated to be 5%."
Ti-9Mo-6W,0.0,0.0,0.0,0.0,0.0,0.0,0.0493,0.0,0.0,0.0,0.0,0.0,0.0,0.9335,0.0,0.0172,0.0,ST-WQ,Ti-beta,Ti-omega,,,50.0,0,1,1,59.0,3.0,519.0,26.0,1098.0,54.9,34.0,1.7,tension,,,11.64,meta,10.1016/j.scriptamat.2014.09.005,sun2015,ST at 900 deg C for 30 min and quenched in water. Mechanical properties estimated from Figure 1b. Errors estimated to be 5%.
Ti-12Mo,0.0,0.0,0.0,0.0002,0.0,0.0,0.0654,0.0,0.0,0.0,0.0,0.0,0.0,0.9344,0.0,0.0,0.0,ST-WQ,Ti-beta,Ti-omega,,600.0,30.0,1,1,1,78.0,3.9,481.0,24.1,974.0,48.7,38.0,1.9,tension,,,12.36,meta,10.1016/j.actamat.2013.07.019,sun2013,ST at 900 deg C for 30 min and quenched in water. Mechanical properties estimated from Figure 1. Grain size roughly estimated based on Fig. 3. Errors estimated to be 5%.
Ti-24Nb-8Sn-4Zr,0.0,0.0,0.0,0.0,0.0,0.0,0.0,0.1518848115188481,0.0,0.0,0.0,0.038696130386961305,0.0,0.7842215778422158,0.0,0.0,0.025197480251974803,ST-AC,Ti-beta,Ti-alpha-dp,Ti-omega,1100.0,50.0,1,0,1,50.0,2.5,350.0,,,,,,,,,6.75,near,10.1016/j.actbio.2006.11.002,hao2007,ST at 850 deg C for 60 min followed by 40s air cooling then WQ. Average grain size roughly estimated as 50 um (Figure 2). Yield strength estimated from Fig. 9. Elastic modulus estimated from Fig. 11.
Ti-20V-43Zr-0.6O,0.0,0.0,0.0,0.0006999300069993001,0.0,0.0,0.0,0.0,0.0036996300369963007,0.0,0.0,0.0,0.0,0.46085391460853914,0.24307569243075694,0.0,0.29167083291670837,ST-AC,Ti-beta,Ti-beta2,Ti-beta3,6400.0,,1,1,1,82.18,,635.0,,635.0,,1.8,,tension,,,14.16,meta,10.1016/j.scriptamat.2009.02.044,talling2009,Hot extruded in the beta phase-field. Details about the cooling not specified. Oxygen content from Table 1. Mechanical strength extracted from Figure 2. 
Ti-24Nb-8Sn-4Zr,0.0,0.0,0.0,0.0,0.0,0.0,0.0,0.15,0.0,0.0,0.0,0.0374,0.0,0.7883,0.0,0.0,0.0243,ST-AC,Ti-alpha-dp,Ti-beta,,800.0,5.0,1,1,1,59.2,5.0,282.0,,665.0,,,,,,,6.69,near,10.1016/j.actamat.2010.09.015,obbard2011,Hot forged at 850 deg C and air cooled. YS assumed to be the Y02% from the first cycles (Table 2). Elastic modulus assuming the average of directional elastic moduli reported in Table 5.
Ti-24Nb-8Sn-4Zr-0.15O,0.0,0.0,0.0,0.0,0.0,0.0,0.0,0.1522,0.0,0.0,0.0,0.0398,0.0,0.7823,0.0,0.0,0.0257,ST-AC,Ti-alpha-dp,Ti-beta,,1500.0,5.0,1,1,1,61.6,,380.0,,797.0,,,,,,,6.75,near,10.1016/j.actamat.2010.09.015,obbard2011,Hot forged at 850 deg C and air cooled. YS assumed to be the Y02% from the first cycles (Table 2). Elastic modulus assuming the average of directional elastic moduli reported in Table 5.
Ti-24Nb-8Sn-4Zr-0.20O,0.0,0.0,0.0,0.0,0.0,0.0,0.0,0.1528152815281528,0.0,0.0,0.0,0.039403940394039404,0.0,0.7818781878187819,0.0,0.0,0.0259025902590259,ST-AC,Ti-alpha-dp,Ti-beta,,2000.0,5.0,1,1,1,47.8,,515.0,,852.0,,,,,,,6.78,near,10.1016/j.actamat.2010.09.015,obbard2011,Hot forged at 850 deg C and air cooled. YS assumed to be the Y02% from the first cycles (Table 2). Elastic modulus assuming the average of directional elastic moduli reported in Table 5.
Ti-24Nb-8Sn-4Zr-0.40O,0.0,0.0,0.0,0.0,0.0,0.0,0.0,0.1504,0.0,0.0,0.0,0.0395,0.0,0.7861,0.0,0.0,0.024,ST-AC,Ti-beta,Ti-alpha-dp,,4000.0,5.0,1,1,1,53.2,4.0,649.0,,778.0,,,,,,,6.69,near,10.1016/j.actamat.2010.09.015,obbard2011,Hot forged at 850 deg C and air cooled. YS assumed to be the Y02% from the first cycles (Table 2). Elastic modulus assuming the average of directional elastic moduli reported in Table 5.
Ti-25Nb,0.0,0.0,0.0,0.0,0.0,0.0,0.0,0.1466,0.0,0.0,0.0,0.0,0.0,0.8534,0.0,0.0,0.0,ST-WQ,Ti-alpha-dp,,,1540.0,250.0,0,0,0,64.0,2.0,456.0,28.0,688.0,14.0,4.0,5.0,tension,181.0,16.0,7.0,near,10.1016/j.jallcom.2010.05.134,souza2010,ST at 1000 deg C for 1 h and then WQ (200 C/s). Average grain size approx. 250 um (Figure 5). Oxygen content estimated based on the average reported for other samples from the same study. Elastic modulus and hardness from Fig. 8. Yield strength from Fig. 9. Deformation represented by the reduction in area (Fig. 9). 
Ti-25Nb-2.5Ta,0.0,0.0,0.0,0.0,0.0,0.0,0.0,0.1497,0.0,0.0,0.0,0.0,0.0077,0.8426,0.0,0.0,0.0,ST-WQ,Ti-alpha-dp,,,1540.0,250.0,0,0,0,71.0,1.0,374.0,16.0,642.0,9.0,48.0,7.0,tension,159.0,7.0,7.55,near,10.1016/j.jallcom.2010.05.134,souza2010,ST at 1000 deg C for 1 h and then WQ (200 C/s). Average grain size approx. 250 um (Figure 5). Oxygen content estimated based on the average reported for other samples from the same study. Elastic modulus and hardness from Fig. 8. Yield strength from Fig. 9. Deformation represented by the reduction in area (Fig. 9). 
Ti-25Nb-5Ta,0.0,0.0,0.0,0.0,0.0,0.0,0.0,0.153,0.0,0.0,0.0,0.0,0.0157,0.8313,0.0,0.0,0.0,ST-WQ,Ti-alpha-dp,,,1540.0,250.0,0,0,0,78.0,1.0,433.0,10.0,543.0,8.0,9.0,4.0,tension,165.0,7.0,8.1,near,10.1016/j.jallcom.2010.05.134,souza2010,ST at 1000 deg C for 1 h and then WQ (200 C/s). Average grain size approx. 250 um (Figure 5). Oxygen content estimated based on the average reported for other samples from the same study. Elastic modulus and hardness from Fig. 8. Yield strength from Fig. 9. Deformation represented by the reduction in area (Fig. 9). 
Ti-25Nb-7.5Ta,0.0,0.0,0.0,0.0,0.0,0.0,0.0,0.1564,0.0,0.0,0.0,0.0,0.0241,0.8195,0.0,0.0,0.0,ST-WQ,Ti-alpha-dp,,,1540.0,250.0,0,0,0,78.0,3.0,376.0,12.0,590.0,13.0,56.0,2.0,tension,172.0,5.0,8.65,near,10.1016/j.jallcom.2010.05.134,souza2010,ST at 1000 deg C for 1 h and then WQ (200 C/s). Average grain size approx. 250 um (Figure 5). Oxygen content estimated based on the average reported for other samples from the same study. Elastic modulus and hardness from Fig. 8. Yield strength from Fig. 9. Deformation represented by the reduction in area (Fig. 9). 
Ti-30Nb,0.0,0.0,0.0,0.0,0.0,0.0,0.0,0.1809,0.0,0.0,0.0,0.0,0.0,0.8191,0.0,0.0,0.0,ST-WQ,Ti-alpha-dp,,,1540.0,250.0,0,0,0,79.0,1.0,327.0,7.0,532.0,12.0,70.0,1.0,tension,193.0,10.0,8.4,near,10.1016/j.jallcom.2010.05.134,souza2010,ST at 1000 deg C for 1 h and then WQ (200 C/s). Average grain size approx. 250 um (Figure 5). Oxygen content estimated based on the average reported for other samples from the same study. Elastic modulus and hardness from Fig. 8. Yield strength from Fig. 9. Deformation represented by the reduction in area (Fig. 9). 
Ti-30Nb-2.5Ta,0.0,0.0,0.0,0.0,0.0,0.0,0.0,0.1848184818481848,0.0,0.0,0.0,0.0,0.007900790079007902,0.8072807280728073,0.0,0.0,0.0,ST-WQ,Ti-alpha-dp,,,1540.0,250.0,0,0,0,81.0,1.0,411.0,19.0,584.0,10.0,24.0,5.0,tension,180.0,3.0,8.95,near,10.1016/j.jallcom.2010.05.134,souza2010,ST at 1000 deg C for 1 h and then WQ (200 C/s). Average grain size approx. 250 um (Figure 5). Oxygen content estimated based on the average reported for other samples from the same study. Elastic modulus and hardness from Fig. 8. Yield strength from Fig. 9. Deformation represented by the reduction in area (Fig. 9). 
Ti-30Nb-5Ta,0.0,0.0,0.0,0.0,0.0,0.0,0.0,0.189,0.0,0.0,0.0,0.0,0.0162,0.7948,0.0,0.0,0.0,ST-WQ,Ti-alpha-dp,,,1540.0,250.0,0,0,0,80.0,3.0,377.0,13.0,595.0,11.0,74.0,4.0,tension,197.0,10.0,9.5,near,10.1016/j.jallcom.2010.05.134,souza2010,ST at 1000 deg C for 1 h and then WQ (200 C/s). Average grain size approx. 250 um (Figure 5). Oxygen content estimated based on the average reported for other samples from the same study. Elastic modulus and hardness from Fig. 8. Yield strength from Fig. 9. Deformation represented by the reduction in area (Fig. 9). 
Ti-30Nb-7.5Ta,0.0,0.0,0.0,0.0,0.0,0.0,0.0,0.1934,0.0,0.0,0.0,0.0,0.0248,0.7818,0.0,0.0,0.0,ST-WQ,Ti-alpha-dp,,,1540.0,250.0,0,0,0,81.0,4.0,395.0,9.0,584.0,11.0,69.0,3.0,tension,215.0,7.0,10.05,meta,10.1016/j.jallcom.2010.05.134,souza2010,ST at 1000 deg C for 1 h and then WQ (200 C/s). Average grain size approx. 250 um (Figure 5). Oxygen content estimated based on the average reported for other samples from the same study. Elastic modulus and hardness from Fig. 8. Yield strength from Fig. 9. Deformation represented by the reduction in area (Fig. 9). 
Ti-35Nb,0.0,0.0,0.0,0.0,0.0,0.0,0.0,0.2172,0.0,0.0,0.0,0.0,0.0,0.7828,0.0,0.0,0.0,ST-WQ,Ti-alpha-dp,Ti-beta,,1540.0,250.0,0,0,0,85.0,1.0,338.0,11.0,556.0,11.0,72.0,1.0,tension,199.0,2.0,9.8,near,10.1016/j.jallcom.2010.05.134,souza2010,ST at 1000 deg C for 1 h and then WQ (200 C/s). Average grain size approx. 250 um (Figure 5). Oxygen content estimated based on the average reported for other samples from the same study. Elastic modulus and hardness from Fig. 8. Yield strength from Fig. 9. Deformation represented by the reduction in area (Fig. 9). 
Ti-35Nb-2.5Ta,0.0,0.0,0.0,0.0,0.0,0.0,0.0,0.2221,0.0,0.0,0.0,0.0,0.0081,0.7698,0.0,0.0,0.0,ST-WQ,Ti-alpha-dp,Ti-beta,,1540.0,250.0,0,0,0,85.0,1.0,303.0,11.0,580.0,8.0,61.0,5.0,tension,202.0,4.0,10.35,meta,10.1016/j.jallcom.2010.05.134,souza2010,ST at 1000 deg C for 1 h and then WQ (200 C/s). Average grain size approx. 250 um (Figure 5). Oxygen content estimated based on the average reported for other samples from the same study. Elastic modulus and hardness from Fig. 8. Yield strength from Fig. 9. Deformation represented by the reduction in area (Fig. 9). 
Ti-35Nb-5Ta,0.0,0.0,0.0,0.0,0.0,0.0,0.0,0.2272,0.0,0.0,0.0,0.0,0.0167,0.7561,0.0,0.0,0.0,ST-WQ,Ti-beta,Ti-alpha-dp,,1150.0,250.0,1,1,0,84.0,1.0,340.0,43.0,602.0,8.0,28.0,2.0,tension,206.0,5.0,10.9,meta,10.1016/j.jallcom.2010.05.134,souza2010,ST at 1000 deg C for 1 h and then WQ (200 C/s). Average grain size approx. 250 um (Figure 5). Elastic modulus and hardness from Fig. 8. Yield strength from Fig. 9. Deformation represented by the reduction in area (Fig. 9). 
Ti-35Nb-7.5Ta,0.0,0.0,0.0,0.0,0.0,0.0,0.0,0.2326,0.0,0.0,0.0,0.0,0.0256,0.7418,0.0,0.0,0.0,ST-WQ,Ti-beta,,,1930.0,250.0,1,1,0,90.0,1.0,314.0,13.0,585.0,16.0,65.0,3.0,tension,231.0,6.0,11.45,meta,10.1016/j.jallcom.2010.05.134,souza2010,ST at 1000 deg C for 1 h and then WQ (200 C/s). Average grain size approx. 250 um (Figure 5). Elastic modulus and hardness from Fig. 8. Yield strength from Fig. 9. Deformation represented by the reduction in area (Fig. 9). 
Ti-24Nb-38Zr-2Mo,0.0,0.0,0.0,0.0,0.0,0.0,0.014598540145985401,0.17758224177582244,0.0,0.0,0.0,0.0,0.0,0.517048295170483,0.0,0.0,0.29077092290770923,ST-WQ,Ti-beta,,,,245.0,0,0,0,64.2,0.9,714.0,7.0,772.0,9.0,16.0,1.0,tension,251.0,5.0,8.7,near,10.1016/j.actbio.2021.07.061,tong2021,"ST at 800 deg C for 30 min, followed by water quenching (ref. CR-ST condition)."
Ti-24Nb-38Zr-2Mo-0.1Sc,0.0,0.0,0.0,0.0,0.0,0.0,0.0152,0.1785,0.0,0.0017,0.0,0.0,0.0,0.51,0.0,0.0,0.2946,ST-WQ,Ti-beta,,,,207.0,0,0,0,65.4,0.8,780.0,8.0,809.0,7.0,19.0,1.0,tension,265.0,4.0,8.79,near,10.1016/j.actbio.2021.07.061,tong2021,"ST at 800 deg C for 30 min, followed by water quenching (ref. CR-ST condition)."
Ti-30Nb-1Mo-4Sn,0.0,0.0,0.0,0.0,0.0,0.0,0.006000600060006001,0.18721872187218722,0.0,0.0,0.0,0.0195019501950195,0.0,0.7872787278727873,0.0,0.0,0.0,ST-WQ,Ti-beta,Ti-alpha-dp,,,,0,1,1,45.0,,220.0,,,,,,,,,9.39,near,10.1007/s11661-013-2134-8,hu2014,ST at 800 deg C for 1 h followed by quenching into water at RT. Presents notable double-yielding - YS refers approx. to the second yield (Figure 4). Other mechanical properties not reported. 
Ti-35Nb-7Zr-5Ta-1Si,0.0,0.0,0.0,0.0,0.0,0.0,0.0,0.235,0.0,0.0,0.0222,0.0,0.0172,0.6777,0.0,0.0,0.0479,ST-WQ,Ti-beta,"(Zr,X)Si",,,30.0,0,0,0,70.0,,561.0,26.0,618.0,11.0,12.0,3.0,tension,,,10.9,meta,10.1016/j.msec.2015.11.043,kopova2016,ST at 1000 deg C for 2 h followed by WQ. Grain size higher roughly estimated from Fig. 1. Elastic modulus from Figure 3. Mechanical strengths from Figure 4. Elongation from Figure 5.
Ti-35Nb-7Zr-5Ta-2Fe,0.0,0.0,0.0,0.0226,0.0,0.0,0.0,0.2381,0.0,0.0,0.0,0.0,0.0175,0.6733,0.0,0.0,0.0485,ST-WQ,Ti-beta,,,,250.0,0,0,0,81.0,,588.0,9.0,721.0,20.0,27.0,2.0,tension,,,16.69,meta,10.1016/j.msec.2015.11.043,kopova2016,ST at 1000 deg C for 2 h followed by WQ. Grain size higher roughly estimated from Fig. 1. Elastic modulus from Figure 3. Mechanical strengths from Figure 4. Elongation from Figure 5.
Ti-35Nb-7Zr-5Ta-0.5Si-1Fe,0.0,0.0,0.0,0.0112011201120112,0.0,0.0,0.0,0.2365236523652365,0.0,0.0,0.0112011201120112,0.0,0.0173017301730173,0.6755675567556756,0.0,0.0,0.0482048204820482,ST-WQ,Ti-beta,"(Zr,X)Si",,,150.0,0,0,0,75.0,,632.0,11.0,683.0,20.0,14.0,2.0,tension,,,13.79,meta,10.1016/j.msec.2015.11.043,kopova2016,ST at 1000 deg C for 2 h followed by WQ. Grain size higher roughly estimated from Fig. 1. Elastic modulus from Figure 3. Mechanical strengths from Figure 4. Elongation from Figure 5.
Ti-35Nb-7Zr-5Ta-0.5Si-2Fe,0.0,0.0,0.0,0.0225,0.0,0.0,0.0,0.237,0.0,0.0,0.0112,0.0,0.0174,0.6636,0.0,0.0,0.0483,ST-WQ,Ti-beta,"(Zr,X)Si",,,150.0,0,0,0,85.0,,720.0,19.0,841.0,32.0,15.0,2.0,tension,,,16.69,meta,10.1016/j.msec.2015.11.043,kopova2016,ST at 1000 deg C for 2 h followed by WQ. Grain size higher roughly estimated from Fig. 1. Elastic modulus from Figure 3. Mechanical strengths from Figure 4. Elongation from Figure 5.
Ti-35Nb-7Zr-5Ta-1Si-1Fe,0.0,0.0,0.0,0.011198880111988802,0.0,0.0,0.0,0.23537646235376464,0.0,0.0,0.022297770222977704,0.0,0.017298270172982702,0.6658334166583342,0.0,0.0,0.047995200479952004,ST-WQ,Ti-beta,"(Zr,X)Si",,,30.0,0,0,0,79.0,,613.0,38.0,652.0,45.0,7.0,2.0,tension,,,13.8,meta,10.1016/j.msec.2015.11.043,kopova2016,ST at 1000 deg C for 2 h followed by WQ. Grain size higher roughly estimated from Fig. 1. Elastic modulus from Figure 3. Mechanical strengths from Figure 4. Elongation from Figure 5.
Ti-35Nb,0.0,0.0,0.0,0.0,0.0,0.0,0.0,0.2172,0.0,0.0,0.0,0.0,0.0,0.7828,0.0,0.0,0.0,ST-WQ,Ti-beta,Ti-alpha-dp,Ti-omega,,200.0,0,1,0,72.0,2.0,382.0,13.0,560.0,25.0,36.0,6.0,tension,172.0,1.0,9.8,near,10.1016/j.jmbbm.2015.06.035,tavares2015,ST at 1000 deg C for 1 h and then water quenched. Elastic modulus via ultrasonic methods. Average grain size roughly approx. from Figure 7. Ti-omega assumed to be present in all samples from this study (Figure 8). Microhardness measurements from Fig. 9.
Ti-35Nb-0.15Si,0.0,0.0,0.0,0.0,0.0,0.0,0.0,0.2169,0.0,0.0,0.0031,0.0,0.0,0.78,0.0,0.0,0.0,ST-WQ,Ti-beta,Ti-alpha-dp,Ti-omega,,180.0,0,0,0,66.0,2.0,389.0,17.0,573.0,26.0,32.0,4.0,tension,190.0,3.0,9.8,near,10.1016/j.jmbbm.2015.06.035,tavares2015,ST at 1000 deg C for 1 h and then water quenched. Elastic modulus via ultrasonic methods. Average grain size roughly approx. from Figure 7. Ti-omega assumed to be present in all samples from this study (Figure 8). Microhardness measurements from Fig. 9.
Ti-35Nb-0.35Si,0.0,0.0,0.0,0.0,0.0,0.0,0.0,0.2165,0.0,0.0,0.0072,0.0,0.0,0.7763,0.0,0.0,0.0,ST-WQ,Ti-beta,Ti-alpha-dp,Ti-omega,,120.0,0,0,0,65.0,2.0,405.0,21.0,585.0,18.0,29.0,4.0,tension,202.0,4.0,9.8,near,10.1016/j.jmbbm.2015.06.035,tavares2015,ST at 1000 deg C for 1 h and then water quenched. Elastic modulus via ultrasonic methods. Average grain size roughly approx. from Figure 7. Ti-omega assumed to be present in all samples from this study (Figure 8). Microhardness measurements from Fig. 9.
Ti-35Nb-0.55Si,0.0,0.0,0.0,0.0,0.0,0.0,0.0,0.2162,0.0,0.0,0.0112,0.0,0.0,0.7726,0.0,0.0,0.0,ST-WQ,Ti-beta,Ti-alpha-dp,Ti-omega,,80.0,0,1,0,65.0,2.0,540.0,73.0,658.0,77.0,2.0,1.0,tension,223.0,3.0,9.8,near,10.1016/j.jmbbm.2015.06.035,tavares2015,ST at 1000 deg C for 1 h and then water quenched. Elastic modulus via ultrasonic methods. Average grain size roughly approx. from Figure 7. Ti-omega assumed to be present in all samples from this study (Figure 8). Microhardness measurements from Fig. 9.
Ti-8Cr,0.0,0.0741,0.0,0.0,0.0,0.0,0.0,0.0,0.0,0.0,0.0,0.0,0.0,0.9259,0.0,0.0,0.0,ST-WQ,Ti-beta,Ti-omega,,,120.0,0,1,0,,,662.0,,769.0,,33.0,,tension,,,12.8,meta,10.1007/BF01106518,hanada1986,ST at 1100K and quenched into ice water + 10% deformation at 300K. Average grain size roughly estimated from Fig. 1. Elastic modulus not reported.
Ti-10Cr,0.0,0.0928,0.0,0.0,0.0,0.0,0.0,0.0,0.0,0.0,0.0,0.0,0.0,0.9072,0.0,0.0,0.0,ST-WQ,Ti-beta,Ti-omega,,,100.0,0,1,0,,,446.0,,872.0,,39.0,,tension,,,16.0,meta,10.1007/BF01106518,hanada1986,ST at 1100K and quenched into ice water + 10% deformation at 300K. Average grain size roughly estimated from Fig. 1. Elastic modulus not reported.
Ti-11.5Cr,0.0,0.1068,0.0,0.0,0.0,0.0,0.0,0.0,0.0,0.0,0.0,0.0,0.0,0.8932,0.0,0.0,0.0,ST-WQ,Ti-beta,Ti-omega,,,85.0,0,1,0,,,791.0,,858.0,,14.0,,tension,,,18.39,meta,10.1007/BF01106518,hanada1986,ST at 1100K and quenched into ice water + 10% deformation at 300K. Average grain size roughly estimated from Fig. 1. Elastic modulus not reported.
Ti-13Cr,0.0,0.1209,0.0,0.0,0.0,0.0,0.0,0.0,0.0,0.0,0.0,0.0,0.0,0.8791,0.0,0.0,0.0,ST-WQ,Ti-beta,Ti-omega,,,85.0,0,1,0,,,794.0,,830.0,,19.0,,tension,,,20.8,meta,10.1007/BF01106518,hanada1986,ST at 1100K and quenched into ice water + 10% deformation at 300K. Average grain size assumed to be equal Ti-13Cr.
Ti-15Cr,0.0,0.1398,0.0,0.0,0.0,0.0,0.0,0.0,0.0,0.0,0.0,0.0,0.0,0.8602,0.0,0.0,0.0,ST-WQ,Ti-beta,,,,85.0,0,1,0,,,775.0,,814.0,,15.0,,tension,,,24.01,meta,10.1007/BF01106518,hanada1986,ST at 1100K and quenched into ice water + 10% deformation at 300K. Average grain size assumed to be equal Ti-13Cr.
Ti-20Cr,0.0,0.1871,0.0,0.0,0.0,0.0,0.0,0.0,0.0,0.0,0.0,0.0,0.0,0.8129,0.0,0.0,0.0,ST-WQ,Ti-beta,,,,85.0,0,1,0,,,808.0,,822.0,,8.0,,tension,,,32.0,stable,10.1007/BF01106518,hanada1986,ST at 1100K and quenched into ice water + 10% deformation at 300K. Average grain size assumed to be equal Ti-13Cr.
Ti-12Mo,0.0,0.0,0.0,0.0,0.0,0.0,0.0637,0.0,0.0,0.0,0.0,0.0,0.0,0.9363,0.0,0.0,0.0,ST-WQ,Ti-beta,Ti-omega,,,40.0,0,1,0,90.0,,550.0,,660.0,,45.0,,tension,,,12.0,meta,10.1016/j.msea.2010.03.044,sun2010,ST at 1143 K for 30 min then quenched into water. Average grain size around 40 um (Figure 1b).  
Ti-30Nb-10Ta-5Zr-0.28O,0.0,0.0,0.0,0.0,0.0,0.0,0.0,0.2027,0.0,0.0,0.0,0.0,0.0353,0.7274,0.0,0.0,0.0346,ST-AC,Ti-beta,Ti-alpha-dp,,2800.0,,1,1,1,57.1,,400.0,,777.0,,,,,,,10.57,meta,10.1016/j.actamat.2010.02.010,obbard2010,"Powder metallurgy, sintering and hot-swaging. Stress-relieving anneal at 850 deg C (assumed to be followed by AC, given the remaining text). YS equals Y02%. Young modulus averaged over the main elastic costants E100, E110, E111 from Table 5."
Ti-30Nb-08Ta-5Zr-0.35O,0.0,0.0,0.0,0.0,0.0,0.0,0.0,0.1986,0.0,0.0,0.0,0.0,0.0278,0.7413,0.0,0.0,0.0323,ST-AC,Ti-beta,Ti-alpha-dp,,3500.0,,1,1,1,53.7,,435.0,,612.0,,,,,,,10.13,meta,10.1016/j.actamat.2010.02.010,obbard2010,"Powder metallurgy, sintering and hot-swaging. Stress-relieving anneal at 850 deg C (assumed to be followed by AC, given the remaining text). YS equals Y02%. Young modulus averaged over the main elastic costants E100, E110, E111 from Table 5."
at_Ti-5Mo-3Sn-1Fe-0.4O,0.0,0.0,0.0,0.01,0.0,0.0,0.046,0.0,0.0,0.0,0.0,0.033,0.0,0.9109999999999999,0.0,0.0,0.0,ST-WQ,Ti-beta,,,1222.0,59.0,1,1,1,52.0,,740.0,,1013.0,,15.0,,tension,,,11.49,meta,10.1016/j.jallcom.2020.155391,xu2020b,Annealed at 900 deg C for 10 min then WQ. Mean grain size reported in Section 3. Numbers of samples/specimens not reported.
at_Ti-Nb-Ta-Zr-Mo,0.0,0.0,0.0,0.0,0.0,0.0,0.2,0.19,0.0,0.0,0.0,0.0,0.21,0.19,0.0,0.0,0.21,As-cast,Ti-beta,Ti-beta2,,,,0,0,0,153.0,7.0,1390.0,75.0,,,8.0,2.0,tension,,,31.52,stable,10.1016/j.msec.2016.12.057,wang2017b,Fabrication in a water-cooled copper hearth. Young modulus obtained via nanohardness (composition of E1 = 161 GPa and E2 = 133 GPa). Error in E assumed to be the highest among errors of individual phases. Strain is an average from Fig. 5
at_Ti-8Mo-6Nb-4Zr,0.0,0.0,0.0,0.0,0.0,0.0,0.07980000000000001,0.059300000000000005,0.0,0.0,0.0,0.0,0.0,0.8213,0.0,0.0,0.0396,ST-WQ,Ti-alpha-dp,Ti-beta,,128.0,10.0,1,0,0,72.0,,899.0,,,,12.3,,tension,,,16.4,meta,10.1016/j.jmbbm.2015.12.023,nnamchi2016,Oxygen reported in Table 1. Average grain size reported in the text. Alloy with divergent behavior ignored. 
at_Ti-8Mo-5Nb-3Zr,0.0,0.0,0.0,0.0,0.0,0.0,0.07980000000000001,0.049400000000000006,0.0,0.0,0.0,0.0,0.0,0.8411,0.0,0.0,0.0297,ST-WQ,Ti-alpha-dp,Ti-beta,,128.0,10.0,1,0,0,69.0,,947.0,,,,13.9,,tension,,,16.19,meta,10.1016/j.jmbbm.2015.12.023,nnamchi2016,Oxygen reported in Table 1. Average grain size reported in the text. Alloy with divergent behavior ignored. 
at_Ti-8Mo-5Zr-3Nb,0.0,0.0,0.0,0.0,0.0,0.0,0.07980000000000001,0.0296,0.0,0.0,0.0,0.0,0.0,0.8404,0.0,0.0,0.050199999999999995,ST-WQ,Ti-alpha-dp,Ti-beta,,128.0,10.0,1,0,0,52.0,,483.0,,,,10.7,,tension,,,15.26,meta,10.1016/j.jmbbm.2015.12.023,nnamchi2016,Oxygen reported in Table 1. Average grain size reported in the text. Alloy with divergent behavior ignored. 
at_Ti-22Nb,0.0,0.0,0.0,0.0,0.0,0.0,0.0,0.22,0.0,0.0,0.0,0.0,0.0,0.78,0.0,0.0,0.0,ST-WQ,Ti-beta,Ti-alpha-dp,,,40.0,0,0,1,73.0,3.0,405.0,,694.0,,37.0,,tension,181.0,5.0,9.91,near,10.1016/j.msea.2012.09.012,zhang2013,ST at 800 deg C for 30 min followed by quenching into water at RT. Grain size roughly estimated from Fig. 3. UTS extracted from Fig. 5. Mechanical properties extracted from Fig. 6. Elastic modulus from Fig. 7. TSIM = 273 MPa
at_Ti-22Nb-1Mo,0.0,0.0,0.0,0.0,0.0,0.0,0.01,0.22,0.0,0.0,0.0,0.0,0.0,0.77,0.0,0.0,0.0,ST-WQ,Ti-beta,Ti-alpha-dp,,,20.0,0,0,1,87.0,2.0,452.0,,763.0,,35.0,,tension,190.0,7.0,11.47,meta,10.1016/j.msea.2012.09.012,zhang2013,ST at 800 deg C for 30 min followed by quenching into water at RT. Grain size roughly estimated from Fig. 3. UTS extracted from Fig. 5. Mechanical properties extracted from Fig. 6. Elastic modulus from Fig. 7. TSIM = 295 MPa
at_Ti-22Nb-1Zr,0.0,0.0,0.0,0.0,0.0,0.0,0.0,0.22,0.0,0.0,0.0,0.0,0.0,0.77,0.0,0.0,0.01,ST-WQ,Ti-beta,Ti-alpha-dp,,,20.0,0,0,1,68.0,4.0,370.0,,629.0,,35.0,,tension,184.0,2.0,9.83,near,10.1016/j.msea.2012.09.012,zhang2013,ST at 800 deg C for 30 min followed by quenching into water at RT. Grain size roughly estimated from Fig. 3. UTS extracted from Fig. 5. Mechanical properties extracted from Fig. 6. Elastic modulus from Fig. 7. TSIM = 259 MPa
at_Ti-22Nb-1Ta,0.0,0.0,0.0,0.0,0.0,0.0,0.0,0.22,0.0,0.0,0.0,0.0,0.01,0.77,0.0,0.0,0.0,ST-WQ,Ti-beta,Ti-alpha-dp,,,30.0,0,0,1,72.0,4.0,401.0,,617.0,,28.0,,tension,189.0,4.0,10.36,meta,10.1016/j.msea.2012.09.012,zhang2013,ST at 800 deg C for 30 min followed by quenching into water at RT. Grain size roughly estimated from Fig. 3. UTS extracted from Fig. 5. Mechanical properties extracted from Fig. 6. Elastic modulus from Fig. 7. TSIM = 286 MPa
at_Ti-22Nb-1Sn,0.0,0.0,0.0,0.0,0.0,0.0,0.0,0.22,0.0,0.0,0.0,0.01,0.0,0.77,0.0,0.0,0.0,ST-WQ,Ti-beta,Ti-alpha-dp,,,50.0,0,0,1,65.0,3.0,503.0,,633.0,,27.0,,tension,203.0,4.0,9.79,near,10.1016/j.msea.2012.09.012,zhang2013,ST at 800 deg C for 30 min followed by quenching into water at RT. Grain size roughly estimated from Fig. 3. UTS extracted from Fig. 5. Mechanical properties extracted from Fig. 6. Elastic modulus from Fig. 7. TSIM = 328 MPa
at_Ti-22Nb-1Si,0.0,0.0,0.0,0.0,0.0,0.0,0.0,0.22,0.0,0.0,0.01,0.0,0.0,0.77,0.0,0.0,0.0,ST-WQ,Ti-beta,Ti-alpha-dp,,,50.0,0,0,1,69.0,2.0,540.0,,634.0,,21.0,,tension,204.0,5.0,9.94,near,10.1016/j.msea.2012.09.012,zhang2013,ST at 800 deg C for 30 min followed by quenching into water at RT. Grain size roughly estimated from Fig. 3. UTS extracted from Fig. 5. Mechanical properties extracted from Fig. 6. Elastic modulus from Fig. 7. TSIM = 345 MPa
at_Ti-22Nb-1Fe,0.0,0.0,0.0,0.01,0.0,0.0,0.0,0.22,0.0,0.0,0.0,0.0,0.0,0.77,0.0,0.0,0.0,ST-WQ,Ti-beta,Ti-alpha-dp,,,40.0,0,0,1,79.0,2.0,600.0,,820.0,,24.0,,tension,250.0,5.0,12.69,meta,10.1016/j.msea.2012.09.012,zhang2013,ST at 800 deg C for 30 min followed by quenching into water at RT. Grain size roughly estimated from Fig. 3. UTS extracted from Fig. 5. Mechanical properties extracted from Fig. 6. Elastic modulus from Fig. 7. TSIM = 346 MPa
at_Ti-24Nb,0.0,0.0,0.0,0.0,0.0,0.0,0.0,0.24,0.0,0.0,0.0,0.0,0.0,0.76,0.0,0.0,0.0,ST-WQ,Ti-beta,Ti-alpha-dp,,,30.0,0,0,1,56.0,,202.0,,409.0,,27.0,,tension,,,10.64,meta,10.1016/j.msea.2011.12.103,li2012,"ST at 1073K for 3600s followed by quenching into water. Average grain size approx. 30 um (Fig. 1). YS, UTS and elongation obtained from Fig. 11. SIMT (and possibly superelasticity) occurs in this alloy. "
at_Ti-24Nb-2Zr,0.0,0.0,0.0,0.0,0.0,0.0,0.0,0.24,0.0,0.0,0.0,0.0,0.0,0.74,0.0,0.0,0.02,ST-WQ,Ti-beta,,,,30.0,0,0,1,59.0,,249.0,,487.0,,23.0,,tension,,,10.49,meta,10.1016/j.msea.2011.12.103,li2012,"ST at 1073K for 3600s followed by quenching into water. Average grain size approx. 30 um (Fig. 1). YS, UTS and elongation obtained from Fig. 11. SIMT (and possibly superelasticity) occurs in this alloy. "
at_Ti-24Nb-4Zr,0.0,0.0,0.0,0.0,0.0,0.0,0.0,0.24,0.0,0.0,0.0,0.0,0.0,0.72,0.0,0.0,0.04,ST-WQ,Ti-beta,,,,30.0,0,0,1,60.0,,417.0,,542.0,,22.0,,tension,,,10.33,meta,10.1016/j.msea.2011.12.103,li2012,"ST at 1073K for 3600s followed by quenching into water. Average grain size approx. 30 um (Fig. 1). YS, UTS and elongation obtained from Fig. 11. SIMT (and possibly superelasticity) occurs in this alloy. "
at_Ti-23Nb-2Zr-0.7Ta,0.0,0.0,0.0,0.0,0.0,0.0,0.0,0.23,0.0,0.0,0.0,0.0,0.006999999999999999,0.743,0.0,0.0,0.02,ST-WQ,Ti-beta,Ti-alpha-dp,,,50.0,1,0,1,55.0,,280.0,,400.0,,33.0,,tension,,,10.43,meta,10.1016/j.actamat.2011.06.006,besse2011,ST at 850 deg C for 0.5 h in the beta-phase field and quenched in water. Average grain size roughly estimated from Fig. 1.
at_Ti-23Nb-2Zr-0.7Ta-1.2O,0.0,0.0,0.0,0.0,0.0,0.0,0.0,0.23,0.0,0.0,0.0,0.0,0.006999999999999999,0.743,0.0,0.0,0.02,ST-WQ,Ti-beta,,,3219.0,30.0,1,0,1,60.0,,830.0,,880.0,,14.0,,tension,,,10.43,meta,10.1016/j.actamat.2011.06.006,besse2011,ST at 850 deg C for 0.5 h in the beta-phase field and quenched in water. Average grain size roughly estimated from Fig. 1.
at_Ti-12Ta-9Nb-6Zr-3V,0.0,0.0,0.0,0.0,0.0,0.0,0.0,0.09,0.0,0.0,0.0,0.0,0.12,0.7,0.03,0.0,0.06,ST-WQ,Ti-beta,,,3500.0,,1,1,1,71.2,,849.0,,,,19.1,,tension,,,11.54,meta,10.1126/science.1081957,saito2003,Data extracted from Figure 1a
Ti-2Mo-2Al-2Fe,0.042699999999999995,0.0,0.0,0.0175,0.0,0.0,0.0481,0.0,0.0,0.0,0.0,0.0,0.0,0.8917,0.0,0.0,0.0,ST-WQ,Ti-beta,Ti-omega,,540.0,75.0,1,1,0,,,670.0,,,,,,,300.0,,12.74,meta,10.1016/j.msea.2015.08.028,li2015,"ST at 850 deg C for 1 h. Grain size from the text (ref. Fig. 2). Cylindrical tensile specimens 6 x 30 mm, 5.10E-4 (s-1) strain rate. Stress-strain curves not reported, thus, it is impossible to infer Young or UTS."
Ti-6Cr-3Sn,0.0,0.0565,0.0,0.0,0.0,0.0,0.0,0.0,0.0,0.0,0.0,0.0124,0.0,0.9311,0.0,0.0,0.0,ST-WQ,Ti-beta,,,,300.0,0,0,1,,,294.0,,585.0,,41.0,,tension,260.0,4.0,9.6,near,10.2320/matertrans.M2011153,wadood2011,Elastic modulus not reported. Deformation from Fig. 3. Grain size not reported (Fig. 2 shows grains > 200 um). YS and UTS extracted from Fig. 4. Hardness from Fig. 9.
Ti-7Cr-3Sn,0.0,0.066,0.0,0.0,0.0,0.0,0.0,0.0,0.0,0.0,0.0,0.0124,0.0,0.9216,0.0,0.0,0.0,ST-WQ,Ti-beta,,,,300.0,0,0,1,,,390.0,,639.0,,16.0,,tension,270.0,3.0,11.2,meta,10.2320/matertrans.M2011153,wadood2011,Elastic modulus not reported. Deformation from Fig. 3. Grain size not reported (Fig. 2 shows grains > 200 um). YS and UTS extracted from Fig. 4. Hardness from Fig. 9.
Ti-8Cr-3Sn,0.0,0.0755,0.0,0.0,0.0,0.0,0.0,0.0,0.0,0.0,0.0,0.0124,0.0,0.9120999999999999,0.0,0.0,0.0,ST-WQ,Ti-beta,,,,300.0,0,0,1,,,439.0,,620.0,,11.0,,tension,272.0,5.0,12.8,meta,10.2320/matertrans.M2011153,wadood2011,Elastic modulus not reported. Deformation from Fig. 3. Grain size not reported (Fig. 2 shows grains > 200 um). YS and UTS extracted from Fig. 4. Hardness from Fig. 9.
Ti-9Cr-3Sn,0.0,0.085,0.0,0.0,0.0,0.0,0.0,0.0,0.0,0.0,0.0,0.0124,0.0,0.9026000000000001,0.0,0.0,0.0,ST-WQ,Ti-beta,,,,300.0,0,0,1,,,420.0,,622.0,,13.0,,tension,275.0,9.0,14.4,meta,10.2320/matertrans.M2011153,wadood2011,Elastic modulus not reported. Deformation from Fig. 3. Grain size not reported (Fig. 2 shows grains > 200 um). YS and UTS extracted from Fig. 4. Hardness from Fig. 9.
Ti-7Mo-3Cr,0.0,0.0287,0.0,0.0,0.0,0.0,0.0363,0.0,0.0,0.0,0.0,0.0,0.0,0.935,0.0,0.0,0.0,ST-WQ,Ti-beta,Ti-omega,,,,0,1,0,,,563.0,,887.0,,46.0,,tension,,,11.8,meta,10.1016/j.scriptamat.2018.10.043,gao2018,Mechanical properties roughly estimated from Fig. 3
Ti-7Mo-3Cr,0.0,0.0287,0.0,0.0,0.0,0.0,0.0363,0.0,0.0,0.0,0.0,0.0,0.0,0.935,0.0,0.0,0.0,ST-AC,Ti-beta,Ti-omega,,,,0,1,0,,,961.0,,961.0,,0.0,,tension,,,11.8,meta,10.1016/j.scriptamat.2018.10.043,gao2018,Mechanical properties roughly estimated from Fig. 3
Ti-7Mo-3Cr-1Fe,0.0,0.028399999999999998,0.0,0.0088,0.0,0.0,0.036000000000000004,0.0,0.0,0.0,0.0,0.0,0.0,0.9268000000000001,0.0,0.0,0.0,ST-WQ,Ti-beta,Ti-omega,,,50.0,0,1,0,,,648.0,,924.0,,25.0,,tension,,,14.55,meta,10.1016/j.scriptamat.2018.10.043,gao2018,Average grain size roughly estimated from Fig. S1.
Ti-7Mo-3Cr-1Fe,0.0,0.028399999999999998,0.0,0.0088,0.0,0.0,0.036000000000000004,0.0,0.0,0.0,0.0,0.0,0.0,0.9268000000000001,0.0,0.0,0.0,ST-AC,Ti-beta,Ti-omega,,,50.0,0,1,0,,,1210.0,,1245.0,,15.0,,tension,,,14.55,meta,10.1016/j.scriptamat.2018.10.043,gao2018,Average grain size roughly estimated from Fig. S1.
Ti-34Nb-8Zr-1Fe,0.0,0.0,0.0,0.0097,0.0,0.0,0.0,0.221,0.0,0.0,0.0,0.0,0.0,0.7193,0.0,0.0,0.05,ST-WQ,Ti-beta,,,1600.0,87.0,1,1,0,49.0,2.0,552.0,11.0,760.0,13.0,21.0,,tension,,,12.19,meta,10.3390/ma14133467,nocivin2021,Data from the homogenized sample - ST at 950 deg C for 20 min then WQ. Hardness not reported. Grain size roughly estimated from Fig. 4
Ti-12Mo,0.0,0.0,0.0,0.0002,0.0,0.0,0.0637,0.0,0.0,0.0,0.0,0.0,0.0,0.9361,0.0,0.0,0.0,ST-WQ,Ti-beta,Ti-omega,,600.0,39.0,1,1,0,84.0,3.0,480.0,,974.0,,40.0,,tension,,,12.06,meta,10.1080/21663831.2017.1350211,sun2017,Elastic modulus from the tensile tests (rectangular samples 4 x 0.5 mm). UTS estimated from Fig. 3. Average grain size roughly estimated from Fig. 4. Hardness not reported. 
Ti-37Ta-26Hf-13Zr,0.0,0.0,0.0,0.0,0.1465,0.0,0.0,0.0,0.0,0.0,0.0,0.0,0.2057,0.5044,0.0,0.0,0.1434,As-cast,Ti-beta,Ti-omega,,,355.0,0,0,0,79.0,3.0,1001.0,108.0,1001.0,108.0,1.6,,tension,381.0,8.0,8.14,near,10.1038/srep37901,lin2016,Phases inferred from the analysis of  alloy id-232. Deformation from Figure S3.
Ti-40Ta-22Hf-12Zr,0.0,0.0,0.0,0.0,0.12060000000000003,0.0,0.0,0.0,0.0,0.0,0.0,0.0,0.21630000000000002,0.5376000000000001,0.0,0.0,0.12550000000000003,As-cast,Ti-beta,Ti-omega,,,335.0,0,0,0,72.0,2.0,1132.0,29.0,1160.0,28.0,2.8,,tension,375.0,6.0,8.8,near,10.1038/srep37901,lin2016,Phases inferred from the analysis of  alloy id-232. Deformation from Figure S3.
Ti-45Ta-18Hf-10Zr,0.0,0.0,0.0,0.0,0.10138986101389862,0.0,0.0,0.0,0.0,0.0,0.0,0.0,0.2444755524447555,0.5463453654634536,0.0,0.0,0.1077892210778922,As-cast,Ti-beta,Ti-omega,,,341.0,0,1,0,77.0,3.0,1114.0,61.0,1173.0,45.0,2.4,,tension,360.0,6.0,9.9,near,10.1038/srep37901,lin2016,Deformation from Figure S3.
Ti-10V-2Fe-3Al,0.05249475052494751,0.0,0.0,0.016098390160983904,0.0,0.0,0.0,0.0,0.0,0.0,0.0,0.0,0.0,0.8406159384061594,0.09079092090790922,0.0,0.0,ST-AC,Ti-beta,Ti-alpha-p,Ti-alpha-dp,1100.0,300.0,1,0,1,,,1050.0,,1300.0,,-33.0,,compression,,,9.09,near,10.1179/174328408X385773,neelakantan2009,ST at 900 deg C for 60 min then He gas quenched at 10 deg C/min (Sample A). YS = second yield from Fig. 4. Sample evaluated in compression
Ti-9Mo-6W,0.0,0.0,0.0,0.0,0.0,0.0,0.0493,0.0,0.0,0.0,0.0,0.0,0.0,0.9335,0.0,0.0172,0.0,ST-WQ,Ti-beta,Ti-omega,,,3.5,0,1,0,,,692.0,,1115.0,,33.5,,tension,,,11.64,meta,10.1038/s41598-018-25899-3,gao2018b,"Sample 820-5M (ST at 820 deg C for 5 min, WQ). Grain size assumed to be an average between 1-6 um. Tensile samples with a gauge dimension of 3 mm x 12.5 mm x 1.5 mm"
Ti-12Mo,0.0,0.0,0.0,0.0,0.0,0.0,0.0637,0.0,0.0,0.0,0.0,0.0,0.0,0.9362999999999999,0.0,0.0,0.0,ST-WQ,Ti-beta,Ti-omega,,,,0,1,0,,,400.0,,550.0,,35.0,,tension,,,12.0,meta,10.1038/s41598-018-37865-0,mantri2019,"ST at 900 deg C for 30 min then WQ. Grain size not reported.Dog-bone shaped tensile specimens of gage length ~5 mm, width ~1 mm and thickness ~0.8 mm were used for the mechanical testing,"
Ti-5Cu,0.0,0.0,0.0381,0.0,0.0,0.0,0.0,0.0,0.0,0.0,0.0,0.0,0.0,0.9619,0.0,0.0,0.0,As-cast,Ti-alpha,Ti2Cu,,,,0,1,0,115.0,,791.0,32.0,890.0,13.0,1.4,0.2,tension,318.0,21.0,0.0,rich,10.1016/j.matdes.2013.10.050,hayama2014,Copper mold rotating arm. Vickers hardness from Fig. 10. Elastic modulus (ultrasonic method) from Fig. 13. 
Ti-5Cu,0.0,0.0,0.0381,0.0,0.0,0.0,0.0,0.0,0.0,0.0,0.0,0.0,0.0,0.9619,0.0,0.0,0.0,ST-FC,Ti-alpha,Ti2Cu,,,,0,1,0,120.0,,592.0,8.0,648.0,45.0,3.8,2.6,tension,239.0,21.0,0.0,rich,10.1016/j.matdes.2013.10.050,hayama2014,ST at 900 deg C for 2 h then FC. Vickers hardness from Fig. 10. Elastic modulus (ultrasonic method) from Fig. 13. 
Ti-7Cu,0.0,0.0,0.054400000000000004,0.0,0.0,0.0,0.0,0.0,0.0,0.0,0.0,0.0,0.0,0.9456,0.0,0.0,0.0,As-cast,Ti-alpha,Ti2Cu,,,,0,1,0,118.0,,863.0,57.0,895.0,68.0,0.1,0.1,tension,333.0,12.0,0.0,rich,10.1016/j.matdes.2013.10.050,hayama2014,Copper mold rotating arm. Vickers hardness from Fig. 10. Elastic modulus (ultrasonic method) from Fig. 13. 
Ti-7Cu,0.0,0.0,0.054400000000000004,0.0,0.0,0.0,0.0,0.0,0.0,0.0,0.0,0.0,0.0,0.9456,0.0,0.0,0.0,ST-FC,Ti-alpha,Ti2Cu,,,,0,1,0,112.0,,522.0,46.0,660.0,52.0,3.5,0.8,tension,224.0,16.0,0.0,rich,10.1016/j.matdes.2013.10.050,hayama2014,ST at 900 deg C for 2 h then FC. Vickers hardness from Fig. 10. Elastic modulus (ultrasonic method) from Fig. 13. 
Ti-15Cu,0.0,0.0,0.1173,0.0,0.0,0.0,0.0,0.0,0.0,0.0,0.0,0.0,0.0,0.8826999999999999,0.0,0.0,0.0,As-cast,Ti-alpha,Ti2Cu,,,,0,1,0,120.0,,666.0,97.0,666.0,97.0,0.0,0.0,tension,382.0,29.0,0.0,rich,10.1016/j.matdes.2013.10.050,hayama2014,Copper mold rotating arm. Vickers hardness from Fig. 10. Elastic modulus (ultrasonic method) from Fig. 13. 
Ti-15Cu,0.0,0.0,0.1173,0.0,0.0,0.0,0.0,0.0,0.0,0.0,0.0,0.0,0.0,0.8826999999999999,0.0,0.0,0.0,ST-FC,Ti-alpha,Ti2Cu,,,,0,1,0,121.0,,541.0,57.0,676.0,39.0,2.9,0.4,tension,224.0,9.0,0.0,rich,10.1016/j.matdes.2013.10.050,hayama2014,ST at 900 deg C for 2 h then FC. Vickers hardness from Fig. 10. Elastic modulus (ultrasonic method) from Fig. 13. 
Ti-15Mo,0.0,0.0,0.0,0.0,0.0,0.0,0.083,0.0,0.0,0.0,0.0,0.0,0.0,0.917,0.0,0.0,0.0,ST-WQ,Ti-beta,Ti-omega,,1050.0,130.0,1,1,0,,,439.0,,714.0,,49.0,,tension,,,15.36,meta,10.1016/j.msea.2009.12.050,min2010,St at 900 deg C for 1 g then WQ. Oxygen content from Table 1. 
Ti-15Mo-1Fe,0.0,0.0,0.0,0.010594059405940595,0.0,0.0,0.08217821782178218,0.0,0.0,0.0,0.0,0.0,0.0,0.9072277227722771,0.0,0.0,0.0,ST-WQ,Ti-beta,Ti-omega,,920.0,130.0,1,1,0,,,837.0,,837.0,,19.0,,tension,,,18.5,meta,10.1016/j.msea.2009.12.050,min2010,St at 900 deg C for 1 g then WQ. Oxygen content from Table 1. 
Ti-6Cr-5Mo-5V-4Al,0.06982443855349373,0.052518381433501723,0.0,0.000700245085780023,0.0,0.0,0.023508227879757915,0.0,0.0,0.0,5.00175061271445e-05,0.0,0.0,0.8081828640024009,0.045215825538938624,0.0,0.0,ST-AC,Ti-beta,,,890.0,50.0,1,0,0,,,873.0,,875.0,,22.0,,tension,,,13.36,meta,10.1016/j.jallcom.2012.09.140,li2013,ST at 800 deg C for 30 min and AC.
Ti-30Nb-13Ta-5Zr,0.0,0.0,0.0,0.0,0.0,0.0,0.0,0.21420000000000003,0.0,0.0,0.0,0.0,0.046900000000000004,0.7045,0.0,0.0,0.0344,ST-WQ,Ti-beta,,,780.0,15.0,1,1,0,61.0,2.0,521.0,3.0,554.0,3.0,27.0,2.0,tension,175.0,2.0,11.4,meta,10.1016/j.jmbbm.2012.01.011,narita2012,"As-ST sample, ST at 740 deg C for 1 h then WQ. Grain size reported in section 3.1. Hardness from Fig. 7. Young modulus from Fig. 8. Other mechanical properties from Fig. 9. "
Ti-24Nb-2Zr-1Sn,0.0,0.0,0.0,0.0,0.0,0.0,0.0,0.14039999999999997,0.0,0.0,0.0,0.006099999999999999,0.0,0.8383999999999999,0.0,0.0,0.015099999999999997,ST-WQ,Ti-alpha-dp,Ti-beta,,,275.0,0,0,0,75.0,4.0,499.0,5.0,646.0,5.0,2.0,,tension,,,6.61,near,10.1016/j.jmbbm.2013.07.007,kent2013,Alloy A. Mechanical properties estimated based on Fig. 5. Strength errors assumed to be near 5 MPa. Elongation from the hot rolled specimens.
Ti-24Nb-3Zr-2Sn-3Mo,0.0,0.0,0.0,0.0,0.0,0.0,0.0178,0.1493,0.0,0.0,0.0,0.0091,0.0,0.8064,0.0,0.0,0.0174,ST-WQ,Ti-beta,,,,175.0,0,0,0,72.0,3.0,534.0,5.0,673.0,5.0,5.0,,tension,,,9.84,near,10.1016/j.jmbbm.2013.07.007,kent2013,Alloy B. Mechanical properties estimated based on Fig. 5. Strength errors assumed to be near 5 MPa. Elongation from the hot rolled specimens.
Ti-25Nb-3Zr-2Sn-5Mo,0.0,0.0,0.0,0.0,0.0,0.0,0.0332,0.1533,0.0,0.0,0.0,0.0098,0.0,0.784,0.0,0.0,0.0197,ST-WQ,Ti-beta,,,,175.0,0,0,0,68.0,3.0,491.0,5.0,618.0,5.0,7.0,,tension,,,12.39,meta,10.1016/j.jmbbm.2013.07.007,kent2013,Alloy C. Mechanical properties estimated based on Fig. 5. Strength errors assumed to be near 5 MPa. Elongation from the hot rolled specimens.
Ti-10Nb-3Fe,0.0,0.0,0.0,0.0271,0.0,0.0,0.0,0.054400000000000004,0.0,0.0,0.0,0.0,0.0,0.9185,0.0,0.0,0.0,As-cast,Ti-beta,Ti-omega,,1520.0,,1,1,0,77.0,6.0,,,,,,,,479.0,4.0,11.49,meta,10.1016/j.jmbbm.2015.02.030,chaves2015,Dynamic modulus characterization. 
Ti-15Nb-3Fe,0.0,0.0,0.0,0.0279,0.0,0.0,0.0,0.0837,0.0,0.0,0.0,0.0,0.0,0.8884000000000001,0.0,0.0,0.0,As-cast,Ti-beta,Ti-omega,,1960.0,,1,0,0,71.0,4.0,,,,,,,,411.0,5.0,12.91,meta,10.1016/j.jmbbm.2015.02.030,chaves2015,Dynamic modulus characterization. Omega-phase presence inferred from other compositions of the same study. 
Ti-20Nb-3Fe,0.0,0.0,0.0,0.0286,0.0,0.0,0.0,0.11470000000000001,0.0,0.0,0.0,0.0,0.0,0.8567,0.0,0.0,0.0,As-cast,Ti-beta,Ti-omega,,1600.0,,1,0,0,67.0,5.0,,,,,,,,326.0,3.0,14.3,meta,10.1016/j.jmbbm.2015.02.030,chaves2015,Dynamic modulus characterization. Omega-phase presence inferred from other compositions of the same study. 
Ti-25Nb-3Fe,0.0,0.0,0.0,0.0294,0.0,0.0,0.0,0.14730000000000001,0.0,0.0,0.0,0.0,0.0,0.8233,0.0,0.0,0.0,As-cast,Ti-beta,Ti-omega,,1820.0,,1,1,0,65.0,6.0,,,,,,,,289.0,3.0,15.7,meta,10.1016/j.jmbbm.2015.02.030,chaves2015,Dynamic modulus characterization. 
Ti-7Mo-1Fe,0.0,0.0,0.0,0.0089008900890089,0.0,0.0,0.03890389038903891,0.0,0.0,0.0,0.0,0.0,0.0,0.9521952195219522,0.0,0.0,0.0,As-cast,Ti-beta,Ti-omega,,,47.0,0,1,0,111.0,,,,1902.0,,,,,435.0,,10.39,meta,10.1016/S0142-9612(01)00233-2,lin2002,"Vacuum-pressure type casting system, U-shaped copper hearth. 3-point bending tests at 0.5 mm/s with 36 x 5 x 1 mm specimens. "
Ti-7Mo-3Fe,0.0,0.0,0.0,0.0268,0.0,0.0,0.0391,0.0,0.0,0.0,0.0,0.0,0.0,0.9340999999999999,0.0,0.0,0.0,As-cast,Ti-beta,Ti-omega,,,23.0,0,1,0,85.0,,,,2201.0,,,,,382.0,,16.2,meta,10.1016/S0142-9612(01)00233-2,lin2002,"Vacuum-pressure type casting system, U-shaped copper hearth. 3-point bending tests at 0.5 mm/s with 36 x 5 x 1 mm specimens. "
Ti-7Mo-5Fe,0.0,0.0,0.0,0.04489551044895511,0.0,0.0,0.039196080391960805,0.0,0.0,0.0,0.0,0.0,0.0,0.9159084091590841,0.0,0.0,0.0,As-cast,Ti-beta,Ti-omega,,,19.0,0,0,0,89.0,,,,1994.0,,,,,347.0,,22.01,meta,10.1016/S0142-9612(01)00233-2,lin2002,"Vacuum-pressure type casting system, U-shaped copper hearth. 3-point bending tests at 0.5 mm/s with 36 x 5 x 1 mm specimens. Omega-phase inferred from other compositions in the same study."
Ti-7Mo-7Fe,0.0,0.0,0.0,0.063,0.0,0.0,0.0393,0.0,0.0,0.0,0.0,0.0,0.0,0.8976999999999999,0.0,0.0,0.0,As-cast,Ti-beta,Ti-omega,,,14.0,0,0,0,98.0,,,,1851.0,,,,,367.0,,27.8,meta,10.1016/S0142-9612(01)00233-2,lin2002,"Vacuum-pressure type casting system, U-shaped copper hearth. 3-point bending tests at 0.5 mm/s with 36 x 5 x 1 mm specimens. Omega-phase inferred from other compositions in the same study."
Ti-8Fe-8Ta,0.0,0.0,0.0,0.0730926907309269,0.0,0.0,0.0,0.0,0.0,0.0,0.0,0.0,0.022997700229977,0.9038096190380962,0.0,0.0,9.99900009999e-05,ST-WQ,Ti-beta,,,690.0,,1,0,0,,,914.0,10.0,1058.0,10.0,10.0,,tension,327.0,,24.76,meta,10.1016/j.msec.2005.04.004,kuroda2005,ST at beta-transus + 50 degC for 1 h then WQ. Hardness from Fig. 5. Tensile properties from Fig. 7. Elongation reported in the abstract. 
Ti-8Fe-8Ta-4Zr,0.0,0.0,0.0,0.0736,0.0,0.0,0.0,0.0,0.0,0.0,0.0,0.0,0.0232,0.8841,0.0,0.0,0.0191,ST-WQ,Ti-beta,,,370.0,,1,0,0,,,934.0,10.0,1054.0,10.0,10.0,,tension,331.0,,24.52,meta,10.1016/j.msec.2005.04.004,kuroda2005,ST at beta-transus + 50 degC for 1 h then WQ. Hardness from Fig. 5. Tensile properties from Fig. 7. Elongation reported in the abstract. 
Ti-10Fe-10Ta-4Zr,0.0,0.0,0.0,0.0957904209579042,0.0,0.0,0.0,0.0,0.0,0.0,0.0,0.0,0.029897010298970104,0.8535146485351465,0.0,0.0,0.0207979202079792,ST-WQ,Ti-beta,,,450.0,,1,0,0,,,966.0,10.0,1086.0,10.0,6.0,,tension,338.0,,31.21,stable,10.1016/j.msec.2005.04.004,kuroda2005,ST at beta-transus + 50 degC for 1 h then WQ. Hardness from Fig. 5. Tensile properties from Fig. 7. Elongation reported in the abstract. 
Ti-25Nb-5Mo-3Sn-2Fe-0.2O,0.0,0.0,0.0,0.02000200020002,0.0,0.0,0.0296029602960296,0.1534153415341534,0.0,0.0,0.0,0.013801380138013799,0.0,0.7831783178317832,0.0,0.0,0.0,PM-FC,Ti-beta,Ti-alpha,,2800.0,32.0,1,0,0,72.0,,,,621.0,,3.8,,tension,,,17.56,meta,10.1002/adem.201901229,manshadi2020,PM with hydride de-hydide (HDH) Ti and gas atomized (GA) solutes. Sintering at 1350 deg C followed by FC. Grain size roughly estimated from Fig. 1. Density > 90%. 
Ti-25Nb-5Mo-3Sn-2Fe-0.3O,0.0,0.0,0.0,0.020302030203020297,0.0,0.0,0.0292029202920292,0.1526152615261526,0.0,0.0,0.0,0.013901390139013899,0.0,0.783978397839784,0.0,0.0,0.0,PM-FC,Ti-beta,Ti-alpha,,3600.0,50.0,1,0,0,75.0,,,,682.0,,7.2,,tension,,,17.56,meta,10.1002/adem.201901229,manshadi2020,PM with hydride de-hydide (HDH) Ti and gas atomized (GA) solutes. Sintering at 1350 deg C followed by FC. Grain size roughly estimated from Fig. 1. Density > 90%. 
Ti-25Nb-5Mo-3Sn-2Fe-0.6O,0.0,0.0,0.0,0.0204,0.0,0.0,0.0286,0.1537,0.0,0.0,0.0,0.013500000000000002,0.0,0.7837999999999999,0.0,0.0,0.0,PM-FC,Ti-beta,Ti-alpha,,5700.0,38.0,1,0,0,74.0,,,,610.0,,0.0,,tension,,,17.54,meta,10.1002/adem.201901229,manshadi2020,PM with hydride de-hydide (HDH) Ti and gas atomized (GA) solutes. Sintering at 1350 deg C followed by FC. Grain size roughly estimated from Fig. 1. Density > 90%. UTS roughly estimated from Fig. 3. Sample showed no ductility. 
Ti-15Mo-3Al-1O,0.05610561056105611,0.0,0.0,0.0,0.0,0.0,0.07890789078907891,0.0,0.0,0.0,0.0,0.0,0.0,0.864986498649865,0.0,0.0,0.0,ST-AC,Ti-beta,,,10000.0,300.0,1,0,0,,,1203.0,88.0,,,-43.0,,compression,376.0,5.0,12.0,meta,10.1088/2053-1591/abcb3e,xu2020,"ST at 1200 deg C for 2 h, cooling not specified (assumed AC). Compression tests in speciments with D = 4 mm x 6 mm.  Grain size roughly esitmated based on Fig. 4b. Hardness from Fig. 7. "
Ti-29Nb-2Mo-6Zr,0.0,0.0,0.0,0.0,0.0,0.0,0.0068993100689931,0.10568943105689431,0.0,0.0,0.0,0.0,0.0,0.8647135286471352,0.0,0.0,0.0226977302269773,ST-WQ,Ti-beta,Ti-alpha-dp,,,315.0,0,0,0,79.0,1.0,,,,,,,,297.0,3.0,6.32,near,10.1016/j.jallcom.2019.153078,nunes2020,"Cold rolled 90%, ST at 950 deg C for 1 h then WQ. Grain size from Fig. 3d. Alpha-dp presence disputed. "
Ti-12Mo-3Nb,0.0,0.0,0.0,0.0,0.0,0.0,0.0647,0.0167,0.0,0.0,0.0,0.0,0.0,0.9186,0.0,0.0,0.0,ST-WQ,Ti-beta,,,,112.0,0,0,0,105.0,,449.0,2.0,747.0,10.0,42.0,1.0,tension,,,12.84,meta,10.1016/j.jallcom.2011.11.035,gabriel2012,ST at 950 deg C for 1 h then quenched in water. Grain size roughly estimated from Fig. 2. Mechanical properties extracted from Fig. 3. 
Ti-35Nb-7Zr-5Ta-0.1O,0.0,0.0,0.0,0.0,0.0,0.0,0.0,0.23969999999999994,0.0,0.0,0.0,0.0,0.017099999999999997,0.6933999999999999,0.0,0.0,0.0498,ST-WQ,Ti-beta,,,600.0,60.0,1,0,0,,,530.0,,590.0,,21.0,,tension,,,10.96,meta,10.1007/s11837-004-0253-9,qazi2004,ST at 850 deg C for 1 h then WQ
Ti-35Nb-7Zr-5Ta-0.5O,0.0,0.0,0.0,0.0,0.0,0.0,0.0,0.2357,0.0,0.0,0.0,0.0,0.0196,0.6940999999999999,0.0,0.0,0.0506,ST-WQ,Ti-beta,,,4600.0,23.0,1,0,0,,,937.0,,1014.0,,19.0,,tension,,,10.92,meta,10.1007/s11837-004-0253-9,qazi2004,ST at 840 deg C for 1 h then WQ
Ti-35Nb-7Zr-5Ta-0.7O,0.0,0.0,0.0,0.0,0.0,0.0,0.0,0.2353764623537646,0.0,0.0,0.0,0.0,0.0195980401959804,0.6958304169583042,0.0,0.0,0.0491950804919508,ST-WQ,Ti-beta,,,6800.0,28.0,1,0,0,,,1081.0,,1097.0,,21.0,,tension,,,10.92,meta,10.1007/s11837-004-0253-9,qazi2004,ST at 900 deg C for 1 h then WQ
Ti-30Zr-5Mo,0.0,0.0,0.0,0.0,0.0,0.0,0.0323,0.0,0.0,0.0,0.0,0.0,0.0,0.7787000000000001,0.0,0.0,0.18899999999999997,ST-WQ,Ti-beta,,,870.0,280.0,1,0,0,75.0,4.0,383.0,28.0,762.0,25.0,18.0,3.0,tension,,,5.38,near,10.1016/j.jmbbm.2011.06.020,zhao2011b,"ST at 850 deg C for 1 h then WQ. Tensile tests with specimens with a cross section of 10 x 1.5 mm, 40 mm length. Grain size roughly estimated based on Fig. 2. Young modulus from Fig. 6. Tensile properties from Fig. 7. "
Ti-30Zr-6Mo,0.0,0.0,0.0,0.0,0.0,0.0,0.0387,0.0,0.0,0.0,0.0,0.0,0.0,0.7715,0.0,0.0,0.18979999999999997,ST-WQ,Ti-beta,,,1340.0,160.0,1,0,0,63.0,5.0,459.0,63.0,723.0,7.0,33.0,5.0,tension,,,6.41,near,10.1016/j.jmbbm.2011.06.020,zhao2011b,"ST at 850 deg C for 1 h then WQ. Tensile tests with specimens with a cross section of 10 x 1.5 mm, 40 mm length. Grain size roughly estimated based on Fig. 2. Young modulus from Fig. 6. Tensile properties from Fig. 7. "
Ti-30Zr-7Mo,0.0,0.0,0.0,0.0,0.0,0.0,0.042800000000000005,0.0,0.0,0.0,0.0,0.0,0.0,0.7643000000000001,0.0,0.0,0.1929,ST-WQ,Ti-beta,,,1260.0,120.0,1,0,0,66.0,3.0,674.0,13.0,784.0,17.0,19.0,1.0,tension,,,7.04,near,10.1016/j.jmbbm.2011.06.020,zhao2011b,"ST at 850 deg C for 1 h then WQ. Tensile tests with specimens with a cross section of 10 x 1.5 mm, 40 mm length. Grain size roughly estimated based on Fig. 2. Young modulus from Fig. 6. Tensile properties from Fig. 7. "
at_Ti-26Nb,0.0,0.0,0.0,0.0,0.0,0.0,0.0,0.26,0.0,0.0,0.0,0.0,0.0,0.74,0.0,0.0,0.0,As-cast,Ti-beta,Ti-alpha-dp,,,575.0,0,0,1,75.0,,447.0,,,,,,,227.0,,11.35,meta,10.1016/j.jallcom.2019.152412,li2020,Compression tests. Mechanical properties from Table 1 (Y0.2). Grain size roughly estimated from Fig. 2
at_Ti-26Nb-2Mo,0.0,0.0,0.0,0.0,0.0,0.0,0.02,0.26,0.0,0.0,0.0,0.0,0.0,0.72,0.0,0.0,0.0,As-cast,Ti-beta,,,,521.0,0,0,1,67.0,,535.0,,,,,,,189.0,,14.34,meta,10.1016/j.jallcom.2019.152412,li2020,Compression tests. Mechanical properties from Table 1 (Y0.2). Grain size roughly estimated from Fig. 2
at_Ti-26Nb-4Mo,0.0,0.0,0.0,0.0,0.0,0.0,0.04,0.26,0.0,0.0,0.0,0.0,0.0,0.7,0.0,0.0,0.0,As-cast,Ti-beta,,,,496.0,0,0,1,64.0,,621.0,,,,,,,211.0,,17.24,meta,10.1016/j.jallcom.2019.152412,li2020,Compression tests. Mechanical properties from Table 1 (Y0.2). Grain size roughly estimated from Fig. 2
at_Ti-26Nb-6Mo,0.0,0.0,0.0,0.0,0.0,0.0,0.06,0.26,0.0,0.0,0.0,0.0,0.0,0.68,0.0,0.0,0.0,As-cast,Ti-beta,,,,584.0,0,0,1,56.0,,634.0,,,,,,,218.0,,20.04,meta,10.1016/j.jallcom.2019.152412,li2020,Compression tests. Mechanical properties from Table 1 (Y0.2). Grain size roughly estimated from Fig. 2
at_Ti-26Nb-8Mo,0.0,0.0,0.0,0.0,0.0,0.0,0.08,0.26,0.0,0.0,0.0,0.0,0.0,0.66,0.0,0.0,0.0,As-cast,Ti-beta,,,,478.0,0,0,1,55.0,,663.0,,,,,,,242.0,,22.77,meta,10.1016/j.jallcom.2019.152412,li2020,Compression tests. Mechanical properties from Table 1 (Y0.2). Grain size roughly estimated from Fig. 2
at_AlNbTiV,0.266,0.0,0.0,0.0,0.0,0.0,0.0,0.23800000000000002,0.0,0.0,0.0,0.0,0.0,0.251,0.245,0.0,0.0,ST-FC,Ti-beta,,,,240.0,0,0,0,,,1020.0,,1318.0,,-5.0,,compression,448.0,12.0,13.71,meta,10.1016/j.matlet.2014.11.162,stepanov2015,"Samples homogenized at 1200 deg C for 24 h in vacuum. Cooling not specified (assumed FC). Compression tests at RT (22 deg C), rectangular specimens 7 x 5 x 5 mm3. Hardness measurements converted from 4394 (118) [MPa]"
at_HfNbTiZr,0.0,0.0,0.0,0.0,0.25,0.0,0.0,0.25,0.0,0.0,0.0,0.0,0.0,0.25,0.0,0.0,0.25,ST-FC,Ti-beta,,,,1150.0,0,0,0,,,879.0,,969.0,,15.0,,tension,,,6.34,near,10.1016/j.matlet.2014.05.134,wu2014,Samples homogenized at 1300 deg C for 6 h. Tensile tests performed at RT with dog-bone shape specimens with gauge geometry 1 x 5 x 10 mm. Real composition not measured/reported. Conclusion text conflicts with discussion (tensile tests could be performed with as-cast samples)
at_TiNbZrTaHf,0.0,0.0,0.0,0.0,0.2046,0.0,0.0,0.1893,0.0,0.0,0.0,0.0,0.1968,0.19699999999999998,0.0,0.0,0.21230000000000002,ST-FC,Ti-beta,,,,150.0,0,0,0,,,929.0,15.0,,,-50.0,,compression,390.0,,10.77,meta,10.1016/j.jallcom.2011.02.171,senkov2011,Samples HIPed at 1200 deg C (207 MPa) for 3 h. Compression tests with cylindrical specimens 3.7 x 5.6 mm at RT. Sample did not fracture (elongation set to -50%). 
at_Ti-20Fe,0.0,0.0,0.0,0.2,0.0,0.0,0.0,0.0,0.0,0.0,0.0,0.0,0.0,0.8,0.0,0.0,0.0,As-cast,Ti-beta,Ti-alpha,,,,0,1,1,,,1389.0,,1566.0,,-7.8,,compression,484.0,,65.48,stable,10.1016/j.jallcom.2019.01.346,li2019,Compression tests in cylindrical samples with a diameter of 3 mm and a height of aprox. 5 mm. Hardness and elastic modulus measured by nanoidentation. Reduced elastic modulus of 44.9 GPa
at_Ti-20Fe-1Sn,0.0,0.0,0.0,0.2,0.0,0.0,0.0,0.0,0.0,0.0,0.0,0.01,0.0,0.79,0.0,0.0,0.0,As-cast,Ti-beta,Ti-alpha,,,,0,1,1,,,1531.0,,1679.0,,-8.6,,compression,495.0,,64.56,stable,10.1016/j.jallcom.2019.01.346,li2019,Compression tests in cylindrical samples with a diameter of 3 mm and a height of aprox. 5 mm. Hardness and elastic modulus measured by nanoidentation. Reduced elastic modulus of 49.4 GPa
at_Ti-20Fe-3Sn,0.0,0.0,0.0,0.2,0.0,0.0,0.0,0.0,0.0,0.0,0.0,0.03,0.0,0.77,0.0,0.0,0.0,As-cast,Ti-beta,Ti-alpha,TiFe,,,0,1,1,,,1574.0,,1732.0,,-3.5,,compression,513.0,,62.79,stable,10.1016/j.jallcom.2019.01.346,li2019,Compression tests in cylindrical samples with a diameter of 3 mm and a height of aprox. 5 mm. Hardness and elastic modulus measured by nanoidentation. Reduced elastic modulus of 36.4
at_Ti-20Fe-5Sn,0.0,0.0,0.0,0.2,0.0,0.0,0.0,0.0,0.0,0.0,0.0,0.05,0.0,0.75,0.0,0.0,0.0,As-cast,Ti-alpha,Ti-beta,TiFe,,,0,1,1,,,1700.0,,2332.0,,-10.4,,compression,558.0,,61.11,stable,10.1016/j.jallcom.2019.01.346,li2019,Compression tests in cylindrical samples with a diameter of 3 mm and a height of aprox. 5 mm. Hardness and elastic modulus measured by nanoidentation. Reduced elastic modulus of 33.6
at_Ti-10Fe-3Sn-3Nb,0.0,0.0,0.0,0.1,0.0,0.0,0.0,0.03,0.0,0.0,0.0,0.03,0.0,0.84,0.0,0.0,0.0,As-cast,Ti-beta,Ti-alpha-dp,,,98.0,0,1,0,,,1470.0,,1950.0,,-50.0,,compression,,,32.56,stable,10.1016/j.msea.2017.08.060,zhao2017,Alpha-dp presence disputable. Reported elongation of -64% (replaced with -50%).
at_Ti-12Fe-3Sn-3Nb,0.0,0.0,0.0,0.12,0.0,0.0,0.0,0.03,0.0,0.0,0.0,0.03,0.0,0.82,0.0,0.0,0.0,As-cast,Ti-beta,,,,100.0,0,0,0,,,1600.0,,2080.0,,-50.0,,compression,,,38.65,stable,10.1016/j.msea.2017.08.060,zhao2017,Additional phases were not characterized. Reported elongation of -52% (replaced with -50%).
at_Ti-14Fe-3Sn-3Nb,0.0,0.0,0.0,0.14,0.0,0.0,0.0,0.03,0.0,0.0,0.0,0.03,0.0,0.8,0.0,0.0,0.0,As-cast,Ti-beta,,,,106.0,0,0,0,,,1880.0,,2400.0,,-32.0,,compression,,,44.71,stable,10.1016/j.msea.2017.08.060,zhao2017,Additional phases were not characterized. Sample with no apparent fracture in compression - deformation set to -50%.
