trace_id,batch_start,initial_pce,final_pce,pce_min,pce_max,degradation_rate_pct_per_khr,early_slope_pct_per_khr,pce_noise_std,t80_hours,t80_censored,reaches_t80_in_window,n_points,batch_id,batch_size
0,2019-08-27 12:30:00,13.3323,7.4463,7.4312,13.4877,21.6636,140.5111,0.48617,8.954,False,True,900,0,23
1,2019-08-27 12:30:00,13.9949,7.0686,7.0482,14.4097,23.4834,158.5911,0.54509,5.344,False,True,900,0,23
2,2019-08-27 12:30:00,14.2195,7.1027,7.0931,14.613,25.138,155.1969,0.53996,5.3,False,True,900,0,23
3,2019-08-27 12:30:00,13.6313,9.4146,9.3808,13.7857,23.7688,81.3185,0.337,56.107,False,True,900,0,23
4,2019-08-27 12:30:00,15.7252,10.9921,10.9579,15.8715,22.5047,78.056,0.36513,44.278,False,True,900,0,23
5,2019-08-27 12:30:00,15.623,10.1205,10.1023,15.7718,23.5439,91.3617,0.35538,26.332,False,True,900,0,23
6,2019-08-27 12:30:00,14.4311,9.9679,9.92,14.5036,22.7038,79.809,0.3198,50.552,False,True,900,0,23
7,2019-08-27 12:30:00,17.6899,11.2771,11.2514,17.8222,25.5793,83.6324,0.45657,0.463,False,True,900,0,23
8,2019-08-27 12:30:00,17.883,9.8977,9.8919,18.4695,24.4216,102.1125,0.44876,0.478,False,True,900,0,23
9,2019-08-27 12:30:00,18.4592,14.6664,14.6188,18.6452,16.7587,77.759,0.31707,127.808,False,True,900,0,23
10,2019-08-27 12:30:00,18.708,14.4689,14.4278,18.9713,16.1614,92.6398,0.36158,82.297,False,True,900,0,23
11,2019-08-27 12:30:00,18.6408,14.93,14.8885,18.7742,16.8504,73.8544,0.28425,148.206,False,True,900,0,23
12,2019-08-27 12:30:00,18.6526,14.1428,14.1088,19.0107,18.5357,92.3075,0.37274,69.947,False,True,900,0,23
13,2019-08-27 12:30:00,18.7461,13.9408,13.8858,19.0901,18.9421,93.8545,0.36835,53.223,False,True,900,0,23
14,2019-08-27 12:30:00,18.8539,14.0461,14.0151,19.2071,18.6347,95.2892,0.36638,55.061,False,True,900,0,23
15,2019-08-27 12:30:00,18.4731,16.0645,13.8363,18.6428,7.8133,-9.7721,0.18686,,True,False,900,0,23
16,2019-08-27 12:30:00,16.5322,16.7743,15.8017,17.4191,0.3816,-47.6954,0.28065,,True,False,900,0,23
17,2019-08-27 12:30:00,17.1149,16.5492,16.4856,17.6758,7.4993,-21.2235,0.11518,,True,False,900,0,23
18,2019-08-27 12:30:00,17.0008,17.0642,16.9612,17.8867,4.5702,-30.5622,0.1472,,True,False,900,0,23
19,2019-08-27 12:30:00,17.2083,16.254,16.1891,17.4717,8.0861,0.9436,0.0917,,True,False,900,0,23
20,2019-08-27 12:30:00,10.7275,16.7843,7.7144,17.6771,3.455,-103.5705,0.75193,,True,False,900,0,23
21,2019-08-27 12:30:00,18.477,16.3322,12.5586,18.7753,7.792,6.9617,0.20264,,True,False,900,0,23
22,2019-08-27 12:30:00,17.1618,16.8408,16.7403,17.7116,5.5984,-18.6835,0.10727,,True,False,900,0,23
23,2022-06-14 15:40:00,21.4748,20.8664,19.7036,21.4873,-7.2126,52.9919,0.29794,,True,False,900,1,29
24,2022-06-14 15:40:00,21.3661,20.9666,19.7656,21.4973,-7.9253,47.9304,0.2834,,True,False,900,1,29
25,2022-06-14 15:40:00,20.428,20.6105,19.864,20.8949,-4.5212,6.5404,0.17667,,True,False,900,1,29
26,2022-06-14 15:40:00,19.1112,18.8853,16.8762,19.3606,-15.0343,56.8447,0.44394,,True,False,900,1,29
27,2022-06-14 15:40:00,19.2441,22.2599,18.0561,22.6077,-25.9584,-78.51,0.61421,,True,False,900,1,29
28,2022-06-14 15:40:00,22.6251,23.1882,21.4992,24.1028,-10.6254,-9.1284,0.53437,,True,False,900,1,29
29,2022-06-14 15:40:00,20.2072,20.603,19.0919,20.915,-10.1427,5.3312,0.24978,,True,False,900,1,29
30,2022-06-14 15:40:00,20.6128,18.0369,17.9797,20.7409,20.9509,-7.6819,0.24752,,True,False,900,1,29
31,2022-06-14 15:40:00,17.8397,18.3346,17.7661,19.4684,5.1655,-59.44,0.23339,,True,False,900,1,29
32,2022-06-14 15:40:00,19.8041,17.7669,9.4216,20.0032,13.0357,19.6607,0.65429,,True,False,900,1,29
33,2022-06-14 15:40:00,21.3284,8.2856,8.1738,21.381,94.4298,61.7765,0.55688,43.473,False,True,900,1,29
34,2022-06-14 15:40:00,22.1454,18.5912,18.5537,23.8285,30.8795,0.5689,0.4698,,True,False,900,1,29
35,2022-06-14 15:40:00,7.7426,17.832,2.5176,19.3488,-6.9684,-208.715,1.06461,,True,False,900,1,29
36,2022-06-14 15:40:00,16.8605,16.5524,16.4188,19.0251,9.9102,-30.5936,0.51704,,True,False,900,1,29
37,2022-06-14 15:40:00,18.9489,16.3195,16.292,19.1385,16.0479,-0.0948,0.3221,,True,False,900,1,29
38,2022-06-14 15:40:00,10.0786,18.5768,3.6864,19.1041,-29.7419,-453.8381,2.04828,,True,False,900,1,29
39,2022-06-14 15:40:00,13.4608,4.3672,4.3249,20.2048,120.4786,-100.476,1.31462,67.628,False,True,900,1,29
40,2022-06-14 15:40:00,19.441,2.1247,2.0825,19.5925,107.9647,183.1427,0.92669,19.363,False,True,900,1,29
41,2022-06-14 15:40:00,11.9515,4.9278,4.7978,20.7981,121.548,-140.2179,1.32562,83.836,False,True,900,1,29
42,2022-06-14 15:40:00,19.0635,2.78,2.7559,19.2527,105.1505,160.7702,0.36385,21.321,False,True,900,1,29
43,2022-06-14 15:40:00,18.88,8.7011,8.6338,22.0405,104.5189,-49.3065,0.8189,71.156,False,True,900,1,29
44,2022-06-14 15:40:00,21.4937,19.9794,19.8491,21.895,3.5179,-6.4446,0.25622,,True,False,900,1,29
45,2022-06-14 15:40:00,22.3215,20.5255,20.3616,22.6199,3.6873,2.7663,0.25513,,True,False,900,1,29
46,2022-06-14 15:40:00,22.2965,20.4124,20.2678,22.6187,5.2703,4.9706,0.22029,,True,False,900,1,29
47,2022-06-14 15:40:00,23.7609,8.3548,8.3221,24.0216,89.8057,167.629,0.39247,22.894,False,True,900,1,29
48,2022-06-14 15:40:00,24.2518,10.3419,10.2872,24.4607,83.6981,121.4115,0.2086,33.619,False,True,900,1,29
49,2022-06-14 15:40:00,23.1711,7.2995,7.2607,23.4003,92.2174,180.4983,0.49291,19.401,False,True,900,1,29
50,2022-06-14 15:40:00,24.4506,10.4926,10.4058,24.708,82.6056,126.2231,0.23652,32.291,False,True,900,1,29
51,2022-06-14 15:40:00,26.2435,11.7517,11.6048,26.5174,87.4326,139.2652,0.26577,35.672,False,True,900,1,29
52,2020-03-17 21:00:00,8.8766,6.9419,6.923,9.4549,9.9946,57.2445,0.2978,81.997,False,True,900,2,25
53,2020-03-17 21:00:00,10.1728,6.572,6.541,10.4115,15.9098,60.5314,0.28717,24.816,False,True,900,2,25
54,2020-03-17 21:00:00,10.6435,6.8024,6.7595,10.8684,16.2287,73.7672,0.328,19.806,False,True,900,2,25
55,2020-03-17 21:00:00,10.7084,6.696,6.6908,10.9988,13.6814,51.7766,0.26956,3.469,False,True,900,2,25
56,2020-03-17 21:00:00,9.9879,6.3888,6.3603,10.2207,16.5271,60.9808,0.29822,26.089,False,True,900,2,25
57,2020-03-17 21:00:00,10.4396,6.5672,6.5536,10.8238,15.9108,71.3549,0.30474,18.03,False,True,900,2,25
58,2020-03-17 21:00:00,10.9231,6.5676,6.5239,11.39,15.4457,81.8855,0.37065,10.844,False,True,900,2,25
59,2020-03-17 21:00:00,11.0447,7.2728,7.241,11.4172,16.0814,64.715,0.32719,24.142,False,True,900,2,25
60,2020-03-17 21:00:00,11.9163,8.4729,8.4614,12.0655,19.4474,44.1072,0.18073,67.652,False,True,900,2,25
61,2020-03-17 21:00:00,12.5092,8.8216,8.753,12.6172,20.6661,51.3083,0.23663,59.166,False,True,900,2,25
62,2020-03-17 21:00:00,11.7858,8.2986,8.2428,11.8966,19.6739,45.48,0.20471,61.049,False,True,900,2,25
63,2020-03-17 21:00:00,11.279,8.205,8.1965,11.3902,17.9263,35.3572,0.16993,80.483,False,True,900,2,25
64,2020-03-17 21:00:00,12.2257,10.8747,10.812,12.6061,12.8796,1.7799,0.06967,,True,False,900,2,25
65,2020-03-17 21:00:00,12.9606,11.0587,10.8952,13.117,15.137,8.5992,0.08456,,True,False,900,2,25
66,2020-03-17 21:00:00,8.9124,10.2587,8.5078,10.7575,0.9025,-54.9071,0.23705,,True,False,900,2,25
67,2020-03-17 21:00:00,10.8252,9.7721,9.7468,10.8307,5.878,13.826,0.0375,,True,False,900,2,25
68,2020-03-17 21:00:00,10.8279,8.9752,8.9607,10.8288,11.4361,17.066,0.03264,,True,False,900,2,25
69,2020-03-17 21:00:00,12.3031,7.9875,7.8806,12.3214,26.4626,67.9416,0.2881,54.585,False,True,900,2,25
70,2020-03-17 21:00:00,11.4536,8.5725,8.5669,11.6212,19.8451,16.6515,0.1093,96.563,False,True,900,2,25
71,2020-03-17 21:00:00,12.2129,8.2957,8.1474,12.2943,24.4948,62.1276,0.27341,61.166,False,True,900,2,25
72,2020-03-17 21:00:00,0.287,5.7451,0.2602,10.275,-33.2389,-4.4071,2.82407,,True,False,900,2,25
73,2020-03-17 21:00:00,5.4663,3.2201,3.2111,5.5099,14.338,26.0421,0.08562,54.347,False,True,900,2,25
74,2020-03-17 21:00:00,3.9778,3.3056,3.2614,4.4909,6.062,15.4971,0.06517,,True,False,900,2,25
75,2020-03-17 21:00:00,5.2705,3.2484,3.1633,5.3166,13.2464,21.1865,0.05685,65.937,False,True,900,2,25
76,2020-03-17 21:00:00,5.5514,3.4462,3.2936,5.5993,13.6643,23.4471,0.06945,65.105,False,True,900,2,25
77,2020-05-19 14:00:00,9.5773,6.9115,6.7428,11.3518,1.7372,32.8382,0.27453,0.506,False,True,900,3,14
78,2020-05-19 14:00:00,10.8673,10.1111,0.86,11.4086,-75.2533,100.7451,1.20839,0.559,False,True,900,3,14
79,2020-05-19 14:00:00,11.6234,10.6345,2.1015,12.2433,-56.161,276.0655,2.08617,2.477,False,True,900,3,14
80,2020-05-19 14:00:00,15.4929,12.6903,12.6288,15.7866,23.7038,8.5437,0.25959,,True,False,900,3,14
81,2020-05-19 14:00:00,14.6811,12.0643,11.6661,14.8319,20.6014,13.1199,0.14932,144.313,False,True,900,3,14
82,2020-05-19 14:00:00,14.5968,12.0782,11.7345,14.7229,19.2744,10.196,0.13128,,True,False,900,3,14
83,2020-05-19 14:00:00,14.63,12.5575,12.2903,14.8899,10.3273,47.446,0.39258,,True,False,900,3,14
84,2020-05-19 14:00:00,12.0215,13.2395,11.0084,14.2289,4.7817,-15.7764,0.24298,,True,False,900,3,14
85,2020-05-19 14:00:00,16.5762,13.8257,12.9731,17.1346,19.6435,29.7279,0.58785,144.771,False,True,900,3,14
86,2020-05-19 14:00:00,16.0622,14.0481,8.0879,16.4835,13.5746,11.6853,1.83212,51.716,False,True,900,3,14
87,2020-05-19 14:00:00,15.4952,11.2683,10.6732,16.8102,23.9571,222.7964,0.8469,18.327,False,True,900,3,14
88,2020-05-19 14:00:00,0.5216,9.5232,0.0843,11.7452,-96.2289,18.4917,2.63389,,True,False,900,3,14
89,2020-05-19 14:00:00,7.5244,4.8294,0.632,16.8504,8.5541,534.4996,2.38723,0.111,False,True,900,3,14
90,2020-05-19 14:00:00,0.1266,0.1792,0.0417,15.934,43.2377,693.4282,2.60375,,True,False,900,3,14
91,2020-06-04 17:20:00,16.5141,12.538,9.695,19.408,29.8189,111.8056,0.49087,0.0,False,True,900,4,19
92,2020-06-04 17:20:00,19.0696,10.7567,8.3055,19.1445,50.3641,140.0112,0.62658,30.929,False,True,900,4,19
93,2020-06-04 17:20:00,18.5657,9.9549,7.7246,18.5953,52.5453,139.3533,0.61731,29.982,False,True,900,4,19
94,2020-06-04 17:20:00,14.0623,9.8328,7.6159,14.157,25.967,44.3176,0.1942,64.974,False,True,900,4,19
95,2020-06-04 17:20:00,17.0973,12.0021,9.2076,17.3607,18.2211,119.2784,0.36611,14.805,False,True,900,4,19
96,2020-06-04 17:20:00,18.9278,9.4592,7.3382,18.968,46.6898,262.6041,0.93795,9.359,False,True,900,4,19
97,2020-06-04 17:20:00,17.2852,12.8288,10.0038,17.3581,19.5124,100.697,0.39817,59.927,False,True,900,4,19
98,2020-06-04 17:20:00,15.346,12.8289,10.0736,15.8568,16.8273,60.7798,0.30887,140.87,False,True,900,4,19
99,2020-06-04 17:20:00,16.8387,12.0835,9.4248,16.9703,18.8512,98.8556,0.40051,37.116,False,True,900,4,19
100,2020-06-04 17:20:00,13.6091,14.3819,11.3516,14.5139,-19.7859,14.2323,0.36176,,True,False,900,4,19
101,2020-06-04 17:20:00,13.3632,15.0197,11.3991,15.0477,-17.9532,-3.1396,0.37252,,True,False,900,4,19
102,2020-06-04 17:20:00,16.7906,16.2676,13.0311,17.147,-3.9892,-5.2034,0.29721,,True,False,900,4,19
103,2020-06-04 17:20:00,15.8007,16.2993,12.9905,16.4213,-14.2652,0.4037,0.41082,,True,False,900,4,19
104,2020-06-04 17:20:00,16.4224,15.5217,12.358,16.7312,3.0519,16.1682,0.18698,,True,False,900,4,19
105,2020-06-04 17:20:00,0.7791,14.295,0.6063,14.9825,-1.963,-141.7778,0.98284,,True,False,900,4,19
106,2020-06-04 17:20:00,14.4462,13.7846,11.0344,15.0421,-12.5195,22.5821,0.35459,,True,False,900,4,19
107,2020-06-04 17:20:00,14.7617,13.9986,11.1746,15.2202,-4.7854,3.6858,0.26238,,True,False,900,4,19
108,2020-06-04 17:20:00,14.4403,13.8541,11.1085,14.8564,-3.3063,-10.422,0.26204,,True,False,900,4,19
109,2020-06-04 17:20:00,13.2444,11.9814,9.5993,13.3252,5.096,16.6555,0.1756,,True,False,900,4,19
110,2020-06-23 13:20:00,5.0857,15.3391,4.884,15.706,-27.9582,-274.9734,1.27872,,True,False,900,5,25
111,2020-06-23 13:20:00,16.7919,15.4737,12.1995,17.348,1.2236,-21.7331,0.32781,,True,False,900,5,25
112,2020-06-23 13:20:00,14.5176,15.5846,11.9734,15.9646,-10.999,-50.5133,0.43883,,True,False,900,5,25
113,2020-06-23 13:20:00,0.9257,15.5465,0.8351,15.914,-17.4578,-319.3478,1.76953,,True,False,900,5,25
114,2020-06-23 13:20:00,6.6303,14.7829,0.598,16.2559,-20.0191,-577.8111,2.49752,,True,False,900,5,25
115,2020-06-23 13:20:00,18.3913,16.7959,12.9924,18.6353,-3.9147,-6.4684,0.35646,,True,False,900,5,25
116,2020-06-23 13:20:00,19.1807,16.7256,12.9772,19.2995,7.7122,24.3828,0.17692,,True,False,900,5,25
117,2020-06-23 13:20:00,12.603,14.4913,11.582,15.6327,-0.3389,-56.6931,0.40433,,True,False,900,5,25
118,2020-06-23 13:20:00,18.6373,16.3657,12.803,18.6892,6.7711,33.3608,0.1783,,True,False,900,5,25
119,2020-06-23 13:20:00,16.4139,16.0907,12.2676,16.5581,-1.0071,0.8685,0.19902,,True,False,900,5,25
120,2020-06-23 13:20:00,18.7044,16.108,12.5269,18.9212,7.7891,29.71,0.18426,,True,False,900,5,25
121,2020-06-23 13:20:00,0.058,15.1447,0.0527,16.1963,-8.3912,-434.0085,2.00305,,True,False,900,5,25
122,2020-06-23 13:20:00,18.6007,16.079,12.6466,18.8298,7.2474,22.1171,0.2054,,True,False,900,5,25
123,2020-06-23 13:20:00,8.7943,15.4034,0.8507,16.3382,-22.4425,-712.7496,2.75937,,True,False,900,5,25
124,2020-06-23 13:20:00,18.5844,16.3742,12.7037,18.81,5.8747,16.3944,0.19826,,True,False,900,5,25
125,2020-06-23 13:20:00,17.8515,14.9137,11.9298,18.1139,13.8712,13.814,0.22956,,True,False,900,5,25
126,2020-06-23 13:20:00,11.0477,13.7677,0.3554,13.854,-23.2909,-199.7794,1.76515,,True,False,900,5,25
127,2020-06-23 13:20:00,10.057,14.1428,3.1899,14.8067,-10.7508,36.6008,0.47249,,True,False,900,5,25
128,2020-06-23 13:20:00,10.8154,13.7057,10.1974,13.7329,-10.4153,-62.3021,0.33537,,True,False,900,5,25
129,2020-06-23 13:20:00,14.3115,13.8754,10.569,14.3486,3.1121,-1.2594,0.1239,,True,False,900,5,25
130,2020-06-23 13:20:00,13.1976,14.4471,10.9631,14.5871,-3.5941,-35.0117,0.2255,,True,False,900,5,25
131,2020-06-23 13:20:00,14.7835,14.4883,11.011,14.8644,2.2654,-1.1459,0.12367,,True,False,900,5,25
132,2020-06-23 13:20:00,15.2056,14.8714,11.3842,15.3777,2.762,-4.8152,0.13191,,True,False,900,5,25
133,2020-06-23 13:20:00,14.82,14.407,10.9745,14.8765,2.4147,0.9874,0.12293,,True,False,900,5,25
134,2020-06-23 13:20:00,14.3336,14.0374,10.6388,14.3867,1.5174,1.4098,0.11995,,True,False,900,5,25
135,2020-08-17 16:20:00,13.5425,13.7429,13.4422,14.8194,6.736,-19.1239,0.13773,,True,False,900,6,11
136,2020-08-17 16:20:00,12.8811,13.6246,12.7483,14.697,6.3556,-41.1557,0.18936,,True,False,900,6,11
137,2020-08-17 16:20:00,12.7271,13.9314,12.5731,14.6517,1.4239,-26.351,0.17781,,True,False,900,6,11
138,2020-08-17 16:20:00,14.0842,13.4049,13.382,14.4457,6.9789,-5.0067,0.08075,,True,False,900,6,11
139,2020-08-17 16:20:00,3.1204,11.5252,1.6294,12.1477,-5.2072,-130.8343,0.71425,,True,False,900,6,11
140,2020-08-17 16:20:00,14.6397,14.0071,13.9824,15.0513,7.1511,-5.7142,0.09374,,True,False,900,6,11
141,2020-08-17 16:20:00,15.5617,15.7033,15.3763,16.6248,1.2528,-37.6573,0.23823,,True,False,900,6,11
142,2020-08-17 16:20:00,13.5837,10.8639,10.6828,13.6258,17.9632,2.5001,0.12451,144.619,False,True,900,6,11
143,2020-08-17 16:20:00,12.6621,12.941,12.5732,14.2839,5.0561,-79.649,0.33672,,True,False,900,6,11
144,2020-08-17 16:20:00,17.7616,11.6241,11.5314,18.0208,24.5333,91.1634,0.35293,28.956,False,True,900,6,11
145,2020-08-17 16:20:00,6.8727,12.8262,6.5204,13.0256,-17.4944,-149.302,0.62034,,True,False,900,6,11
146,2022-01-28 18:10:00,11.4175,9.9742,8.6455,12.1626,-8.5347,12.9666,0.25656,,True,False,900,7,36
147,2022-01-28 18:10:00,11.6281,10.9897,9.2732,12.2796,-4.778,-62.3633,0.38138,,True,False,900,7,36
148,2022-01-28 18:10:00,12.6167,13.4893,10.6231,14.6651,5.1786,-3.8924,0.26768,,True,False,900,7,36
149,2022-01-28 18:10:00,11.8182,12.2188,9.248,12.6328,-13.9242,-64.4242,0.49485,,True,False,900,7,36
150,2022-01-28 18:10:00,9.6171,11.6357,9.0055,11.9356,-7.2158,-99.5277,0.45471,,True,False,900,7,36
151,2022-01-28 18:10:00,10.6123,15.8404,10.559,17.0684,-1.5871,-186.5433,0.70138,,True,False,900,7,36
152,2022-01-28 18:10:00,8.4863,8.8129,8.1256,9.2511,-3.8282,-6.0327,0.09928,,True,False,900,7,36
153,2022-01-28 18:10:00,8.1526,7.6851,6.9012,8.546,4.0511,-9.0034,0.31469,,True,False,900,7,36
154,2022-01-28 18:10:00,9.2348,8.2981,7.761,9.5218,-2.4355,34.2078,0.14805,,True,False,900,7,36
155,2022-01-28 18:10:00,8.1769,7.9855,7.1081,8.4771,-2.1067,-30.5268,0.20074,,True,False,900,7,36
156,2022-01-28 18:10:00,7.7392,8.8471,7.5118,9.6565,3.3521,-79.7042,0.34356,,True,False,900,7,36
157,2022-01-28 18:10:00,9.2561,9.6167,8.9916,10.2061,1.417,-43.4545,0.17301,,True,False,900,7,36
158,2022-01-28 18:10:00,11.3342,9.808,9.7565,11.9259,12.7905,-7.2314,0.13511,,True,False,900,7,36
159,2022-01-28 18:10:00,8.5423,9.0654,8.4754,9.6321,0.5594,-4.0292,0.18885,,True,False,900,7,36
160,2022-01-28 18:10:00,9.7248,9.7802,9.3224,10.4772,2.438,-38.3621,0.16079,,True,False,900,7,36
161,2022-01-28 18:10:00,11.3203,11.6425,10.92,13.0466,3.9336,-86.0005,0.33714,,True,False,900,7,36
162,2022-01-28 18:10:00,9.6154,9.3836,9.2113,10.454,5.0441,-45.0594,0.18535,,True,False,900,7,36
163,2022-01-28 18:10:00,7.8185,8.8545,7.7376,9.5673,1.0398,-10.331,0.20023,,True,False,900,7,36
164,2022-01-28 18:10:00,9.7317,8.7906,8.2977,9.9747,-1.074,50.2306,0.23376,,True,False,900,7,36
165,2022-01-28 18:10:00,9.1966,9.082,8.4365,9.7797,0.758,0.0594,0.27437,,True,False,900,7,36
166,2022-01-28 18:10:00,12.2615,11.9397,11.8602,14.2694,12.7733,-58.1374,0.28195,,True,False,900,7,36
167,2022-01-28 18:10:00,9.665,11.8026,9.4804,12.2624,-2.2972,-82.2258,0.29796,,True,False,900,7,36
168,2022-01-28 18:10:00,11.2099,10.6073,10.5672,13.1423,17.4958,-18.5976,0.20658,,True,False,900,7,36
169,2022-01-28 18:10:00,13.3507,11.3595,10.2221,14.6933,20.2557,30.3333,0.18326,,True,False,900,7,36
170,2022-01-28 18:10:00,11.2908,10.0989,10.0533,13.1292,19.1409,-6.3388,0.22652,,True,False,900,7,36
171,2022-01-28 18:10:00,12.0563,11.4384,11.4055,14.5585,21.1156,-35.4532,0.26085,,True,False,900,7,36
172,2022-01-28 18:10:00,10.2013,10.3459,9.651,11.6399,5.7641,-8.2018,0.21906,,True,False,900,7,36
173,2022-01-28 18:10:00,11.1618,9.2271,9.0999,12.0712,18.9422,11.0964,0.26393,,True,False,900,7,36
174,2022-01-28 18:10:00,11.3416,9.4441,9.1686,12.0421,17.9454,17.6059,0.23194,,True,False,900,7,36
175,2022-01-28 18:10:00,12.3463,10.8932,9.8857,14.3675,19.4108,-11.4369,0.61272,,True,False,900,7,36
176,2022-01-28 18:10:00,11.5762,11.2056,11.0442,12.9662,11.9169,-24.7968,0.16311,,True,False,900,7,36
177,2022-01-28 18:10:00,11.7398,9.5554,9.0501,12.4159,15.5637,30.0764,0.30185,144.608,False,True,900,7,36
178,2022-01-28 18:10:00,11.2691,10.1861,10.1315,12.7532,16.2928,-12.911,0.19198,,True,False,900,7,36
179,2022-01-28 18:10:00,11.0285,10.4973,9.8439,12.7824,15.7263,-20.8633,0.25446,,True,False,900,7,36
180,2022-01-28 18:10:00,11.5518,10.1431,10.084,13.2341,18.7209,14.4614,0.24654,,True,False,900,7,36
181,2022-01-28 18:10:00,11.8039,10.7659,10.2178,13.8264,17.4244,10.0497,0.18734,,True,False,900,7,36
182,2020-06-12 15:50:00,10.5616,4.1943,4.1852,10.8005,34.7143,159.3168,0.77492,14.681,False,True,900,8,33
183,2020-06-12 15:50:00,8.713,3.7155,3.6987,9.0537,26.1504,142.6368,0.68756,13.771,False,True,900,8,33
184,2020-06-12 15:50:00,8.3023,3.5286,3.5282,8.7202,30.3446,103.6887,0.57636,21.546,False,True,900,8,33
185,2020-06-12 15:50:00,9.2933,3.7995,3.7834,9.6746,32.6087,131.4302,0.73187,18.108,False,True,900,8,33
186,2020-06-12 15:50:00,10.7378,3.9175,3.9115,11.0476,41.2915,145.0503,0.77872,18.374,False,True,900,8,33
187,2020-06-12 15:50:00,5.5899,4.171,4.1586,8.0802,24.1306,21.3686,0.43897,100.62,False,True,900,8,33
188,2020-06-12 15:50:00,10.0427,2.9228,2.9208,10.1758,40.1972,114.1109,0.53976,13.733,False,True,900,8,33
189,2020-06-12 15:50:00,9.1006,2.7101,2.6954,9.1625,37.8537,106.7482,0.48517,17.122,False,True,900,8,33
190,2020-06-12 15:50:00,10.1737,2.9012,2.8953,10.4903,41.5943,112.5962,0.49531,14.495,False,True,900,8,33
191,2020-06-12 15:50:00,11.2172,2.9447,2.9398,11.5864,46.0647,122.0644,0.55601,12.803,False,True,900,8,33
192,2020-06-12 15:50:00,10.3968,2.4037,2.3998,10.5957,42.7901,143.7845,0.67939,10.155,False,True,900,8,33
193,2020-06-12 15:50:00,11.2239,2.2841,2.2813,11.4569,48.7659,152.4676,0.75608,10.244,False,True,900,8,33
194,2020-06-12 15:50:00,3.7819,3.6557,0.1591,6.6528,15.4798,46.5968,0.35269,,True,False,900,8,33
195,2020-06-12 15:50:00,10.4926,3.5106,3.4607,10.5655,22.5343,207.0519,0.80765,4.827,False,True,900,8,33
196,2020-06-12 15:50:00,9.605,3.8468,3.8103,9.6721,21.9995,162.944,0.60538,7.046,False,True,900,8,33
197,2020-06-12 15:50:00,1.922,3.7911,0.0571,5.4079,6.8921,6.957,0.24012,,True,False,900,8,33
198,2020-06-12 15:50:00,6.612,3.943,3.8498,6.7298,15.8472,47.0117,0.2849,29.517,False,True,900,8,33
199,2020-06-12 15:50:00,8.8669,2.0148,2.0088,8.9395,42.0219,99.8499,0.59838,17.592,False,True,900,8,33
200,2020-06-12 15:50:00,7.4237,2.2896,2.283,8.055,37.9375,57.706,0.47145,31.275,False,True,900,8,33
201,2020-06-12 15:50:00,8.63,2.7285,2.7242,8.7585,36.4553,67.8156,0.34712,22.978,False,True,900,8,33
202,2020-06-12 15:50:00,12.5436,2.9718,2.9691,12.6777,53.7113,123.7489,0.59435,11.12,False,True,900,8,33
203,2020-06-12 15:50:00,8.9032,1.6351,1.631,9.0331,35.0614,98.2206,0.34117,3.317,False,True,900,8,33
204,2020-06-12 15:50:00,10.436,1.4616,1.4593,10.5751,48.4023,127.0949,0.57954,6.732,False,True,900,8,33
205,2020-06-12 15:50:00,8.9122,1.2998,1.2995,9.055,40.1564,95.1051,0.38045,4.678,False,True,900,8,33
206,2020-06-12 15:50:00,10.876,2.6876,2.6829,10.9834,42.1892,111.4567,0.35345,6.782,False,True,900,8,33
207,2020-06-12 15:50:00,9.6312,1.9803,1.9792,9.7743,37.1136,105.6136,0.35893,3.979,False,True,900,8,33
208,2020-06-12 15:50:00,10.7714,2.3659,2.3609,10.8368,47.0542,105.5056,0.35164,10.71,False,True,900,8,33
209,2020-06-12 15:50:00,4.3287,2.2972,2.2963,6.3695,28.7442,-10.2147,0.20409,96.902,False,True,900,8,33
210,2020-06-12 15:50:00,10.3766,4.4009,4.3992,10.4571,33.2193,81.4818,0.29176,20.239,False,True,900,8,33
211,2020-06-12 15:50:00,9.344,2.0029,1.999,9.472,40.102,93.6632,0.37948,8.865,False,True,900,8,33
212,2020-06-12 15:50:00,10.5925,3.4433,3.4407,10.7035,39.1444,97.0267,0.3266,13.934,False,True,900,8,33
213,2020-06-12 15:50:00,11.5297,2.6832,2.6737,11.6627,47.3432,127.5097,0.49469,9.401,False,True,900,8,33
214,2020-06-12 15:50:00,11.3114,3.3943,3.3884,11.4387,41.5701,114.2258,0.3752,10.756,False,True,900,8,33
215,2020-06-25 20:50:00,10.1189,5.0656,5.0558,10.3535,31.0647,98.3578,0.5561,14.635,False,True,900,9,23
216,2020-06-25 20:50:00,10.324,5.2201,5.2068,10.7021,32.7384,97.5181,0.56051,14.657,False,True,900,9,23
217,2020-06-25 20:50:00,10.6428,5.619,5.6077,10.9535,32.19,92.5342,0.53756,14.661,False,True,900,9,23
218,2020-06-25 20:50:00,10.6785,5.6081,5.5986,11.0323,31.7855,100.6768,0.59086,14.65,False,True,900,9,23
219,2020-06-25 20:50:00,10.6858,5.6014,5.5956,11.0121,31.4335,102.875,0.57519,14.64,False,True,900,9,23
220,2020-06-25 20:50:00,7.969,4.9446,4.9279,9.1236,25.8817,52.2252,0.45377,14.799,False,True,900,9,23
221,2020-06-25 20:50:00,10.7154,5.2971,5.2816,11.0253,33.4389,108.3963,0.60243,14.635,False,True,900,9,23
222,2020-06-25 20:50:00,10.46,5.4977,5.4816,10.802,31.2913,97.9179,0.5625,14.652,False,True,900,9,23
223,2020-06-25 20:50:00,11.155,5.4937,5.4728,11.5394,34.4541,120.8579,0.6748,14.625,False,True,900,9,23
224,2020-06-25 20:50:00,11.0121,5.6484,5.6396,11.4862,33.4482,114.8396,0.67665,14.649,False,True,900,9,23
225,2020-06-25 20:50:00,11.8545,6.0218,6.0027,12.3347,35.4851,131.5547,0.72118,14.63,False,True,900,9,23
226,2020-06-25 20:50:00,11.5219,6.038,6.0284,12.1702,34.7948,123.576,0.71611,14.656,False,True,900,9,23
227,2020-06-25 20:50:00,8.712,6.1048,6.0979,10.077,25.7146,36.228,0.32816,84.067,False,True,900,9,23
228,2020-06-25 20:50:00,10.7427,6.0978,6.085,11.1612,29.8741,88.6327,0.4736,14.67,False,True,900,9,23
229,2020-06-25 20:50:00,9.1682,5.6301,5.6212,11.0362,32.2314,82.9469,0.53205,14.814,False,True,900,9,23
230,2020-06-25 20:50:00,2.97,5.5348,0.8693,9.0111,21.3061,0.9147,0.45373,,True,False,900,9,23
231,2020-06-25 20:50:00,11.3537,6.1521,6.1304,12.0482,34.2618,106.3021,0.58198,14.674,False,True,900,9,23
232,2020-06-25 20:50:00,11.0241,5.9683,5.9582,11.7485,34.422,95.9854,0.52558,14.692,False,True,900,9,23
233,2020-06-25 20:50:00,9.5303,6.2779,6.2694,10.859,28.27,63.0325,0.41894,14.799,False,True,900,9,23
234,2020-06-25 20:50:00,9.9344,5.8339,5.8242,10.1702,27.1598,62.0774,0.391,14.692,False,True,900,9,23
235,2020-06-25 20:50:00,10.9007,6.2733,6.2576,11.8247,32.625,93.5765,0.52551,14.709,False,True,900,9,23
236,2020-06-25 20:50:00,12.3924,6.7941,6.7819,12.7768,35.8381,103.6938,0.57087,14.664,False,True,900,9,23
237,2020-06-25 20:50:00,11.8317,6.2175,6.2028,12.1535,35.9019,97.5,0.53345,14.66,False,True,900,9,23
238,2021-10-22 13:40:00,16.9873,10.1889,1.23,17.1392,16.615,113.7242,1.35653,1.995,False,True,900,10,28
239,2021-10-22 13:40:00,16.4787,11.9455,11.9129,18.344,37.7969,66.6571,0.47177,112.478,False,True,900,10,28
240,2021-10-22 13:40:00,14.4101,10.6243,0.4016,15.0245,-7.5279,165.2913,2.42492,5.462,False,True,900,10,28
241,2021-10-22 13:40:00,18.2133,11.3105,11.2601,18.4974,39.0255,73.1157,0.32771,53.662,False,True,900,10,28
242,2021-10-22 13:40:00,16.2754,9.0825,8.4559,16.479,23.0882,33.8202,0.76776,1.801,False,True,900,10,28
243,2021-10-22 13:40:00,18.3077,14.4001,14.3438,19.4892,32.9869,-46.462,0.32672,144.495,False,True,900,10,28
244,2021-10-22 13:40:00,17.7641,10.9059,10.1476,18.4397,48.2502,69.6564,0.70131,48.058,False,True,900,10,28
245,2021-10-22 13:40:00,18.033,10.7212,10.6964,18.2964,45.1981,231.4291,0.70824,19.373,False,True,900,10,28
246,2021-10-22 13:40:00,18.4636,10.3599,9.1629,18.6903,40.6381,273.686,1.05243,13.759,False,True,900,10,28
247,2021-10-22 13:40:00,16.329,8.7499,8.5169,17.1583,65.5068,3.6295,0.43412,80.461,False,True,900,10,28
248,2021-10-22 13:40:00,17.5341,10.8495,10.7303,17.5887,38.4868,73.7208,0.51287,33.61,False,True,900,10,28
249,2021-10-22 13:40:00,18.3983,10.3846,10.3364,18.872,49.2268,104.1414,0.47347,47.66,False,True,900,10,28
250,2021-10-22 13:40:00,19.7553,11.8243,11.7972,20.3331,63.302,54.0408,0.35798,73.612,False,True,900,10,28
251,2021-10-22 13:40:00,15.6683,9.4787,7.9128,16.5278,42.6851,15.3062,1.56046,38.181,False,True,900,10,28
252,2021-10-22 13:40:00,10.7472,8.9008,8.8579,15.0059,41.9366,-104.8868,0.65697,,True,False,900,10,28
253,2021-10-22 13:40:00,16.9123,11.8495,11.3542,17.508,31.4512,133.3197,0.78689,48.48,False,True,900,10,28
254,2021-10-22 13:40:00,19.5816,11.9779,11.9573,19.8605,36.7015,306.2743,1.00755,12.761,False,True,900,10,28
255,2021-10-22 13:40:00,17.4968,8.8778,8.3862,17.7576,45.4089,238.5889,1.04966,14.818,False,True,900,10,28
256,2021-10-22 13:40:00,20.0031,12.8341,12.7842,20.2539,39.0379,178.9892,0.69505,30.261,False,True,900,10,28
257,2021-10-22 13:40:00,21.9699,11.3866,11.3345,22.127,61.4007,158.6042,0.46889,30.655,False,True,900,10,28
258,2021-10-22 13:40:00,19.0911,7.7843,7.4027,19.2824,87.7029,68.0602,1.06364,12.777,False,True,900,10,28
259,2021-10-22 13:40:00,18.9263,9.2767,9.2342,19.4029,75.6857,53.5824,0.72111,44.991,False,True,900,10,28
260,2021-10-22 13:40:00,11.7467,10.1735,5.7105,17.4702,47.6142,-308.203,1.5017,,True,False,900,10,28
261,2021-10-22 13:40:00,12.2414,8.0163,3.2178,16.1725,40.4583,165.5385,0.85203,0.0,False,True,900,10,28
262,2021-10-22 13:40:00,19.5629,12.6303,11.8491,19.7425,42.8172,95.6944,1.37497,38.618,False,True,900,10,28
263,2021-10-22 13:40:00,18.0192,9.8545,9.7925,18.9196,65.6635,36.0849,0.43381,59.785,False,True,900,10,28
264,2021-10-22 13:40:00,18.0123,9.5359,9.4901,18.6868,62.7269,58.1352,0.34843,56.407,False,True,900,10,28
265,2021-10-22 13:40:00,20.5043,14.5186,14.4176,21.8329,50.0749,61.5855,0.4825,80.267,False,True,900,10,28
266,2022-02-18 13:00:00,22.8775,20.6081,19.714,23.1879,8.3746,11.0063,0.29945,,True,False,900,11,19
267,2022-02-18 13:00:00,17.1143,16.9472,15.9418,18.032,1.4464,4.0569,0.35791,,True,False,900,11,19
268,2022-02-18 13:00:00,17.3432,13.9051,13.8168,17.4938,12.2098,81.9469,0.31365,147.595,False,True,900,11,19
269,2022-02-18 13:00:00,24.166,16.0238,15.9354,24.62,63.9917,13.642,1.40177,85.25,False,True,900,11,19
270,2022-02-18 13:00:00,20.9739,18.133,18.053,22.6754,17.7241,19.8736,0.227,,True,False,900,11,19
271,2022-02-18 13:00:00,20.2616,18.5972,16.1871,22.1115,-1.9976,-95.6857,0.73344,,True,False,900,11,19
272,2022-02-18 13:00:00,21.1693,18.2393,18.0821,22.7088,13.5342,25.135,0.32469,,True,False,900,11,19
273,2022-02-18 13:00:00,24.3843,16.6453,16.5211,24.4848,46.7458,87.264,0.23969,78.632,False,True,900,11,19
274,2022-02-18 13:00:00,21.8817,19.1552,19.0634,22.4431,20.8041,-27.0411,0.22305,,True,False,900,11,19
275,2022-02-18 13:00:00,0.5508,16.6455,0.527,20.8242,20.8039,-161.947,1.49926,,True,False,900,11,19
276,2022-02-18 13:00:00,24.9869,18.4778,18.3703,25.1663,37.2856,88.0934,0.31195,97.892,False,True,900,11,19
277,2022-02-18 13:00:00,24.2724,15.6643,15.619,24.4771,44.2237,146.0246,0.51927,44.776,False,True,900,11,19
278,2022-02-18 13:00:00,22.3067,16.9161,16.8041,22.6058,31.6032,83.2685,0.28668,116.291,False,True,900,11,19
279,2022-02-18 13:00:00,24.6584,18.2348,18.2094,24.7721,35.0148,82.3912,0.24314,101.977,False,True,900,11,19
280,2022-02-18 13:00:00,24.4885,19.1946,19.1557,24.663,29.5059,67.4578,0.23962,131.995,False,True,900,11,19
281,2022-02-18 13:00:00,17.5361,13.315,11.5368,18.8203,11.6272,-83.3663,0.69898,1.034,False,True,900,11,19
282,2022-02-18 13:00:00,19.1459,14.7926,10.0707,19.5431,-26.7602,201.4182,1.56602,3.043,False,True,900,11,19
283,2022-02-18 13:00:00,10.3792,15.1079,6.6887,24.4076,15.267,-27.8603,1.99911,,True,False,900,11,19
284,2022-02-18 13:00:00,14.2616,16.4309,10.0573,16.8671,-50.7345,67.2259,1.52466,,True,False,900,11,19
285,2021-10-06 16:40:00,12.2555,9.6086,9.4295,13.1565,23.3959,35.6144,0.51375,72.832,False,True,900,12,10
286,2021-10-06 16:40:00,16.3367,8.9494,8.6948,16.8434,38.5167,78.2848,0.87541,22.681,False,True,900,12,10
287,2021-10-06 16:40:00,15.5404,10.575,10.1961,16.3765,26.8376,43.3675,0.70591,43.969,False,True,900,12,10
288,2021-10-06 16:40:00,16.4134,12.8951,12.5512,17.0623,7.5749,74.6162,0.47034,28.638,False,True,900,12,10
289,2021-10-06 16:40:00,16.5327,11.4191,11.1576,17.3344,25.3449,29.7282,0.65005,38.628,False,True,900,12,10
290,2021-10-06 16:40:00,17.0261,14.1363,13.9917,17.7717,4.3763,48.0609,0.32348,,True,False,900,12,10
291,2021-10-06 16:40:00,22.3134,17.0848,16.988,22.3481,13.3244,124.5309,0.5369,30.442,False,True,900,12,10
292,2021-10-06 16:40:00,22.3994,16.6339,16.5164,22.4125,10.1476,136.6866,0.60903,9.673,False,True,900,12,10
293,2021-10-06 16:40:00,21.8132,16.8664,16.7483,21.8996,8.1358,122.9903,0.52048,17.329,False,True,900,12,10
294,2021-10-06 16:40:00,22.3717,16.7105,16.6336,22.3991,12.3111,138.4113,0.59455,17.451,False,True,900,12,10
295,2021-10-06 17:40:00,14.21,13.786,13.7054,15.1037,6.9086,14.2441,0.22536,,True,False,900,13,19
296,2021-10-06 17:40:00,17.9104,15.0728,15.0114,17.9471,16.7905,45.374,0.20868,,True,False,900,13,19
297,2021-10-06 17:40:00,17.5287,14.822,14.7626,17.5599,16.4065,41.8827,0.26734,,True,False,900,13,19
298,2021-10-06 17:40:00,16.7866,14.329,14.2888,16.9509,15.8673,35.0571,0.1881,,True,False,900,13,19
299,2021-10-06 17:40:00,19.1203,15.4504,15.403,19.2543,18.4473,83.3727,0.32445,,True,False,900,13,19
300,2021-10-06 17:40:00,18.2244,14.1033,12.6774,18.4584,11.9344,123.0882,0.7592,20.777,False,True,900,13,19
301,2021-10-06 17:40:00,19.2743,15.4146,15.3903,19.3433,18.7467,85.9316,0.37086,145.586,False,True,900,13,19
302,2021-10-06 17:40:00,12.9095,14.5315,12.7844,15.8787,5.7152,-39.3146,0.29386,,True,False,900,13,19
303,2021-10-06 17:40:00,17.2478,7.6593,7.6542,17.3675,57.7082,98.8899,0.26765,24.27,False,True,900,13,19
304,2021-10-06 17:40:00,15.6765,7.2355,7.2282,15.896,53.1945,87.7523,0.17221,48.207,False,True,900,13,19
305,2021-10-06 17:40:00,16.5051,7.2976,7.2885,16.8959,62.0926,89.2977,0.18644,48.215,False,True,900,13,19
306,2021-10-06 17:40:00,16.3745,7.5902,7.5779,16.6641,53.3823,86.528,0.18126,47.077,False,True,900,13,19
307,2021-10-06 17:40:00,18.8667,8.1713,8.1545,19.1802,65.3338,104.3027,0.22294,36.214,False,True,900,13,19
308,2021-10-06 17:40:00,17.7588,7.4485,7.4398,18.0178,64.861,97.4567,0.23066,36.239,False,True,900,13,19
309,2021-10-06 17:40:00,14.7126,3.7353,3.7219,15.2321,65.4304,114.2688,0.73487,12.44,False,True,900,13,19
310,2021-10-06 17:40:00,14.6716,3.9789,3.9722,14.9995,63.6858,135.9411,0.61028,12.403,False,True,900,13,19
311,2021-10-06 17:40:00,17.5401,3.7784,3.7658,17.949,77.7583,186.8181,0.90547,12.35,False,True,900,13,19
312,2021-10-06 17:40:00,16.0916,3.6277,3.6248,16.3464,69.3826,161.1411,0.73048,11.789,False,True,900,13,19
313,2021-10-06 17:40:00,16.0098,3.5958,3.5898,16.6081,76.5879,153.3122,0.95628,12.452,False,True,900,13,19
314,2021-10-06 18:10:00,17.7476,11.5674,11.5499,17.955,28.8022,183.5504,0.74013,22.116,False,True,900,14,17
315,2021-10-06 18:10:00,18.3111,11.2779,11.2742,18.3701,32.6639,142.3988,0.52886,22.235,False,True,900,14,17
316,2021-10-06 18:10:00,18.822,11.6407,11.4249,18.8721,28.5093,167.4962,0.60711,12.654,False,True,900,14,17
317,2021-10-06 18:10:00,18.2577,11.4986,11.488,18.3446,31.4837,151.1863,0.51642,24.571,False,True,900,14,17
318,2021-10-06 18:10:00,17.4187,12.8257,12.8211,17.4989,25.0913,64.2298,0.20771,90.639,False,True,900,14,17
319,2021-10-06 18:10:00,18.9014,12.8434,12.8219,18.9734,38.3872,79.046,0.44802,58.216,False,True,900,14,17
320,2021-10-06 18:10:00,17.3332,12.2059,12.1954,17.3828,30.0838,65.6658,0.17196,92.738,False,True,900,14,17
321,2021-10-06 18:10:00,17.7585,5.2208,5.2117,17.8939,54.4013,303.994,1.00131,8.541,False,True,900,14,17
322,2021-10-06 18:10:00,13.6175,6.5879,6.5861,15.2286,40.198,188.1622,0.83563,24.334,False,True,900,14,17
323,2021-10-06 18:10:00,18.6137,5.163,5.1432,18.7445,58.6247,307.9294,1.05518,7.36,False,True,900,14,17
324,2021-10-06 18:10:00,17.6576,6.7756,6.7545,17.7266,43.5307,261.1654,1.06424,7.571,False,True,900,14,17
325,2021-10-06 18:10:00,19.5861,5.7918,5.7717,19.8039,56.6472,341.6549,1.23002,7.808,False,True,900,14,17
326,2021-10-06 18:10:00,18.2187,7.5633,7.5366,18.3432,44.028,265.9379,1.08917,9.795,False,True,900,14,17
327,2021-10-06 18:10:00,15.4103,6.2672,6.2503,15.5523,30.4053,232.4791,0.91396,6.006,False,True,900,14,17
328,2021-10-06 18:10:00,17.1493,5.2143,5.2041,17.2058,50.9666,283.3943,0.95702,8.941,False,True,900,14,17
329,2021-10-06 18:10:00,17.8586,5.4157,5.3867,18.0575,47.8871,331.3576,1.18204,7.525,False,True,900,14,17
330,2021-10-06 18:10:00,18.6275,4.5868,4.5771,18.7788,63.0196,314.3501,0.99854,7.646,False,True,900,14,17
331,2021-11-04 18:30:00,19.1675,19.0957,18.9493,19.6478,1.4261,-20.7736,0.11613,,True,False,900,15,15
332,2021-11-04 18:30:00,18.363,18.9978,18.0833,19.3846,-3.6559,-38.5602,0.23049,,True,False,900,15,15
333,2021-11-04 18:30:00,18.8074,18.4042,17.8661,19.0725,-3.2266,-4.3178,0.10243,,True,False,900,15,15
334,2021-11-04 18:30:00,17.7183,19.1368,17.5121,19.3082,-10.4214,-27.9326,0.17433,,True,False,900,15,15
335,2021-11-04 18:30:00,12.5259,17.6857,1.2174,18.6596,1.2549,-17.0161,0.59773,,True,False,900,15,15
336,2021-11-04 18:30:00,20.6217,17.6756,17.6426,20.7645,13.2875,28.8357,0.16123,,True,False,900,15,15
337,2021-11-04 18:30:00,20.443,17.4,17.3815,20.4934,12.0949,33.362,0.21334,,True,False,900,15,15
338,2021-11-04 18:30:00,18.7101,17.2548,17.2303,18.9409,7.5451,11.3728,0.14114,,True,False,900,15,15
339,2021-11-04 18:30:00,19.1232,19.8041,18.6805,20.9671,4.9567,-31.5512,0.22755,,True,False,900,15,15
340,2021-11-04 18:30:00,21.5318,19.8746,19.85,21.583,7.2609,2.0575,0.17992,,True,False,900,15,15
341,2021-11-04 18:30:00,21.9718,19.8226,19.7994,22.0072,11.0429,18.413,0.2176,,True,False,900,15,15
342,2021-11-04 18:30:00,19.7304,15.628,15.6069,19.8605,25.3672,35.5666,0.21236,142.075,False,True,900,15,15
343,2021-11-04 18:30:00,18.0588,14.4947,14.0955,18.4705,17.0544,35.134,0.24337,144.208,False,True,900,15,15
344,2021-11-04 18:30:00,17.5944,16.0564,16.0492,17.7883,8.6648,-4.8161,0.12523,,True,False,900,15,15
345,2021-11-04 18:30:00,19.3636,14.207,14.1843,19.8493,27.7519,43.5613,0.22639,80.217,False,True,900,15,15
346,2021-11-04 18:50:00,20.3339,19.465,19.4423,20.4173,4.6662,-7.5702,0.06631,,True,False,900,16,16
347,2021-11-04 18:50:00,19.9762,19.3908,19.3565,20.0787,3.6018,-15.155,0.07987,,True,False,900,16,16
348,2021-11-04 18:50:00,19.5404,19.3787,19.2487,19.974,2.0605,-28.7794,0.12009,,True,False,900,16,16
349,2021-11-04 18:50:00,17.1543,18.5379,16.9681,19.0459,0.528,-59.5301,0.231,,True,False,900,16,16
350,2021-11-04 18:50:00,19.1537,18.6196,18.5995,19.4581,4.4576,-11.496,0.07183,,True,False,900,16,16
351,2021-11-04 18:50:00,20.4059,20.2179,19.554,20.7213,-0.5044,-44.9264,0.22336,,True,False,900,16,16
352,2021-11-04 18:50:00,21.7316,20.3627,20.3366,21.7901,8.8584,4.537,0.0853,,True,False,900,16,16
353,2021-11-04 18:50:00,21.3014,20.3923,20.377,21.7436,8.4042,-2.74,0.0941,,True,False,900,16,16
354,2021-11-04 18:50:00,19.6844,19.8913,19.4456,20.4919,1.5334,-39.664,0.16626,,True,False,900,16,16
355,2021-11-04 18:50:00,21.4288,20.3847,20.3717,21.5236,6.7502,-7.2781,0.08265,,True,False,900,16,16
356,2021-11-04 18:50:00,22.4488,18.6928,18.6714,22.5169,23.2819,39.0836,0.16277,,True,False,900,16,16
357,2021-11-04 18:50:00,22.6941,17.3756,17.3532,22.7236,29.5218,79.5695,0.31778,119.499,False,True,900,16,16
358,2021-11-04 18:50:00,21.5882,18.3469,18.3388,21.8813,23.0572,23.2948,0.07618,,True,False,900,16,16
359,2021-11-04 18:50:00,22.1631,18.5358,18.5169,22.2174,21.1558,37.9426,0.16697,,True,False,900,16,16
360,2021-11-04 18:50:00,17.012,16.9316,16.4257,18.9386,11.7055,-19.4181,0.16397,,True,False,900,16,16
361,2021-11-04 18:50:00,20.9913,17.8058,17.7778,21.0673,18.2382,44.4475,0.2684,,True,False,900,16,16
362,2021-11-09 12:10:00,19.6464,17.7077,17.6977,19.7637,13.3804,12.141,0.11755,,True,False,900,17,20
363,2021-11-09 12:10:00,19.4877,16.9464,16.9301,19.6577,17.9198,10.9774,0.16623,,True,False,900,17,20
364,2021-11-09 12:10:00,19.6663,16.1667,16.1511,19.9331,25.6724,14.7533,0.18858,,True,False,900,17,20
365,2021-11-09 12:10:00,19.2117,16.6091,16.5906,19.35,17.8974,12.4868,0.15273,,True,False,900,17,20
366,2021-11-09 12:10:00,18.2395,13.5303,13.5072,18.4487,35.6207,4.0862,0.25353,119.164,False,True,900,17,20
367,2021-11-09 12:10:00,19.0633,7.2459,7.2415,19.5347,92.0477,51.6385,0.63335,44.822,False,True,900,17,20
368,2021-11-09 12:10:00,19.6022,5.6906,5.687,19.6712,101.5079,123.0839,1.03363,30.852,False,True,900,17,20
369,2021-11-09 12:10:00,19.9178,9.3615,9.3576,20.1124,81.1192,36.5226,0.31248,58.782,False,True,900,17,20
370,2021-11-09 12:10:00,19.8278,8.8665,8.8587,19.9209,78.0409,84.5963,0.68013,41.921,False,True,900,17,20
371,2021-11-09 12:10:00,18.1111,10.5617,10.5529,18.2462,57.3723,9.6823,0.30865,85.415,False,True,900,17,20
372,2021-11-09 12:10:00,20.4911,10.6775,10.6456,20.5283,53.047,217.5169,1.09044,19.706,False,True,900,17,20
373,2021-11-09 12:10:00,20.4151,12.7758,12.7683,20.4615,35.1878,227.2695,1.12883,19.141,False,True,900,17,20
374,2021-11-09 12:10:00,19.7307,13.2341,13.2054,19.745,27.8649,194.9536,0.85458,20.815,False,True,900,17,20
375,2021-11-09 12:10:00,19.6382,13.3825,13.3289,19.6605,19.6326,223.447,0.90752,15.11,False,True,900,17,20
376,2021-11-09 12:10:00,21.2652,14.4672,14.4553,21.4248,36.3959,163.0409,0.78624,35.793,False,True,900,17,20
377,2021-11-09 12:10:00,21.7482,13.4308,13.4261,21.7718,46.3639,168.7655,0.96181,28.993,False,True,900,17,20
378,2021-11-09 12:10:00,18.5539,0.8639,0.8415,18.7542,123.8775,177.5915,1.84709,22.357,False,True,900,17,20
379,2021-11-09 12:10:00,20.2745,11.6651,11.6455,20.4563,63.3451,29.6523,0.36865,61.525,False,True,900,17,20
380,2021-11-09 12:10:00,20.2755,1.3878,1.373,20.4492,137.1498,138.1324,1.70578,27.78,False,True,900,17,20
381,2021-11-09 12:10:00,19.9175,7.0271,7.0071,20.0361,98.4655,80.9344,0.49486,50.539,False,True,900,17,20
382,2022-03-07 16:00:00,20.1542,17.758,17.6912,20.3802,17.1008,30.5099,0.17339,,True,False,900,18,14
383,2022-03-07 16:00:00,14.4931,17.286,14.4475,17.9629,-2.7134,-121.6709,0.51622,,True,False,900,18,14
384,2022-03-07 16:00:00,20.3504,17.9084,17.8809,20.5081,16.2176,29.6028,0.17935,,True,False,900,18,14
385,2022-03-07 16:00:00,13.3938,15.9717,13.2068,16.8532,1.0352,-84.888,0.3835,,True,False,900,18,14
386,2022-03-07 16:00:00,19.629,17.6088,17.5764,19.8269,12.1108,43.4139,0.16254,,True,False,900,18,14
387,2022-03-07 16:00:00,14.2438,14.6774,14.174,14.8713,-0.5539,-7.9767,0.06168,,True,False,900,18,14
388,2022-03-07 16:00:00,0.1752,14.7884,0.0457,15.211,-12.8711,-107.3838,1.28103,,True,False,900,18,14
389,2022-03-07 16:00:00,14.0197,14.3968,13.946,14.5028,0.0057,-6.893,0.04387,,True,False,900,18,14
390,2022-03-07 16:00:00,13.4302,14.0578,13.3801,14.1441,-0.6411,-15.7706,0.06471,,True,False,900,18,14
391,2022-03-07 16:00:00,6.0592,15.3577,1.227,19.0264,14.3055,-109.3926,1.19993,,True,False,900,18,14
392,2022-03-07 16:00:00,20.1031,15.9919,15.933,20.1196,22.3992,49.9903,0.19673,144.901,False,True,900,18,14
393,2022-03-07 16:00:00,0.0467,13.0591,0.0431,14.1881,-10.2883,-277.8107,1.3785,,True,False,900,18,14
394,2022-03-07 16:00:00,0.5128,13.5078,0.1888,14.8339,5.8877,-164.3691,1.21901,,True,False,900,18,14
395,2022-03-07 16:00:00,14.0154,12.9654,12.9376,14.2201,7.8337,0.1105,0.06527,,True,False,900,18,14
396,2022-03-07 16:10:00,17.3504,11.7039,11.5578,17.4263,23.4242,67.7311,0.28969,63.764,False,True,900,19,10
397,2022-03-07 16:10:00,15.9274,12.5738,12.5376,17.5583,34.7819,-29.6155,0.30814,139.66,False,True,900,19,10
398,2022-03-07 16:10:00,18.5785,11.7483,11.5884,18.8559,40.9033,81.1371,0.47333,46.735,False,True,900,19,10
399,2022-03-07 16:10:00,14.9589,11.2033,11.0171,16.6496,30.2109,65.8682,0.33532,121.452,False,True,900,19,10
400,2022-03-07 16:10:00,16.8164,12.5628,12.5188,17.2152,26.7497,39.0261,0.16875,105.09,False,True,900,19,10
401,2022-03-07 16:10:00,13.789,8.7631,8.7462,13.8051,33.7526,44.6543,0.2086,64.639,False,True,900,19,10
402,2022-03-07 16:10:00,14.0176,8.6877,8.6671,14.0469,38.5771,28.9025,0.30297,58.467,False,True,900,19,10
403,2022-03-07 16:10:00,7.6358,9.1345,1.5022,13.5406,24.3337,7.8247,0.69647,,True,False,900,19,10
404,2022-03-07 16:10:00,14.71,8.9406,8.9237,14.8383,37.584,87.1005,0.71118,36.233,False,True,900,19,10
405,2022-03-07 16:10:00,13.8151,8.916,8.8894,13.951,29.7662,94.6855,0.72197,31.93,False,True,900,19,10
406,2020-11-30 14:50:00,16.4172,13.3576,13.191,16.9535,8.721,-11.6923,0.28153,,True,False,900,20,31
407,2020-11-30 14:50:00,14.7883,12.0296,11.5155,15.1164,5.1074,62.064,0.30941,23.893,False,True,900,20,31
408,2020-11-30 14:50:00,15.0798,12.5917,12.4041,15.3603,6.6955,19.5291,0.20671,,True,False,900,20,31
409,2020-11-30 14:50:00,16.8102,13.0301,12.7711,17.3879,12.4033,3.1588,0.22067,119.929,False,True,900,20,31
410,2020-11-30 14:50:00,15.8028,12.2642,11.9847,16.3305,11.892,-0.9777,0.2017,47.977,False,True,900,20,31
411,2020-11-30 14:50:00,15.642,10.1757,10.0544,16.2721,21.2674,54.5146,0.17633,23.965,False,True,900,20,31
412,2020-11-30 14:50:00,16.079,10.6032,10.5796,16.8029,20.0267,69.1092,0.20738,23.815,False,True,900,20,31
413,2020-11-30 14:50:00,15.6395,8.2198,7.9812,16.4384,32.713,72.4399,0.25265,15.056,False,True,900,20,31
414,2020-11-30 14:50:00,16.1396,9.5956,9.5713,17.0843,25.6557,83.2426,0.2415,15.693,False,True,900,20,31
415,2020-11-30 14:50:00,12.5502,6.7643,6.7064,12.7059,40.0429,-12.0267,0.35229,24.161,False,True,900,20,31
416,2020-11-30 14:50:00,16.7332,6.3737,6.3485,17.5696,51.3614,99.7637,0.45741,9.736,False,True,900,20,31
417,2020-11-30 14:50:00,17.2015,12.7671,12.5014,17.6194,17.9272,20.4647,0.17233,48.123,False,True,900,20,31
418,2020-11-30 14:50:00,16.1657,12.6656,12.5529,16.661,12.4983,-7.9363,0.21099,137.966,False,True,900,20,31
419,2020-11-30 14:50:00,15.9074,12.1111,11.9014,16.422,15.4656,3.4244,0.16551,120.036,False,True,900,20,31
420,2020-11-30 14:50:00,16.3937,12.5906,12.436,16.8682,15.3413,8.982,0.16075,120.234,False,True,900,20,31
421,2020-11-30 14:50:00,18.336,13.3381,13.1522,18.4357,19.6105,68.2347,0.25754,24.454,False,True,900,20,31
422,2020-11-30 14:50:00,17.7658,12.9858,12.6452,17.9334,18.7378,59.5169,0.24588,24.481,False,True,900,20,31
423,2020-11-30 14:50:00,18.6515,13.2523,12.5586,18.7358,21.1578,98.886,0.39754,24.369,False,True,900,20,31
424,2020-11-30 14:50:00,17.6653,13.276,11.8283,17.7194,16.4154,89.0884,0.58866,24.404,False,True,900,20,31
425,2020-11-30 14:50:00,18.2538,13.3307,10.9973,18.3128,16.6428,104.0444,0.79191,24.393,False,True,900,20,31
426,2020-11-30 14:50:00,16.2182,13.7282,12.4702,16.6515,9.6013,67.4078,0.37263,,True,False,900,20,31
427,2020-11-30 14:50:00,16.9058,13.4533,13.2729,17.0548,12.6384,63.0686,0.24375,144.631,False,True,900,20,31
428,2020-11-30 14:50:00,18.6728,14.3716,13.9141,19.0346,14.9586,87.4766,0.33192,24.586,False,True,900,20,31
429,2020-11-30 14:50:00,18.301,14.2507,13.9672,18.3582,16.916,71.1786,0.28404,48.627,False,True,900,20,31
430,2020-11-30 14:50:00,18.6496,13.1658,11.9975,18.7306,32.5818,86.6863,0.96168,24.641,False,True,900,20,31
431,2020-11-30 14:50:00,19.729,14.762,14.6755,20.0205,19.7641,61.4101,0.24907,48.779,False,True,900,20,31
432,2020-11-30 14:50:00,18.7507,12.438,11.9502,18.9047,35.3013,55.9376,0.26117,72.518,False,True,900,20,31
433,2020-11-30 14:50:00,11.4133,11.4736,11.0618,14.9282,21.8273,-67.2628,0.45232,,True,False,900,20,31
434,2020-11-30 14:50:00,19.7864,12.0107,11.5583,19.9992,40.3249,76.8488,0.47948,24.832,False,True,900,20,31
435,2020-11-30 14:50:00,18.7986,10.4568,10.1983,18.9452,45.0334,94.0115,0.56996,24.76,False,True,900,20,31
436,2020-11-30 14:50:00,17.6931,11.0961,10.8507,18.1883,44.7426,51.5801,0.45612,48.785,False,True,900,20,31
437,2021-08-17 17:40:00,20.0684,14.1745,14.0549,20.2807,34.1563,52.6259,0.29413,71.879,False,True,900,21,31
438,2021-08-17 17:40:00,20.1112,15.0221,14.9596,20.3352,30.837,38.1279,0.26819,91.661,False,True,900,21,31
439,2021-08-17 17:40:00,20.1064,14.2296,14.0962,20.2572,32.1525,84.2824,0.42409,71.853,False,True,900,21,31
440,2021-08-17 17:40:00,20.5322,14.7908,14.6853,20.6933,29.0224,93.2853,0.48604,48.126,False,True,900,21,31
441,2021-08-17 17:40:00,19.614,14.6954,14.6242,19.7659,28.8182,48.9847,0.23492,95.894,False,True,900,21,31
442,2021-08-17 17:40:00,19.9215,14.9359,14.8401,20.1593,29.5208,51.3112,0.26092,93.299,False,True,900,21,31
443,2021-08-17 17:40:00,20.2993,14.3023,14.1118,20.516,35.5855,48.759,0.21021,72.073,False,True,900,21,31
444,2021-08-17 17:40:00,20.6878,14.8888,14.7467,20.9156,34.945,28.8779,0.13308,95.877,False,True,900,21,31
445,2021-08-17 17:40:00,21.4925,14.8341,14.669,21.7636,39.3426,47.601,0.21758,72.058,False,True,900,21,31
446,2021-08-17 17:40:00,20.7683,13.5825,13.4354,20.8758,42.4164,93.9469,0.51738,48.071,False,True,900,21,31
447,2021-08-17 17:40:00,17.8943,13.6133,13.521,18.1046,25.2347,45.0832,0.18501,120.028,False,True,900,21,31
448,2021-08-17 17:40:00,17.6822,13.0069,12.8301,17.8105,25.9347,45.2771,0.21932,72.162,False,True,900,21,31
449,2021-08-17 17:40:00,19.9704,13.9946,13.9196,20.1951,35.066,52.9141,0.25354,72.13,False,True,900,21,31
450,2021-08-17 17:40:00,18.6373,13.2019,13.0912,18.6603,33.6021,67.7596,0.46698,68.749,False,True,900,21,31
451,2021-08-17 17:40:00,19.9704,14.3624,14.1642,20.1117,32.4368,80.0652,0.33363,72.273,False,True,900,21,31
452,2021-08-17 17:40:00,20.1865,13.8056,13.702,20.4716,36.9924,37.7528,0.23227,72.227,False,True,900,21,31
453,2021-08-17 17:40:00,19.5217,14.4193,14.1484,19.5541,32.3392,31.9818,0.33308,96.235,False,True,900,21,31
454,2021-08-17 17:40:00,21.5508,14.2284,14.0607,21.819,42.9629,55.7708,0.29079,65.925,False,True,900,21,31
455,2021-08-17 17:40:00,22.1305,14.1775,14.0391,22.3988,46.6097,69.0522,0.33879,58.696,False,True,900,21,31
456,2021-08-17 17:40:00,21.3063,8.8401,8.8057,21.5171,64.7515,182.147,1.10975,15.747,False,True,900,21,31
457,2021-08-17 17:40:00,18.389,8.2843,8.1734,18.4712,59.2079,141.664,0.99369,23.494,False,True,900,21,31
458,2021-08-17 17:40:00,19.6752,9.616,9.5102,19.711,59.0377,130.8211,0.86393,24.422,False,True,900,21,31
459,2021-08-17 17:40:00,17.5197,9.5363,9.4601,17.6513,45.5713,22.8944,0.52933,43.647,False,True,900,21,31
460,2021-08-17 17:40:00,22.0779,10.6861,10.6016,22.2589,58.8478,175.5372,0.90647,20.214,False,True,900,21,31
461,2021-08-17 17:40:00,21.1425,9.8925,9.7875,21.3326,58.0623,174.625,0.94274,18.794,False,True,900,21,31
462,2021-08-17 17:40:00,18.2722,14.1021,13.9689,18.5755,28.0189,43.5747,0.21126,120.454,False,True,900,21,31
463,2021-08-17 17:40:00,16.0844,13.4674,13.295,16.1164,18.8158,-10.6883,0.15896,,True,False,900,21,31
464,2021-08-17 17:40:00,20.0943,14.0041,13.8691,20.2846,35.6792,53.4251,0.18942,72.461,False,True,900,21,31
465,2021-08-17 17:40:00,19.9761,14.3981,14.2522,20.1819,33.0679,53.0751,0.21309,92.12,False,True,900,21,31
466,2021-08-17 17:40:00,19.6601,14.1104,14.0158,19.8685,34.5663,61.2107,0.36347,96.374,False,True,900,21,31
467,2021-08-17 17:40:00,21.2558,15.3112,15.2076,21.4192,36.2962,51.1644,0.2311,91.607,False,True,900,21,31
468,2020-10-09 17:40:00,13.4715,13.3162,13.3005,13.4884,0.3137,1.3798,0.02189,,True,False,900,22,35
469,2020-10-09 17:40:00,14.2344,13.9572,13.9184,14.2482,0.8063,1.704,0.03416,,True,False,900,22,35
470,2020-10-09 17:40:00,13.3334,13.2697,13.214,13.3836,-0.3712,-0.6877,0.02576,,True,False,900,22,35
471,2020-10-09 17:40:00,13.0392,12.9742,12.9617,13.0995,-0.0483,-0.9464,0.02435,,True,False,900,22,35
472,2020-10-09 17:40:00,12.6505,13.2521,12.6251,13.3566,-1.6469,-15.7514,0.07651,,True,False,900,22,35
473,2020-10-09 17:40:00,12.8739,13.867,12.7565,13.9536,-2.886,-22.2684,0.10398,,True,False,900,22,35
474,2020-10-09 17:40:00,13.4399,14.2382,13.3518,14.3324,-2.5191,-18.653,0.09067,,True,False,900,22,35
475,2020-10-09 17:40:00,13.2787,14.0916,13.1257,14.1845,-2.4972,-17.5396,0.08618,,True,False,900,22,35
476,2020-10-09 17:40:00,15.7474,10.7879,10.7684,15.8005,35.864,24.4683,0.08399,91.654,False,True,900,22,35
477,2020-10-09 17:40:00,16.6603,10.8366,10.8289,16.704,39.4851,30.1696,0.06285,82.97,False,True,900,22,35
478,2020-10-09 17:40:00,15.6032,10.9258,10.9177,15.7227,33.3294,26.7014,0.05,98.99,False,True,900,22,35
479,2020-10-09 17:40:00,14.4565,10.0899,10.069,14.6085,32.673,19.0415,0.13538,91.8,False,True,900,22,35
480,2020-10-09 17:40:00,14.9397,10.4493,10.4394,14.9547,23.8299,68.7996,0.25039,65.318,False,True,900,22,35
481,2020-10-09 17:40:00,14.2073,9.1361,9.1313,15.1257,43.0932,18.3711,0.15842,87.328,False,True,900,22,35
482,2020-10-09 17:40:00,14.2033,9.3723,9.366,14.564,37.295,12.1732,0.16656,84.437,False,True,900,22,35
483,2020-10-09 17:40:00,16.2487,9.1351,9.13,16.3713,50.1181,55.3112,0.31048,54.453,False,True,900,22,35
484,2020-10-09 17:40:00,15.6808,8.9793,8.9688,15.9323,49.2952,41.5844,0.16217,66.134,False,True,900,22,35
485,2020-10-09 17:40:00,16.0219,9.4811,9.4694,16.1578,46.3506,46.2582,0.22006,63.016,False,True,900,22,35
486,2020-10-09 17:40:00,7.004,13.5978,1.3325,14.2033,-20.4247,-544.7349,2.13442,,True,False,900,22,35
487,2020-10-09 17:40:00,15.6561,15.4003,15.2764,16.2343,4.1643,0.9294,0.06259,,True,False,900,22,35
488,2020-10-09 17:40:00,14.2533,14.9571,14.1137,15.4375,2.7132,-11.117,0.08637,,True,False,900,22,35
489,2020-10-09 17:40:00,14.2976,14.5496,14.1953,14.9653,2.0374,-10.5172,0.0658,,True,False,900,22,35
490,2020-10-09 17:40:00,12.7338,14.5751,12.4507,15.0968,2.5348,-18.9238,0.15526,,True,False,900,22,35
491,2020-10-09 17:40:00,14.5291,14.5287,14.4277,15.0309,2.813,-5.7287,0.04844,,True,False,900,22,35
492,2020-10-09 17:40:00,4.917,13.8418,3.2236,14.5753,2.5517,-94.6903,0.6074,,True,False,900,22,35
493,2020-10-09 17:40:00,14.5247,14.7105,14.4178,15.191,2.3548,-9.6367,0.06239,,True,False,900,22,35
494,2020-10-09 17:40:00,19.0507,13.8039,13.7465,19.1782,31.8796,81.2098,0.33877,85.321,False,True,900,22,35
495,2020-10-09 17:40:00,19.4147,14.381,14.3234,19.5798,30.8738,78.7018,0.33543,96.824,False,True,900,22,35
496,2020-10-09 17:40:00,19.6894,14.2013,14.0888,19.7744,31.9759,92.5831,0.39657,73.448,False,True,900,22,35
497,2020-10-09 17:40:00,18.0309,14.0637,14.0213,18.5251,28.3267,48.246,0.26799,132.163,False,True,900,22,35
498,2020-10-09 17:40:00,19.2558,13.078,13.0571,19.4903,38.8098,84.096,0.37984,66.997,False,True,900,22,35
499,2020-10-09 17:40:00,19.4107,15.0889,14.9324,19.6226,29.3186,46.6524,0.26032,121.712,False,True,900,22,35
500,2020-10-09 17:40:00,8.3942,14.3795,0.3119,20.8794,9.3953,-9.3471,0.71263,,True,False,900,22,35
501,2020-10-09 17:40:00,21.3221,13.0988,12.9241,21.6128,23.6899,65.2712,0.42002,0.798,False,True,900,22,35
502,2020-10-09 17:40:00,19.1945,14.3259,14.3034,19.427,31.5289,55.8982,0.24208,112.121,False,True,900,22,35
503,2020-10-30 12:40:00,10.357,8.5407,2.6481,10.701,14.0613,-5.9777,0.87463,,True,False,900,23,28
504,2020-10-30 12:40:00,6.3679,7.7945,3.0998,10.7779,16.1739,-155.6571,0.84486,,True,False,900,23,28
505,2020-10-30 12:40:00,10.8858,7.9523,7.0047,11.4927,18.0645,-12.5389,0.25691,140.784,False,True,900,23,28
506,2020-10-30 12:40:00,8.0277,8.6383,6.7822,10.7114,11.8435,-36.0818,0.42702,,True,False,900,23,28
507,2020-10-30 12:40:00,13.0647,9.3243,9.3175,13.2348,20.9641,70.579,0.23623,86.155,False,True,900,23,28
508,2020-10-30 12:40:00,12.8201,8.526,4.9134,12.8414,11.3709,-44.9001,0.53606,0.914,False,True,900,23,28
509,2020-10-30 12:40:00,10.8775,9.3356,9.3336,12.044,17.3744,1.3094,0.15384,,True,False,900,23,28
510,2020-10-30 12:40:00,12.0322,10.2364,10.2296,12.2063,12.4196,12.4224,0.06279,,True,False,900,23,28
511,2020-10-30 12:40:00,11.5774,10.2565,9.919,11.9623,11.2721,5.1562,0.09614,,True,False,900,23,28
512,2020-10-30 12:40:00,11.698,9.9794,9.9729,11.8683,12.5685,8.1137,0.11078,,True,False,900,23,28
513,2020-10-30 12:40:00,13.9241,10.7566,10.7516,14.1716,17.8844,63.3493,0.22122,117.926,False,True,900,23,28
514,2020-10-30 12:40:00,11.5601,10.7566,5.0937,13.6048,-2.0359,-110.8249,1.01565,,True,False,900,23,28
515,2020-10-30 12:40:00,14.3778,10.842,10.8315,14.6652,26.5805,-0.5779,0.28425,132.227,False,True,900,23,28
516,2020-10-30 12:40:00,13.7164,10.1563,10.1437,14.3778,30.0482,-7.8828,0.3819,129.786,False,True,900,23,28
517,2020-10-30 12:40:00,14.4189,11.043,11.0353,14.9809,27.2132,-9.6696,0.32658,136.958,False,True,900,23,28
518,2020-10-30 12:40:00,13.8869,10.0325,10.0167,14.2185,29.2251,1.0866,0.28932,122.861,False,True,900,23,28
519,2020-10-30 12:40:00,14.2946,10.5867,10.5012,14.8593,29.9585,-8.6331,0.32678,128.231,False,True,900,23,28
520,2020-10-30 12:40:00,13.9474,10.3189,10.2823,14.5134,28.6935,-7.5903,0.28755,128.901,False,True,900,23,28
521,2020-10-30 12:40:00,13.8294,9.0365,9.0187,14.0629,35.8275,7.2736,0.22527,102.44,False,True,900,23,28
522,2020-10-30 12:40:00,16.6732,10.6858,10.6749,16.7637,30.6579,123.3581,0.46093,36.758,False,True,900,23,28
523,2020-10-30 12:40:00,10.3948,10.8611,10.2172,13.4852,6.3482,-42.0682,0.27755,,True,False,900,23,28
524,2020-10-30 12:40:00,16.3638,10.6246,10.2745,16.5145,31.726,112.8301,0.40905,46.016,False,True,900,23,28
525,2020-10-30 12:40:00,13.0585,11.1221,11.1061,15.0702,25.0758,-12.7265,0.26016,,True,False,900,23,28
526,2020-10-30 12:40:00,15.6379,10.724,10.236,16.4645,30.8159,103.0475,0.39771,67.325,False,True,900,23,28
527,2020-10-30 12:40:00,14.8796,8.9022,8.8932,15.1539,40.0414,59.689,0.21272,63.149,False,True,900,23,28
528,2020-10-30 12:40:00,9.7569,10.2569,1.9692,13.8659,12.2705,-76.3607,1.01112,,True,False,900,23,28
529,2020-10-30 12:40:00,16.5023,9.2378,9.1472,16.5867,43.7071,114.3365,0.29938,41.073,False,True,900,23,28
530,2020-10-30 12:40:00,0.3273,9.4192,0.3161,13.0608,-1.6114,-625.6848,2.42383,,True,False,900,23,28
531,2021-04-16 18:20:00,12.6249,11.0621,10.9503,13.8737,17.7219,27.753,0.16261,,True,False,900,24,20
532,2021-04-16 18:20:00,15.4558,10.215,10.0734,15.5691,28.8337,125.5217,0.41913,25.15,False,True,900,24,20
533,2021-04-16 18:20:00,14.1085,10.1277,10.116,15.562,38.7651,14.0694,0.21731,104.213,False,True,900,24,20
534,2021-04-16 18:20:00,14.7094,10.3445,9.7941,16.295,40.6028,46.7211,0.28016,71.99,False,True,900,24,20
535,2021-04-16 18:20:00,14.4791,8.9243,8.9107,15.192,35.7447,-113.4363,0.56608,1.547,False,True,900,24,20
536,2021-04-16 18:20:00,14.6487,10.5147,10.0856,16.1481,37.5112,60.2281,0.27223,94.356,False,True,900,24,20
537,2021-04-16 18:20:00,17.3254,9.9062,9.8973,17.44,42.3468,130.1576,0.40938,35.386,False,True,900,24,20
538,2021-04-16 18:20:00,13.8159,7.6915,4.8372,14.1763,47.4247,8.6887,0.38826,76.411,False,True,900,24,20
539,2021-04-16 18:20:00,12.9133,8.2599,4.934,13.5504,37.6118,6.4381,0.50714,92.176,False,True,900,24,20
540,2021-04-16 18:20:00,13.4825,7.5325,5.397,14.1554,47.9728,2.4789,0.4858,70.393,False,True,900,24,20
541,2021-04-16 18:20:00,13.2168,8.2888,4.7591,13.4504,36.2002,13.4661,0.47091,88.938,False,True,900,24,20
542,2021-04-16 18:20:00,13.6345,8.5141,5.5883,13.9696,34.1358,26.6256,0.44489,57.275,False,True,900,24,20
543,2021-04-16 18:20:00,13.476,8.4637,4.9903,14.0017,38.7938,7.872,0.5496,88.908,False,True,900,24,20
544,2021-04-16 18:20:00,14.6952,7.6607,7.3405,15.1946,61.133,4.0231,0.55765,72.458,False,True,900,24,20
545,2021-04-16 18:20:00,13.7335,7.5291,5.2591,15.3289,53.6517,-4.6872,0.72286,29.09,False,True,900,24,20
546,2021-04-16 18:20:00,13.5711,8.9039,8.6876,14.7037,38.193,-36.1408,0.58421,96.443,False,True,900,24,20
547,2021-04-16 18:20:00,8.0642,8.6219,2.9031,14.9689,33.8405,-179.827,1.24043,,True,False,900,24,20
548,2021-04-16 18:20:00,14.6491,9.6481,9.6352,15.0396,37.8091,6.4179,0.39942,96.239,False,True,900,24,20
549,2021-04-16 18:20:00,2.483,7.6669,2.149,14.3242,33.9023,-378.5995,1.70965,,True,False,900,24,20
550,2021-04-16 18:20:00,14.1518,6.8106,5.835,14.226,52.1904,18.4154,0.45145,78.597,False,True,900,24,20
551,2020-08-07 17:10:00,10.4608,11.057,9.6718,14.2293,18.2749,-11.7723,0.32712,,True,False,900,25,31
552,2020-08-07 17:10:00,16.3132,10.2004,10.0443,16.4216,30.9486,138.4856,0.65089,22.472,False,True,900,25,31
553,2020-08-07 17:10:00,17.9764,10.8727,10.8518,18.2106,32.5699,7.0386,0.30108,0.798,False,True,900,25,31
554,2020-08-07 17:10:00,14.8206,9.5343,9.4949,15.0772,30.1268,108.1987,0.38574,47.894,False,True,900,25,31
555,2020-08-07 17:10:00,18.3557,8.7628,8.676,18.4911,57.2909,159.4508,0.53334,24.347,False,True,900,25,31
556,2020-08-07 17:10:00,18.4938,8.8349,8.7772,18.7078,58.0745,149.8338,0.53587,29.633,False,True,900,25,31
557,2020-08-07 17:10:00,14.556,7.4976,7.3543,14.6362,40.8395,96.3089,0.49366,26.56,False,True,900,25,31
558,2020-08-07 17:10:00,15.9306,9.0983,9.0535,16.8913,48.977,84.3315,0.23032,64.961,False,True,900,25,31
559,2020-08-07 17:10:00,16.2297,8.2957,8.1354,16.3196,51.3313,88.7178,0.49082,35.67,False,True,900,25,31
560,2020-08-07 17:10:00,14.2388,10.7164,10.6776,14.3931,26.5953,11.1387,0.17017,116.15,False,True,900,25,31
561,2020-08-07 17:10:00,13.7893,10.1445,10.0777,14.3271,29.3318,1.1449,0.28025,109.684,False,True,900,25,31
562,2019-08-27 15:00:00,13.725,10.9221,10.9109,14.1824,19.7736,26.527,0.07436,148.225,False,True,900,26,22
563,2019-08-27 15:00:00,13.664,10.8251,10.7862,14.1327,21.3174,28.6986,0.07497,138.414,False,True,900,26,22
564,2019-08-27 15:00:00,12.9057,10.9325,10.9235,13.8219,18.4627,19.645,0.09045,,True,False,900,26,22
565,2019-08-27 15:00:00,13.3414,9.5781,9.5503,14.272,26.3311,8.0504,0.27343,137.075,False,True,900,26,22
566,2019-08-27 15:00:00,13.6392,7.4306,7.3857,14.2835,42.8361,7.926,0.83478,117.155,False,True,900,26,22
567,2019-08-27 15:00:00,12.98,9.9967,9.9598,14.101,21.8652,-36.3609,0.36614,146.009,False,True,900,26,22
568,2019-08-27 15:00:00,12.8815,7.5016,7.4679,14.2088,40.1782,-70.1412,1.05313,121.009,False,True,900,26,22
569,2019-08-27 15:00:00,13.5959,10.352,10.0808,14.2469,17.1549,-11.3481,0.1588,111.294,False,True,900,26,22
570,2019-08-27 15:00:00,13.1481,11.0744,9.8977,13.5601,7.5252,-121.9146,0.63966,,True,False,900,26,22
571,2019-08-27 15:00:00,12.0845,10.3424,8.6258,12.8316,-3.3698,-34.6872,0.86466,,True,False,900,26,22
572,2019-08-27 15:00:00,14.3051,11.6865,11.6631,14.5615,19.0441,5.2436,0.10609,,True,False,900,26,22
573,2019-08-27 15:00:00,15.2635,9.8449,9.8169,15.3011,35.66,47.0382,0.44825,49.249,False,True,900,26,22
574,2019-08-27 15:00:00,12.1057,11.5253,11.4977,13.8785,15.3383,-51.6913,0.25487,,True,False,900,26,22
575,2019-08-27 15:00:00,14.165,10.9285,10.9134,14.2848,19.3433,-5.1679,0.11982,130.101,False,True,900,26,22
576,2019-08-27 15:00:00,12.9297,10.9048,9.9665,13.7014,0.8736,-57.3943,0.56653,,True,False,900,26,22
577,2019-08-27 15:00:00,15.1122,11.5457,11.5124,15.1583,19.5996,32.6499,0.10816,110.042,False,True,900,26,22
578,2019-08-27 15:00:00,15.12,11.8385,11.82,15.3376,18.7137,28.7493,0.07478,126.655,False,True,900,26,22
579,2019-08-27 15:00:00,12.7169,10.7963,10.7271,13.4526,10.914,-99.6713,0.48576,,True,False,900,26,22
580,2019-08-27 15:00:00,13.094,10.8517,10.8445,14.1552,18.783,-82.2754,0.40256,,True,False,900,26,22
581,2019-08-27 15:00:00,13.3911,11.3335,11.3055,14.2336,19.2092,-39.5565,0.23034,,True,False,900,26,22
582,2019-08-27 15:00:00,10.0162,12.0595,9.3266,14.232,1.6661,-241.0616,1.07516,,True,False,900,26,22
583,2019-08-27 15:00:00,11.4885,12.0863,10.138,13.3084,-6.8654,-61.7889,0.74537,,True,False,900,26,22
584,2019-10-23 16:10:00,16.6642,0.3792,0.0242,16.6902,66.869,132.8491,1.84189,15.885,False,True,900,27,43
585,2019-10-23 16:10:00,14.5834,6.2801,6.1299,14.9551,58.8222,88.2299,0.32697,56.748,False,True,900,27,43
586,2019-10-23 16:10:00,16.2279,0.5078,0.0406,16.2636,69.1609,112.1007,1.62923,20.471,False,True,900,27,43
587,2019-10-23 16:10:00,16.2332,6.3033,6.2814,16.2742,47.2249,111.9026,0.40239,15.657,False,True,900,27,43
588,2019-10-23 16:10:00,16.1482,5.087,4.4577,16.2379,77.3639,118.9036,0.82382,24.075,False,True,900,27,43
589,2019-10-23 16:10:00,17.0107,11.3758,11.3573,17.1166,24.4048,114.7239,0.46076,27.778,False,True,900,27,43
590,2019-10-23 16:10:00,14.7335,11.15,11.1379,15.9129,27.3062,83.8441,0.31336,98.949,False,True,900,27,43
591,2019-10-23 16:10:00,14.8029,11.3283,11.3069,15.9089,26.2246,75.7613,0.32567,111.315,False,True,900,27,43
592,2019-10-23 16:10:00,15.1175,11.4838,11.4773,16.1305,25.7187,87.5729,0.32855,103.742,False,True,900,27,43
593,2019-10-23 16:10:00,15.5794,10.2066,10.1971,15.632,26.7426,79.7089,0.29116,44.998,False,True,900,27,43
594,2019-10-23 16:10:00,15.1453,10.6383,10.6265,15.386,20.5902,73.887,0.22576,63.821,False,True,900,27,43
595,2019-10-23 16:10:00,15.8202,10.4925,10.486,15.8602,21.9224,94.945,0.30892,30.774,False,True,900,27,43
596,2019-10-23 16:10:00,12.1793,10.2162,7.0024,14.0177,20.5755,-176.9212,0.78103,,True,False,900,27,43
597,2019-10-23 16:10:00,16.0741,11.2689,11.2531,16.5924,25.6504,90.1386,0.24476,78.579,False,True,900,27,43
598,2019-10-23 16:10:00,0.0915,9.6788,0.0892,13.4981,7.6555,-585.74,2.41616,,True,False,900,27,43
599,2019-10-23 16:10:00,8.6826,10.9296,7.9686,12.5055,8.4642,-55.1215,0.35943,,True,False,900,27,43
600,2019-10-23 16:10:00,15.6238,10.9376,10.9254,16.0728,23.4297,85.9253,0.26376,68.405,False,True,900,27,43
601,2019-10-23 16:10:00,15.8621,11.274,11.2325,16.4924,25.2678,85.3829,0.23879,83.431,False,True,900,27,43
602,2019-10-23 16:10:00,14.2076,7.8815,7.8709,14.5193,40.8077,75.9699,0.17924,62.743,False,True,900,27,43
603,2019-10-23 16:10:00,15.5131,7.0429,7.0255,15.5933,42.6976,143.8571,0.41544,11.373,False,True,900,27,43
604,2019-10-23 16:10:00,8.5044,6.4967,6.4217,14.8004,44.5828,88.331,0.40158,140.824,False,True,900,27,43
605,2019-10-23 16:10:00,0.3616,7.7419,0.1486,13.7266,29.5328,-6.3366,1.00551,,True,False,900,27,43
606,2019-10-23 16:10:00,15.0761,7.1945,6.7914,15.1603,28.3576,225.6097,1.05935,7.085,False,True,900,27,43
607,2019-10-23 16:10:00,13.7178,8.3887,8.382,14.8096,35.9317,87.2842,0.26686,80.915,False,True,900,27,43
608,2019-10-23 16:10:00,14.4114,10.2443,10.2399,14.9636,25.1779,94.5109,0.38788,71.089,False,True,900,27,43
609,2019-10-23 16:10:00,14.5484,8.0252,8.0161,15.183,39.3148,103.9232,0.28277,69.588,False,True,900,27,43
610,2019-10-23 16:10:00,0.4026,5.7378,0.2722,13.3968,42.6934,-297.3568,1.77644,,True,False,900,27,43
611,2019-10-23 16:10:00,15.1088,6.6389,6.6293,15.6419,46.1442,123.9894,0.33156,39.654,False,True,900,27,43
612,2019-10-23 16:10:00,17.553,1.5189,1.5178,17.6181,72.4907,354.0596,1.67173,5.051,False,True,900,27,43
613,2019-10-23 16:10:00,17.5284,0.8432,0.8413,17.5455,71.7024,457.695,1.59149,6.263,False,True,900,27,43
614,2019-10-23 16:10:00,17.1242,0.9867,0.9854,17.3054,49.3426,443.6787,1.71997,1.842,False,True,900,27,43
615,2019-10-23 16:10:00,14.7775,1.4778,1.4712,15.6896,62.9291,390.9287,1.24281,8.383,False,True,900,27,43
616,2019-10-23 16:10:00,17.532,0.0134,0.0004,17.5508,91.2195,319.8129,1.88145,5.515,False,True,900,27,43
617,2019-10-23 16:10:00,15.1406,10.4124,10.3703,15.4111,27.5466,94.5398,0.37597,55.613,False,True,900,27,43
618,2019-10-23 16:10:00,15.5583,10.0969,10.0744,16.1203,30.258,125.5781,0.44318,48.358,False,True,900,27,43
619,2019-10-23 16:10:00,16.3247,10.057,9.9502,16.6308,35.7203,143.9159,0.46325,31.922,False,True,900,27,43
620,2019-10-23 16:10:00,16.2339,10.7313,10.685,16.5817,32.234,139.6126,0.55765,38.002,False,True,900,27,43
621,2019-10-23 16:10:00,16.453,10.6888,10.5914,16.8276,34.2659,141.1746,0.48375,39.97,False,True,900,27,43
622,2019-10-23 16:10:00,17.0417,8.589,8.58,17.3554,46.8827,199.9103,0.94174,19.291,False,True,900,27,43
623,2019-10-23 16:10:00,17.0105,8.1952,8.1894,17.412,50.8334,191.3404,0.92868,21.411,False,True,900,27,43
624,2019-10-23 16:10:00,16.4692,8.9079,8.9017,16.8398,48.8612,125.9272,0.70289,33.088,False,True,900,27,43
625,2019-10-23 16:10:00,17.5175,11.7005,11.6893,18.208,34.0957,153.2495,0.67384,40.896,False,True,900,27,43
626,2019-10-23 16:10:00,4.8,11.5972,3.0644,16.2994,29.1913,-80.0022,0.89346,,True,False,900,27,43
627,2019-12-19 15:50:00,16.0815,9.932,9.9098,16.0934,27.4649,150.0741,0.57094,19.727,False,True,900,28,15
628,2019-12-19 15:50:00,16.2395,9.8512,9.8349,16.3288,29.2313,145.8222,0.53586,20.112,False,True,900,28,15
629,2019-12-19 15:50:00,12.697,9.9374,9.5754,14.4444,23.6436,85.4234,0.44081,118.188,False,True,900,28,15
630,2019-12-19 15:50:00,12.4799,9.8887,9.8442,14.6911,27.4095,54.6624,0.38588,143.119,False,True,900,28,15
631,2019-12-19 15:50:00,13.7158,6.4281,6.4096,13.8994,27.0492,130.0221,0.55618,4.48,False,True,900,28,15
632,2019-12-19 15:50:00,13.3042,7.8597,7.8163,13.5668,22.8629,109.1701,0.3708,14.615,False,True,900,28,15
633,2019-12-19 15:50:00,12.8754,8.038,8.0067,12.9951,21.3514,92.5707,0.30612,21.321,False,True,900,28,15
634,2019-12-19 15:50:00,12.3018,6.7375,6.7154,12.4371,23.9584,114.9489,0.467,12.066,False,True,900,28,15
635,2019-12-19 15:50:00,11.4964,7.2389,7.2013,11.6154,18.9031,72.2601,0.22392,25.16,False,True,900,28,15
636,2019-12-19 15:50:00,10.7513,5.7651,5.7434,10.9038,20.4033,114.7981,0.46048,9.42,False,True,900,28,15
637,2019-12-19 15:50:00,10.6717,1.2232,1.1227,10.9685,35.884,272.3068,1.17979,5.01,False,True,900,28,15
638,2019-12-19 15:50:00,11.7622,3.071,3.0045,11.7687,41.9941,224.273,1.12206,7.745,False,True,900,28,15
639,2019-12-19 15:50:00,9.452,2.1516,2.1384,9.5234,24.9944,215.6167,0.88061,5.118,False,True,900,28,15
640,2019-12-19 15:50:00,10.7799,2.8126,2.7195,10.8122,35.7629,216.3761,0.96321,6.297,False,True,900,28,15
641,2019-12-19 15:50:00,9.6353,1.9331,1.9229,9.8318,34.7249,194.6413,0.75695,6.064,False,True,900,28,15
642,2019-12-19 15:30:00,9.7732,6.1399,6.1148,9.9731,17.0919,92.4675,0.36026,25.254,False,True,900,29,27
643,2019-12-19 15:30:00,10.8834,5.1728,4.6241,10.9056,23.7336,152.4274,0.64218,10.165,False,True,900,29,27
644,2019-12-19 15:30:00,11.9681,6.1922,6.1594,11.9947,25.111,125.5275,0.47543,13.234,False,True,900,29,27
645,2019-12-19 15:30:00,11.7914,5.554,5.551,11.8305,25.4809,159.2151,0.54826,9.184,False,True,900,29,27
646,2019-12-19 15:30:00,13.7147,6.0957,6.0825,13.8405,31.6602,183.293,0.67035,8.949,False,True,900,29,27
647,2019-12-19 15:30:00,13.8505,7.4395,7.411,13.8929,27.053,133.6795,0.46378,12.924,False,True,900,29,27
648,2019-12-19 15:30:00,11.9621,5.1225,5.0875,12.0461,25.2856,236.6942,1.02636,9.094,False,True,900,29,27
649,2019-12-19 15:30:00,9.466,0.2819,0.2758,9.6638,50.2485,129.2855,0.78077,5.061,False,True,900,29,27
650,2019-12-19 15:30:00,10.9203,2.5777,2.5551,10.9662,54.5822,81.4272,0.37176,23.645,False,True,900,29,27
651,2019-12-19 15:30:00,9.1115,0.0455,0.0407,9.1363,51.4771,136.2251,1.05295,6.971,False,True,900,29,27
652,2019-12-19 15:30:00,8.8558,0.4302,0.423,8.9552,67.2108,40.1347,0.93566,37.741,False,True,900,29,27
653,2019-12-19 15:30:00,9.9202,0.441,0.4361,9.9775,50.2431,188.2545,0.81981,5.456,False,True,900,29,27
654,2019-12-19 15:30:00,9.8582,0.6983,0.6862,9.9689,65.8127,54.4804,0.47672,30.203,False,True,900,29,27
655,2019-12-19 15:30:00,13.6343,7.8159,7.5141,13.9552,41.8133,66.1667,0.33814,53.665,False,True,900,29,27
656,2019-12-19 15:30:00,14.3527,7.9326,7.8427,14.3781,41.67,75.081,0.29023,48.807,False,True,900,29,27
657,2019-12-19 15:30:00,14.4949,8.014,8.0025,14.534,42.4322,75.1489,0.26668,49.876,False,True,900,29,27
658,2019-12-19 15:30:00,16.8534,10.0059,9.9889,16.8803,34.2258,140.186,0.49713,24.307,False,True,900,29,27
659,2019-12-19 15:30:00,16.4941,9.9979,9.9826,16.526,32.6547,135.0624,0.49734,26.156,False,True,900,29,27
660,2019-12-19 15:30:00,16.2857,10.0772,10.0604,16.3287,32.267,127.588,0.46524,31.492,False,True,900,29,27
661,2019-12-19 15:30:00,15.6386,8.518,8.4883,15.6789,43.3055,82.052,0.37149,39.573,False,True,900,29,27
662,2019-12-19 15:30:00,7.3692,8.1086,7.1658,13.5592,38.2193,-116.2324,0.71033,,True,False,900,29,27
663,2019-12-19 15:30:00,13.4337,10.606,6.3351,13.6589,10.2459,79.6962,0.93779,30.167,False,True,900,29,27
664,2019-12-19 15:30:00,13.6983,11.0506,11.0444,13.9184,20.1281,9.4329,0.09295,,True,False,900,29,27
665,2019-12-19 15:30:00,13.3919,10.4973,10.4668,13.5844,20.8303,13.6459,0.07256,137.858,False,True,900,29,27
666,2019-12-19 15:30:00,13.5446,11.0232,11.0173,13.7177,18.6574,13.1191,0.03334,,True,False,900,29,27
667,2019-12-19 15:30:00,13.6037,10.5233,10.5113,13.7346,22.2283,14.5487,0.10574,126.312,False,True,900,29,27
668,2019-12-19 15:30:00,13.7669,11.0239,10.9689,13.9298,19.6449,15.4188,0.07813,149.7,False,True,900,29,27
669,2019-12-19 11:40:00,13.4093,13.2246,13.0699,13.6597,1.842,-0.3446,0.05234,,True,False,900,30,32
670,2019-12-19 11:40:00,13.4557,13.3191,13.2326,13.7753,1.8492,-2.5504,0.05471,,True,False,900,30,32
671,2019-12-19 11:40:00,15.1235,14.4957,14.4175,15.2984,4.5214,5.04,0.08443,,True,False,900,30,32
672,2019-12-19 11:40:00,13.4042,13.3278,13.2694,13.7401,1.4072,-5.321,0.05627,,True,False,900,30,32
673,2019-12-19 11:40:00,10.5229,9.7383,9.6813,11.7515,11.2001,-34.1423,0.20283,,True,False,900,30,32
674,2019-12-19 11:40:00,16.3405,12.892,12.8491,16.7949,20.093,21.6761,0.19106,132.8,False,True,900,30,32
675,2019-12-19 11:40:00,14.0466,11.4847,11.3961,14.1758,15.2246,9.2366,0.15248,,True,False,900,30,32
676,2019-12-19 11:40:00,14.5709,14.6105,13.9305,15.8145,4.6395,-67.3666,0.29419,,True,False,900,30,32
677,2019-12-19 11:40:00,14.8889,13.3426,13.2239,15.5749,11.4176,-26.3863,0.1508,,True,False,900,30,32
678,2019-12-19 11:40:00,13.3302,13.7591,12.6972,14.9937,2.8315,-84.3285,0.38609,,True,False,900,30,32
679,2019-12-19 11:40:00,13.3399,12.2887,12.2252,14.0174,11.1767,-23.9194,0.14736,,True,False,900,30,32
680,2019-12-19 11:40:00,13.7313,14.1331,13.1352,15.3465,2.8854,-79.896,0.36523,,True,False,900,30,32
681,2019-12-19 11:40:00,12.1743,13.0457,11.4789,13.4263,-5.817,-12.6485,0.29524,,True,False,900,30,32
682,2019-12-19 11:40:00,13.3514,11.3428,11.2614,13.3767,9.6627,46.2904,0.19545,,True,False,900,30,32
683,2019-12-19 11:40:00,11.0948,13.0792,10.803,13.3698,-10.1765,-68.4236,0.40108,,True,False,900,30,32
684,2019-12-19 11:40:00,12.8361,10.623,10.581,12.8818,10.6844,47.9694,0.21675,,True,False,900,30,32
685,2019-12-19 11:40:00,10.5018,14.2002,10.3335,14.5931,-14.4505,-103.7052,0.56609,,True,False,900,30,32
686,2019-12-19 11:40:00,11.4982,10.4796,10.4018,11.8928,7.1171,26.9267,0.12018,,True,False,900,30,32
687,2019-12-19 11:40:00,13.5897,11.5479,11.4753,14.3368,17.6943,-4.6762,0.1499,,True,False,900,30,32
688,2019-12-19 11:40:00,8.0713,14.0028,8.0236,15.7186,-3.9693,-309.3385,1.22485,,True,False,900,30,32
689,2019-12-19 11:40:00,12.7827,12.7657,12.6393,13.4131,3.3152,-20.5082,0.12359,,True,False,900,30,32
690,2019-12-19 11:40:00,15.7393,12.6294,12.5598,16.3233,14.0081,39.396,0.20499,141.282,False,True,900,30,32
691,2019-12-19 11:40:00,13.636,17.4742,13.6167,18.1921,-10.1616,-139.3883,0.74548,,True,False,900,30,32
692,2019-12-19 11:40:00,15.6528,12.7847,12.7031,16.2701,12.9793,32.1869,0.17606,,True,False,900,30,32
693,2019-12-19 11:40:00,13.8766,11.5823,11.5199,13.9314,11.1586,54.7983,0.16318,,True,False,900,30,32
694,2019-12-19 11:40:00,16.0046,12.5261,12.4564,16.3489,16.6271,119.6568,0.37119,105.662,False,True,900,30,32
695,2019-12-19 11:40:00,15.1432,11.9282,11.8185,15.2691,14.305,94.7504,0.29865,111.658,False,True,900,30,32
696,2019-12-19 11:40:00,14.869,11.6527,11.6071,15.0218,16.1742,78.4969,0.25062,139.167,False,True,900,30,32
697,2019-12-19 11:40:00,17.2936,13.1449,13.0715,17.3049,18.8413,96.577,0.30583,91.308,False,True,900,30,32
698,2019-12-19 11:40:00,13.7377,10.9502,10.8644,14.2484,15.9483,-5.8937,0.20501,116.309,False,True,900,30,32
699,2019-12-19 11:40:00,10.6424,9.162,9.0323,10.7409,3.7861,22.7344,0.14729,,True,False,900,30,32
700,2019-12-19 11:40:00,13.594,10.7369,10.6701,14.1169,15.2605,-1.5056,0.19897,117.636,False,True,900,30,32
701,2020-09-29 17:20:00,14.4068,9.4961,9.4816,14.902,33.4795,57.5373,0.15328,82.64,False,True,900,31,33
702,2020-09-29 17:20:00,15.8444,9.8288,9.8104,15.9014,37.4546,90.4571,0.40482,45.703,False,True,900,31,33
703,2020-09-29 17:20:00,13.8936,9.463,9.3173,14.8081,34.8133,80.7542,0.33192,71.814,False,True,900,31,33
704,2020-09-29 17:20:00,10.9304,9.9333,9.7136,12.0072,-0.1258,43.9831,0.4824,,True,False,900,31,33
705,2020-09-29 17:20:00,11.1202,10.8734,8.7405,12.7717,16.45,83.5237,0.54732,117.658,False,True,900,31,33
706,2020-09-29 17:20:00,13.69,11.1209,11.0972,14.0067,20.1335,14.907,0.04812,,True,False,900,31,33
707,2020-09-29 17:20:00,13.406,11.0046,10.9776,13.4308,16.9429,15.8062,0.09422,,True,False,900,31,33
708,2020-09-29 17:20:00,13.4153,10.6429,10.6215,13.6775,19.7952,27.5241,0.05096,142.1,False,True,900,31,33
709,2020-09-29 17:20:00,14.3985,11.5071,11.4981,14.6254,20.7255,26.9899,0.05566,147.718,False,True,900,31,33
710,2020-09-29 17:20:00,13.774,10.0593,10.0403,13.8924,25.5642,44.4375,0.31603,75.796,False,True,900,31,33
711,2020-09-29 17:20:00,7.4441,8.6996,7.2347,9.2812,1.3785,-44.8893,0.22664,,True,False,900,31,33
712,2020-09-29 17:20:00,7.3896,7.0154,6.9703,7.514,2.9061,3.7093,0.07314,,True,False,900,31,33
713,2020-09-29 17:20:00,11.9544,11.5434,11.5151,12.9792,8.8976,-17.641,0.16046,,True,False,900,31,33
714,2020-09-29 17:20:00,8.263,9.8986,8.2237,9.9375,-7.9223,-36.3836,0.20367,,True,False,900,31,33
715,2020-09-29 17:20:00,6.5605,3.9068,3.8659,7.7991,9.7284,33.4944,0.13817,21.281,False,True,900,31,33
716,2020-09-29 17:20:00,7.8484,6.0586,6.0534,9.9416,11.3714,0.7599,0.1083,129.326,False,True,900,31,33
717,2020-09-29 17:20:00,5.809,4.0245,3.9963,6.1635,13.4669,33.9233,0.19905,60.586,False,True,900,31,33
718,2020-09-29 17:20:00,5.2923,8.4645,5.0269,8.4951,-11.1943,-67.5951,0.30297,,True,False,900,31,33
719,2020-09-29 17:20:00,14.2324,13.0645,13.0482,14.4728,9.7888,-8.8735,0.10535,,True,False,900,31,33
720,2020-09-29 17:20:00,14.1439,13.3515,13.3356,14.4874,7.2777,-9.8937,0.10261,,True,False,900,31,33
721,2020-09-29 17:20:00,14.2852,13.1251,13.1052,14.4429,8.8343,-4.5306,0.09128,,True,False,900,31,33
722,2020-09-29 17:20:00,13.4127,12.7056,12.6823,14.2377,7.4948,-15.1043,0.27003,,True,False,900,31,33
723,2020-09-29 17:20:00,13.2474,5.7205,4.7804,14.0332,24.811,-16.2915,1.80173,140.693,False,True,900,31,33
724,2020-09-29 17:20:00,13.6636,12.7898,12.7717,14.5106,8.233,-18.3654,0.2732,,True,False,900,31,33
725,2020-09-29 17:20:00,13.3123,5.672,4.8648,14.1279,24.3262,-18.7032,1.80853,140.696,False,True,900,31,33
726,2020-09-29 17:20:00,13.4933,11.3198,11.3054,14.1586,14.4557,-14.4061,0.34925,,True,False,900,31,33
727,2020-09-29 17:20:00,13.1971,5.2299,4.5288,13.8774,25.327,-12.9926,1.79188,140.689,False,True,900,31,33
728,2020-09-29 17:20:00,14.0333,7.7932,7.5507,14.2329,46.4043,22.5896,0.29341,77.769,False,True,900,31,33
729,2020-09-29 17:20:00,13.8596,7.675,7.1374,14.361,46.352,13.2059,0.45305,96.989,False,True,900,31,33
730,2020-09-29 17:20:00,12.8711,7.087,6.2347,13.3347,41.4935,41.4013,0.38371,48.977,False,True,900,31,33
731,2020-09-29 17:20:00,14.8546,13.127,12.8577,14.9144,9.4735,17.6389,0.07272,,True,False,900,31,33
732,2020-09-29 17:20:00,14.9403,13.3421,12.7486,15.08,9.0514,17.2898,0.07615,,True,False,900,31,33
733,2020-09-29 17:20:00,14.5994,11.0801,11.0476,14.7009,18.4845,24.7984,0.17532,121.083,False,True,900,31,33
734,2021-04-01 12:50:00,10.6585,1.9475,0.0897,12.4691,85.3719,-92.386,2.50966,49.037,False,True,900,32,14
735,2021-04-01 12:50:00,12.8357,1.1653,0.064,13.7291,79.4392,23.9237,3.35305,32.167,False,True,900,32,14
736,2021-04-01 12:50:00,9.7117,1.6434,1.331,12.6812,83.9528,-50.1556,2.30767,49.163,False,True,900,32,14
737,2021-04-01 12:50:00,11.7094,1.1638,-0.0438,13.4696,86.3048,8.994,3.34733,32.171,False,True,900,32,14
738,2021-04-01 12:50:00,11.8097,1.2496,0.0347,13.0879,77.9961,-47.5809,3.36325,32.215,False,True,900,32,14
739,2021-04-01 12:50:00,11.3203,8.2436,8.2368,11.9328,24.8964,-31.5683,0.33381,128.151,False,True,900,32,14
740,2021-04-01 12:50:00,10.0692,0.7547,0.1268,11.6283,74.3169,-33.8685,2.22259,18.271,False,True,900,32,14
741,2021-04-01 12:50:00,8.0195,3.472,0.0193,12.1951,49.5242,-106.6133,1.44918,114.498,False,True,900,32,14
742,2021-04-01 12:50:00,10.9056,2.2078,2.1609,12.0264,54.547,-34.723,0.47341,64.739,False,True,900,32,14
743,2021-04-01 12:50:00,9.6245,3.4731,0.8567,12.7834,54.6844,-85.1939,1.12524,43.185,False,True,900,32,14
744,2021-04-01 12:50:00,13.2235,0.2934,0.2176,13.2639,88.6492,174.9534,3.96457,0.445,False,True,900,32,14
745,2021-04-01 12:50:00,13.0102,5.3088,5.1243,13.1458,36.1265,128.9789,0.68384,4.078,False,True,900,32,14
746,2021-04-01 12:50:00,12.61,5.0557,4.7885,12.9132,34.1039,86.6824,0.6249,1.931,False,True,900,32,14
747,2021-04-01 12:50:00,12.9879,5.086,5.0361,12.9979,46.5541,117.9648,0.70592,17.872,False,True,900,32,14
748,2021-08-17 15:00:00,13.8776,15.3192,13.8574,15.5333,-1.5677,-49.4208,0.2083,,True,False,900,33,65
749,2021-08-17 15:00:00,16.5014,17.044,16.4552,17.2419,0.8276,-12.5199,0.08592,,True,False,900,33,65
750,2021-08-17 15:00:00,15.9493,16.6962,15.9367,16.969,0.8741,-33.3618,0.14447,,True,False,900,33,65
751,2021-08-17 15:00:00,16.109,17.0246,16.0661,17.0917,-1.1792,-16.2737,0.09732,,True,False,900,33,65
752,2021-08-17 15:00:00,14.9482,15.7035,14.8977,16.0026,1.3924,-19.8862,0.11093,,True,False,900,33,65
753,2021-08-17 15:00:00,15.9606,16.7619,15.9527,16.8374,-2.3504,-17.2524,0.10336,,True,False,900,33,65
754,2021-08-17 15:00:00,17.2811,17.8735,17.1368,17.9666,-0.0987,-9.9373,0.08043,,True,False,900,33,65
755,2021-08-17 15:00:00,15.922,16.6344,14.7753,16.9222,1.171,-13.2523,0.10628,,True,False,900,33,65
756,2021-08-17 15:00:00,17.3416,17.1433,16.9916,17.9392,5.0894,-3.9446,0.09041,,True,False,900,33,65
757,2021-08-17 15:00:00,17.9528,13.3135,12.9681,18.0506,17.1758,101.9863,0.40174,24.64,False,True,900,33,65
758,2021-08-17 15:00:00,17.9178,14.7351,14.4559,17.9781,13.7078,74.168,0.3119,,True,False,900,33,65
759,2021-08-17 15:00:00,18.9872,16.013,15.8199,19.0228,14.0132,58.5165,0.21792,,True,False,900,33,65
760,2021-08-17 15:00:00,19.0164,14.5151,14.2322,19.1297,17.728,103.9574,0.39859,72.544,False,True,900,33,65
761,2021-08-17 15:00:00,11.8898,15.161,6.8399,16.8023,8.8777,-13.3615,0.36414,,True,False,900,33,65
762,2021-08-17 15:00:00,19.0966,15.4751,15.2508,19.2309,16.288,78.4327,0.30012,144.806,False,True,900,33,65
763,2021-08-17 15:00:00,20.7203,16.5339,16.4453,20.9739,22.8786,46.4652,0.24684,138.995,False,True,900,33,65
764,2021-08-17 15:00:00,20.4284,16.2789,16.1613,20.7443,24.1622,30.6962,0.24717,134.42,False,True,900,33,65
765,2021-08-17 15:00:00,20.8161,16.4605,16.3565,21.0442,23.954,48.9087,0.28722,115.979,False,True,900,33,65
766,2021-08-17 15:00:00,20.8332,16.3466,16.2537,21.1049,24.9346,50.2831,0.27837,106.726,False,True,900,33,65
767,2021-08-17 15:00:00,20.985,16.3683,16.2752,21.2547,25.2232,50.7494,0.30244,94.287,False,True,900,33,65
768,2021-08-17 15:00:00,21.1821,16.5309,16.4444,21.415,26.9654,48.034,0.30022,97.478,False,True,900,33,65
769,2021-08-17 15:00:00,16.1205,16.8802,16.0816,17.2999,1.8442,-44.4067,0.18069,,True,False,900,33,65
770,2021-08-17 15:00:00,16.2584,17.4496,16.2445,17.5256,-1.38,-33.0606,0.15201,,True,False,900,33,65
771,2021-08-17 15:00:00,14.0368,15.7434,14.0129,15.8281,-4.5853,-55.9127,0.25084,,True,False,900,33,65
772,2021-08-17 15:00:00,16.645,18.1624,16.5819,18.2244,-3.3787,-27.8199,0.14545,,True,False,900,33,65
773,2021-08-17 15:00:00,15.7974,16.412,15.7893,16.9118,2.4099,-35.0594,0.14819,,True,False,900,33,65
774,2021-08-17 15:00:00,16.5148,17.2393,16.488,17.5968,1.5491,-28.1011,0.13644,,True,False,900,33,65
775,2021-08-17 15:00:00,17.3259,17.5265,17.2953,17.9831,2.5943,-13.652,0.09596,,True,False,900,33,65
776,2021-08-17 15:00:00,16.75,17.5091,16.7376,17.5765,-1.444,-18.9678,0.10508,,True,False,900,33,65
777,2021-08-17 15:00:00,17.2827,17.9014,17.2611,17.949,-0.4836,-15.4448,0.09333,,True,False,900,33,65
778,2021-08-17 15:00:00,16.703,16.7698,16.6128,17.2723,3.0336,-12.3577,0.09085,,True,False,900,33,65
779,2021-08-17 15:00:00,17.0713,17.3068,17.0107,17.5881,1.8533,-8.1433,0.08279,,True,False,900,33,65
780,2021-11-16 16:10:00,15.3734,13.9769,13.3439,15.4699,-2.8785,49.8673,0.21507,,True,False,900,34,28
781,2021-11-16 16:10:00,15.1173,14.1543,13.7189,15.2092,-2.258,36.539,0.15948,,True,False,900,34,28
782,2021-11-16 16:10:00,14.6308,14.7118,13.8456,15.9898,-2.2303,-5.9945,0.09217,,True,False,900,34,28
783,2021-11-16 16:10:00,14.8631,13.4291,13.1634,14.939,-0.6113,45.9496,0.18738,,True,False,900,34,28
784,2021-11-16 16:10:00,18.9653,17.7884,17.7025,18.9871,6.8417,7.0641,0.0826,,True,False,900,34,28
785,2021-11-16 16:10:00,19.402,18.1264,17.9991,19.4101,6.9036,8.867,0.08517,,True,False,900,34,28
786,2021-11-16 16:10:00,19.7001,18.6759,18.6228,19.7074,5.2949,8.2621,0.09,,True,False,900,34,28
787,2021-11-16 16:10:00,13.5345,11.7851,11.7678,13.757,3.2228,14.6993,0.18051,,True,False,900,34,28
788,2021-11-16 16:10:00,13.1792,11.6456,11.6349,13.3764,3.3132,8.6836,0.1551,,True,False,900,34,28
789,2021-11-16 16:10:00,18.4938,17.7808,17.7491,18.5033,3.6928,-0.6784,0.09065,,True,False,900,34,28
790,2021-11-16 16:10:00,19.2658,18.5782,18.5542,19.2928,3.5619,-2.5715,0.10038,,True,False,900,34,28
791,2021-11-16 16:10:00,16.5619,15.8372,14.8018,16.5868,-1.5564,19.139,0.13509,,True,False,900,34,28
792,2021-11-16 16:10:00,16.1843,15.368,14.7907,16.2468,-3.4649,23.9153,0.16304,,True,False,900,34,28
793,2021-11-16 16:10:00,18.6774,17.7711,17.3566,19.2225,9.3849,-10.9994,0.12209,,True,False,900,34,28
794,2021-11-16 16:10:00,18.6843,17.5021,17.4889,18.7399,7.0263,-1.0836,0.09527,,True,False,900,34,28
795,2021-11-16 16:10:00,17.1395,18.0422,17.0933,18.6874,-0.2691,-43.6563,0.25557,,True,False,900,34,28
796,2021-11-16 16:10:00,18.7931,17.6417,17.5964,18.8705,7.9585,-2.6755,0.09392,,True,False,900,34,28
797,2021-11-16 16:10:00,18.9257,17.904,17.851,18.9764,5.5597,0.4459,0.08277,,True,False,900,34,28
798,2021-11-16 16:10:00,15.8895,15.0252,14.9944,16.0188,1.8053,4.8403,0.10486,,True,False,900,34,28
799,2021-11-16 16:10:00,16.9587,16.5313,16.4738,16.9906,0.62,3.2341,0.08875,,True,False,900,34,28
800,2021-11-16 16:10:00,16.3429,15.4654,15.4069,16.4208,1.7737,6.8006,0.10051,,True,False,900,34,28
801,2021-11-16 16:10:00,15.2749,14.452,14.4179,15.4022,1.818,-0.0936,0.11248,,True,False,900,34,28
802,2021-11-16 16:10:00,18.6726,17.6935,17.6474,18.6791,5.4363,1.8285,0.08863,,True,False,900,34,28
803,2021-11-16 16:10:00,18.3467,17.3762,17.3629,18.368,4.8187,4.979,0.08417,,True,False,900,34,28
804,2021-11-16 16:10:00,18.8931,17.8855,17.8652,18.9023,5.7586,1.5032,0.08816,,True,False,900,34,28
805,2021-11-16 16:10:00,18.5039,17.5733,17.5407,18.5166,5.883,1.6154,0.08425,,True,False,900,34,28
806,2021-11-16 16:10:00,18.4809,17.3865,17.3744,18.5202,6.5999,5.296,0.0796,,True,False,900,34,28
807,2021-11-16 16:10:00,18.6623,17.7434,17.7296,18.6894,5.9753,2.2751,0.07711,,True,False,900,34,28
808,2021-11-11 17:10:00,16.4858,14.7067,14.687,17.7822,21.0981,-40.2066,0.24426,,True,False,900,35,16
809,2021-11-11 17:10:00,17.4409,14.4214,14.3484,17.5429,22.7966,9.2276,0.16454,,True,False,900,35,16
810,2021-11-11 17:10:00,18.6513,14.8103,14.7115,18.8445,27.9611,20.5246,0.17433,138.661,False,True,900,35,16
811,2021-11-11 17:10:00,20.6984,16.5669,16.5125,20.9434,29.5034,28.0545,0.19871,149.1,False,True,900,35,16
812,2021-11-11 17:10:00,19.0487,16.1723,11.3432,19.8477,20.1228,7.0431,0.30006,,True,False,900,35,16
813,2021-11-11 17:10:00,16.7336,15.2641,11.6613,17.8851,16.6361,-20.9371,0.29669,,True,False,900,35,16
814,2021-11-11 17:10:00,22.0892,13.7028,11.6764,22.6353,40.6186,142.5461,1.31935,24.643,False,True,900,35,16
815,2021-11-11 17:10:00,16.7085,14.0,13.9453,16.7507,18.7277,9.6611,0.09414,,True,False,900,35,16
816,2021-11-11 17:10:00,18.5259,14.9155,14.8525,18.6572,24.2113,28.8775,0.17892,,True,False,900,35,16
817,2021-11-11 17:10:00,18.8137,15.1429,15.0554,19.0205,25.5155,30.5253,0.19105,,True,False,900,35,16
818,2021-11-11 17:10:00,19.8707,16.9332,16.8985,21.2495,26.968,35.7841,0.24499,,True,False,900,35,16
819,2021-11-11 17:10:00,17.0992,12.3836,12.299,17.5878,37.1738,-3.4995,0.17614,113.302,False,True,900,35,16
820,2021-11-11 17:10:00,15.7022,13.5827,13.4573,16.2748,18.8747,-4.3325,0.14381,,True,False,900,35,16
821,2021-11-11 17:10:00,18.5763,15.8567,15.8187,19.1224,23.819,-12.8785,0.16761,,True,False,900,35,16
822,2021-11-11 17:10:00,16.8417,14.4872,14.4065,17.0264,9.8248,26.9435,0.22323,,True,False,900,35,16
823,2021-11-11 17:10:00,20.9718,17.8174,17.8021,21.3745,25.4304,3.4257,0.15309,,True,False,900,35,16
824,2019-12-17 14:50:00,15.0937,16.5208,14.9817,17.0341,2.0572,-55.2459,0.2216,,True,False,900,36,24
825,2019-12-17 14:50:00,14.8652,16.5616,7.965,17.5043,-0.603,-172.7868,0.88336,,True,False,900,36,24
826,2019-12-17 14:50:00,0.9955,16.7587,0.6866,17.5106,-8.1553,-355.103,1.75941,,True,False,900,36,24
827,2019-12-17 14:50:00,18.8589,15.6412,15.5921,18.9467,23.3361,18.2264,0.08521,,True,False,900,36,24
828,2019-12-17 14:50:00,19.0382,15.4232,15.3563,19.0882,24.9456,23.5214,0.05507,,True,False,900,36,24
829,2019-12-17 14:50:00,19.0067,15.5291,15.4778,19.0313,24.8797,19.8803,0.05343,,True,False,900,36,24
830,2019-12-17 14:50:00,18.7724,15.404,15.3248,18.8982,24.7003,17.5181,0.07429,,True,False,900,36,24
831,2019-12-17 14:50:00,18.6447,16.7982,16.0608,18.7181,13.5504,14.8645,0.10839,,True,False,900,36,24
832,2019-12-17 14:50:00,21.0589,15.9831,15.5774,24.2685,14.7027,57.8705,0.35542,41.479,False,True,900,36,24
833,2019-12-17 14:50:00,18.5361,16.9635,16.1313,18.7415,12.5345,13.9791,0.10653,,True,False,900,36,24
834,2019-12-17 14:50:00,20.0485,16.0992,15.7267,23.1081,12.3238,34.9898,0.26076,96.131,False,True,900,36,24
835,2019-12-17 14:50:00,18.0197,16.8501,16.179,18.3728,7.0672,17.7343,0.08951,,True,False,900,36,24
836,2019-12-17 14:50:00,18.2704,17.008,16.035,18.8068,7.2018,18.2314,0.0896,,True,False,900,36,24
837,2019-12-17 14:50:00,16.837,16.7926,15.9924,17.3409,2.9426,-14.0365,0.09973,,True,False,900,36,24
838,2019-12-17 14:50:00,5.7694,14.3382,3.7487,15.2912,3.014,-98.112,0.61536,,True,False,900,36,24
839,2019-12-17 14:50:00,17.8654,15.0032,14.9232,18.0796,21.5256,11.0948,0.10607,,True,False,900,36,24
840,2019-12-17 14:50:00,18.4021,16.5162,16.3425,18.5494,14.8801,2.2676,0.19425,,True,False,900,36,24
841,2019-12-17 14:50:00,16.3692,13.8034,13.703,16.7211,6.7182,19.9441,0.12031,,True,False,900,36,24
842,2019-12-17 14:50:00,5.0975,16.0403,3.8317,16.9762,-0.6953,-183.5412,1.0961,,True,False,900,36,24
843,2019-12-17 14:50:00,0.6322,4.5699,0.131,4.6323,-26.9904,19.9529,0.87077,,True,False,900,36,24
844,2019-12-17 14:50:00,2.8083,5.4138,2.5604,6.1506,-6.0224,-13.8075,0.34561,,True,False,900,36,24
845,2019-12-17 14:50:00,15.7344,6.4745,3.8031,16.1614,13.3444,310.8297,1.62621,2.087,False,True,900,36,24
846,2019-12-17 14:50:00,6.5638,17.2019,4.6221,19.0883,0.4796,-66.6218,0.7027,,True,False,900,36,24
847,2019-12-17 14:50:00,17.6433,16.9186,16.8293,18.1777,8.1015,-7.0728,0.09053,,True,False,900,36,24
848,2019-12-17 15:10:00,14.4498,16.0524,13.8334,16.1476,-12.0077,-49.655,0.35611,,True,False,900,37,28
849,2019-12-17 15:10:00,17.8236,18.0633,17.4033,18.4784,0.2915,-42.9205,0.19482,,True,False,900,37,28
850,2019-12-17 15:10:00,16.6762,17.0736,16.3107,17.4286,-0.5695,-42.5861,0.19213,,True,False,900,37,28
851,2019-12-17 15:10:00,15.6024,14.2053,14.1552,17.5449,21.4472,-10.486,0.16614,,True,False,900,37,28
852,2019-12-17 15:10:00,10.4655,13.458,10.3523,14.2732,1.1602,-106.4428,0.44236,,True,False,900,37,28
853,2019-12-17 15:10:00,13.8853,14.7452,13.4044,16.9727,14.4668,-37.2019,0.2519,,True,False,900,37,28
854,2019-12-17 15:10:00,20.3058,16.037,15.9825,20.3676,29.5919,27.3779,0.04567,140.627,False,True,900,37,28
855,2019-12-17 15:10:00,20.5681,16.2554,16.2321,20.6685,30.7687,27.7861,0.04917,140.659,False,True,900,37,28
856,2019-12-17 15:10:00,18.6134,18.0313,17.9842,19.4353,9.0342,1.753,0.07584,,True,False,900,37,28
857,2019-12-17 15:10:00,19.7549,17.9829,17.9543,19.867,11.7791,17.6748,0.04713,,True,False,900,37,28
858,2019-12-17 15:10:00,19.0713,17.4732,17.4335,19.8483,16.6379,0.1968,0.08962,,True,False,900,37,28
859,2019-12-17 15:10:00,18.8737,17.2293,17.1906,19.2985,13.4556,22.5152,0.07239,,True,False,900,37,28
860,2019-12-17 15:10:00,17.4539,16.6813,16.6653,18.4988,11.9566,-3.5226,0.09122,,True,False,900,37,28
861,2019-12-17 15:10:00,18.2339,17.7629,17.724,18.4907,4.4616,-1.9098,0.04143,,True,False,900,37,28
862,2019-12-17 15:10:00,14.3593,16.2315,14.3209,16.2907,-6.8451,-48.7528,0.22205,,True,False,900,37,28
863,2019-12-17 15:10:00,18.1744,17.6776,17.6167,18.2658,3.182,5.8132,0.04102,,True,False,900,37,28
864,2019-12-17 15:10:00,16.6824,16.0525,16.0187,16.7782,3.4803,-4.2416,0.07552,,True,False,900,37,28
865,2019-12-17 15:10:00,20.1921,14.635,14.586,20.3114,32.6005,46.8511,0.08666,99.979,False,True,900,37,28
866,2019-12-17 15:10:00,19.1112,13.8673,13.8493,19.2223,29.3498,69.5015,0.18247,90.84,False,True,900,37,28
867,2019-12-17 15:10:00,19.4178,18.2151,18.1504,19.4839,8.1174,11.4293,0.08881,,True,False,900,37,28
868,2019-12-17 15:10:00,19.4097,18.1846,18.135,19.4791,7.7469,15.8761,0.06023,,True,False,900,37,28
869,2019-12-17 15:10:00,19.3434,18.1221,18.0891,19.4839,8.5062,15.3949,0.06981,,True,False,900,37,28
870,2019-12-17 15:10:00,13.0434,14.1638,12.8415,14.4796,-6.0891,-36.2174,0.32679,,True,False,900,37,28
871,2019-12-17 15:10:00,12.988,14.4904,12.7298,14.6187,-9.337,-36.0878,0.2977,,True,False,900,37,28
872,2019-12-17 15:10:00,16.4525,17.0934,16.2731,17.8733,3.8307,-47.3336,0.20401,,True,False,900,37,28
873,2019-12-17 15:10:00,18.3137,18.0252,17.9419,19.0517,7.0046,-14.1271,0.11337,,True,False,900,37,28
874,2019-12-17 15:10:00,18.216,15.6426,15.4134,18.8456,25.5074,-9.7622,0.27774,,True,False,900,37,28
875,2019-12-17 15:10:00,16.6914,15.5748,15.455,17.7982,15.8029,-33.6654,0.37125,,True,False,900,37,28
876,2020-02-11 17:20:00,18.4136,17.3665,17.3354,19.1015,7.1615,-34.0997,0.20712,,True,False,900,38,18
877,2020-02-11 17:20:00,18.1489,16.9732,16.9331,18.6986,9.5688,-33.1446,0.1786,,True,False,900,38,18
878,2020-02-11 17:20:00,18.7014,17.8297,17.7713,19.4118,6.3647,-43.1456,0.25658,,True,False,900,38,18
879,2020-02-11 17:20:00,16.0854,17.0645,15.2379,17.8005,-3.9438,-77.8394,0.46903,,True,False,900,38,18
880,2020-02-11 17:20:00,16.8044,16.747,15.3076,17.5984,1.3632,-74.5538,0.32931,,True,False,900,38,18
881,2020-02-11 17:20:00,18.8383,17.7569,17.7215,19.4426,9.2285,-38.1591,0.19307,,True,False,900,38,18
882,2020-02-11 17:20:00,18.4882,17.3059,17.2863,19.2456,8.3531,-20.9837,0.11958,,True,False,900,38,18
883,2020-02-11 17:20:00,18.2894,17.5469,17.5076,18.962,6.7696,-33.0884,0.16166,,True,False,900,38,18
884,2020-02-11 17:20:00,18.4156,16.54,16.4865,19.1152,13.5291,-22.4,0.21064,,True,False,900,38,18
885,2020-02-11 17:20:00,17.6357,16.7899,16.7671,18.2969,7.3094,-30.293,0.14982,,True,False,900,38,18
886,2020-02-11 17:20:00,18.1246,16.9735,16.8959,18.9579,5.9281,-18.5224,0.11631,,True,False,900,38,18
887,2020-02-11 17:20:00,19.1252,14.069,14.0617,19.5139,37.5723,10.3817,0.10907,113.258,False,True,900,38,18
888,2020-02-11 17:20:00,18.4739,14.381,14.3723,19.9648,39.1439,-3.5503,0.19137,136.665,False,True,900,38,18
889,2020-02-11 17:20:00,17.9813,17.8441,16.0036,19.0009,-12.6104,4.3522,0.16782,,True,False,900,38,18
890,2020-02-11 17:20:00,17.708,17.4445,16.0419,18.6305,-8.8506,0.2714,0.13972,,True,False,900,38,18
891,2020-02-11 17:20:00,17.9752,17.4221,16.1937,18.9523,-7.6246,7.9107,0.14083,,True,False,900,38,18
892,2020-02-11 17:20:00,18.2914,17.8793,16.5517,19.2712,-7.8686,3.715,0.13702,,True,False,900,38,18
893,2020-02-11 17:20:00,18.1303,17.9336,16.6034,19.0275,-7.887,3.2447,0.14114,,True,False,900,38,18
894,2020-02-13 16:50:00,16.141,11.7113,11.7028,16.1687,26.3331,59.4929,0.15825,94.643,False,True,900,39,34
895,2020-02-13 16:50:00,16.633,11.9793,11.976,16.7063,26.5939,77.9016,0.24692,82.97,False,True,900,39,34
896,2020-02-13 16:50:00,16.4364,11.8205,11.8117,16.6052,28.132,67.6973,0.17199,93.395,False,True,900,39,34
897,2020-02-13 16:50:00,16.3829,11.8491,11.8408,16.4381,26.2859,74.3971,0.23966,85.268,False,True,900,39,34
898,2020-02-13 16:50:00,16.6988,11.6371,11.6171,16.753,29.5777,72.9568,0.20834,78.913,False,True,900,39,34
899,2020-02-13 16:50:00,16.8946,11.7015,11.691,16.9045,28.3027,92.7031,0.28979,70.264,False,True,900,39,34
900,2020-02-13 16:50:00,16.4519,11.5369,11.5154,16.4627,27.7068,76.1527,0.23186,76.449,False,True,900,39,34
901,2020-02-13 16:50:00,16.7891,11.732,11.728,16.8115,27.8706,90.194,0.28924,71.727,False,True,900,39,34
902,2020-02-13 16:50:00,16.5009,11.794,11.7881,16.5331,26.207,72.269,0.21217,84.132,False,True,900,39,34
903,2020-02-13 16:50:00,16.8832,11.8811,11.8662,16.9275,28.3899,82.83,0.25677,74.727,False,True,900,39,34
904,2020-02-13 16:50:00,16.9379,8.8159,8.8117,17.0798,37.9297,136.2041,0.42412,12.714,False,True,900,39,34
905,2020-02-13 16:50:00,15.5551,8.8112,8.8029,15.6128,35.3996,118.2579,0.35937,26.202,False,True,900,39,34
906,2020-02-13 16:50:00,17.1154,8.5622,8.5593,17.275,38.3327,147.8415,0.45439,10.228,False,True,900,39,34
907,2020-02-13 16:50:00,16.1882,8.5247,8.4665,16.274,40.0324,128.5279,0.4276,19.97,False,True,900,39,34
908,2020-02-13 16:50:00,17.3327,8.802,8.7937,17.4779,39.3475,144.7847,0.44553,11.034,False,True,900,39,34
909,2020-02-13 16:50:00,17.3918,8.8101,8.8035,17.5,38.9369,157.7243,0.51425,11.612,False,True,900,39,34
910,2020-02-13 16:50:00,17.2301,8.9471,8.9401,17.3065,41.7039,138.1282,0.49109,16.644,False,True,900,39,34
911,2020-02-13 16:50:00,17.6905,8.0362,8.0288,17.7216,49.6402,165.213,0.59593,14.674,False,True,900,39,34
912,2020-02-13 16:50:00,17.9005,7.8087,7.7845,17.9268,51.4013,172.7241,0.66876,12.787,False,True,900,39,34
913,2020-02-13 16:50:00,14.0061,7.4303,7.4285,14.7603,47.2409,93.6665,0.45922,46.566,False,True,900,39,34
914,2020-02-13 16:50:00,15.6237,7.6589,7.6555,16.077,48.5969,135.4369,0.6333,28.226,False,True,900,39,34
915,2020-02-13 16:50:00,17.4232,6.7687,6.7665,17.724,52.6794,215.331,0.94781,11.292,False,True,900,39,34
916,2020-02-13 16:50:00,15.382,7.1413,7.1167,15.7123,49.077,134.3847,0.6413,24.819,False,True,900,39,34
917,2020-02-13 16:50:00,17.6478,6.7413,6.5943,17.6722,53.4317,210.9541,0.95541,10.716,False,True,900,39,34
918,2020-02-13 16:50:00,17.8835,6.8998,6.8405,17.9114,53.6086,209.0375,0.95835,10.495,False,True,900,39,34
919,2020-02-13 16:50:00,16.4021,7.093,7.088,16.5937,52.826,168.3719,0.86098,19.687,False,True,900,39,34
920,2020-02-13 16:50:00,14.8143,13.116,13.1056,16.2221,15.6291,53.3535,0.24282,,True,False,900,39,34
921,2020-02-13 16:50:00,17.5036,13.24,13.2311,17.5326,18.4182,88.9257,0.30894,103.949,False,True,900,39,34
922,2020-02-13 16:50:00,18.0936,13.6807,13.673,18.1388,19.459,95.6533,0.32577,103.981,False,True,900,39,34
923,2020-02-13 16:50:00,16.5385,13.3597,13.3533,16.9748,17.9269,60.7908,0.22141,,True,False,900,39,34
924,2020-02-13 16:50:00,17.4,13.155,13.1383,17.4427,18.3012,98.1038,0.38086,108.996,False,True,900,39,34
925,2020-02-13 16:50:00,18.0994,13.9433,13.9335,18.1479,19.8331,92.0616,0.30178,113.635,False,True,900,39,34
926,2020-02-13 16:50:00,16.77,13.0899,13.0824,16.8723,18.3692,75.8292,0.25995,131.706,False,True,900,39,34
927,2020-02-13 16:50:00,17.2836,13.4332,13.4268,17.3932,19.2077,83.876,0.27934,116.984,False,True,900,39,34
928,2021-04-14 17:00:00,13.4624,0.309,0.1831,14.0893,12.0976,331.7244,1.34817,0.875,False,True,900,40,48
929,2021-04-14 17:00:00,14.0677,0.0005,0.0002,14.7847,15.5317,337.6528,1.3651,0.844,False,True,900,40,48
930,2021-04-14 17:00:00,11.9301,0.1073,0.1038,12.6441,13.3974,312.459,1.19289,0.823,False,True,900,40,48
931,2021-04-14 17:00:00,0.2335,0.0004,0.0001,0.9804,4.2022,-24.925,0.17148,41.496,False,True,900,40,48
932,2021-04-14 17:00:00,13.1478,0.075,0.0701,13.6736,20.3654,412.6022,1.54669,0.778,False,True,900,40,48
933,2021-04-14 17:00:00,13.6336,0.0002,0.0001,14.2156,15.6911,396.1921,1.4916,1.168,False,True,900,40,48
934,2021-04-14 17:00:00,11.8132,0.0003,0.0,12.6405,9.7999,286.9631,1.12735,0.682,False,True,900,40,48
935,2021-04-14 17:00:00,13.7119,0.0087,0.0049,16.1905,14.7423,388.9654,1.52276,1.386,False,True,900,40,48
936,2021-04-14 17:00:00,13.4349,0.0001,0.0,14.3142,12.1756,352.6439,1.35481,0.802,False,True,900,40,48
937,2021-04-14 17:00:00,10.9465,0.0,0.0,12.6165,8.4787,257.2443,1.0627,0.665,False,True,900,40,48
938,2021-04-14 17:00:00,13.8556,0.0002,0.0,14.6197,13.1449,373.6689,1.42567,0.88,False,True,900,40,48
939,2021-04-14 17:00:00,14.1243,0.1296,0.1151,15.0112,13.0838,353.8007,1.40238,0.859,False,True,900,40,48
940,2021-04-14 17:00:00,11.3315,0.0073,0.0016,12.7349,5.4881,184.6457,0.92271,0.536,False,True,900,40,48
941,2021-04-14 17:00:00,10.0015,0.0096,0.001,11.1755,4.3725,149.7267,0.78104,0.493,False,True,900,40,48
942,2021-04-14 17:00:00,8.4266,0.0101,0.0026,9.6859,3.3599,113.0323,0.62817,0.431,False,True,900,40,48
943,2021-04-14 17:00:00,8.2337,0.0096,0.0057,9.4465,3.2887,109.3019,0.60497,0.399,False,True,900,40,48
944,2021-04-14 17:00:00,7.3884,0.0107,0.0018,8.364,3.0784,100.5153,0.56464,0.467,False,True,900,40,48
945,2021-04-14 17:00:00,9.4979,0.0117,0.0058,10.7383,3.9463,131.3682,0.728,0.471,False,True,900,40,48
946,2021-04-14 17:00:00,13.6238,0.0058,0.0003,14.2851,16.3348,388.749,1.4571,0.949,False,True,900,40,48
947,2021-04-14 17:00:00,7.2352,0.7261,0.4056,12.381,1.2405,82.1252,0.49309,0.146,False,True,900,40,48
948,2021-04-14 17:00:00,13.7106,0.0024,0.0004,14.4268,16.1871,386.6368,1.45155,0.916,False,True,900,40,48
949,2021-04-14 17:00:00,12.4572,0.0079,0.002,13.2936,17.3525,349.2314,1.35217,0.948,False,True,900,40,48
950,2021-04-14 17:00:00,16.095,0.0042,0.0005,16.8447,20.0708,449.3002,1.71869,0.895,False,True,900,40,48
951,2021-04-14 17:00:00,2.5992,2.7299,1.0268,3.588,-9.1096,7.3916,0.47865,,True,False,900,40,48
952,2021-04-14 17:00:00,0.053,0.0025,0.0012,0.0641,0.0598,0.549,0.00517,0.0,False,True,900,40,48
953,2021-04-14 17:00:00,0.0156,0.0022,0.0002,0.0233,0.0658,0.0913,0.00275,0.0,False,True,900,40,48
954,2021-04-14 17:00:00,0.0689,0.0004,0.0,0.0874,0.1078,0.7154,0.00678,0.0,False,True,900,40,48
955,2021-04-14 17:00:00,0.0117,0.0022,0.0009,0.0214,0.0459,0.1697,0.00266,1.744,False,True,900,40,48
956,2021-04-14 17:00:00,0.0802,0.0168,0.0022,0.0965,0.0386,0.8046,0.00787,0.0,False,True,900,40,48
957,2021-04-14 17:00:00,0.0105,0.0036,0.0,0.0178,0.0563,0.0876,0.00248,1.482,False,True,900,40,48
958,2021-04-14 17:00:00,10.3384,0.0,0.0,11.8338,4.4574,154.0458,0.79226,0.443,False,True,900,40,48
959,2021-04-14 17:00:00,11.7643,0.0127,0.0047,12.9697,6.818,218.604,0.97731,0.533,False,True,900,40,48
960,2021-04-14 17:00:00,10.7966,0.0,0.0,12.1467,4.9136,167.4667,0.83562,0.461,False,True,900,40,48
961,2021-04-14 17:00:00,12.1233,0.0112,0.0044,13.2994,7.3013,231.7688,1.02199,0.55,False,True,900,40,48
962,2021-04-14 17:00:00,10.5421,0.0,0.0,11.8987,4.3994,154.7573,0.80369,0.453,False,True,900,40,48
963,2021-04-14 17:00:00,13.1524,0.1078,0.087,14.3494,9.1581,268.2157,1.13298,0.591,False,True,900,40,48
964,2021-04-14 17:00:00,0.0899,0.0144,0.0053,0.1016,0.2759,1.3571,0.01001,0.637,False,True,900,40,48
965,2021-04-14 17:00:00,0.0249,0.0148,0.0034,0.0304,-0.0016,0.3597,0.00434,0.524,False,True,900,40,48
966,2021-04-14 17:00:00,0.1151,0.0172,0.008,0.1231,0.348,1.6181,0.01196,0.671,False,True,900,40,48
967,2021-04-14 17:00:00,0.0094,0.0116,0.0014,0.0288,-0.0135,0.003,0.00403,,True,False,900,40,48
968,2021-04-14 17:00:00,0.1266,0.0265,0.0166,0.1384,0.3759,1.7821,0.01313,1.414,False,True,900,40,48
969,2021-04-14 17:00:00,0.0093,0.0061,0.0018,0.0307,0.0051,-0.0006,0.00388,149.302,False,True,900,40,48
970,2021-04-14 17:00:00,16.6493,0.0002,0.0,16.9668,33.2484,540.782,2.09755,1.51,False,True,900,40,48
971,2021-04-14 17:00:00,14.3481,0.0,0.0,14.6705,25.9964,429.8504,1.69025,1.264,False,True,900,40,48
972,2021-04-14 17:00:00,10.4103,0.0,0.0,10.6453,31.4561,330.4795,1.48557,1.89,False,True,900,40,48
973,2021-04-14 17:00:00,17.839,0.0002,0.0002,17.8962,44.456,531.9663,2.27597,1.812,False,True,900,40,48
974,2021-04-14 17:00:00,18.7206,0.0003,0.0,18.8578,32.5437,478.2949,2.09029,1.781,False,True,900,40,48
975,2021-04-14 17:00:00,14.8804,0.0004,0.0001,15.1216,30.1643,431.5291,1.7322,0.916,False,True,900,40,48
976,2022-08-11 11:10:00,20.0001,20.6616,19.631,20.9303,-6.3217,-8.0449,0.09217,,True,False,900,41,23
977,2022-08-11 11:10:00,20.9264,19.8019,19.6608,21.0145,4.0159,8.3257,0.09357,,True,False,900,41,23
978,2022-08-11 11:10:00,19.6913,20.2598,19.3602,20.3935,-5.349,-9.1742,0.06892,,True,False,900,41,23
979,2022-08-11 11:10:00,17.7221,19.7399,17.4158,20.1523,-2.4527,-56.0694,0.24478,,True,False,900,41,23
980,2022-08-11 11:10:00,19.4572,19.8907,19.0807,20.0902,-5.2131,-7.4204,0.07186,,True,False,900,41,23
981,2022-08-11 11:10:00,19.6838,15.6113,15.5583,19.7426,22.9884,33.8656,0.08449,141.661,False,True,900,41,23
982,2022-08-11 11:10:00,20.0747,20.2861,19.7992,20.5224,-0.7092,-10.811,0.08219,,True,False,900,41,23
983,2022-08-11 11:10:00,20.0763,20.0237,19.7288,20.3272,0.9208,-6.5524,0.07827,,True,False,900,41,23
984,2022-08-11 11:10:00,20.2338,20.3389,19.7235,20.7081,-1.838,-12.9879,0.11491,,True,False,900,41,23
985,2022-08-11 11:10:00,21.1758,20.8643,20.6503,21.2543,0.3686,0.1059,0.08013,,True,False,900,41,23
986,2022-08-11 11:10:00,20.4946,18.4281,18.2965,20.5732,12.1286,5.4611,0.15333,,True,False,900,41,23
987,2022-08-11 11:10:00,20.1132,16.4202,16.2074,20.1301,24.0672,12.8839,0.17603,,True,False,900,41,23
988,2022-08-11 11:10:00,24.4662,20.3532,20.1182,24.6535,33.0787,32.5413,0.56522,,True,False,900,41,23
989,2022-08-11 11:10:00,21.8931,20.2001,20.0991,21.9971,11.9653,13.237,0.16869,,True,False,900,41,23
990,2022-08-11 11:10:00,24.0828,19.3995,19.1641,24.2177,36.4163,40.0132,0.58181,109.164,False,True,900,41,23
991,2022-08-11 11:10:00,20.3458,19.5943,19.3412,23.5392,31.6453,-69.3064,0.63106,,True,False,900,41,23
992,2022-08-11 11:10:00,21.7734,21.1501,20.9628,22.0984,5.542,-0.1611,0.09613,,True,False,900,41,23
993,2022-08-11 11:10:00,22.4731,17.6434,17.4188,22.82,40.7673,29.0319,0.57341,98.651,False,True,900,41,23
994,2022-08-11 11:10:00,22.6242,17.755,17.3966,22.882,39.7314,32.5472,0.62582,93.938,False,True,900,41,23
995,2022-08-11 11:10:00,22.8903,17.7864,17.4568,23.097,41.3787,41.1467,0.6542,79.441,False,True,900,41,23
996,2022-08-11 11:10:00,22.4824,21.3237,20.9915,22.7337,8.5008,12.1007,0.16748,,True,False,900,41,23
997,2022-08-11 11:10:00,21.8458,21.2069,20.9388,22.2969,7.4466,-1.5459,0.15187,,True,False,900,41,23
998,2022-08-11 11:10:00,22.5244,21.5754,21.3403,22.9381,9.8628,-1.3409,0.18333,,True,False,900,41,23
999,2020-01-21 17:00:00,10.486,9.2907,8.6223,10.5231,4.4554,34.5091,0.19973,,True,False,900,42,34
1000,2020-01-21 17:00:00,11.706,10.3683,10.195,11.7455,4.577,38.1411,0.17216,,True,False,900,42,34
1001,2020-01-21 17:00:00,10.4567,9.1164,8.8172,10.5503,4.5613,50.1254,0.21999,,True,False,900,42,34
1002,2020-01-21 17:00:00,12.1626,10.3444,10.2605,12.2302,8.2363,55.6024,0.24955,,True,False,900,42,34
1003,2020-01-21 17:00:00,12.2583,10.881,8.311,12.3616,3.4967,40.6751,0.34597,,True,False,900,42,34
1004,2020-01-21 17:00:00,12.6001,11.0813,10.9719,12.769,4.1834,44.6972,0.18025,,True,False,900,42,34
1005,2020-01-21 17:00:00,10.2336,8.0344,8.0021,10.4182,9.9366,46.7993,0.16364,114.448,False,True,900,42,34
1006,2020-01-21 17:00:00,10.9199,9.6058,9.5,11.0782,2.7226,38.5648,0.16079,,True,False,900,42,34
1007,2020-01-21 17:00:00,10.8628,9.5056,9.2327,11.0224,2.0673,34.807,0.13996,,True,False,900,42,34
1008,2020-01-21 17:00:00,11.4025,9.4421,9.3801,11.5151,3.5887,63.2746,0.24347,,True,False,900,42,34
1009,2020-01-21 17:00:00,13.4743,10.68,10.605,13.6347,3.6909,75.7205,0.29042,20.42,False,True,900,42,34
1010,2020-01-21 17:00:00,13.3699,11.5238,11.3415,13.546,1.7771,38.5169,0.16117,,True,False,900,42,34
1011,2020-01-21 17:00:00,13.247,10.832,10.5964,13.3327,3.1177,74.2474,0.28979,87.996,False,True,900,42,34
1012,2020-01-21 17:00:00,11.7696,9.2923,9.254,11.8377,8.0743,50.3635,0.19944,114.301,False,True,900,42,34
1013,2020-01-21 17:00:00,11.4268,9.6777,9.6122,11.4609,5.0642,45.1688,0.1875,,True,False,900,42,34
1014,2020-01-21 17:00:00,12.2153,10.3597,10.2555,12.239,5.2774,45.25,0.19417,,True,False,900,42,34
1015,2020-01-21 17:00:00,11.8141,9.7209,9.6578,11.8599,6.9698,54.1342,0.23859,,True,False,900,42,34
1016,2020-01-21 17:00:00,11.6802,10.155,8.5307,11.8212,-0.5253,35.3084,0.31029,,True,False,900,42,34
1017,2020-01-21 17:00:00,11.0087,9.4951,9.3687,11.0963,2.956,37.5197,0.16043,,True,False,900,42,34
1018,2020-01-21 17:00:00,10.5384,8.9067,8.7974,10.6134,4.2795,41.9537,0.18105,,True,False,900,42,34
1019,2020-01-21 17:00:00,11.9385,9.9305,9.8497,11.9979,5.7986,50.0098,0.2102,,True,False,900,42,34
1020,2020-01-21 17:00:00,11.2361,9.4158,9.2991,11.2687,5.5917,45.245,0.19172,,True,False,900,42,34
1021,2020-01-21 17:00:00,11.533,10.5575,7.3793,11.6957,-1.0277,-27.6077,0.31452,,True,False,900,42,34
1022,2020-01-21 17:00:00,11.4592,10.1479,10.0047,11.5633,1.4888,26.6346,0.12147,,True,False,900,42,34
1023,2020-01-21 17:00:00,10.3422,8.122,8.0478,10.4958,4.7724,41.3962,0.1757,47.996,False,True,900,42,34
1024,2020-01-21 17:00:00,14.3446,11.0597,10.8911,14.4935,6.2222,80.0509,0.32669,16.674,False,True,900,42,34
1025,2020-01-21 17:00:00,12.5779,9.4741,9.298,12.6948,4.1143,78.6394,0.31134,8.749,False,True,900,42,34
1026,2020-01-21 17:00:00,15.2283,11.9235,11.7846,15.4103,5.4727,85.2314,0.34876,18.813,False,True,900,42,34
1027,2020-01-21 17:00:00,13.1631,10.0477,9.9053,13.2725,4.9205,85.5357,0.33881,10.815,False,True,900,42,34
1028,2020-01-21 17:00:00,12.8877,10.0917,9.929,12.971,5.8231,71.4705,0.28861,24.988,False,True,900,42,34
1029,2020-01-21 17:00:00,12.9753,9.9869,9.8938,13.049,6.0073,75.5819,0.30044,19.098,False,True,900,42,34
1030,2020-01-21 17:00:00,13.3754,10.7716,10.4635,13.4263,5.2627,59.4012,0.24844,38.631,False,True,900,42,34
1031,2020-01-21 17:00:00,11.8881,9.6795,9.5795,11.968,4.6789,60.409,0.24166,,True,False,900,42,34
1032,2020-01-21 17:00:00,13.1981,10.8923,10.7922,13.2835,3.328,40.5552,0.18418,,True,False,900,42,34
1033,2020-05-19 15:10:00,16.104,14.5866,14.0253,17.271,15.1205,36.5389,0.16522,,True,False,900,43,28
1034,2020-05-19 15:10:00,14.9045,14.8635,14.3752,16.7796,9.5797,-11.5836,0.18501,,True,False,900,43,28
1035,2020-05-19 15:10:00,15.6781,13.2736,13.2667,15.8756,13.5794,45.5303,0.16484,,True,False,900,43,28
1036,2020-05-19 15:10:00,13.4645,13.4726,12.5859,16.1043,13.3817,19.2568,0.21502,,True,False,900,43,28
1037,2020-05-19 15:10:00,16.0996,14.8804,14.8646,17.8179,18.2939,-44.7557,0.2693,,True,False,900,43,28
1038,2020-05-19 15:10:00,0.8086,5.5541,0.5597,8.6503,11.7702,-90.0134,0.68838,,True,False,900,43,28
1039,2020-05-19 15:10:00,13.2367,3.9815,3.9506,13.2879,34.0065,215.833,0.78998,5.807,False,True,900,43,28
1040,2020-05-19 15:10:00,6.4709,3.1427,3.1362,9.0321,32.9617,84.0488,0.4646,57.779,False,True,900,43,28
1041,2020-05-19 15:10:00,13.0707,4.4921,4.4861,13.1637,34.8334,227.6376,0.91622,5.875,False,True,900,43,28
1042,2020-05-19 15:10:00,12.3143,4.4585,4.4453,12.6195,36.5572,196.9667,0.84566,8.715,False,True,900,43,28
1043,2020-05-19 15:10:00,13.1839,5.0417,4.9908,13.2745,37.1251,188.2386,0.81729,8.492,False,True,900,43,28
1044,2020-05-19 15:10:00,16.2886,16.1075,16.0379,16.7725,3.1989,-22.0925,0.1231,,True,False,900,43,28
1045,2020-05-19 15:10:00,13.4164,12.5135,12.4722,15.1866,14.3067,31.3287,0.18221,,True,False,900,43,28
1046,2020-05-19 15:10:00,15.3642,13.868,13.8625,16.2825,15.6512,8.0022,0.08401,,True,False,900,43,28
1047,2020-05-19 15:10:00,16.825,16.3625,16.3517,17.5376,6.8857,-34.4461,0.16449,,True,False,900,43,28
1048,2020-05-19 15:10:00,16.2856,13.2037,13.1885,17.0488,28.1286,-30.0007,0.36223,,True,False,900,43,28
1049,2020-05-19 15:10:00,15.3475,14.7224,14.7098,17.0728,14.704,1.9323,0.14324,,True,False,900,43,28
1050,2020-05-19 15:10:00,15.1397,15.3473,14.9831,16.3956,5.7391,-40.7595,0.16775,,True,False,900,43,28
1051,2020-05-19 15:10:00,16.1724,15.7287,15.6937,16.7915,6.3319,-22.0125,0.11298,,True,False,900,43,28
1052,2020-05-19 15:10:00,16.2594,15.6591,15.609,16.7611,4.4475,-30.1151,0.14387,,True,False,900,43,28
1053,2020-05-19 15:10:00,13.6294,13.1675,13.1525,13.6693,1.6064,9.9356,0.06807,,True,False,900,43,28
1054,2020-05-19 15:10:00,14.1326,13.8263,13.8042,14.4475,3.9664,-2.6902,0.04366,,True,False,900,43,28
1055,2020-05-19 15:10:00,12.4567,12.2863,12.2736,12.7806,2.001,1.1958,0.08139,,True,False,900,43,28
1056,2020-05-19 15:10:00,13.1351,14.2534,12.8591,14.8019,2.1823,-34.478,0.16658,,True,False,900,43,28
1057,2020-05-19 15:10:00,11.5493,8.4033,8.295,12.3223,21.9682,71.1883,0.45997,58.499,False,True,900,43,28
1058,2020-05-19 15:10:00,1.7659,7.815,1.014,8.4361,-14.2162,-206.0377,0.82635,,True,False,900,43,28
1059,2020-05-19 15:10:00,5.3812,8.0171,4.7668,8.4585,-14.3511,12.1003,0.71711,,True,False,900,43,28
1060,2020-05-19 15:10:00,10.9743,10.9901,10.8055,12.6136,9.9532,-9.572,0.13717,,True,False,900,43,28
1061,2020-10-02 18:20:00,15.9411,10.2065,10.2026,16.02,39.1294,48.1893,0.21112,68.595,False,True,900,44,20
1062,2020-10-02 18:20:00,15.7244,10.3284,10.3132,15.8247,37.2512,51.7715,0.25627,65.573,False,True,900,44,20
1063,2020-10-02 18:20:00,15.4583,10.319,10.3065,15.5747,35.644,47.2898,0.24497,73.832,False,True,900,44,20
1064,2020-10-02 18:20:00,15.7426,10.7798,10.7651,15.785,31.3693,63.5908,0.33924,63.41,False,True,900,44,20
1065,2020-10-02 18:20:00,15.3548,9.9483,9.9385,15.443,33.1641,73.7319,0.36465,51.982,False,True,900,44,20
1066,2020-10-02 18:20:00,15.6389,10.3614,10.3516,15.745,32.803,74.9624,0.37163,54.989,False,True,900,44,20
1067,2020-10-02 18:20:00,15.3586,9.6358,9.6291,15.4192,35.8434,77.8663,0.37745,48.318,False,True,900,44,20
1068,2020-10-02 18:20:00,13.7503,9.9464,9.6257,13.8613,28.7034,39.9747,0.2137,95.765,False,True,900,44,20
1069,2020-10-02 18:20:00,13.0521,10.1436,10.1199,13.0939,13.1017,56.5021,0.22812,116.612,False,True,900,44,20
1070,2020-10-02 18:20:00,13.4659,10.4383,10.4263,13.5305,16.4314,45.2536,0.15786,119.149,False,True,900,44,20
1071,2020-10-02 18:20:00,12.7649,9.8703,9.8587,12.82,14.6552,49.2212,0.16084,115.485,False,True,900,44,20
1072,2020-10-02 18:20:00,12.8339,9.5899,9.5837,12.9926,24.6002,6.3793,0.08872,115.447,False,True,900,44,20
1073,2020-10-02 18:20:00,13.3051,10.5365,10.5277,13.333,18.9748,25.2659,0.10973,137.522,False,True,900,44,20
1074,2020-10-02 18:20:00,14.4705,10.4345,10.4208,14.6669,27.4936,48.8104,0.23414,82.363,False,True,900,44,20
1075,2020-10-02 18:20:00,13.7339,10.454,10.4346,13.7544,22.9175,28.3867,0.1853,104.029,False,True,900,44,20
1076,2020-10-02 18:20:00,9.8991,11.2829,9.6831,13.3536,3.4404,-116.8731,0.80156,,True,False,900,44,20
1077,2020-10-02 18:20:00,9.9573,11.5982,9.6633,14.0898,5.5682,-149.1608,0.92411,,True,False,900,44,20
1078,2020-10-02 18:20:00,10.1832,12.3466,9.8783,14.1627,0.8947,-140.2944,0.82219,,True,False,900,44,20
1079,2020-10-02 18:20:00,8.0324,8.1705,7.8557,9.2011,6.7899,-11.6952,0.14872,,True,False,900,44,20
1080,2020-10-02 18:20:00,8.909,9.0318,8.8255,9.5808,3.1188,-14.1518,0.07285,,True,False,900,44,20
1081,2021-04-15 20:10:00,12.253,14.6239,12.103,14.6801,-5.0265,-22.9883,0.23002,,True,False,900,45,26
1082,2021-04-15 20:10:00,16.1527,17.2875,15.8427,17.8961,-2.8979,-70.2143,0.38817,,True,False,900,45,26
1083,2021-04-15 20:10:00,16.1478,17.4289,15.6545,18.1137,-4.8966,-86.0783,0.49423,,True,False,900,45,26
1084,2021-04-15 20:10:00,15.8929,17.3992,15.5569,18.3026,-1.8908,-108.1397,0.52369,,True,False,900,45,26
1085,2021-04-15 20:10:00,15.1277,16.3366,14.8509,17.4041,5.3764,-42.9713,0.2178,,True,False,900,45,26
1086,2021-04-15 20:10:00,0.0643,16.6129,0.0396,17.1837,-17.405,-645.2407,2.7836,,True,False,900,45,26
1087,2021-04-15 20:10:00,14.5853,16.3146,14.343,16.4163,-3.3182,-23.3312,0.21776,,True,False,900,45,26
1088,2021-04-15 20:10:00,0.0805,15.6237,0.0772,15.796,-56.4028,-887.2475,3.9319,,True,False,900,45,26
1089,2021-04-15 20:10:00,13.0275,15.4459,12.3864,15.7743,-11.2227,-101.0984,0.53498,,True,False,900,45,26
1090,2021-04-15 20:10:00,15.6401,16.3152,15.3146,18.2959,11.6058,-27.582,0.23521,,True,False,900,45,26
1091,2021-04-15 20:10:00,4.5206,15.7252,0.5383,16.0435,-15.1604,-163.8436,0.84109,,True,False,900,45,26
1092,2021-04-15 20:10:00,15.5079,16.3336,15.1916,18.287,11.1571,-19.3212,0.22844,,True,False,900,45,26
1093,2021-04-15 20:10:00,16.1249,17.7651,10.0243,20.8123,-0.7828,-31.5881,0.46574,,True,False,900,45,26
1094,2021-04-15 20:10:00,0.076,18.228,0.0549,19.1817,-8.985,-510.2511,2.41403,,True,False,900,45,26
1095,2021-04-15 20:10:00,14.2136,17.6121,9.8921,22.0767,-4.2171,-83.0503,0.57958,,True,False,900,45,26
1096,2021-04-15 20:10:00,18.926,18.3615,10.6509,19.4836,7.9749,-13.0124,0.42864,,True,False,900,45,26
1097,2021-04-15 20:10:00,17.0957,17.501,10.0392,21.1691,5.8278,-25.4597,0.45933,,True,False,900,45,26
1098,2021-04-15 20:10:00,17.1557,17.8526,14.8949,18.5196,4.1298,-24.9637,0.20481,,True,False,900,45,26
1099,2021-04-15 20:10:00,16.5554,17.8331,14.7249,18.4277,5.0279,-47.2657,0.39815,,True,False,900,45,26
1100,2021-04-15 20:10:00,6.1615,6.3654,5.98,11.1531,30.203,-156.1998,0.80132,,True,False,900,45,26
1101,2021-04-15 20:10:00,7.4043,9.5912,7.2372,12.5426,14.4539,-152.3483,0.75681,,True,False,900,45,26
1102,2021-04-15 20:10:00,11.6507,13.7927,11.0575,14.6391,0.5857,-25.7972,0.35335,,True,False,900,45,26
1103,2021-04-15 20:10:00,15.7171,16.4035,15.6941,18.0671,8.468,-36.9327,0.2318,,True,False,900,45,26
1104,2021-04-15 20:10:00,0.0322,4.1585,0.0223,4.5738,-4.1032,-51.3326,0.41599,,True,False,900,45,26
1105,2021-04-15 20:10:00,13.2896,9.3569,8.7161,13.8035,11.7127,120.4383,0.57095,7.151,False,True,900,45,26
1106,2021-04-15 20:10:00,0.4708,6.3783,0.1002,7.3314,-13.0499,-138.3615,1.24278,,True,False,900,45,26
1107,2022-05-31 16:00:00,18.7357,16.7563,16.7407,18.9535,11.0396,1.4963,0.08737,,True,False,900,46,80
1108,2022-05-31 16:00:00,17.2672,16.3556,16.3518,18.9718,17.9973,-19.7529,0.15811,,True,False,900,46,80
1109,2022-05-31 16:00:00,18.9074,17.111,17.0884,19.2729,7.2817,-2.3852,0.1484,,True,False,900,46,80
1110,2022-05-31 16:00:00,18.9094,17.1793,17.1646,19.2969,14.6513,-12.1129,0.099,,True,False,900,46,80
1111,2022-05-31 16:00:00,15.2917,15.6658,14.8493,18.3711,17.6337,-44.8078,0.26927,,True,False,900,46,80
1112,2022-05-31 16:00:00,18.2298,15.379,15.3732,20.4246,34.3989,15.6141,0.23865,,True,False,900,46,80
1113,2022-05-31 16:00:00,18.0045,16.875,16.5581,18.6073,7.9385,18.4889,0.23338,,True,False,900,46,80
1114,2022-05-31 16:00:00,22.0559,18.2101,18.2016,22.1902,25.9912,2.753,0.089,,True,False,900,46,80
1115,2022-05-31 16:00:00,20.3129,17.4355,17.4107,20.5812,21.0166,17.1627,0.0698,,True,False,900,46,80
1116,2022-05-31 16:00:00,21.1457,17.2759,17.2371,21.3063,27.7109,6.1994,0.09623,,True,False,900,46,80
1117,2022-05-31 16:00:00,5.5189,3.9965,3.9864,5.6231,9.4445,-3.6291,0.11191,119.6,False,True,900,46,80
1118,2022-05-31 16:00:00,7.1477,6.4217,6.4149,7.5939,5.4374,-27.0017,0.24289,,True,False,900,46,80
1119,2022-05-31 16:00:00,2.4247,2.9448,2.32,4.0768,5.0068,-65.5952,0.3195,,True,False,900,46,80
1120,2022-05-31 16:00:00,7.3008,6.642,6.6318,7.777,5.9001,-23.3882,0.21639,,True,False,900,46,80
1121,2022-05-31 16:00:00,3.5039,3.145,3.1336,4.1152,5.1301,-29.7184,0.18322,,True,False,900,46,80
1122,2022-05-31 16:00:00,5.549,5.4716,5.3133,6.4454,3.3648,-39.4095,0.26056,,True,False,900,46,80
1123,2022-05-31 16:00:00,8.7183,9.4541,8.6853,10.7604,6.1144,-73.2547,0.31461,,True,False,900,46,80
1124,2022-05-31 16:00:00,9.714,10.2019,9.6183,11.5022,6.548,-67.148,0.30463,,True,False,900,46,80
1125,2022-05-31 16:00:00,11.1444,9.0652,9.0295,11.5408,14.1594,34.4799,0.15263,,True,False,900,46,80
1126,2022-05-31 16:00:00,12.8533,14.0164,12.2679,16.2078,13.8346,-43.316,0.26575,,True,False,900,46,80
1127,2022-05-31 16:00:00,16.9775,16.0737,16.0466,17.8958,11.5555,-7.907,0.0926,,True,False,900,46,80
1128,2022-05-31 16:00:00,11.5778,14.8309,11.5567,14.9731,-15.3847,-76.8743,0.38996,,True,False,900,46,80
1129,2022-05-31 16:00:00,15.7397,16.4766,14.1362,17.7939,7.6404,-27.6463,0.20265,,True,False,900,46,80
1130,2022-05-31 16:00:00,15.0157,14.7926,10.78,16.8791,9.6722,-11.7957,0.36049,,True,False,900,46,80
1131,2022-05-31 16:00:00,13.9794,14.9629,13.9166,16.185,5.6863,-62.9145,0.25806,,True,False,900,46,80
1132,2022-05-31 16:00:00,14.9535,16.1392,14.4907,17.1066,4.701,-38.9256,0.1765,,True,False,900,46,80
1133,2022-05-31 16:00:00,6.3571,14.3926,5.8314,15.7938,1.3986,-242.9798,0.99851,,True,False,900,46,80
1134,2022-05-31 16:00:00,16.3945,16.958,16.3248,18.6979,9.9254,-59.079,0.25581,,True,False,900,46,80
1135,2022-05-31 16:00:00,16.0252,14.6214,14.6045,16.2227,9.6919,10.56,0.0387,,True,False,900,46,80
1136,2022-05-31 16:00:00,17.6258,16.0672,16.0458,18.2409,13.7389,11.6086,0.08198,,True,False,900,46,80
1137,2022-05-31 16:00:00,12.1138,14.1673,11.6071,15.6981,8.6983,-59.7363,0.30342,,True,False,900,46,80
1138,2022-05-31 16:00:00,22.3014,19.3616,19.3476,22.5825,21.0933,19.2018,0.16018,,True,False,900,46,80
1139,2022-05-31 16:00:00,22.6245,17.7914,17.7821,22.6844,30.6904,47.5201,0.2557,137.439,False,True,900,46,80
1140,2022-05-31 16:00:00,22.9379,19.5136,19.5061,23.0018,21.9338,16.0855,0.08354,,True,False,900,46,80
1141,2022-05-31 16:00:00,22.1344,17.7679,17.6769,22.615,30.2584,28.6377,0.15218,147.774,False,True,900,46,80
1142,2022-05-31 16:00:00,0.777,17.763,0.5951,22.0611,25.9339,-86.7316,1.22324,,True,False,900,46,80
1143,2022-05-31 16:00:00,9.4733,17.6454,7.3748,21.3666,22.8489,-32.35,0.74187,,True,False,900,46,80
1144,2022-05-31 16:00:00,20.8855,19.443,19.3439,21.2994,11.9408,-10.0173,0.09347,,True,False,900,46,80
1145,2022-05-31 16:00:00,20.7667,19.4303,19.4228,21.7691,14.6935,-18.577,0.14404,,True,False,900,46,80
1146,2022-05-31 16:00:00,19.0721,16.7921,16.743,20.2929,21.6431,30.5592,0.30136,,True,False,900,46,80
1147,2022-05-31 16:00:00,23.0205,19.3,19.2754,23.1496,23.7451,11.1031,0.08296,,True,False,900,46,80
1148,2022-05-31 16:00:00,22.9311,19.7198,19.5795,22.9676,23.0336,7.7898,0.10424,,True,False,900,46,80
1149,2022-05-31 16:00:00,20.5575,19.5946,19.5702,22.3503,18.8786,-23.4909,0.18517,,True,False,900,46,80
1150,2022-05-31 16:00:00,22.6534,19.24,19.148,22.6847,24.0241,0.5934,0.17782,,True,False,900,46,80
1151,2022-05-31 16:00:00,20.5046,17.9679,17.9419,20.7942,19.9241,8.8176,0.10949,,True,False,900,46,80
1152,2022-05-31 16:00:00,23.0414,19.5625,19.5479,23.3389,24.906,19.873,0.13415,,True,False,900,46,80
1153,2022-05-31 16:00:00,21.8811,19.6079,19.5787,22.1035,16.9955,-26.3315,0.18225,,True,False,900,46,80
1154,2022-05-31 16:00:00,20.0734,20.0839,19.927,22.1748,13.2316,-59.3486,0.28083,,True,False,900,46,80
1155,2022-05-31 16:00:00,19.6472,18.9047,18.8595,22.0663,21.3605,-43.0888,0.25745,,True,False,900,46,80
1156,2022-05-31 16:00:00,19.9799,19.0051,18.9662,22.0348,20.7759,-26.066,0.20111,,True,False,900,46,80
1157,2022-05-31 16:00:00,19.9935,15.7453,15.7218,22.1284,41.4755,50.6781,0.31596,142.945,False,True,900,46,80
1158,2022-05-31 16:00:00,22.4283,15.2117,15.2016,22.6379,50.8611,62.2425,0.29245,77.802,False,True,900,46,80
1159,2022-05-31 16:00:00,22.2265,17.5235,17.5148,22.4952,33.5574,33.2799,0.18112,140.383,False,True,900,46,80
1160,2022-05-31 16:00:00,22.7583,16.6196,16.5954,22.8343,40.6116,47.9753,0.20468,95.072,False,True,900,46,80
1161,2022-05-31 16:00:00,21.5801,18.6961,18.6451,21.7078,20.8069,16.4389,0.08923,,True,False,900,46,80
1162,2022-05-31 16:00:00,20.6218,18.2907,18.2555,21.0431,19.3767,8.6177,0.11014,,True,False,900,46,80
1163,2022-05-31 16:00:00,22.8771,18.7094,18.6771,23.0865,26.1669,37.545,0.21728,,True,False,900,46,80
1164,2022-05-31 16:00:00,22.8501,19.305,19.2973,22.8778,21.8839,21.7805,0.1356,,True,False,900,46,80
1165,2022-05-31 16:00:00,23.6694,20.2718,20.2489,23.7737,20.3484,19.3917,0.13145,,True,False,900,46,80
1166,2022-05-31 16:00:00,23.0508,20.6617,20.6443,23.1266,16.7785,-1.2795,0.12278,,True,False,900,46,80
1167,2022-05-31 16:00:00,21.6467,17.7874,17.7708,21.8432,27.3671,25.2345,0.13078,,True,False,900,46,80
1168,2022-05-31 16:00:00,20.8853,15.9227,15.8937,21.1249,33.423,31.1558,0.20947,120.123,False,True,900,46,80
1169,2022-05-31 16:00:00,22.2302,17.9726,17.9513,22.3357,23.7517,52.4946,0.3463,,True,False,900,46,80
1170,2022-05-31 16:00:00,23.8882,17.9172,17.9098,23.9347,36.8333,35.4974,0.19306,103.45,False,True,900,46,80
1171,2022-05-31 16:00:00,1.9279,18.2431,1.437,20.1519,6.0851,-200.4776,1.17918,,True,False,900,46,80
1172,2022-05-31 16:00:00,23.7526,17.4998,17.4796,23.817,37.8585,45.1135,0.19144,102.469,False,True,900,46,80
1173,2022-05-31 16:00:00,22.2951,18.4378,18.4331,22.7651,30.1017,9.5901,0.1843,,True,False,900,46,80
1174,2022-05-31 16:00:00,5.4341,17.4135,1.2767,20.8466,19.7338,-112.7332,0.97075,,True,False,900,46,80
1175,2022-05-31 16:00:00,23.5808,17.4514,17.4393,23.6235,40.3926,36.2755,0.17303,101.555,False,True,900,46,80
1176,2022-05-31 16:00:00,19.9601,15.8931,15.883,21.3134,37.4356,26.2192,0.22246,145.124,False,True,900,46,80
1177,2022-05-31 16:00:00,23.1247,17.8688,17.8461,23.1871,32.654,48.5792,0.17832,125.97,False,True,900,46,80
1178,2022-05-31 16:00:00,16.0211,18.5529,15.6019,21.3637,14.5998,-141.5223,0.60244,,True,False,900,46,80
1179,2022-05-31 16:00:00,18.1877,18.4916,17.7596,21.5782,20.2376,-57.437,0.33332,,True,False,900,46,80
1180,2022-05-31 16:00:00,8.9795,18.5914,1.5244,20.5704,9.4625,-122.0887,0.83303,,True,False,900,46,80
1181,2022-05-31 16:00:00,22.8791,18.4072,18.3909,22.906,27.9831,19.503,0.14822,,True,False,900,46,80
1182,2022-05-31 16:00:00,19.7587,17.3839,17.3538,21.2426,26.6854,4.2651,0.20516,,True,False,900,46,80
1183,2022-05-31 16:00:00,20.783,17.9842,17.954,20.841,14.1658,13.7296,0.11779,,True,False,900,46,80
1184,2022-05-31 16:00:00,21.3242,18.3402,18.2839,21.3868,14.2209,24.8529,0.14083,,True,False,900,46,80
1185,2022-05-31 16:00:00,21.4949,17.5218,17.4553,21.6819,22.7093,16.216,0.10944,,True,False,900,46,80
1186,2022-05-31 16:00:00,17.0002,18.5229,16.7065,20.5174,11.8505,-88.935,0.3978,,True,False,900,46,80
1187,2019-10-30 15:30:00,10.649,9.7424,8.912,10.9622,-3.0564,44.9998,0.21193,,True,False,900,47,19
1188,2019-10-30 15:30:00,10.6226,9.5776,7.994,11.0226,1.6514,4.0023,0.18618,,True,False,900,47,19
1189,2019-10-30 15:30:00,4.9238,11.1356,0.1116,11.5579,-1.2602,-52.3266,0.54069,,True,False,900,47,19
1190,2019-10-30 15:30:00,11.8958,10.2757,10.0221,12.0153,2.2284,48.7517,0.20127,,True,False,900,47,19
1191,2019-10-30 15:30:00,12.2103,10.7931,10.6239,12.3094,1.7533,34.4428,0.14697,,True,False,900,47,19
1192,2019-10-30 15:30:00,8.4755,8.1445,6.9765,8.8618,-2.1054,25.6767,0.1924,,True,False,900,47,19
1193,2019-10-30 15:30:00,9.0268,8.4769,8.1422,9.327,-0.3578,30.4689,0.12516,,True,False,900,47,19
1194,2019-10-30 15:30:00,8.564,8.3721,7.1714,8.6393,-6.9889,17.7492,0.13857,,True,False,900,47,19
1195,2019-10-30 15:30:00,9.7106,8.4,6.7375,9.8528,-4.4521,66.6052,0.51946,7.465,False,True,900,47,19
1196,2019-10-30 15:30:00,10.6541,9.4749,8.764,10.77,-1.829,24.4192,0.16928,,True,False,900,47,19
1197,2019-10-30 15:30:00,11.3346,9.9932,9.3229,11.3427,-0.7755,67.6663,0.2434,,True,False,900,47,19
1198,2019-10-30 15:30:00,10.94,10.0107,8.8881,11.1246,-4.346,4.005,0.16727,,True,False,900,47,19
1199,2019-10-30 15:30:00,11.2968,10.6848,10.5058,11.377,1.3775,23.3557,0.1076,,True,False,900,47,19
1200,2019-10-30 15:30:00,11.8483,10.9804,10.8534,11.9288,3.7384,27.4683,0.12631,,True,False,900,47,19
1201,2019-10-30 15:30:00,10.2831,10.3706,6.6826,11.0358,-5.0246,50.1228,0.48286,,True,False,900,47,19
1202,2019-10-30 15:30:00,11.3506,10.3289,9.46,11.4689,0.5677,49.3259,0.21992,,True,False,900,47,19
1203,2019-10-30 15:30:00,13.3938,10.8324,10.5827,13.5003,9.5174,38.8137,0.15551,132.905,False,True,900,47,19
1204,2019-10-30 15:30:00,11.7115,11.2797,10.9625,11.9509,-0.8492,20.3525,0.09541,,True,False,900,47,19
1205,2019-10-30 15:30:00,11.3642,11.9608,10.6383,12.0009,-5.6027,-14.6589,0.08045,,True,False,900,47,19
1206,2019-10-30 16:40:00,11.402,9.3281,8.7478,11.6675,-0.4369,74.0414,0.32378,12.962,False,True,900,48,8
1207,2019-10-30 16:40:00,12.1062,9.3376,8.6399,12.3556,2.4626,88.0564,0.43642,8.738,False,True,900,48,8
1208,2019-10-30 16:40:00,11.0666,9.1309,8.2064,11.4118,-3.2666,66.7009,0.33323,7.888,False,True,900,48,8
1209,2019-10-30 16:40:00,11.6452,9.4319,8.6451,11.9402,-3.4161,66.4296,0.29294,5.564,False,True,900,48,8
1210,2019-10-30 16:40:00,12.556,10.8402,9.3974,12.7965,-8.1475,27.0935,0.26827,3.065,False,True,900,48,8
1211,2019-10-30 16:40:00,12.8776,11.2893,10.0642,13.059,-1.3813,53.537,0.34622,,True,False,900,48,8
1212,2019-10-30 16:40:00,13.5608,11.8061,9.7206,13.7709,1.5315,59.8614,0.54875,35.811,False,True,900,48,8
1213,2019-10-30 16:40:00,12.6458,12.1163,10.181,12.788,-12.1546,62.5552,0.30969,,True,False,900,48,8
1214,2020-02-20 18:10:00,10.9237,10.6058,9.7949,11.1993,0.318,19.3533,0.15191,,True,False,900,49,32
1215,2020-02-20 18:10:00,11.6629,10.2591,10.1066,11.9838,4.2111,38.9268,0.15376,,True,False,900,49,32
1216,2020-02-20 18:10:00,11.4485,11.5196,10.8033,11.9129,-0.0028,22.2781,0.17309,,True,False,900,49,32
1217,2020-02-20 18:10:00,10.1729,10.4325,6.8965,10.7307,-16.8738,116.279,0.64685,,True,False,900,49,32
1218,2020-02-20 18:10:00,10.8752,11.1662,10.3556,11.4047,-1.1788,10.0627,0.20912,,True,False,900,49,32
1219,2020-02-20 18:10:00,11.3135,10.9691,10.5268,11.5949,-0.5716,6.5146,0.08665,,True,False,900,49,32
1220,2020-02-20 18:10:00,10.684,9.7475,8.9027,11.0039,0.4323,42.3595,0.29961,,True,False,900,49,32
1221,2020-02-20 18:10:00,6.9857,6.0476,6.0011,8.5428,15.6475,-49.7057,0.26491,,True,False,900,49,32
1222,2020-02-20 18:10:00,7.3832,7.1526,7.0501,9.4456,13.6381,-62.9069,0.35398,,True,False,900,49,32
1223,2020-02-20 18:10:00,8.1193,6.0609,6.0316,9.2966,22.7749,-33.4986,0.25177,112.856,False,True,900,49,32
1224,2020-02-20 18:10:00,7.5647,7.499,7.4081,9.4987,10.7291,-55.1826,0.29336,,True,False,900,49,32
1225,2020-02-20 18:10:00,7.3318,7.2048,7.1122,10.3457,17.1864,-85.1687,0.54229,,True,False,900,49,32
1226,2020-02-20 18:10:00,7.9802,7.0338,6.8741,10.0911,17.4258,-52.4296,0.3391,,True,False,900,49,32
1227,2020-02-20 18:10:00,6.0806,7.9646,6.0611,9.2479,-1.0757,-91.8251,0.56575,,True,False,900,49,32
1228,2020-02-20 18:10:00,6.2192,8.1846,6.1539,9.1785,-3.3614,-62.1323,0.47302,,True,False,900,49,32
1229,2020-02-20 18:10:00,6.6972,8.3715,6.6792,9.1847,-3.3574,-58.726,0.42002,,True,False,900,49,32
1230,2020-02-20 18:10:00,5.5841,8.5285,5.5041,9.7403,-7.2012,-89.4936,0.73521,,True,False,900,49,32
1231,2020-02-20 18:10:00,4.9081,6.9456,4.8174,8.3896,0.5605,-102.1083,0.59712,,True,False,900,49,32
1232,2020-02-20 18:10:00,4.4498,6.2663,4.0012,7.1772,-1.7343,-80.0434,0.46761,,True,False,900,49,32
1233,2020-02-20 18:10:00,4.8457,7.5363,4.827,8.9339,-1.1794,-122.2283,0.69563,,True,False,900,49,32
1234,2020-02-20 18:10:00,5.0857,6.9798,5.0269,7.891,-4.2191,-73.2698,0.49781,,True,False,900,49,32
1235,2020-02-20 18:10:00,5.9138,8.0071,5.8056,9.8681,4.672,-124.098,0.64198,,True,False,900,49,32
1236,2020-02-20 18:10:00,6.5706,8.9538,6.5495,10.4079,2.0273,-125.276,0.6282,,True,False,900,49,32
1237,2020-02-20 18:10:00,7.2779,4.4724,4.3678,7.3239,11.4209,46.759,0.15362,11.676,False,True,900,49,32
1238,2020-02-20 18:10:00,6.1092,4.7142,4.6734,7.2631,12.5878,48.1792,0.18142,119.635,False,True,900,49,32
1239,2020-02-20 18:10:00,6.7111,4.171,4.0581,6.9388,10.1492,32.2207,0.12306,9.951,False,True,900,49,32
1240,2020-02-20 18:10:00,5.0846,2.9519,2.9072,6.2747,19.5527,47.8734,0.16311,81.324,False,True,900,49,32
1241,2020-02-20 18:10:00,7.2096,4.4266,4.3824,7.4642,9.9217,40.2932,0.14322,8.595,False,True,900,49,32
1242,2020-02-20 18:10:00,7.2171,4.7137,4.5981,7.7489,13.2594,61.9021,0.20126,42.973,False,True,900,49,32
1243,2020-02-20 18:10:00,5.187,4.8608,4.7906,6.6486,11.4799,-30.2448,0.16881,,True,False,900,49,32
1244,2020-02-20 18:10:00,6.788,5.4869,5.4456,6.9426,8.0397,-8.0848,0.10384,,True,False,900,49,32
1245,2020-02-20 18:10:00,4.5774,4.7605,4.4473,6.8151,12.8726,-62.3571,0.31046,,True,False,900,49,32
1246,2020-03-16 10:40:00,7.0091,4.8157,4.7534,7.6686,16.0099,45.0854,0.21085,65.316,False,True,900,50,19
1247,2020-03-16 10:40:00,8.1353,4.8174,4.7958,8.961,20.2403,91.9828,0.36433,30.616,False,True,900,50,19
1248,2020-03-16 10:40:00,8.1702,4.6926,4.5706,8.867,21.0045,105.0868,0.45973,24.727,False,True,900,50,19
1249,2020-03-16 10:40:00,8.4244,5.5523,5.4673,8.94,19.1514,55.7825,0.24661,53.12,False,True,900,50,19
1250,2020-03-16 10:40:00,8.2836,4.5982,4.5706,8.9795,21.7972,101.9513,0.43533,23.607,False,True,900,50,19
1251,2020-03-16 10:40:00,6.7283,5.5332,2.9755,7.985,13.04,52.5007,0.27929,,True,False,900,50,19
1252,2020-03-16 10:40:00,7.4527,5.0564,4.9224,8.4316,18.3516,62.7187,0.2766,64.471,False,True,900,50,19
1253,2020-03-16 10:40:00,8.2473,5.8025,5.6664,8.8489,18.3082,45.6801,0.23067,70.831,False,True,900,50,19
1254,2020-03-16 10:40:00,9.3915,6.6936,6.5872,10.293,22.3812,46.9805,0.2741,77.622,False,True,900,50,19
1255,2020-03-16 10:40:00,2.6789,4.3355,2.579,5.3165,0.7606,-102.7593,0.46981,,True,False,900,50,19
1256,2020-03-16 10:40:00,5.6903,5.5368,5.0321,6.8053,5.042,-63.7684,0.33314,,True,False,900,50,19
1257,2020-03-16 10:40:00,3.5171,4.0124,3.4311,5.4909,7.2351,-80.7719,0.36509,,True,False,900,50,19
1258,2020-03-16 10:40:00,4.9142,5.4951,4.2814,7.2571,7.6123,-77.5603,0.41236,,True,False,900,50,19
1259,2020-03-16 10:40:00,3.4895,3.7521,3.3685,6.0938,13.5565,-108.5979,0.45454,,True,False,900,50,19
1260,2020-03-16 10:40:00,6.7199,4.7715,4.7319,7.2129,14.8335,24.5071,0.09961,95.123,False,True,900,50,19
1261,2020-03-16 10:40:00,6.8008,4.003,3.9188,7.1728,19.464,39.8874,0.14117,53.603,False,True,900,50,19
1262,2020-03-16 10:40:00,6.6732,5.241,5.1955,8.0273,16.0106,-37.3161,0.26312,137.964,False,True,900,50,19
1263,2020-03-16 10:40:00,6.4898,4.2251,4.1867,6.7111,15.7132,15.1222,0.07147,91.651,False,True,900,50,19
1264,2020-03-16 10:40:00,6.4825,4.6403,4.531,6.9364,16.3627,-0.4861,0.08279,106.615,False,True,900,50,19
1265,2020-08-14 18:00:00,10.0072,3.8563,3.8127,10.0835,27.1851,111.4608,0.47557,6.241,False,True,900,51,12
1266,2020-08-14 18:00:00,10.6203,6.0319,6.0077,10.6636,27.6591,54.8642,0.29426,35.984,False,True,900,51,12
1267,2020-08-14 18:00:00,10.0331,4.2505,4.1908,10.1361,29.0979,113.0377,0.44022,11.543,False,True,900,51,12
1268,2020-08-14 18:00:00,10.9252,6.5512,6.5084,11.0004,25.1133,51.0189,0.25836,37.977,False,True,900,51,12
1269,2020-08-14 18:00:00,10.6015,4.0832,3.9313,10.673,34.7854,98.9952,0.34748,13.656,False,True,900,51,12
1270,2020-08-14 18:00:00,12.199,6.8925,6.8326,12.2903,30.6854,84.0029,0.29023,31.939,False,True,900,51,12
1271,2020-08-14 18:00:00,9.1946,4.7454,4.5758,9.807,12.5888,127.7064,0.4651,0.922,False,True,900,51,12
1272,2020-08-14 18:00:00,10.2197,6.1921,6.0665,10.8602,15.0584,112.3268,0.40903,10.105,False,True,900,51,12
1273,2020-08-14 18:00:00,8.886,5.8405,2.5698,9.5723,8.6277,90.2393,0.39264,7.828,False,True,900,51,12
1274,2020-08-14 18:00:00,10.28,7.026,0.5233,11.5965,16.0986,85.0153,0.78415,0.0,False,True,900,51,12
1275,2020-08-14 18:00:00,8.9148,5.2644,5.0324,9.5144,8.507,126.4651,0.48831,5.811,False,True,900,51,12
1276,2020-08-14 18:00:00,9.5833,6.303,5.6083,10.1099,10.3214,98.2975,0.41673,10.602,False,True,900,51,12
1277,2020-12-01 17:00:00,6.255,5.022,4.5987,6.4984,-0.6412,28.5174,0.17385,11.824,False,True,900,52,27
1278,2020-12-01 17:00:00,5.2885,4.175,3.7636,5.4289,0.7714,29.1729,0.20079,15.803,False,True,900,52,27
1279,2020-12-01 17:00:00,3.5278,3.2641,2.9921,3.8203,-0.9363,-6.4312,0.10485,,True,False,900,52,27
1280,2020-12-01 17:00:00,5.4727,5.1431,4.4398,5.8941,-2.0043,-16.4654,0.13909,,True,False,900,52,27
1281,2020-12-01 17:00:00,4.7021,3.9298,3.6445,5.0708,0.2054,22.2943,0.14577,25.568,False,True,900,52,27
1282,2020-12-01 17:00:00,5.4295,3.7794,3.3302,5.7689,2.1742,56.5897,0.27171,8.574,False,True,900,52,27
1283,2020-12-01 17:00:00,6.3905,5.5554,4.783,6.6802,-1.3208,52.5968,0.24417,,True,False,900,52,27
1284,2020-12-01 17:00:00,7.215,6.2856,5.4174,7.63,-1.3645,54.8754,0.26811,14.161,False,True,900,52,27
1285,2020-12-01 17:00:00,5.9088,5.8481,4.7355,6.1506,-5.8651,0.4558,0.17003,,True,False,900,52,27
1286,2020-12-01 17:00:00,6.2586,5.1228,4.6331,6.4248,-0.7674,35.8674,0.19428,15.443,False,True,900,52,27
1287,2020-12-01 17:00:00,6.6371,5.8683,4.8601,6.886,-4.3351,18.4443,0.19874,6.285,False,True,900,52,27
1288,2020-12-01 17:00:00,5.9567,4.9356,4.6026,6.1558,1.4723,27.2961,0.19703,24.47,False,True,900,52,27
1289,2020-12-01 17:00:00,4.9491,3.9687,3.7485,5.3017,2.1078,24.9734,0.10758,24.8,False,True,900,52,27
1290,2020-12-01 17:00:00,6.516,4.9109,4.532,6.7138,2.4043,73.7627,0.29074,10.155,False,True,900,52,27
1291,2020-12-01 17:00:00,5.6499,3.5745,3.3726,5.7667,3.3473,40.1492,0.19491,1.356,False,True,900,52,27
1292,2020-12-01 17:00:00,6.7956,4.586,4.3379,6.8527,4.0663,65.8245,0.29186,6.662,False,True,900,52,27
1293,2020-12-01 17:00:00,5.4543,4.3109,1.2808,5.6931,-0.6184,38.3883,0.26596,10.179,False,True,900,52,27
1294,2020-12-01 17:00:00,7.3215,5.3404,5.0853,7.4046,3.4088,72.929,0.29972,9.054,False,True,900,52,27
1295,2020-12-01 17:00:00,8.4129,5.8747,0.8588,9.2255,15.7681,28.936,0.42401,0.378,False,True,900,52,27
1296,2020-12-01 17:00:00,9.0454,5.8793,5.7631,9.9952,19.3764,50.7439,0.3952,32.718,False,True,900,52,27
1297,2020-12-01 17:00:00,7.0874,5.9637,5.7562,7.4061,1.5229,36.7825,0.17064,,True,False,900,52,27
1298,2020-12-01 17:00:00,7.3071,4.9318,4.683,7.3178,7.4622,34.4559,0.16166,7.032,False,True,900,52,27
1299,2020-12-01 17:00:00,10.1312,6.0255,5.9171,10.2352,21.9437,40.1475,0.31991,30.661,False,True,900,52,27
1300,2020-12-01 17:00:00,8.4587,6.224,5.9033,8.6016,10.5248,32.3609,0.22356,36.941,False,True,900,52,27
1301,2020-12-01 17:00:00,9.2628,7.5223,7.0545,9.396,6.29,48.6782,0.22645,63.111,False,True,900,52,27
1302,2020-12-01 17:00:00,9.1753,6.9591,6.4581,9.2759,6.0791,65.0855,0.2535,12.128,False,True,900,52,27
1303,2020-12-01 17:00:00,2.5088,7.8972,0.2089,9.1726,-0.2904,-62.662,0.56972,,True,False,900,52,27
1304,2022-02-21 11:10:00,23.7106,18.9134,18.8897,23.8637,16.7141,110.3732,0.4252,148.664,False,True,900,53,30
1305,2022-02-21 11:10:00,24.2508,18.4141,18.3941,24.31,17.4671,147.7265,0.54756,60.937,False,True,900,53,30
1306,2022-02-21 11:10:00,23.5204,17.4516,17.4412,23.5793,16.4429,145.4486,0.57145,26.57,False,True,900,53,30
1307,2022-02-21 11:10:00,23.0471,16.9951,16.988,23.0927,13.5045,155.9519,0.58267,17.464,False,True,900,53,30
1308,2022-02-21 11:10:00,16.4814,17.6365,9.0878,22.2242,17.1097,77.2864,0.53854,,True,False,900,53,30
1309,2022-02-21 11:10:00,21.5419,17.1671,16.2585,24.1401,18.2003,85.2661,0.40166,148.623,False,True,900,53,30
1310,2022-02-21 11:10:00,24.7451,19.1933,19.1683,24.9814,17.6498,150.0357,0.54362,104.497,False,True,900,53,30
1311,2022-02-21 11:10:00,23.8701,18.2267,18.1739,23.9703,17.0856,158.0434,0.59432,61.492,False,True,900,53,30
1312,2022-02-21 11:10:00,22.6329,17.0499,17.0364,23.3075,15.4504,191.9461,0.7144,24.038,False,True,900,53,30
1313,2022-02-21 11:10:00,23.0844,17.5693,17.5542,23.3573,16.2112,169.6816,0.63689,36.989,False,True,900,53,30
1314,2022-02-21 11:10:00,24.3116,17.9936,17.9786,24.6905,16.0089,211.0024,0.8434,19.824,False,True,900,53,30
1315,2022-02-21 11:10:00,23.0209,17.2514,17.2279,23.5245,19.7786,184.9036,0.76649,30.348,False,True,900,53,30
1316,2022-02-21 11:10:00,24.3442,18.2503,18.2333,24.7054,17.2369,196.6009,0.76047,24.052,False,True,900,53,30
1317,2022-02-21 11:10:00,24.0862,16.7294,16.7168,24.2068,17.2651,189.6837,0.71895,10.129,False,True,900,53,30
1318,2022-02-21 11:10:00,24.2788,17.3282,17.3236,24.3635,18.4132,186.1391,0.71579,17.684,False,True,900,53,30
1319,2022-02-21 11:10:00,24.2946,16.972,16.971,24.3975,15.6492,191.2523,0.76049,9.593,False,True,900,53,30
1320,2022-02-21 11:10:00,22.3597,15.3294,15.3245,22.515,15.9754,188.9604,0.75536,8.667,False,True,900,53,30
1321,2022-02-21 11:10:00,23.5436,15.9385,15.926,23.617,15.661,193.9467,0.77685,6.447,False,True,900,53,30
1322,2022-02-21 11:10:00,23.6851,15.638,15.6231,24.2287,18.3742,255.8254,0.97821,7.175,False,True,900,53,30
1323,2022-02-21 11:10:00,22.9436,15.8937,15.8721,23.3587,18.371,229.0126,0.86735,10.744,False,True,900,53,30
1324,2022-02-21 11:10:00,22.146,15.8369,15.8118,23.3271,16.7285,224.1981,0.8461,16.109,False,True,900,53,30
1325,2022-02-21 11:10:00,13.3621,5.1653,5.1168,14.5206,28.9704,-12.6691,0.9162,0.436,False,True,900,53,30
1326,2022-02-21 11:10:00,10.0875,4.7816,4.7006,10.5127,27.5936,-99.1318,1.01823,0.533,False,True,900,53,30
1327,2022-02-21 11:10:00,14.1979,13.0225,11.8046,14.3776,-3.1803,-47.4641,0.2938,,True,False,900,53,30
1328,2022-02-21 11:10:00,8.839,0.0957,0.0523,8.9791,49.5146,42.965,0.85232,0.764,False,True,900,53,30
1329,2022-02-21 11:10:00,22.794,13.404,12.9631,23.5159,41.9309,238.4773,0.96263,16.738,False,True,900,53,30
1330,2022-02-21 11:10:00,14.1249,3.6731,3.0546,15.3695,30.7378,-35.3592,1.13944,0.408,False,True,900,53,30
1331,2022-02-21 11:10:00,15.8009,3.2835,2.8646,17.0787,32.3895,22.0128,1.1367,0.424,False,True,900,53,30
1332,2022-02-21 11:10:00,13.0921,8.3741,8.3227,13.4275,11.407,41.5467,0.31301,0.899,False,True,900,53,30
1333,2022-02-21 11:10:00,21.6255,11.9948,11.007,21.7645,57.4387,-19.6673,1.5749,48.419,False,True,900,53,30
1334,2022-06-13 14:50:00,23.8425,15.5653,15.5523,23.9629,29.5324,153.6052,0.49732,11.62,False,True,900,54,41
1335,2022-06-13 14:50:00,23.2905,16.0913,16.0829,23.3911,31.3649,116.8666,0.34145,59.973,False,True,900,54,41
1336,2022-06-13 14:50:00,23.3104,15.3705,15.3538,23.377,31.969,143.5398,0.44288,30.667,False,True,900,54,41
1337,2022-06-13 14:50:00,22.6028,15.2133,15.1933,22.6693,31.2193,127.3501,0.38617,48.591,False,True,900,54,41
1338,2022-06-13 14:50:00,22.7835,14.2926,14.2679,22.9442,35.7158,149.059,0.44246,25.777,False,True,900,54,41
1339,2022-06-13 14:50:00,22.1278,14.341,14.3339,22.3128,30.3771,130.3768,0.41194,26.415,False,True,900,54,41
1340,2022-06-13 14:50:00,23.6955,15.0366,15.0217,23.8349,48.9096,90.4101,0.22374,67.046,False,True,900,54,41
1341,2022-06-13 14:50:00,23.0226,14.9746,14.9673,23.202,48.5345,55.4004,0.28786,67.864,False,True,900,54,41
1342,2022-06-13 14:50:00,23.7753,14.9258,14.8845,23.9421,45.7815,111.9312,0.29536,50.5,False,True,900,54,41
1343,2022-06-13 14:50:00,23.9347,14.2642,14.2453,24.1764,55.9049,77.623,0.26072,51.147,False,True,900,54,41
1344,2022-06-13 14:50:00,23.301,14.6943,14.6642,23.579,42.3331,104.7515,0.28024,50.613,False,True,900,54,41
1345,2022-06-13 14:50:00,20.5133,14.8711,14.8537,20.8771,34.3982,21.2032,0.12946,103.299,False,True,900,54,41
1346,2022-06-13 14:50:00,22.504,12.4973,12.4751,22.8274,22.4989,166.595,0.69997,2.559,False,True,900,54,41
1347,2022-06-13 14:50:00,21.7945,11.8778,11.8598,22.1682,26.136,160.7782,0.69179,2.727,False,True,900,54,41
1348,2022-06-13 14:50:00,22.5654,12.6528,12.6207,22.9552,21.6916,147.7772,0.66965,2.288,False,True,900,54,41
1349,2022-06-13 14:50:00,22.3882,12.3022,12.2775,22.7019,19.507,165.5278,0.7366,2.248,False,True,900,54,41
1350,2022-06-13 14:50:00,21.5708,12.8524,12.8257,22.0817,19.8124,124.0424,0.56301,2.531,False,True,900,54,41
1351,2022-06-13 14:50:00,23.0028,14.0639,14.0609,23.5486,16.3197,161.7367,0.6985,2.763,False,True,900,54,41
1352,2022-06-13 14:50:00,22.2839,13.3653,13.3462,23.0738,17.1149,113.1523,0.58871,2.013,False,True,900,54,41
1353,2022-06-13 14:50:00,21.8173,14.3666,14.3351,22.4082,19.4895,113.2078,0.4494,4.968,False,True,900,54,41
1354,2022-06-13 14:50:00,25.1755,11.3565,11.3373,25.4576,65.294,221.4214,0.66691,9.805,False,True,900,54,41
1355,2022-06-13 14:50:00,25.2999,11.0644,11.0298,25.4928,79.9809,175.2981,0.62549,23.17,False,True,900,54,41
1356,2022-06-13 14:50:00,24.0195,11.638,11.6271,24.1905,67.2432,167.4206,0.5695,24.91,False,True,900,54,41
1357,2022-06-13 14:50:00,22.9726,10.3418,10.252,23.2964,78.5043,114.4329,0.30852,36.44,False,True,900,54,41
1358,2022-06-13 14:50:00,25.8932,13.7725,13.7499,26.2775,65.6666,125.6354,0.33409,33.628,False,True,900,54,41
1359,2022-06-13 14:50:00,24.5709,12.5436,12.5224,24.6601,64.5328,155.7672,0.47697,15.137,False,True,900,54,41
1360,2022-06-13 14:50:00,24.5137,13.2668,13.2248,24.6532,62.0186,138.7992,0.44229,33.053,False,True,900,54,41
1361,2022-06-13 14:50:00,26.1349,12.3141,12.2877,26.2063,74.4616,175.0139,0.54168,23.839,False,True,900,54,41
1362,2022-06-13 14:50:00,23.1669,13.419,13.3701,23.2864,48.5097,125.0692,0.32917,34.922,False,True,900,54,41
1363,2022-06-13 14:50:00,25.8575,13.3464,13.3254,26.0066,63.2445,175.9612,0.48628,22.847,False,True,900,54,41
1364,2022-06-13 14:50:00,22.7333,11.8091,11.7938,23.1873,22.9823,183.6297,0.73738,1.963,False,True,900,54,41
1365,2022-06-13 14:50:00,23.0469,11.7157,11.6883,23.5286,31.7353,170.4229,0.64232,2.453,False,True,900,54,41
1366,2022-06-13 14:50:00,23.9826,12.347,12.3323,24.7223,27.1636,199.6824,0.78079,2.388,False,True,900,54,41
1367,2022-06-13 14:50:00,23.2365,11.7065,11.6952,23.4374,31.5575,164.77,0.64592,2.205,False,True,900,54,41
1368,2022-06-13 14:50:00,23.8489,12.2019,12.1507,24.1811,28.9263,182.9554,0.70278,2.084,False,True,900,54,41
1369,2022-06-13 14:50:00,22.3237,10.9736,10.917,22.5975,19.4123,182.4195,0.79951,1.494,False,True,900,54,41
1370,2022-06-13 14:50:00,22.9568,10.9422,10.9367,23.304,22.1033,171.3442,0.74255,1.265,False,True,900,54,41
1371,2022-06-13 14:50:00,23.3614,10.8871,10.8832,23.7464,20.2975,205.6546,0.86828,1.405,False,True,900,54,41
1372,2022-06-13 14:50:00,23.0776,10.6608,10.6385,23.4794,21.8256,183.467,0.79355,1.27,False,True,900,54,41
1373,2022-06-13 14:50:00,22.9127,10.9675,10.9561,23.3809,21.2909,199.2943,0.80243,1.546,False,True,900,54,41
1374,2022-06-13 14:50:00,23.2504,11.1889,11.1671,23.6313,21.4238,198.8483,0.81353,1.455,False,True,900,54,41
1375,2021-08-17 15:00:00,19.4157,17.2354,17.1206,19.6801,12.9884,15.9257,0.11671,,True,False,900,33,65
1376,2021-08-17 15:00:00,19.075,16.5187,16.4044,19.3586,16.0065,13.9303,0.13399,,True,False,900,33,65
1377,2021-08-17 15:00:00,19.0274,16.7028,16.5886,19.2688,15.8611,1.1602,0.12497,,True,False,900,33,65
1378,2021-08-17 15:00:00,18.9936,16.8072,16.7048,19.2036,14.4606,4.306,0.11256,,True,False,900,33,65
1379,2021-08-17 15:00:00,18.4319,17.9563,17.0453,18.8363,-0.5477,-36.9358,0.4024,,True,False,900,33,65
1380,2021-08-17 15:00:00,18.9289,18.404,17.8579,19.3768,3.279,-49.2427,0.33638,,True,False,900,33,65
1381,2021-08-17 15:00:00,17.056,17.5062,13.6292,18.4342,-3.2287,-77.0787,0.57198,,True,False,900,33,65
1382,2021-08-17 15:00:00,18.3863,18.1224,17.3365,19.0491,2.3619,-51.3289,0.36856,,True,False,900,33,65
1383,2021-08-17 15:00:00,18.0443,18.3443,17.2052,19.1495,0.2421,-47.7513,0.37858,,True,False,900,33,65
1384,2021-08-17 15:00:00,15.644,16.348,15.3444,18.586,5.0214,-120.8145,0.72115,,True,False,900,33,65
1385,2021-08-17 15:00:00,15.8031,18.0946,15.4939,18.8814,-6.589,-115.0444,0.63048,,True,False,900,33,65
1386,2021-08-17 15:00:00,15.737,16.8445,15.3841,18.709,2.5187,-123.6399,0.6934,,True,False,900,33,65
1387,2021-08-17 15:00:00,11.3235,17.893,10.2388,18.116,-14.1507,-88.124,0.58684,,True,False,900,33,65
1388,2021-08-17 15:00:00,15.431,17.8228,15.0735,18.4004,-6.9769,-120.7735,0.59583,,True,False,900,33,65
1389,2021-08-17 15:00:00,8.5162,14.3069,8.4772,15.836,-6.0147,-257.9257,1.19295,,True,False,900,33,65
1390,2021-08-17 15:00:00,8.5864,11.7503,8.5799,11.9884,-16.389,-72.1045,0.43863,,True,False,900,33,65
1391,2021-08-17 15:00:00,9.6776,13.7467,9.6128,15.8654,3.0116,-231.8186,1.00327,,True,False,900,33,65
1392,2021-08-17 15:00:00,18.9047,17.319,17.2013,19.0973,12.234,-1.9215,0.13584,,True,False,900,33,65
1393,2021-08-17 15:00:00,17.7201,17.0056,16.9019,18.8307,12.1657,-49.4647,0.32878,,True,False,900,33,65
1394,2021-08-17 15:00:00,19.7881,17.8786,17.7257,19.9747,11.5227,23.5649,0.16053,,True,False,900,33,65
1395,2021-08-17 15:00:00,17.7465,15.6781,15.5595,18.0008,17.7204,-15.6123,0.20806,,True,False,900,33,65
1396,2021-08-17 15:00:00,19.0841,18.115,18.0138,19.4382,6.3195,-30.0578,0.33365,,True,False,900,33,65
1397,2021-08-17 15:00:00,19.3089,17.9461,17.8061,19.6393,7.3839,-21.9037,0.26755,,True,False,900,33,65
1398,2021-08-17 15:00:00,16.6354,18.9822,16.4376,19.7641,-5.3153,-116.0498,0.59744,,True,False,900,33,65
1399,2021-08-17 15:00:00,17.4124,19.2931,17.2122,20.2634,-2.0375,-109.9295,0.56498,,True,False,900,33,65
1400,2021-08-17 15:00:00,16.8441,18.4444,16.4779,19.6721,-4.0468,-106.876,0.67599,,True,False,900,33,65
1401,2021-08-17 15:00:00,16.0478,18.2051,15.8036,19.4133,-5.4698,-120.9619,0.73263,,True,False,900,33,65
1402,2021-08-17 15:00:00,10.311,13.9828,10.297,15.06,-16.2405,-119.082,0.89302,,True,False,900,33,65
1403,2021-08-17 15:00:00,19.4841,14.109,14.0583,19.5675,38.6222,45.7926,0.29648,88.368,False,True,900,33,65
1404,2021-08-17 15:00:00,19.7933,13.8326,13.798,20.1561,45.032,39.4914,0.13282,93.421,False,True,900,33,65
1405,2021-08-17 15:00:00,19.7196,14.2963,14.271,19.9919,39.6208,48.417,0.2494,91.386,False,True,900,33,65
1406,2021-08-17 15:00:00,19.3462,13.0057,12.9678,19.7065,47.4286,42.1204,0.12174,89.058,False,True,900,33,65
1407,2021-08-17 15:00:00,19.3088,13.9823,13.9221,19.3625,35.9873,41.0123,0.18392,90.443,False,True,900,33,65
1408,2020-09-29 16:10:00,14.4051,14.5256,14.3038,14.9205,-0.7341,-6.2324,0.14394,,True,False,900,55,19
1409,2020-09-29 16:10:00,14.1906,14.4682,14.0213,14.6494,-2.678,5.1459,0.0994,,True,False,900,55,19
1410,2020-09-29 16:10:00,14.5667,14.8851,13.7085,15.1177,-6.9857,18.6195,0.20195,,True,False,900,55,19
1411,2020-09-29 16:10:00,14.7034,14.9749,14.2822,15.2836,-3.6702,-3.3371,0.15844,,True,False,900,55,19
1412,2020-09-29 16:10:00,15.4142,11.6095,11.5781,15.5124,13.8069,63.1569,0.24794,61.978,False,True,900,55,19
1413,2020-09-29 16:10:00,15.2258,11.5007,11.4492,15.2711,13.822,59.3976,0.22985,71.88,False,True,900,55,19
1414,2020-09-29 16:10:00,15.2883,12.5907,8.464,15.4339,16.5365,38.9409,0.19564,138.519,False,True,900,55,19
1415,2020-09-29 16:10:00,15.1216,12.1896,11.9677,15.3423,16.8024,57.1918,0.2031,144.051,False,True,900,55,19
1416,2020-09-29 16:10:00,15.108,10.773,10.6928,15.4326,28.0812,66.1857,0.32236,72.1,False,True,900,55,19
1417,2020-09-29 16:10:00,4.3635,10.5446,0.5598,13.7195,19.7449,-20.8043,0.60655,,True,False,900,55,19
1418,2020-09-29 16:10:00,14.9935,10.7361,10.6018,15.3932,28.7729,64.9693,0.33081,72.291,False,True,900,55,19
1419,2020-09-29 16:10:00,15.0914,10.708,10.5401,15.4106,29.0649,65.4845,0.33032,72.23,False,True,900,55,19
1420,2020-09-29 16:10:00,15.5909,10.2721,10.0659,15.872,39.3385,37.2847,0.47763,58.674,False,True,900,55,19
1421,2020-09-29 16:10:00,14.5219,10.4837,10.3881,14.991,29.449,51.3986,0.28874,84.946,False,True,900,55,19
1422,2020-09-29 16:10:00,14.7242,10.5282,10.4371,15.0786,29.9897,50.3076,0.29108,78.987,False,True,900,55,19
1423,2020-09-29 16:10:00,14.6747,10.6007,10.5036,15.1273,30.572,42.1805,0.2425,88.467,False,True,900,55,19
1424,2020-09-29 16:10:00,14.6455,10.5045,10.3765,14.9299,30.329,39.9779,0.23098,86.093,False,True,900,55,19
1425,2020-09-29 16:10:00,17.2371,17.8894,16.7904,18.6414,-2.6862,-8.3348,0.09821,,True,False,900,55,19
1426,2020-09-29 16:10:00,17.9377,18.0684,17.0627,19.2913,-0.1578,-1.3112,0.09018,,True,False,900,55,19
1427,2020-11-24 17:30:00,18.2476,18.5246,17.9748,18.6204,-1.1329,-6.7332,0.07348,,True,False,900,56,28
1428,2020-11-24 17:30:00,17.6713,17.4663,17.2331,17.7592,1.3641,-2.1648,0.07687,,True,False,900,56,28
1429,2020-11-24 17:30:00,17.763,17.9441,17.5057,18.0587,-0.192,-7.2504,0.07421,,True,False,900,56,28
1430,2020-11-24 17:30:00,18.7088,18.6828,18.3047,18.8363,0.1734,-4.4501,0.07642,,True,False,900,56,28
1431,2020-11-24 17:30:00,18.0667,17.8697,17.5938,18.2041,1.3081,-0.8354,0.0778,,True,False,900,56,28
1432,2020-11-24 17:30:00,18.3324,18.0895,17.854,18.4914,2.1112,-1.3749,0.08285,,True,False,900,56,28
1433,2020-11-24 17:30:00,18.5688,18.4668,17.6411,18.8369,-2.4415,-5.0688,0.10248,,True,False,900,56,28
1434,2020-11-24 17:30:00,17.803,18.0718,14.8619,18.179,-2.958,-46.5679,0.21134,,True,False,900,56,28
1435,2020-11-24 17:30:00,16.216,16.9909,15.3237,17.0714,-6.3258,-39.8782,0.19719,,True,False,900,56,28
1436,2020-11-24 17:30:00,17.4543,17.1456,16.3264,17.5704,-2.8492,1.4485,0.11732,,True,False,900,56,28
1437,2020-11-24 17:30:00,15.3629,16.9983,15.225,17.0431,-5.1832,-48.6941,0.19718,,True,False,900,56,28
1438,2020-11-24 17:30:00,18.1212,17.4364,17.0349,18.2935,4.1493,8.8105,0.10604,,True,False,900,56,28
1439,2020-11-24 17:30:00,18.1828,17.4698,16.8242,18.4017,5.314,10.1368,0.11568,,True,False,900,56,28
1440,2020-11-24 17:30:00,18.292,18.0739,17.8442,18.6113,1.5363,7.6244,0.08859,,True,False,900,56,28
1441,2020-11-24 17:30:00,28.9817,17.3718,10.0418,29.1589,0.2312,53.3591,0.94335,0.527,False,True,900,56,28
1442,2020-11-24 17:30:00,18.2275,17.4763,11.881,20.9311,3.8592,-11.6931,0.43703,,True,False,900,56,28
1443,2020-11-24 17:30:00,18.6747,17.3417,9.4946,21.1534,6.6399,4.0315,0.57461,,True,False,900,56,28
1444,2020-11-24 17:30:00,18.4843,17.0364,10.4075,20.9754,7.529,5.4297,0.56445,,True,False,900,56,28
1445,2020-11-24 17:30:00,18.3548,17.2304,8.6229,19.5715,5.8188,-4.772,0.66297,,True,False,900,56,28
1446,2020-11-24 17:30:00,18.0466,16.4639,8.2651,18.892,8.2394,6.6193,0.56856,,True,False,900,56,28
1447,2020-11-24 17:30:00,16.8094,16.6921,16.5244,17.138,1.9719,-15.7518,0.09052,,True,False,900,56,28
1448,2020-11-24 17:30:00,16.5487,16.5783,16.2869,16.98,1.553,-19.4341,0.10447,,True,False,900,56,28
1449,2020-11-24 17:30:00,14.4205,15.6471,14.0256,16.5866,3.7549,-41.9422,0.1849,,True,False,900,56,28
1450,2020-11-24 17:30:00,16.4323,16.5626,16.1878,16.8297,0.0681,-11.3589,0.10681,,True,False,900,56,28
1451,2020-11-24 17:30:00,15.7635,16.5158,15.3633,16.6953,-4.9258,-23.9303,0.19579,,True,False,900,56,28
1452,2020-11-24 17:30:00,1.108,14.1969,0.8186,14.5949,-7.6226,-199.1308,1.06034,,True,False,900,56,28
1453,2020-11-24 17:30:00,13.8088,15.1791,13.5373,15.2294,-5.7569,-27.2649,0.15372,,True,False,900,56,28
1454,2020-11-24 17:30:00,14.2862,14.7146,14.0754,15.3359,1.9627,-32.3743,0.17023,,True,False,900,56,28
1455,2020-11-25 17:50:00,18.3653,18.1826,17.9463,18.5484,-0.2013,8.0653,0.06314,,True,False,900,57,22
1456,2020-11-25 17:50:00,17.6087,17.4998,17.2571,17.7398,-0.7663,4.0867,0.05613,,True,False,900,57,22
1457,2020-11-25 17:50:00,17.8302,17.6721,17.3545,17.9651,-0.9519,8.7362,0.06316,,True,False,900,57,22
1458,2020-11-25 17:50:00,17.3561,17.7585,17.137,17.85,-3.2396,2.5505,0.08568,,True,False,900,57,22
1459,2020-11-25 17:50:00,18.3304,18.2641,17.9036,18.489,-1.1202,4.7317,0.0578,,True,False,900,57,22
1460,2020-11-25 17:50:00,18.5981,18.7113,18.3871,18.8168,-1.0609,0.7042,0.05559,,True,False,900,57,22
1461,2020-11-25 17:50:00,14.3949,17.8075,14.1623,17.9553,-3.7712,-39.0111,0.27556,,True,False,900,57,22
1462,2020-11-25 17:50:00,18.0108,18.4546,17.8582,18.5227,-3.5177,4.6739,0.06853,,True,False,900,57,22
1463,2020-11-25 17:50:00,16.558,17.9029,16.4964,18.0722,-4.611,-14.6697,0.15458,,True,False,900,57,22
1464,2020-11-25 17:50:00,17.8521,18.1144,17.6035,18.2009,-2.7849,4.1823,0.06366,,True,False,900,57,22
1465,2020-11-25 17:50:00,18.2417,18.2998,17.9402,18.4356,-0.957,0.7163,0.05956,,True,False,900,57,22
1466,2020-11-25 17:50:00,17.9166,18.0043,17.6468,18.1341,-1.0184,2.073,0.06023,,True,False,900,57,22
1467,2020-11-25 17:50:00,17.9469,18.1002,17.6983,18.3968,-1.1115,-2.3201,0.08985,,True,False,900,57,22
1468,2020-11-25 17:50:00,19.4782,19.8919,19.079,20.124,-2.4243,-17.8563,0.12941,,True,False,900,57,22
1469,2020-11-25 17:50:00,18.5976,19.5266,18.4841,20.0162,-0.6658,-43.7876,0.22904,,True,False,900,57,22
1470,2020-11-25 17:50:00,1.6321,18.4043,1.3828,18.5073,-19.0068,-315.6107,1.41798,,True,False,900,57,22
1471,2020-11-25 17:50:00,19.5173,19.544,19.2133,19.6311,-0.7802,2.4704,0.06501,,True,False,900,57,22
1472,2020-11-25 17:50:00,19.4842,19.5144,19.18,19.941,-0.4549,-3.6538,0.12325,,True,False,900,57,22
1473,2020-11-25 17:50:00,19.4846,19.6423,19.2729,19.7404,-1.1181,-1.0492,0.06459,,True,False,900,57,22
1474,2020-11-25 17:50:00,20.1651,20.1669,19.8202,20.2664,-0.9818,4.0377,0.06976,,True,False,900,57,22
1475,2020-11-25 17:50:00,17.6218,17.0398,10.7157,17.8768,-1.3742,4.33,0.44616,,True,False,900,57,22
1476,2020-11-25 17:50:00,17.891,18.1594,10.9149,18.448,-2.3648,-14.8403,0.43824,,True,False,900,57,22
1477,2020-11-13 17:30:00,15.097,10.5165,10.4992,15.5249,32.3776,29.6461,0.18923,88.129,False,True,900,58,33
1478,2020-11-13 17:30:00,16.1227,10.6749,10.5019,16.3093,29.1666,113.8179,0.85943,30.63,False,True,900,58,33
1479,2020-11-13 17:30:00,16.2981,9.5283,9.4871,16.3829,40.3807,104.2101,0.40662,42.263,False,True,900,58,33
1480,2020-11-13 17:30:00,13.8353,10.4588,10.4145,15.0724,27.9462,48.7899,0.19081,120.167,False,True,900,58,33
1481,2020-11-13 17:30:00,15.8621,10.8385,10.7776,15.8967,18.6884,107.049,0.62414,26.315,False,True,900,58,33
1482,2020-11-13 17:30:00,12.6497,10.8524,10.7985,15.2561,20.1932,64.6702,0.27813,,True,False,900,58,33
1483,2020-11-13 17:30:00,17.1643,10.8678,10.8325,17.4079,40.6876,70.5704,0.35998,56.163,False,True,900,58,33
1484,2020-11-13 17:30:00,13.5975,6.5133,6.483,13.7098,53.593,6.7599,0.45241,78.356,False,True,900,58,33
1485,2020-11-13 17:30:00,12.8863,5.4028,5.3849,13.4962,62.5927,-21.7249,0.78983,84.811,False,True,900,58,33
1486,2020-11-13 17:30:00,12.7703,6.7482,6.6984,12.9732,44.263,3.5359,0.38866,88.078,False,True,900,58,33
1487,2020-11-13 17:30:00,13.5701,9.0261,8.9765,14.267,31.9688,-19.1175,0.50899,121.156,False,True,900,58,33
1488,2020-11-13 17:30:00,11.1079,12.9411,8.9509,13.6428,-12.5924,-45.1579,0.68582,,True,False,900,58,33
1489,2020-11-13 17:30:00,13.1595,12.9921,12.3911,13.3541,-1.9967,17.1761,0.15779,,True,False,900,58,33
1490,2020-11-13 17:30:00,11.5814,13.3883,9.4954,13.8971,-12.4412,-48.534,0.63106,,True,False,900,58,33
1491,2020-11-13 17:30:00,13.4325,13.6081,12.9037,13.907,-5.4755,12.2716,0.10431,,True,False,900,58,33
1492,2020-11-13 17:30:00,11.7876,13.6897,9.7692,14.1764,-11.9266,-51.4705,0.60264,,True,False,900,58,33
1493,2020-11-13 17:30:00,8.0413,9.9449,7.0044,10.28,-0.2215,-22.5565,0.15741,,True,False,900,58,33
1494,2020-11-13 17:30:00,7.9238,9.9122,7.0786,10.313,-0.5756,-53.1296,0.21796,,True,False,900,58,33
1495,2020-11-13 17:30:00,8.1456,9.9959,7.138,10.4614,1.2976,-25.3913,0.16546,,True,False,900,58,33
1496,2020-11-13 17:30:00,7.7293,9.6663,6.9511,9.8915,-2.007,-46.9113,0.20062,,True,False,900,58,33
1497,2020-11-13 17:30:00,8.1541,10.1209,7.0579,10.4801,0.4817,-23.9123,0.16314,,True,False,900,58,33
1498,2020-11-13 17:30:00,7.7394,9.692,6.9056,9.8245,-6.3542,-16.3692,0.13151,,True,False,900,58,33
1499,2020-11-13 17:30:00,12.4233,13.4823,12.2128,13.7582,-2.9411,-28.2183,0.15655,,True,False,900,58,33
1500,2020-11-13 17:30:00,12.3113,12.1266,12.0813,13.0901,3.1764,-13.8157,0.15193,,True,False,900,58,33
1501,2020-11-13 17:30:00,12.9094,13.7146,12.7081,14.03,-2.6392,-22.1344,0.13179,,True,False,900,58,33
1502,2020-11-13 17:30:00,12.8586,12.41,12.3628,13.5937,5.035,-13.3769,0.15632,,True,False,900,58,33
1503,2020-11-13 17:30:00,12.9905,13.66,12.7773,14.0133,-1.6348,-21.8142,0.13397,,True,False,900,58,33
1504,2020-11-13 17:30:00,12.9291,12.4812,12.3917,13.5988,6.0155,-12.7755,0.13017,,True,False,900,58,33
1505,2020-11-13 17:30:00,9.9182,9.623,9.1319,11.4373,6.8547,-74.9518,0.46338,,True,False,900,58,33
1506,2020-11-13 17:30:00,8.9089,6.7152,6.6786,9.8661,14.3112,-66.6485,0.49237,145.728,False,True,900,58,33
1507,2020-11-13 17:30:00,10.0315,8.5622,8.443,11.753,16.2144,-77.1314,0.55543,,True,False,900,58,33
1508,2020-11-13 17:30:00,8.3539,5.065,5.044,10.1112,26.6929,-71.5175,0.66986,119.679,False,True,900,58,33
1509,2020-11-13 17:30:00,9.9979,7.7354,7.587,11.0748,16.773,-67.0911,0.45404,145.783,False,True,900,58,33
1510,2022-06-02 15:20:00,14.9852,9.5445,9.5319,15.8574,33.7732,-42.1146,0.96565,122.444,False,True,900,59,42
1511,2022-06-02 15:20:00,15.2481,9.1283,9.1143,15.9607,39.1256,-41.7755,0.97634,119.826,False,True,900,59,42
1512,2022-06-02 15:20:00,15.2493,6.5632,6.546,15.7758,64.2359,-31.8247,0.96168,95.295,False,True,900,59,42
1513,2022-06-02 15:20:00,15.1396,6.12,6.1042,15.5904,65.3618,-29.1868,0.95974,93.527,False,True,900,59,42
1514,2022-06-02 15:20:00,14.5265,7.3517,7.3426,14.7482,52.9346,-22.1906,0.59854,90.275,False,True,900,59,42
1515,2022-06-02 15:20:00,13.8411,7.6262,7.6218,13.9362,41.2758,-10.2582,0.64298,95.961,False,True,900,59,42
1516,2022-06-02 15:20:00,14.5479,7.8635,7.8507,14.8232,48.531,-8.2802,0.44344,92.082,False,True,900,59,42
1517,2022-06-02 15:20:00,15.0636,8.1084,8.1018,15.3736,53.0164,-8.1494,0.45865,84.632,False,True,900,59,42
1518,2022-06-02 15:20:00,14.1265,9.4885,9.4827,14.739,33.3489,-38.0859,0.57843,120.352,False,True,900,59,42
1519,2022-06-02 15:20:00,14.6119,9.7251,9.7212,15.2571,35.3206,-26.3893,0.48381,120.055,False,True,900,59,42
1520,2022-06-02 15:20:00,15.5193,9.985,9.9809,16.3352,39.0987,-38.1871,0.81535,120.388,False,True,900,59,42
1521,2022-06-02 15:20:00,14.9085,10.545,10.5417,16.177,29.9013,-46.2645,0.86902,132.312,False,True,900,59,42
1522,2022-06-02 15:20:00,15.2433,8.7103,8.6991,16.1402,53.7623,-39.0298,0.75308,98.126,False,True,900,59,42
1523,2022-06-02 15:20:00,14.8931,10.4317,10.4222,15.9585,30.7952,-42.0356,0.75583,130.996,False,True,900,59,42
1524,2022-06-02 15:20:00,14.0341,8.2105,8.2016,15.025,50.6478,-46.0005,0.61473,95.888,False,True,900,59,42
1525,2022-06-02 15:20:00,14.1235,9.0963,9.0898,15.4168,39.9876,-49.7107,0.96271,119.528,False,True,900,59,42
1526,2022-06-02 15:20:00,6.1903,7.8037,5.4783,9.7768,1.0877,-84.432,0.75073,,True,False,900,59,42
1527,2022-06-02 15:20:00,6.8758,7.2924,6.1903,10.8776,14.2637,-106.3201,0.73639,,True,False,900,59,42
1528,2022-06-02 15:20:00,16.0655,9.42,9.4166,16.5304,46.4699,-18.3479,0.40769,96.045,False,True,900,59,42
1529,2022-06-02 15:20:00,6.3366,8.7829,5.7423,11.9539,2.1303,-131.9196,1.23413,,True,False,900,59,42
1530,2022-06-02 15:20:00,13.646,4.7598,4.7489,13.9908,46.7578,182.9623,1.47111,18.397,False,True,900,59,42
1531,2022-06-02 15:20:00,10.9517,6.0508,5.7417,11.6089,31.7536,62.7651,1.2267,27.91,False,True,900,59,42
1532,2022-06-02 15:20:00,13.6258,4.9443,4.9305,14.0161,44.5345,197.858,1.45827,17.533,False,True,900,59,42
1533,2022-06-02 15:20:00,14.191,5.3183,5.3082,14.6917,54.8664,108.4214,1.53168,25.361,False,True,900,59,42
1534,2022-06-02 15:20:00,12.8521,5.283,5.277,13.4089,42.7639,123.7751,1.50444,23.21,False,True,900,59,42
1535,2022-06-02 15:20:00,14.28,6.3955,6.3876,14.4064,56.6155,30.3523,0.15304,59.029,False,True,900,59,42
1536,2022-06-02 15:20:00,14.1919,7.291,7.2824,14.3367,48.5014,21.5033,0.16394,72.205,False,True,900,59,42
1537,2022-06-02 15:20:00,14.0832,7.0224,7.014,14.2357,49.4132,33.0666,0.12841,66.932,False,True,900,59,42
1538,2022-06-02 15:20:00,9.2193,7.4394,7.4313,12.5672,25.9527,-151.7632,1.04373,,True,False,900,59,42
1539,2022-06-02 15:20:00,14.422,6.3426,6.3361,14.5504,57.3451,28.41,0.15301,57.98,False,True,900,59,42
1540,2022-06-02 15:20:00,5.1003,3.8001,3.676,5.3981,8.6077,-13.4812,0.17563,105.245,False,True,900,59,42
1541,2022-06-02 15:20:00,14.6589,10.6638,10.6469,14.7156,20.3717,-6.8069,0.59277,131.062,False,True,900,59,42
1542,2022-06-02 15:20:00,7.4497,5.4775,5.4387,7.6458,10.8885,-15.1606,0.24891,116.676,False,True,900,59,42
1543,2022-06-02 15:20:00,15.0223,10.6628,10.6602,15.0421,23.8119,-2.9558,0.54533,121.468,False,True,900,59,42
1544,2022-06-02 15:20:00,10.8678,7.676,7.6708,11.0504,13.1355,-8.3188,0.32103,117.052,False,True,900,59,42
1545,2022-06-02 15:20:00,15.5396,10.7266,10.7157,15.5628,28.725,-9.8141,0.68709,120.913,False,True,900,59,42
1546,2022-06-02 15:20:00,13.8359,7.7869,7.7304,15.0209,58.1497,-50.5678,0.77849,65.121,False,True,900,59,42
1547,2022-06-02 15:20:00,14.6459,8.7747,8.6141,14.713,47.551,-5.0953,0.78156,53.599,False,True,900,59,42
1548,2022-06-02 15:20:00,13.976,7.6285,7.5682,15.0274,59.9011,-42.0553,0.73128,64.502,False,True,900,59,42
1549,2022-06-02 15:20:00,14.6352,8.2524,8.0392,14.9843,52.0545,-23.9928,1.03069,47.435,False,True,900,59,42
1550,2022-06-02 15:20:00,14.061,7.8669,7.7792,15.1951,59.0296,-51.7341,0.8512,62.259,False,True,900,59,42
1551,2022-06-02 15:20:00,14.5893,8.1433,7.9858,15.0842,55.9471,-29.2566,0.93356,51.864,False,True,900,59,42
1552,2021-11-08 16:00:00,12.3535,16.7677,12.2994,17.6901,-3.1359,-185.5799,0.69314,,True,False,900,60,25
1553,2021-11-08 16:00:00,17.3221,18.3627,17.0777,19.2632,0.5658,-19.4781,0.23033,,True,False,900,60,25
1554,2021-11-08 16:00:00,17.4506,16.7985,16.7847,19.2525,13.1814,-1.0474,0.29102,,True,False,900,60,25
1555,2021-11-08 16:00:00,16.9986,18.6815,16.7181,19.6249,0.1621,-37.6983,0.26989,,True,False,900,60,25
1556,2021-11-08 16:00:00,17.2384,17.7972,16.92,18.8602,4.5546,-13.3803,0.18162,,True,False,900,60,25
1557,2021-11-08 16:00:00,16.7431,17.9546,16.5456,18.8462,-0.1566,-30.5501,0.23213,,True,False,900,60,25
1558,2021-11-08 16:00:00,19.4286,19.0059,18.2735,19.7201,-6.9302,11.1175,0.22031,,True,False,900,60,25
1559,2021-11-08 16:00:00,19.006,19.0487,17.8655,19.6729,-10.0747,2.347,0.24193,,True,False,900,60,25
1560,2021-11-08 16:00:00,19.1118,19.5059,17.6656,19.92,-15.3311,15.1792,0.27709,,True,False,900,60,25
1561,2021-11-08 16:00:00,19.7168,19.4387,18.5282,20.1327,-8.4641,10.5829,0.22719,,True,False,900,60,25
1562,2021-11-08 16:00:00,18.7015,16.5225,16.4924,18.779,7.3532,50.8626,0.23235,,True,False,900,60,25
1563,2021-11-08 16:00:00,18.3651,16.1883,16.166,18.4881,9.3653,51.2347,0.24004,,True,False,900,60,25
1564,2021-11-08 16:00:00,18.8933,16.4433,15.131,18.9153,5.0655,96.5887,0.58867,,True,False,900,60,25
1565,2021-11-08 16:00:00,14.1201,14.4345,14.0172,14.8263,-2.0366,-5.4294,0.09224,,True,False,900,60,25
1566,2021-11-08 16:00:00,11.8152,14.8316,5.1097,15.3151,-0.8378,-13.2316,0.34127,,True,False,900,60,25
1567,2021-11-08 16:00:00,14.61,14.6669,14.5685,15.1367,-1.4491,-2.3965,0.09504,,True,False,900,60,25
1568,2021-11-08 16:00:00,14.3928,14.5221,14.1495,14.8733,-1.3997,-4.924,0.13285,,True,False,900,60,25
1569,2021-11-08 16:00:00,17.7904,16.7009,16.5995,19.1803,13.0953,29.2256,0.23865,,True,False,900,60,25
1570,2021-11-08 16:00:00,17.7884,19.0122,17.4169,19.9646,1.1868,-35.4148,0.22543,,True,False,900,60,25
1571,2021-11-08 16:00:00,2.7656,16.7044,0.571,17.5642,-9.3137,-269.8297,1.28058,,True,False,900,60,25
1572,2021-11-08 16:00:00,19.2189,19.4093,18.8206,20.7431,5.8129,-3.9278,0.18022,,True,False,900,60,25
1573,2021-11-08 16:00:00,19.4019,19.0024,18.9964,20.3204,5.166,9.2581,0.18115,,True,False,900,60,25
1574,2021-11-08 16:00:00,19.4648,17.157,17.1314,19.746,11.8107,48.3625,0.25184,,True,False,900,60,25
1575,2021-11-08 16:00:00,20.4918,17.4601,17.4446,20.5399,13.7437,55.9226,0.27059,,True,False,900,60,25
1576,2021-11-08 16:00:00,14.1717,14.5666,14.0633,15.0462,0.3969,-13.0157,0.10243,,True,False,900,60,25
1577,2021-12-14 11:40:00,18.3724,15.0385,15.0016,19.6891,30.8459,34.9585,0.30953,,True,False,900,61,9
1578,2021-12-14 11:40:00,18.8538,16.7498,16.713,20.5968,24.7472,18.9266,0.22733,,True,False,900,61,9
1579,2021-12-14 11:40:00,19.0584,16.2416,16.172,20.7805,30.9812,15.9966,0.2726,,True,False,900,61,9
1580,2021-12-14 11:40:00,19.7419,16.8551,16.8139,21.2375,27.9741,33.6702,0.26007,,True,False,900,61,9
1581,2021-12-14 11:40:00,18.6311,17.147,17.0879,21.2153,27.7713,-4.6129,0.28416,,True,False,900,61,9
1582,2021-12-14 11:40:00,18.4768,16.8945,16.8711,20.7013,25.018,2.1906,0.23922,,True,False,900,61,9
1583,2021-12-14 11:40:00,17.2081,17.9203,15.5099,18.0585,-15.881,49.1545,0.24881,,True,False,900,61,9
1584,2021-12-14 11:40:00,16.3573,17.9459,14.2369,18.3069,-23.5002,28.7802,0.32848,,True,False,900,61,9
1585,2021-12-14 11:40:00,17.3279,18.0727,14.931,19.84,-19.5494,42.1659,0.33141,,True,False,900,61,9
1586,2022-08-05 18:00:00,19.3585,18.9078,18.6537,19.8393,7.2529,-21.5274,0.12878,,True,False,900,62,4
1587,2022-08-05 18:00:00,18.7037,18.5891,18.3367,19.2287,4.7129,-29.6096,0.13636,,True,False,900,62,4
1588,2022-08-05 18:00:00,18.7059,18.5714,18.3172,19.3956,6.1403,-28.3645,0.14364,,True,False,900,62,4
1589,2022-08-05 18:00:00,13.6186,14.9192,13.3926,14.9515,-1.0551,-24.416,0.11178,,True,False,900,62,4
1590,2020-05-07 17:20:00,11.7668,12.6407,11.6309,13.7731,6.3003,-41.445,0.202,,True,False,900,63,7
1591,2020-05-07 17:20:00,10.1012,11.5183,9.8529,12.5474,4.2233,-82.7758,0.30638,,True,False,900,63,7
1592,2020-05-07 17:20:00,14.0378,12.3089,12.2717,14.0935,9.9576,22.1244,0.10034,,True,False,900,63,7
1593,2020-05-07 17:20:00,15.5142,13.624,13.5963,15.6087,10.4612,19.5326,0.09711,,True,False,900,63,7
1594,2020-05-07 17:20:00,7.1608,13.1909,2.3914,13.7165,-10.2766,-48.6229,3.24765,,True,False,900,63,7
1595,2020-05-07 17:20:00,15.7601,13.685,13.6429,15.9942,10.9693,5.3122,0.08253,,True,False,900,63,7
1596,2020-05-07 17:20:00,15.1945,13.2434,10.7437,15.3355,10.6666,10.3189,0.14396,,True,False,900,63,7
1597,2019-08-27 17:20:00,3.3512,3.6072,3.008,4.0088,-0.3529,-30.7023,0.15392,,True,False,900,64,1
1598,2019-08-27 17:10:00,2.5259,3.4109,2.1015,3.6395,-0.7985,-27.3075,0.12634,,True,False,900,65,35
1599,2019-08-27 17:10:00,2.4257,4.2314,1.3501,4.3179,-2.635,-44.0522,0.19488,,True,False,900,65,35
1600,2019-08-27 17:10:00,2.8215,3.6886,2.4797,3.9353,-1.5403,-25.8382,0.13249,,True,False,900,65,35
1601,2019-08-27 17:10:00,2.0778,4.694,0.1467,4.7909,-4.2461,-51.6452,0.24549,,True,False,900,65,35
1602,2019-08-27 17:10:00,1.6416,1.9234,1.5689,2.5237,2.5344,-20.5747,0.09555,,True,False,900,65,35
1603,2019-08-27 17:10:00,1.4998,1.9987,1.2671,2.4038,1.3245,-17.6442,0.08022,,True,False,900,65,35
1604,2019-08-27 17:10:00,1.9021,1.9824,1.8529,2.872,4.3717,-16.7909,0.09842,,True,False,900,65,35
1605,2019-08-27 17:10:00,2.0822,2.293,1.9516,3.0431,3.7723,-22.4259,0.1079,,True,False,900,65,35
1606,2019-08-27 17:10:00,2.0281,1.0735,1.0552,2.194,4.1625,18.2607,0.07515,17.451,False,True,900,65,35
1607,2019-08-27 17:10:00,2.5504,2.7332,1.876,3.6061,5.0814,-18.2148,0.10272,,True,False,900,65,35
1608,2019-08-27 17:10:00,1.566,4.3093,0.9953,4.3989,-5.7919,-64.8068,0.275,,True,False,900,65,35
1609,2019-08-27 17:10:00,1.7834,3.8624,1.4162,4.1005,-2.9661,-57.6063,0.24483,,True,False,900,65,35
1610,2019-08-27 17:10:00,1.8839,3.9293,1.3462,4.2075,-2.213,-56.6947,0.25707,,True,False,900,65,35
1611,2019-08-27 17:10:00,2.2207,3.8133,1.8798,4.0235,-2.3673,-47.6142,0.1997,,True,False,900,65,35
1612,2019-08-27 17:10:00,1.8724,3.017,1.5784,3.137,-1.0263,-23.6322,0.10353,,True,False,900,65,35
1613,2019-08-27 17:10:00,1.7818,3.3327,1.5005,3.5063,-1.5634,-37.6728,0.16463,,True,False,900,65,35
1614,2019-08-27 17:10:00,2.1681,2.7891,1.7733,2.9412,-0.2073,-13.5885,0.07641,,True,False,900,65,35
1615,2019-08-27 17:10:00,1.8934,3.0913,1.1927,3.3553,-1.9976,-27.6768,0.14346,,True,False,900,65,35
1616,2019-08-27 17:10:00,2.5811,3.1602,2.2459,3.524,0.6416,-8.5969,0.08119,,True,False,900,65,35
1617,2019-08-27 17:10:00,2.5207,3.8213,2.1654,4.0936,-1.6637,-35.5288,0.18681,,True,False,900,65,35
1618,2019-08-27 17:10:00,2.4861,3.797,1.9968,3.8908,-1.1292,-31.2354,0.14829,,True,False,900,65,35
1619,2019-08-27 17:10:00,2.0381,3.3459,1.6325,3.444,-3.2303,-29.601,0.14085,,True,False,900,65,35
1620,2019-08-27 17:10:00,2.3192,3.2882,2.0843,3.4008,-2.0379,-26.0163,0.12452,,True,False,900,65,35
1621,2019-08-27 17:10:00,1.953,3.0033,1.331,3.1417,-1.826,-24.6514,0.12014,,True,False,900,65,35
1622,2019-08-27 17:10:00,4.1446,3.3728,3.324,4.4662,6.6417,-2.9859,0.07744,,True,False,900,65,35
1623,2019-08-27 17:10:00,4.3226,3.6366,3.5594,4.6442,6.4913,-8.4388,0.06815,,True,False,900,65,35
1624,2019-08-27 17:10:00,3.9388,3.4279,3.3563,4.5715,7.3311,-8.4966,0.0757,,True,False,900,65,35
1625,2019-08-27 17:10:00,4.1431,2.0706,2.0378,4.4574,11.0741,23.756,0.09135,22.611,False,True,900,65,35
1626,2019-08-27 17:10:00,3.9469,2.7551,2.6964,4.191,10.0582,4.4661,0.06235,89.116,False,True,900,65,35
1627,2019-08-27 17:10:00,2.7781,0.5356,0.5167,2.9228,15.84,-5.4026,0.18569,2.293,False,True,900,65,35
1628,2019-08-27 17:10:00,3.0991,0.7519,0.7393,3.2583,14.671,-2.9531,0.12044,0.946,False,True,900,65,35
1629,2019-08-27 17:10:00,3.738,0.5638,0.5346,4.1582,15.7112,18.0013,0.22938,0.706,False,True,900,65,35
1630,2019-08-27 17:10:00,2.8825,0.7839,0.7504,3.1451,14.5021,-9.6377,0.12683,0.924,False,True,900,65,35
1631,2019-08-27 17:10:00,3.3709,1.2356,1.2087,3.5035,13.2452,-1.3669,0.09306,1.658,False,True,900,65,35
1632,2019-08-27 17:10:00,5.1517,3.0928,3.0623,5.5833,16.4616,1.8053,0.0898,81.757,False,True,900,65,35
1633,2019-09-24 15:50:00,7.6296,6.2503,6.0475,8.1138,8.5216,31.8298,0.17856,122.804,False,True,900,66,33
1634,2019-09-24 15:50:00,7.9156,6.495,6.2919,8.1701,6.3681,27.0123,0.14261,129.981,False,True,900,66,33
1635,2019-09-24 15:50:00,8.0579,6.3575,6.1204,8.2625,6.046,74.1147,0.22543,18.759,False,True,900,66,33
1636,2019-09-24 15:50:00,7.2596,5.5745,5.4537,7.4595,8.1574,20.7619,0.10156,83.15,False,True,900,66,33
1637,2019-09-24 15:50:00,3.9322,6.6123,3.6882,7.5061,3.0641,-40.6505,0.29716,,True,False,900,66,33
1638,2019-09-24 15:50:00,6.0455,5.4842,5.1275,6.1281,1.6355,1.69,0.10737,,True,False,900,66,33
1639,2019-09-24 15:50:00,7.7479,6.3346,5.7113,8.1671,5.5865,20.6071,0.22634,45.925,False,True,900,66,33
1640,2019-09-24 15:50:00,7.5332,6.317,6.1772,7.7124,4.5703,30.8809,0.11032,,True,False,900,66,33
1641,2019-09-24 15:50:00,10.0862,8.6702,8.6376,10.1092,9.0971,5.7513,0.04687,,True,False,900,66,33
1642,2019-09-24 15:50:00,9.6341,8.7984,8.3089,9.8559,7.8286,-6.4557,0.13734,,True,False,900,66,33
1643,2019-09-24 15:50:00,9.6527,7.7658,7.7171,9.7732,11.527,17.362,0.05677,148.821,False,True,900,66,33
1644,2019-09-24 15:50:00,9.7469,8.1427,7.9803,9.8136,9.4341,10.8488,0.07398,,True,False,900,66,33
1645,2019-09-24 15:50:00,10.2339,8.4516,8.3864,10.2784,11.4254,9.9083,0.04959,,True,False,900,66,33
1646,2019-09-24 15:50:00,9.8802,8.9178,8.9046,10.0659,5.7216,3.3684,0.03614,,True,False,900,66,33
1647,2019-09-24 15:50:00,10.0609,9.0037,8.9639,10.2353,6.8062,4.0301,0.03443,,True,False,900,66,33
1648,2019-09-24 15:50:00,9.937,8.7073,8.6809,10.0791,7.2284,7.3401,0.02471,,True,False,900,66,33
1649,2019-09-24 15:50:00,10.8453,8.5736,8.5573,10.9705,14.8061,11.1159,0.03732,138.156,False,True,900,66,33
1650,2019-09-24 15:50:00,10.0497,7.9189,7.8741,10.2551,12.8734,10.36,0.04649,144.558,False,True,900,66,33
1651,2019-09-24 15:50:00,8.5739,6.6865,6.5745,8.9738,7.8601,26.0008,0.14212,64.303,False,True,900,66,33
1652,2019-09-24 15:50:00,6.6877,4.6607,4.6311,7.1276,8.076,29.977,0.13716,28.488,False,True,900,66,33
1653,2019-09-24 15:50:00,8.0467,6.6938,6.6027,8.2865,6.9586,7.6031,0.06468,,True,False,900,66,33
1654,2019-09-24 15:50:00,7.1698,5.4479,5.3585,7.621,8.5146,38.4049,0.19795,54.777,False,True,900,66,33
1655,2019-09-24 15:50:00,6.2342,3.9468,3.8583,6.8542,8.3612,40.0909,0.19948,10.635,False,True,900,66,33
1656,2019-09-24 15:50:00,4.9066,3.0551,2.9993,5.4003,9.3544,26.8675,0.14215,24.308,False,True,900,66,33
1657,2019-09-24 15:50:00,4.8939,3.09,2.9288,5.2396,7.1915,36.1128,0.23388,15.72,False,True,900,66,33
1658,2019-09-24 15:50:00,5.6855,2.9028,2.7821,6.1943,11.0036,66.7255,0.36801,9.386,False,True,900,66,33
1659,2019-09-24 15:50:00,3.8266,2.7182,2.6801,3.922,4.6564,-6.509,0.11605,127.772,False,True,900,66,33
1660,2019-09-24 15:50:00,5.0393,3.5612,3.4555,5.155,9.7946,20.1396,0.11714,56.011,False,True,900,66,33
1661,2019-09-24 15:50:00,6.6106,4.6793,4.6472,6.8615,12.4127,11.5077,0.07913,78.964,False,True,900,66,33
1662,2019-09-24 15:50:00,8.0563,5.3743,5.3366,8.2979,16.3381,10.8502,0.1166,103.136,False,True,900,66,33
1663,2019-09-24 15:50:00,8.2679,6.9584,6.8354,8.4592,8.0095,5.212,0.04025,,True,False,900,66,33
1664,2019-09-24 15:50:00,7.3855,6.9433,6.9139,7.9533,6.2063,-12.8112,0.08209,,True,False,900,66,33
1665,2019-09-24 15:50:00,7.6205,4.3472,4.3351,7.8248,18.6846,5.3999,0.39687,112.559,False,True,900,66,33
1666,2019-09-23 17:30:00,2.9744,3.2458,2.5419,3.4858,0.834,-3.8943,0.05107,,True,False,900,67,25
1667,2019-09-23 17:30:00,3.4121,4.3998,3.2343,4.7495,1.684,-27.3549,0.14771,,True,False,900,67,25
1668,2019-09-23 17:30:00,0.5027,3.4843,0.4863,3.576,-1.6881,-29.241,0.20253,,True,False,900,67,25
1669,2019-09-23 17:30:00,4.2918,3.8972,3.7118,5.2269,8.3273,-1.8492,0.11219,,True,False,900,67,25
1670,2019-09-23 17:30:00,4.0848,3.7826,0.0635,4.8698,5.9608,-16.2731,0.25108,,True,False,900,67,25
1671,2019-09-23 17:30:00,4.3592,4.1975,3.7612,5.1326,5.7458,-11.7047,0.10013,,True,False,900,67,25
1672,2019-09-23 17:30:00,4.581,4.9213,3.5854,6.7111,11.6942,-36.8257,0.20718,,True,False,900,67,25
1673,2019-09-23 17:30:00,4.468,4.4576,4.164,5.6131,7.3633,-22.8762,0.13746,,True,False,900,67,25
1674,2019-09-23 17:30:00,0.0298,4.9453,0.02,5.38,-27.4658,-46.1805,1.30403,,True,False,900,67,25
1675,2019-09-23 17:30:00,4.2189,2.9144,2.1635,4.4326,3.2431,86.4704,0.29899,10.399,False,True,900,67,25
1676,2019-09-23 17:30:00,5.1532,4.6574,4.3704,5.9275,8.2125,-23.4313,0.14042,,True,False,900,67,25
1677,2019-09-23 17:30:00,0.056,5.0046,0.039,5.7352,-9.2906,-305.176,1.1473,,True,False,900,67,25
1678,2019-09-23 17:30:00,4.6569,3.264,2.7406,5.3639,4.1526,46.7749,0.20301,4.641,False,True,900,67,25
1679,2019-09-23 17:30:00,5.3121,5.3577,5.1417,7.3167,11.3927,-65.8876,0.34253,,True,False,900,67,25
1680,2019-09-23 17:30:00,0.29,4.4205,0.2747,5.8947,4.523,-111.1119,0.55442,,True,False,900,67,25
1681,2019-09-23 17:30:00,4.4144,4.9391,4.0256,5.4631,2.047,-26.5488,0.14123,,True,False,900,67,25
1682,2019-09-23 17:30:00,12.3533,10.888,10.1365,12.3919,-1.3344,102.7685,0.38374,,True,False,900,67,25
1683,2019-09-23 17:30:00,0.5131,13.9219,0.2778,14.9367,-38.4228,-290.4214,1.36902,,True,False,900,67,25
1684,2019-09-23 17:30:00,2.6241,15.0474,1.9143,15.1756,-31.499,-498.295,1.81362,,True,False,900,67,25
1685,2019-09-23 17:30:00,14.3382,13.7409,0.2298,14.5364,-49.1163,-452.6163,3.41272,,True,False,900,67,25
1686,2019-09-23 17:30:00,13.1975,12.199,7.5521,13.2322,-5.9721,-79.4019,0.50052,,True,False,900,67,25
1687,2019-09-23 17:30:00,14.206,12.7929,12.0169,14.226,5.2695,23.5373,0.32508,,True,False,900,67,25
1688,2019-09-23 17:30:00,14.7995,14.7112,0.8071,14.9416,-22.1121,-57.6439,0.93254,,True,False,900,67,25
1689,2019-09-23 17:30:00,0.0927,12.478,0.0897,12.6101,-50.4388,-616.5606,2.88249,,True,False,900,67,25
1690,2019-09-23 17:30:00,15.3036,15.076,0.1061,15.4281,-12.5505,-132.7227,1.02238,,True,False,900,67,25
1691,2019-10-30 18:00:00,6.9573,4.3684,4.3114,7.0681,16.5968,29.2024,0.22732,46.952,False,True,900,68,28
1692,2019-10-30 18:00:00,7.7841,4.5942,4.31,7.8292,20.0309,38.4939,0.30286,31.778,False,True,900,68,28
1693,2019-10-30 18:00:00,8.5275,5.683,5.602,8.5575,15.8222,38.0984,0.16992,49.163,False,True,900,68,28
1694,2019-10-30 18:00:00,6.9,5.2099,5.1662,7.5602,17.6285,-0.5968,0.18901,93.744,False,True,900,68,28
1695,2019-10-30 18:00:00,2.9331,5.9783,2.5885,6.0796,-6.2683,-72.5176,0.27129,,True,False,900,68,28
1696,2019-10-30 18:00:00,6.3404,6.2762,5.6549,7.36,6.1406,-41.6567,0.22954,,True,False,900,68,28
1697,2019-10-30 18:00:00,7.5868,4.8103,4.701,7.7308,13.1511,53.561,0.29425,21.481,False,True,900,68,28
1698,2019-10-30 18:00:00,6.0077,6.1873,5.6778,7.1722,4.7075,-61.0616,0.30276,,True,False,900,68,28
1699,2019-10-30 18:00:00,6.3716,4.9461,4.8739,6.5213,8.577,1.8833,0.11961,84.276,False,True,900,68,28
1700,2019-10-30 18:00:00,6.0938,5.5979,5.5574,7.0692,9.0836,-47.7275,0.23847,,True,False,900,68,28
1701,2019-10-30 18:00:00,5.9624,6.7693,5.7081,7.5718,0.9009,-66.6839,0.35971,,True,False,900,68,28
1702,2019-10-30 18:00:00,6.9882,6.6832,5.9073,7.8939,8.0108,-46.3307,0.23392,,True,False,900,68,28
1703,2019-10-30 18:00:00,8.9683,8.9596,8.9267,10.6231,10.0127,-60.5665,0.31227,,True,False,900,68,28
1704,2019-10-30 18:00:00,6.6019,9.216,6.2867,11.2643,11.8352,-131.5837,0.56502,,True,False,900,68,28
1705,2019-10-30 18:00:00,9.1355,9.0501,8.8722,11.2369,14.3294,-63.5256,0.2824,,True,False,900,68,28
1706,2019-10-30 18:00:00,7.5145,8.7305,7.1642,11.5608,17.3248,-87.2883,0.42732,,True,False,900,68,28
1707,2019-10-30 18:00:00,5.3871,8.5071,5.354,9.6973,0.6747,-154.8976,0.61869,,True,False,900,68,28
1708,2019-10-30 18:00:00,8.1057,8.4764,7.9374,9.8633,5.8422,-73.3418,0.30785,,True,False,900,68,28
1709,2019-10-30 18:00:00,8.3758,9.0515,8.3342,10.2742,4.9097,-74.3333,0.29396,,True,False,900,68,28
1710,2019-10-30 18:00:00,8.3359,8.2597,8.2086,10.5141,14.3959,-72.3598,0.30594,,True,False,900,68,28
1711,2019-10-30 18:00:00,7.312,8.6964,7.2935,9.9368,3.7595,-104.9805,0.45758,,True,False,900,68,28
1712,2019-10-30 18:00:00,7.623,8.621,7.5568,10.1659,7.408,-90.7361,0.37614,,True,False,900,68,28
1713,2019-10-30 18:00:00,5.0929,8.3064,4.9938,9.5414,0.1927,-142.1469,0.65598,,True,False,900,68,28
1714,2019-10-30 18:00:00,6.6416,9.2168,6.5459,10.3195,2.3846,-129.4448,0.51971,,True,False,900,68,28
1715,2019-10-30 18:00:00,4.5202,8.0484,4.4134,9.3717,-1.4949,-137.1012,0.72215,,True,False,900,68,28
1716,2019-10-30 18:00:00,1.9603,5.1626,1.3584,6.3428,6.1399,-81.6819,0.40508,,True,False,900,68,28
1717,2019-10-30 18:00:00,1.8278,5.8413,1.2373,7.3659,2.5799,-134.8233,0.63928,,True,False,900,68,28
1718,2019-10-30 18:00:00,3.9023,7.4901,3.7757,8.7551,-3.3796,-140.2207,0.70809,,True,False,900,68,28
1719,2020-01-22 14:50:00,12.8492,6.8872,6.8732,13.582,45.0649,61.8313,0.28245,56.633,False,True,900,69,32
1720,2020-01-22 14:50:00,13.1319,7.5688,7.5627,16.2843,60.4196,27.359,0.55192,79.153,False,True,900,69,32
1721,2020-01-22 14:50:00,13.6076,7.2237,7.1615,13.6611,40.8104,75.318,0.2935,43.317,False,True,900,69,32
1722,2020-01-22 14:50:00,16.628,7.4676,7.4593,16.7043,56.7551,102.6014,0.38428,32.305,False,True,900,69,32
1723,2020-01-22 14:50:00,10.0922,8.3384,8.3256,12.902,32.7927,-47.8126,0.35326,,True,False,900,69,32
1724,2020-01-22 14:50:00,17.0274,8.024,8.0133,17.0682,54.0202,107.9178,0.35906,32.061,False,True,900,69,32
1725,2020-01-22 14:50:00,15.5277,6.171,6.1516,15.678,35.9778,265.3431,1.05763,1.787,False,True,900,69,32
1726,2020-01-22 14:50:00,15.3709,5.6418,5.6162,15.4655,37.0774,269.3345,1.34407,5.554,False,True,900,69,32
1727,2020-01-22 14:50:00,15.6443,5.902,5.83,15.7401,34.581,267.8116,1.0381,4.65,False,True,900,69,32
1728,2020-01-22 14:50:00,16.6377,12.2801,12.2666,16.8135,28.8573,47.6333,0.15456,106.054,False,True,900,69,32
1729,2020-01-22 14:50:00,16.5127,12.8292,12.6005,16.8511,26.3618,49.1577,0.19631,125.213,False,True,900,69,32
1730,2020-01-22 14:50:00,16.6737,12.4624,12.4254,16.8844,27.9636,58.6246,0.20639,106.613,False,True,900,69,32
1731,2020-01-22 14:50:00,16.7286,12.6621,12.6345,17.0757,27.256,60.0134,0.2345,111.034,False,True,900,69,32
1732,2020-01-22 14:50:00,16.6221,12.6066,12.5876,16.8839,27.5208,53.4354,0.21055,112.545,False,True,900,69,32
1733,2020-01-22 14:50:00,14.5639,10.289,10.2681,14.6111,25.2277,60.0988,0.33114,63.261,False,True,900,69,32
1734,2020-01-22 14:50:00,14.8941,9.7984,9.7535,14.9369,28.9446,72.0946,0.32245,45.106,False,True,900,69,32
1735,2020-01-22 14:50:00,14.234,9.4966,9.4658,14.2578,27.4743,72.4981,0.38276,45.033,False,True,900,69,32
1736,2020-01-22 14:50:00,14.8379,9.5329,9.4483,14.924,29.7686,74.601,0.33864,45.003,False,True,900,69,32
1737,2020-01-22 14:50:00,13.9505,9.0597,8.3994,13.9855,34.5671,67.8976,0.42349,45.057,False,True,900,69,32
1738,2020-01-22 14:50:00,14.8125,9.2865,9.2771,14.9087,30.8981,75.8072,0.3511,40.962,False,True,900,69,32
1739,2020-01-22 14:50:00,15.3778,9.2202,9.1824,15.563,37.3227,83.8231,0.42679,41.602,False,True,900,69,32
1740,2020-01-22 14:50:00,15.2645,8.4056,8.3427,15.3284,43.9947,85.327,0.5418,39.296,False,True,900,69,32
1741,2020-01-22 14:50:00,15.8446,9.4359,9.4279,15.8786,38.5316,84.4815,0.38592,42.294,False,True,900,69,32
1742,2020-01-22 14:50:00,15.0757,8.2174,7.8841,15.167,39.0415,107.7613,0.54745,21.288,False,True,900,69,32
1743,2020-01-22 14:50:00,12.773,7.5592,7.5213,14.6186,47.735,-70.8742,0.56382,77.938,False,True,900,69,32
1744,2020-01-22 14:50:00,17.7583,7.8147,7.8086,17.8278,47.8585,171.2302,0.60026,10.505,False,True,900,69,32
1745,2020-01-22 14:50:00,17.6614,8.6241,8.5987,17.7472,46.2687,126.015,0.41906,16.01,False,True,900,69,32
1746,2020-01-22 14:50:00,15.2208,5.8164,5.7806,15.3262,30.1956,251.4565,0.99955,4.226,False,True,900,69,32
1747,2020-01-22 14:50:00,15.4508,6.2976,6.1912,15.4985,29.8915,244.2512,0.96578,4.347,False,True,900,69,32
1748,2020-01-22 14:50:00,14.8009,5.5139,5.4767,15.098,30.6375,243.7094,0.98583,3.924,False,True,900,69,32
1749,2020-01-22 14:50:00,15.422,5.9547,5.8602,15.5543,31.8879,263.845,1.0385,4.788,False,True,900,69,32
1750,2020-01-22 14:50:00,15.8936,6.4695,6.314,15.9902,29.5747,252.636,1.00283,5.038,False,True,900,69,32
1751,2020-06-12 09:10:00,17.8898,13.3656,13.2174,17.9008,22.4112,82.361,0.35449,70.926,False,True,900,70,33
1752,2020-06-12 09:10:00,14.4051,13.5724,11.979,14.8618,6.2849,20.5061,0.45938,,True,False,900,70,33
1753,2020-06-12 09:10:00,18.0194,14.8893,14.748,18.0337,15.3952,53.9016,0.21515,,True,False,900,70,33
1754,2020-06-12 09:10:00,17.6535,14.4204,14.2976,17.6717,16.162,57.3626,0.24087,,True,False,900,70,33
1755,2020-06-12 09:10:00,17.4805,14.0015,13.8079,17.5038,16.7918,62.5579,0.2766,144.894,False,True,900,70,33
1756,2020-06-12 09:10:00,17.7256,13.2014,13.0775,17.7548,20.1486,84.3626,0.39707,60.025,False,True,900,70,33
1757,2020-06-12 09:10:00,17.6468,11.7808,11.5993,17.6798,25.6271,116.9719,0.54438,25.055,False,True,900,70,33
1758,2020-06-12 09:10:00,17.9675,11.7503,11.5311,18.0214,29.0312,128.7624,0.5672,24.98,False,True,900,70,33
1759,2020-06-12 09:10:00,18.0166,10.1929,10.0573,18.0564,34.3751,164.3575,0.72469,14.501,False,True,900,70,33
1760,2020-06-12 09:10:00,17.2577,10.8599,10.6802,17.342,25.6427,129.9766,0.56492,16.755,False,True,900,70,33
1761,2020-06-12 09:10:00,17.0773,9.9171,9.7919,17.1131,31.5205,148.2408,0.65487,15.908,False,True,900,70,33
1762,2020-06-12 09:10:00,17.1817,6.4813,6.3303,17.4784,34.2767,238.622,0.98967,2.755,False,True,900,70,33
1763,2020-06-12 09:10:00,17.6289,7.1237,6.923,17.8936,36.8919,232.4971,0.99154,3.754,False,True,900,70,33
1764,2020-06-12 09:10:00,18.0233,7.3076,7.145,18.0754,42.8429,240.542,1.035,6.075,False,True,900,70,33
1765,2020-06-12 09:10:00,17.8101,5.96,5.8344,17.9247,45.7459,271.0774,1.19072,4.445,False,True,900,70,33
1766,2020-06-12 09:10:00,18.54,8.0743,7.9738,18.572,44.6133,228.9027,1.01385,8.341,False,True,900,70,33
1767,2020-06-12 09:10:00,17.5245,5.3668,2.9104,18.0278,9.5537,187.7328,1.21489,1.286,False,True,900,70,33
1768,2020-06-12 09:10:00,7.0745,5.9132,2.1616,9.5814,4.6699,169.606,0.96113,,True,False,900,70,33
1769,2020-06-12 09:10:00,17.1198,5.3159,2.9139,17.4387,10.4739,196.2783,1.21746,1.496,False,True,900,70,33
1770,2020-06-12 09:10:00,17.9846,4.9516,2.7615,18.2962,16.4314,303.3056,1.50607,2.173,False,True,900,70,33
1771,2020-06-12 09:10:00,17.3335,5.2252,3.3463,17.7197,11.5595,188.7808,1.18368,1.367,False,True,900,70,33
1772,2020-06-12 09:10:00,16.8035,6.5475,3.0075,17.1716,5.3283,178.7102,1.22312,1.772,False,True,900,70,33
1773,2020-06-12 09:10:00,15.3295,5.3043,2.3071,15.5138,4.0931,230.9558,1.2707,1.992,False,True,900,70,33
1774,2020-06-12 09:10:00,16.7397,9.54,4.528,17.0038,0.7829,78.0363,1.05337,2.443,False,True,900,70,33
1775,2020-06-12 09:10:00,18.8597,16.7176,16.5502,18.862,10.592,30.4621,0.10932,,True,False,900,70,33
1776,2020-06-12 09:10:00,18.5256,16.9576,16.7695,18.747,8.6804,13.9041,0.06551,,True,False,900,70,33
1777,2020-06-12 09:10:00,17.0721,16.9175,16.657,17.9369,6.5482,-23.7064,0.1202,,True,False,900,70,33
1778,2020-06-12 09:10:00,17.3636,16.1788,16.0298,17.5127,6.4265,18.7381,0.09984,,True,False,900,70,33
1779,2020-06-12 09:10:00,18.4981,16.5649,16.378,18.525,9.4626,27.4784,0.10149,,True,False,900,70,33
1780,2020-06-12 09:10:00,18.2147,16.4002,16.2241,18.2313,8.6367,26.2213,0.08392,,True,False,900,70,33
1781,2020-06-12 09:10:00,18.3966,16.2585,16.0552,18.4164,8.2409,38.737,0.13861,,True,False,900,70,33
1782,2020-06-12 09:10:00,18.0268,15.8312,15.616,18.047,10.422,33.5771,0.12725,,True,False,900,70,33
1783,2020-06-12 09:10:00,17.8804,16.5061,16.3148,17.8945,6.2569,13.2901,0.06458,,True,False,900,70,33
1784,2020-06-19 13:40:00,14.2927,5.5329,5.5229,14.3645,55.56,114.2491,0.55123,26.55,False,True,900,71,33
1785,2020-06-19 13:40:00,13.8386,7.092,7.0849,14.0334,35.5814,136.4488,1.02338,23.143,False,True,900,71,33
1786,2020-06-19 13:40:00,12.0109,7.4317,7.4238,12.8328,38.0971,33.3066,0.15674,79.016,False,True,900,71,33
1787,2020-06-19 13:40:00,14.2825,7.0593,7.0573,14.3702,47.1012,91.6669,0.36816,37.251,False,True,900,71,33
1788,2020-06-19 13:40:00,14.0703,6.61,6.602,14.1421,48.1037,92.0721,0.37285,34.908,False,True,900,71,33
1789,2020-06-19 13:40:00,14.1952,6.3472,6.3432,14.2596,50.4819,95.0498,0.41581,32.116,False,True,900,71,33
1790,2020-06-19 13:40:00,13.6366,5.2079,5.1978,13.9007,55.1718,111.3212,0.59149,27.469,False,True,900,71,33
1791,2020-06-19 13:40:00,12.1872,6.8189,6.8102,12.7508,33.4482,99.3937,0.52539,31.299,False,True,900,71,33
1792,2020-06-19 13:40:00,11.5984,5.3923,5.3891,11.9875,38.1821,105.024,0.55593,25.059,False,True,900,71,33
1793,2020-06-19 13:40:00,12.1229,6.3757,6.3538,12.5117,32.784,113.7536,0.81138,26.159,False,True,900,71,33
1794,2020-06-19 13:40:00,11.5609,5.4856,5.4833,11.8932,28.2137,139.9284,0.95427,20.701,False,True,900,71,33
1795,2020-06-19 13:40:00,9.9914,4.4461,4.3861,10.4656,32.6896,112.1595,0.5596,21.071,False,True,900,71,33
1796,2020-06-19 13:40:00,7.3732,4.4666,3.0903,10.434,35.6438,82.9485,0.5757,72.172,False,True,900,71,33
1797,2020-06-19 13:40:00,9.141,4.3735,4.352,10.3571,33.0322,107.5194,0.56251,29.567,False,True,900,71,33
1798,2020-06-19 13:40:00,2.7315,4.633,0.5642,9.1265,25.4573,27.7638,0.69836,,True,False,900,71,33
1799,2020-06-19 13:40:00,10.7761,4.6157,4.6075,11.2143,32.4098,174.6328,0.61177,15.448,False,True,900,71,33
1800,2020-06-19 13:40:00,8.6124,4.2256,4.2037,9.442,25.2188,101.3263,0.43691,21.452,False,True,900,71,33
1801,2020-06-19 13:40:00,10.0102,4.1084,4.0666,10.4564,25.6245,120.3392,0.49108,7.312,False,True,900,71,33
1802,2020-06-19 13:40:00,8.5767,4.3421,4.3368,9.9437,23.0448,64.8041,0.35943,4.609,False,True,900,71,33
1803,2020-06-19 13:40:00,7.1587,4.2541,4.2166,7.8569,19.962,48.1613,0.23722,48.548,False,True,900,71,33
1804,2020-06-19 13:40:00,9.1754,4.3133,4.2982,9.8968,24.3573,100.1926,0.42351,14.878,False,True,900,71,33
1805,2020-06-19 13:40:00,9.6025,4.8973,4.8542,10.5873,25.7764,103.269,0.44256,20.94,False,True,900,71,33
1806,2020-06-19 13:40:00,10.6463,4.9591,4.9529,11.3656,27.5866,119.8022,0.49695,13.179,False,True,900,71,33
1807,2020-06-19 13:40:00,10.6081,5.8181,5.7771,11.7134,28.7963,95.0834,0.42947,29.131,False,True,900,71,33
1808,2020-06-19 13:40:00,14.9372,11.1107,11.0871,15.209,23.669,62.0832,0.27802,89.974,False,True,900,71,33
1809,2020-06-19 13:40:00,7.4959,11.6159,1.8321,12.3024,-3.4937,-100.4883,0.47159,,True,False,900,71,33
1810,2020-06-19 13:40:00,14.3269,11.2856,11.225,15.1295,23.331,50.7267,0.27039,133.064,False,True,900,71,33
1811,2020-06-19 13:40:00,15.1898,11.2819,11.2402,15.5907,25.5149,60.8426,0.32084,90.733,False,True,900,71,33
1812,2020-06-19 13:40:00,14.9651,11.0513,10.1296,15.2093,25.2217,60.1617,0.29349,61.809,False,True,900,71,33
1813,2020-06-19 13:40:00,14.6826,8.0174,7.999,15.0213,32.9839,58.2337,0.33263,82.242,False,True,900,71,33
1814,2020-06-19 13:40:00,7.1822,0.429,0.0021,13.4141,37.8126,-89.3581,1.99258,144.227,False,True,900,71,33
1815,2020-06-19 13:40:00,12.9412,0.2602,0.0039,13.822,45.6845,7.9175,1.61165,111.638,False,True,900,71,33
1816,2020-06-19 13:40:00,14.7966,8.2574,8.2176,15.1536,32.2417,54.0111,0.34352,89.774,False,True,900,71,33
1817,2020-06-26 16:30:00,14.4038,11.1515,11.0935,14.4469,18.707,50.1533,0.18588,114.749,False,True,900,72,24
1818,2020-06-26 16:30:00,13.7597,10.765,10.7482,13.8395,18.4683,42.5606,0.17429,129.698,False,True,900,72,24
1819,2020-06-26 16:30:00,14.1063,9.417,9.4131,14.2914,27.1144,49.8514,0.11597,79.466,False,True,900,72,24
1820,2020-06-26 16:30:00,12.9184,10.3294,10.31,13.3753,18.7753,37.2069,0.19434,149.134,False,True,900,72,24
1821,2020-06-26 16:30:00,14.8766,12.1604,12.1525,14.9145,14.6906,57.0453,0.24413,,True,False,900,72,24
1822,2020-06-26 16:30:00,15.2312,12.4031,12.3943,15.3435,14.404,59.0682,0.24357,,True,False,900,72,24
1823,2020-06-26 16:30:00,14.7958,12.2655,12.2015,14.8137,13.8306,49.8809,0.20111,,True,False,900,72,24
1824,2020-06-26 16:30:00,15.5908,13.1363,12.7777,15.6464,15.0873,36.9951,0.18073,,True,False,900,72,24
1825,2020-06-26 16:30:00,15.9452,11.061,11.0487,16.1453,22.2895,82.609,0.29946,46.046,False,True,900,72,24
1826,2020-06-26 16:30:00,10.8993,10.2631,9.7547,12.9699,16.3151,-38.135,0.40385,,True,False,900,72,24
1827,2020-06-26 16:30:00,15.7216,10.3419,10.3339,15.8502,16.9943,125.2881,0.42008,9.178,False,True,900,72,24
1828,2020-06-26 16:30:00,14.3463,10.4598,10.4533,14.4856,18.0484,39.5269,0.14955,75.82,False,True,900,72,24
1829,2020-06-26 16:30:00,16.5656,13.2485,13.2297,16.6142,18.9616,52.1359,0.1992,148.703,False,True,900,72,24
1830,2020-06-26 16:30:00,16.7972,13.5389,13.5348,16.8507,18.878,50.1703,0.19468,,True,False,900,72,24
1831,2020-06-26 16:30:00,16.6406,13.3139,13.3009,16.7491,20.6772,48.1124,0.18605,148.461,False,True,900,72,24
1832,2020-06-26 16:30:00,11.1078,9.8161,9.7951,11.3306,5.1571,12.0644,0.08483,,True,False,900,72,24
1833,2020-06-26 16:30:00,17.8829,11.5607,11.5488,18.0457,29.7172,95.4943,0.30256,38.604,False,True,900,72,24
1834,2020-06-26 16:30:00,16.7697,10.7659,10.7562,16.9482,27.5403,89.1611,0.27616,34.922,False,True,900,72,24
1835,2020-06-26 16:30:00,13.6943,12.8552,12.8292,14.2328,5.678,16.9902,0.04682,,True,False,900,72,24
1836,2020-06-26 16:30:00,14.5092,13.559,13.5485,14.8493,7.6258,-8.5622,0.06897,,True,False,900,72,24
1837,2020-06-26 16:30:00,16.9699,10.6832,10.6726,17.0916,30.4907,95.2184,0.31959,33.325,False,True,900,72,24
1838,2020-06-26 16:30:00,16.3727,10.3054,10.2833,16.4282,31.0793,57.6423,0.25375,38.091,False,True,900,72,24
1839,2020-06-26 16:30:00,15.3065,13.6859,13.5717,15.9522,5.8281,88.3643,0.29576,,True,False,900,72,24
1840,2020-06-26 16:30:00,17.0777,12.0585,11.4242,17.1733,9.7961,232.1561,0.74786,11.775,False,True,900,72,24
1841,2020-07-14 17:40:00,19.1258,7.2285,6.9817,19.2671,62.9136,247.8837,1.77016,13.683,False,True,900,73,30
1842,2020-07-14 17:40:00,12.0954,5.9623,5.5303,15.2571,19.6499,-116.6405,0.6006,0.31,False,True,900,73,30
1843,2020-07-14 17:40:00,17.793,7.295,7.1065,18.0784,47.1279,294.4293,1.66837,12.733,False,True,900,73,30
1844,2020-07-14 17:40:00,10.2015,5.3271,5.3189,12.9257,24.2261,-123.2549,0.58662,0.331,False,True,900,73,30
1845,2020-07-14 17:40:00,18.6356,7.8919,7.6625,18.8837,38.0461,299.7878,1.23316,5.689,False,True,900,73,30
1846,2020-07-14 17:40:00,10.8805,5.5148,5.5038,13.6545,22.3078,-95.432,0.50455,0.353,False,True,900,73,30
1847,2020-07-14 17:40:00,17.7852,9.8344,9.8187,18.4365,50.7509,97.9312,0.49548,13.763,False,True,900,73,30
1848,2020-07-14 17:40:00,17.403,9.682,9.6754,18.0135,49.0512,99.8108,0.47957,13.76,False,True,900,73,30
1849,2020-07-14 17:40:00,16.7029,9.246,9.2248,17.2198,47.8255,98.3807,0.5004,13.763,False,True,900,73,30
1850,2020-07-14 17:40:00,16.7362,9.5798,9.578,17.3431,45.2765,77.0901,0.44182,13.762,False,True,900,73,30
1851,2020-07-14 17:40:00,16.0574,3.9311,3.9047,16.699,69.4654,199.0267,1.62027,13.725,False,True,900,73,30
1852,2020-07-14 17:40:00,16.5647,4.0746,4.0579,17.1179,63.1743,318.2556,1.73039,13.571,False,True,900,73,30
1853,2020-07-14 17:40:00,16.1281,3.9338,3.9051,16.8291,72.8715,171.022,1.53891,13.735,False,True,900,73,30
1854,2020-07-14 17:40:00,16.5735,4.295,4.242,17.1356,65.1744,284.8729,1.69766,13.693,False,True,900,73,30
1855,2020-07-14 17:40:00,15.923,3.9586,3.9343,16.6029,70.8249,183.2132,1.53286,13.733,False,True,900,73,30
1856,2020-07-14 17:40:00,14.1475,4.537,4.5129,14.5428,58.4267,180.3319,1.38229,13.758,False,True,900,73,30
1857,2020-07-14 17:40:00,13.2048,13.4534,11.2224,15.6049,7.2946,-182.0891,0.69529,,True,False,900,73,30
1858,2020-07-14 17:40:00,16.7857,15.642,12.4163,17.4782,4.9759,-5.2952,0.30762,,True,False,900,73,30
1859,2020-07-14 17:40:00,15.0953,14.4093,12.2752,16.6256,11.1845,-115.6673,0.47814,,True,False,900,73,30
1860,2020-07-14 17:40:00,14.8206,13.5388,11.8638,16.1041,13.6521,2.6506,0.24091,,True,False,900,73,30
1861,2020-07-14 17:40:00,14.9147,13.5867,11.8212,16.1308,11.3099,13.2206,0.25417,,True,False,900,73,30
1862,2020-07-14 17:40:00,9.998,12.979,9.7348,13.5543,-4.8975,-88.3445,0.42978,,True,False,900,73,30
1863,2020-07-14 17:40:00,14.7874,12.3321,11.6589,15.8501,17.9907,29.4845,0.30372,,True,False,900,73,30
1864,2020-07-14 17:40:00,19.7654,6.51,6.4891,19.7943,71.3332,258.0092,1.34906,13.011,False,True,900,73,30
1865,2020-07-14 17:40:00,15.4609,7.2489,7.2147,15.5373,33.3188,284.7711,1.36063,12.773,False,True,900,73,30
1866,2020-07-14 17:40:00,19.619,6.6461,6.6226,19.686,76.0024,221.8987,1.29896,13.691,False,True,900,73,30
1867,2020-07-14 17:40:00,18.067,7.2231,7.199,18.6161,32.4548,339.8443,1.25517,5.015,False,True,900,73,30
1868,2020-07-14 17:40:00,7.2883,9.4843,4.7919,14.2639,21.6311,-341.0552,1.21478,,True,False,900,73,30
1869,2020-07-14 17:40:00,6.3754,8.6159,4.3326,13.7418,26.1469,-294.1657,1.09659,,True,False,900,73,30
1870,2020-07-14 17:40:00,5.657,8.6299,4.1502,14.1503,27.6707,-322.6141,1.18695,,True,False,900,73,30
1871,2020-08-07 17:10:00,14.9229,16.3552,14.4023,16.3849,-11.8313,-15.4239,0.31873,,True,False,900,25,31
1872,2020-08-07 17:10:00,0.0716,16.2971,0.0418,16.3456,-48.1376,-560.9208,2.15171,,True,False,900,25,31
1873,2020-08-07 17:10:00,14.2636,16.2032,14.2052,16.2398,-11.2509,-16.2552,0.31242,,True,False,900,25,31
1874,2020-08-07 17:10:00,14.7252,17.0039,14.5303,17.1161,-11.7057,-47.7978,0.39366,,True,False,900,25,31
1875,2020-08-07 17:10:00,14.7116,17.0318,14.6622,17.1679,-12.3022,-48.1986,0.40584,,True,False,900,25,31
1876,2020-08-07 17:10:00,14.2623,16.9185,14.212,17.0747,-12.8342,-52.2703,0.39313,,True,False,900,25,31
1877,2020-08-07 17:10:00,13.9996,13.9146,11.3504,14.7681,-16.2387,65.8667,0.32465,,True,False,900,25,31
1878,2020-08-07 17:10:00,13.7914,13.949,11.4719,14.5095,-15.6802,56.828,0.30293,,True,False,900,25,31
1879,2020-08-07 17:10:00,13.5933,13.8009,11.2413,14.3009,-15.251,59.3992,0.31381,,True,False,900,25,31
1880,2020-08-07 17:10:00,14.5461,14.2985,12.4898,15.2478,-14.4104,36.0027,0.35474,,True,False,900,25,31
1881,2020-08-07 17:10:00,13.0916,13.5584,11.2579,13.721,-14.9386,44.935,0.26418,,True,False,900,25,31
1882,2020-08-07 17:10:00,14.0335,13.7828,11.547,14.7919,-14.106,42.6723,0.30023,,True,False,900,25,31
1883,2020-08-07 17:10:00,14.1136,14.6459,11.7013,14.8233,-18.204,55.9447,0.31691,,True,False,900,25,31
1884,2020-08-07 17:10:00,19.4145,14.0958,12.2042,20.2752,-9.4068,118.0342,0.63149,1.406,False,True,900,25,31
1885,2020-08-07 17:10:00,13.7575,12.0941,8.8428,14.4785,-0.6995,-81.9237,1.18491,4.135,False,True,900,25,31
1886,2020-08-07 17:10:00,14.845,13.5379,9.8153,15.6543,-10.5026,-56.3131,1.10727,2.578,False,True,900,25,31
1887,2020-08-07 17:10:00,13.2543,10.9938,6.6966,14.0932,6.2454,15.3327,1.51421,3.859,False,True,900,25,31
1888,2020-08-07 17:10:00,13.2796,11.916,8.4148,13.986,-7.1344,20.0586,0.89543,3.396,False,True,900,25,31
1889,2020-08-07 17:10:00,13.2029,11.3391,6.8785,14.1144,-4.4155,-42.4059,1.39492,3.063,False,True,900,25,31
1890,2020-08-07 17:10:00,14.165,12.643,8.7813,15.0256,-8.5197,-78.2521,1.21351,2.918,False,True,900,25,31
1891,2020-10-12 16:10:00,15.6623,15.7832,15.5144,16.5289,2.5714,-35.3807,0.16994,,True,False,900,74,19
1892,2020-10-12 16:10:00,16.5521,15.96,15.7808,16.9165,6.236,7.2762,0.07066,,True,False,900,74,19
1893,2020-10-12 16:10:00,16.1484,15.7395,15.2307,17.1343,7.2454,-2.5982,0.17994,,True,False,900,74,19
1894,2020-10-12 16:10:00,16.6885,18.3395,15.304,22.3271,-9.3711,-66.8518,0.94024,,True,False,900,74,19
1895,2020-10-12 16:10:00,11.9155,18.0483,11.2858,20.9337,-44.8004,-103.743,1.21893,,True,False,900,74,19
1896,2020-10-12 16:10:00,16.8123,18.589,15.2984,22.8218,-8.745,-74.2392,1.00405,,True,False,900,74,19
1897,2020-10-12 16:10:00,11.9673,17.8132,4.8284,19.8588,3.2635,-64.3316,0.67117,,True,False,900,74,19
1898,2020-10-12 16:10:00,15.5004,13.0589,12.8065,16.299,21.3621,46.4742,0.38443,,True,False,900,74,19
1899,2020-10-12 16:10:00,17.1617,15.0844,14.9676,17.2692,13.7928,20.1393,0.1159,,True,False,900,74,19
1900,2020-10-12 16:10:00,18.4592,15.3854,15.2621,18.4686,15.3016,53.1234,0.24272,,True,False,900,74,19
1901,2020-10-12 16:10:00,16.9067,15.8171,15.5394,17.3116,8.2711,11.2812,0.23188,,True,False,900,74,19
1902,2020-10-12 16:10:00,17.0048,13.288,12.8453,17.6345,30.1497,50.3601,0.66788,96.44,False,True,900,74,19
1903,2020-10-12 16:10:00,17.3409,11.01,10.9154,18.4945,37.3327,93.1096,0.31813,54.801,False,True,900,74,19
1904,2020-10-12 16:10:00,5.4497,10.9382,5.0658,13.4537,1.5165,-253.5494,1.19189,,True,False,900,74,19
1905,2020-10-12 16:10:00,17.3775,9.8068,9.7221,17.4726,41.972,157.5788,0.53738,22.103,False,True,900,74,19
1906,2020-10-12 16:10:00,17.7719,9.0457,8.9568,19.0747,50.0109,135.9326,0.51199,28.244,False,True,900,74,19
1907,2020-10-12 16:10:00,13.4883,14.329,13.4338,16.7939,14.8737,-95.0484,0.46114,,True,False,900,74,19
1908,2020-10-12 16:10:00,6.2489,9.7818,0.3172,14.1268,19.2823,-120.7777,1.05452,,True,False,900,74,19
1909,2020-10-12 16:10:00,14.9886,8.5776,8.5361,16.1755,43.4776,66.8984,0.24026,41.327,False,True,900,74,19
1910,2020-12-18 17:10:00,18.1679,10.7814,10.6096,18.4555,30.7859,268.8851,1.15142,15.041,False,True,900,75,30
1911,2020-12-18 17:10:00,18.0454,9.2698,9.064,18.2013,19.5496,365.8499,1.28161,5.369,False,True,900,75,30
1912,2020-12-18 17:10:00,18.2004,13.0997,12.9931,18.4373,31.5667,57.3143,0.61288,47.77,False,True,900,75,30
1913,2020-12-18 17:10:00,18.494,10.7708,10.5429,18.7769,24.574,343.4472,1.22267,10.583,False,True,900,75,30
1914,2020-12-18 17:10:00,18.1948,9.8666,9.609,18.5462,21.7688,435.4368,1.44609,10.184,False,True,900,75,30
1915,2020-12-18 17:10:00,18.1408,9.786,9.609,18.4853,17.1739,407.1306,1.35281,7.176,False,True,900,75,30
1916,2020-12-18 17:10:00,18.5463,8.8672,8.1133,18.9006,14.4872,465.9332,1.56508,4.552,False,True,900,75,30
1917,2020-12-18 17:10:00,18.5244,9.8339,9.6643,18.7925,18.8364,441.8104,1.47275,7.931,False,True,900,75,30
1918,2020-12-18 17:10:00,19.2265,9.0216,8.7944,19.5083,23.5041,509.57,1.67759,7.188,False,True,900,75,30
1919,2020-12-18 17:10:00,18.7822,9.7252,9.4302,18.8949,17.2822,435.3685,1.48124,6.778,False,True,900,75,30
1920,2020-12-18 17:10:00,18.07,10.629,10.4736,18.2127,41.9742,45.2433,1.42352,29.52,False,True,900,75,30
1921,2020-12-18 17:10:00,15.2558,9.8159,7.5496,15.3521,21.3954,-7.8441,1.49784,2.433,False,True,900,75,30
1922,2020-12-18 17:10:00,18.1396,14.4734,14.4097,18.2546,26.17,3.0995,0.15631,144.13,False,True,900,75,30
1923,2020-12-18 17:10:00,18.1079,12.3982,12.3167,18.2174,33.5536,48.1362,0.71029,34.733,False,True,900,75,30
1924,2020-12-18 17:10:00,17.4427,11.7395,11.6251,17.529,34.3323,55.4785,0.78038,36.201,False,True,900,75,30
1925,2020-12-18 17:10:00,5.4463,10.4646,0.3145,15.297,6.4543,-185.7486,2.98292,,True,False,900,75,30
1926,2020-12-18 17:10:00,17.8348,15.9621,15.7925,18.298,15.8295,-7.395,0.10701,,True,False,900,75,30
1927,2020-12-18 17:10:00,17.8565,13.7236,13.0535,18.0675,30.2225,17.794,0.19092,118.352,False,True,900,75,30
1928,2020-12-18 17:10:00,18.5386,16.1355,13.3776,18.7556,14.0948,15.7276,0.42563,,True,False,900,75,30
1929,2020-12-18 17:10:00,15.6633,15.1294,15.0287,17.2885,11.388,-48.0069,0.42358,,True,False,900,75,30
1930,2020-12-18 17:10:00,17.1604,15.2928,15.1298,17.4061,13.5591,-9.0461,0.1925,,True,False,900,75,30
1931,2020-12-18 17:10:00,12.5836,14.1048,11.6685,14.4487,-16.7224,-28.0539,0.46397,,True,False,900,75,30
1932,2020-12-18 17:10:00,17.6259,16.2421,16.1591,17.9166,8.0681,-6.9596,0.19622,,True,False,900,75,30
1933,2020-12-18 17:10:00,18.5213,16.7949,16.7218,19.148,11.3496,27.6421,0.14966,,True,False,900,75,30
1934,2020-12-18 17:10:00,12.0502,10.6233,10.3945,12.8927,12.9742,22.4153,0.12416,,True,False,900,75,30
1935,2020-12-18 17:10:00,18.0961,8.566,8.3989,18.23,50.0127,195.1716,0.7307,13.914,False,True,900,75,30
1936,2020-12-18 17:10:00,18.9358,8.2835,8.1211,19.207,57.5622,207.507,0.77064,15.81,False,True,900,75,30
1937,2020-12-18 17:10:00,18.6648,8.5816,8.3757,19.0226,56.0038,203.1835,0.77995,18.791,False,True,900,75,30
1938,2020-12-18 17:10:00,13.9707,11.2851,0.2837,14.1962,11.5919,88.276,1.18322,111.994,False,True,900,75,30
1939,2020-12-18 17:10:00,19.392,9.5758,9.4189,19.6745,52.9407,196.2497,0.72208,18.983,False,True,900,75,30
1940,2021-12-07 16:40:00,8.0524,2.5248,2.4111,8.1792,38.2666,51.4419,0.79918,25.025,False,True,900,76,41
1941,2021-12-07 16:40:00,4.9255,5.1301,4.6892,6.734,10.2305,-34.7786,0.18291,,True,False,900,76,41
1942,2021-12-07 16:40:00,8.0576,2.3752,2.2718,8.2343,36.91,84.4215,0.97998,21.522,False,True,900,76,41
1943,2021-12-07 16:40:00,6.3088,5.3762,5.3362,7.4589,12.7036,0.1455,0.10559,,True,False,900,76,41
1944,2021-12-07 16:40:00,6.0325,2.7481,2.693,6.2164,24.992,5.9603,0.10049,58.836,False,True,900,76,41
1945,2021-12-07 16:40:00,7.5654,5.9256,5.8853,7.7644,9.6201,35.339,0.13949,116.497,False,True,900,76,41
1946,2021-12-07 16:40:00,9.6668,6.0221,5.9598,10.0986,12.0574,65.3995,0.24161,7.338,False,True,900,76,41
1947,2021-12-07 16:40:00,9.915,7.556,7.4917,10.4647,12.1345,87.8661,0.44942,45.077,False,True,900,76,41
1948,2021-12-07 16:40:00,11.3168,4.8435,4.7972,11.9903,16.9976,138.4151,0.58473,1.794,False,True,900,76,41
1949,2021-12-07 16:40:00,10.8998,7.4137,7.3817,11.016,15.197,98.014,0.44544,24.147,False,True,900,76,41
1950,2021-12-07 16:40:00,12.3912,5.6364,5.6069,13.1988,22.1022,126.698,0.51903,2.604,False,True,900,76,41
1951,2021-12-07 16:40:00,5.2116,4.4994,4.4353,5.511,5.5168,-1.5111,0.0659,,True,False,900,76,41
1952,2021-12-07 16:40:00,6.2905,5.1811,5.1348,6.6795,6.6548,5.2855,0.08343,,True,False,900,76,41
1953,2021-12-07 16:40:00,6.1235,5.9294,5.8696,6.7728,5.7058,-14.8562,0.10334,,True,False,900,76,41
1954,2021-12-07 16:40:00,3.6987,3.3502,3.2027,3.9279,4.0416,-6.9553,0.0805,,True,False,900,76,41
1955,2021-12-07 16:40:00,5.355,3.3191,3.3001,5.5409,11.5817,17.3051,0.09876,45.31,False,True,900,76,41
1956,2021-12-07 16:40:00,5.4772,3.4363,3.3667,5.8185,9.7694,22.1363,0.1212,26.107,False,True,900,76,41
1957,2021-12-07 16:40:00,4.0429,4.3864,3.3639,5.1477,-0.4822,-59.9541,0.28188,,True,False,900,76,41
1958,2021-12-07 16:40:00,5.7539,7.5489,5.1055,7.8147,0.1535,-40.2667,0.16424,,True,False,900,76,41
1959,2021-12-07 16:40:00,6.7362,6.1377,6.0919,7.1769,5.951,11.1858,0.10761,,True,False,900,76,41
1960,2021-12-07 16:40:00,6.9723,6.4632,5.9025,7.7539,8.6296,-2.4638,0.14534,,True,False,900,76,41
1961,2021-12-07 16:40:00,8.3569,4.4976,4.4582,8.8777,23.4348,75.9693,0.28931,32.596,False,True,900,76,41
1962,2021-12-07 16:40:00,11.0498,7.7122,7.6674,11.6373,16.683,106.576,0.50154,26.427,False,True,900,76,41
1963,2021-12-07 16:40:00,12.8567,7.8667,7.8142,13.0824,16.2012,148.7696,0.66622,9.92,False,True,900,76,41
1964,2021-12-07 16:40:00,10.5945,7.6894,7.6569,11.0012,15.9132,64.5634,0.28248,58.107,False,True,900,76,41
1965,2021-12-07 16:40:00,11.7943,7.9497,6.7241,12.1573,12.7645,121.3511,0.83126,20.486,False,True,900,76,41
1966,2021-12-07 16:40:00,9.9787,6.3049,6.2635,10.1269,12.9412,102.3965,0.44376,11.629,False,True,900,76,41
1967,2021-12-07 16:40:00,8.25,6.5047,6.4502,9.1957,15.5717,38.3559,0.20487,124.483,False,True,900,76,41
1968,2021-12-07 16:40:00,11.8983,6.2492,6.0833,12.2258,10.5228,124.054,0.59563,1.721,False,True,900,76,41
1969,2021-12-07 16:40:00,5.3543,8.2797,4.7167,8.5896,0.7959,-52.2581,0.24505,,True,False,900,76,41
1970,2021-12-07 16:40:00,10.4996,6.5676,6.3003,10.7604,13.5204,115.9129,0.52744,10.901,False,True,900,76,41
1971,2021-12-07 16:40:00,10.5627,6.0266,5.993,10.7584,13.8988,81.2376,0.34216,4.279,False,True,900,76,41
1972,2021-12-07 16:40:00,10.6261,6.1531,6.0444,10.7851,10.5469,117.5047,0.48696,4.513,False,True,900,76,41
1973,2021-12-07 16:40:00,10.4252,5.6197,5.5504,10.8832,9.9594,108.6229,0.45611,1.86,False,True,900,76,41
1974,2021-12-07 16:40:00,9.7519,5.8192,5.7813,10.0734,14.5727,58.7232,0.25749,6.95,False,True,900,76,41
1975,2021-12-07 16:40:00,10.9201,7.8888,7.2882,11.354,15.0509,112.6249,0.61217,24.422,False,True,900,76,41
1976,2021-12-07 16:40:00,10.9169,7.1408,6.0895,11.1468,2.1354,62.7335,0.35498,0.447,False,True,900,76,41
1977,2021-12-07 16:40:00,11.7327,7.8054,7.4794,11.8717,17.5334,109.8931,0.58295,19.639,False,True,900,76,41
1978,2021-12-07 16:40:00,11.6551,7.3031,6.7875,11.8613,10.8133,115.3853,0.56667,6.123,False,True,900,76,41
1979,2021-12-07 16:40:00,11.5964,8.7995,8.2641,12.0967,13.212,116.2595,0.57351,24.572,False,True,900,76,41
1980,2021-12-07 16:40:00,11.6802,8.076,7.5766,11.9335,8.3543,118.2665,0.52107,8.786,False,True,900,76,41
1981,2022-02-14 13:50:00,11.9567,10.5144,10.4861,12.6406,7.291,73.1962,0.34605,,True,False,900,77,37
1982,2022-02-14 13:50:00,14.5394,11.0434,11.0193,14.709,16.7447,92.66,0.52637,48.744,False,True,900,77,37
1983,2022-02-14 13:50:00,12.233,8.7128,8.6876,12.4191,13.3002,107.3233,0.54336,21.873,False,True,900,77,37
1984,2022-02-14 13:50:00,13.7734,11.0349,10.2933,13.9372,13.6659,55.7621,0.25232,96.987,False,True,900,77,37
1985,2022-02-14 13:50:00,12.4364,7.8303,7.7516,12.6255,7.487,158.2809,0.61025,5.02,False,True,900,77,37
1986,2022-02-14 13:50:00,11.2921,8.4573,8.2868,11.5083,2.7994,69.7164,0.29936,7.749,False,True,900,77,37
1987,2022-02-14 13:50:00,8.2156,9.2762,7.186,9.3695,-13.6983,4.4232,0.17035,,True,False,900,77,37
1988,2022-02-14 13:50:00,13.3771,10.4107,10.2248,13.4422,7.7025,91.5295,0.44676,26.728,False,True,900,77,37
1989,2022-02-14 13:50:00,9.444,5.4419,5.4109,10.4327,7.3783,44.3931,0.21602,0.934,False,True,900,77,37
1990,2022-02-14 13:50:00,9.3555,5.5151,5.4699,9.9531,9.7574,42.4831,0.17923,2.032,False,True,900,77,37
1991,2022-02-14 13:50:00,9.5227,7.8519,7.445,9.9478,1.6623,44.0334,0.28422,24.463,False,True,900,77,37
1992,2022-02-14 13:50:00,10.1159,5.6833,5.6608,10.9652,14.9443,64.0783,0.2262,4.079,False,True,900,77,37
1993,2022-02-14 13:50:00,8.6974,0.8577,0.7396,10.0477,44.0302,59.721,0.66754,1.067,False,True,900,77,37
1994,2022-02-14 13:50:00,9.5945,6.978,6.9367,9.8271,7.5845,66.7709,0.25533,22.319,False,True,900,77,37
1995,2022-02-14 13:50:00,9.6147,6.0509,6.0257,10.1946,8.6198,53.4863,0.20765,3.266,False,True,900,77,37
1996,2022-02-14 13:50:00,10.1558,7.7824,7.7389,10.701,6.6698,54.1576,0.2307,39.631,False,True,900,77,37
1997,2022-02-14 13:50:00,10.439,7.4627,7.4378,10.8528,8.7289,75.4177,0.30675,17.771,False,True,900,77,37
1998,2022-02-14 13:50:00,9.3568,6.317,6.3039,9.8247,13.676,37.5429,0.11474,54.485,False,True,900,77,37
1999,2022-02-14 13:50:00,10.7649,6.7389,6.7191,11.3268,14.9703,61.6548,0.21913,12.906,False,True,900,77,37
2000,2022-02-14 13:50:00,11.3742,6.8757,6.8269,11.6948,8.3799,78.8971,0.40944,2.168,False,True,900,77,37
2001,2022-02-14 13:50:00,10.9377,7.4232,7.3821,11.5818,6.934,65.2726,0.26339,4.806,False,True,900,77,37
2002,2022-02-14 13:50:00,11.8447,8.2043,8.142,12.0632,10.6397,123.8416,0.54505,13.654,False,True,900,77,37
2003,2022-02-14 13:50:00,11.9343,8.8333,8.795,12.4078,9.4196,79.9826,0.3814,24.808,False,True,900,77,37
2004,2022-02-14 13:50:00,11.4749,7.1488,7.1207,12.2835,13.1174,57.0632,0.22951,4.446,False,True,900,77,37
2005,2022-02-14 13:50:00,12.5203,10.8083,10.3715,13.1601,4.2767,126.8383,0.54955,,True,False,900,77,37
2006,2022-02-14 13:50:00,11.6803,7.9643,7.8777,11.7823,6.6756,111.0177,0.44761,6.746,False,True,900,77,37
2007,2022-02-14 13:50:00,11.09,8.8784,8.7519,11.3194,7.6593,57.77,0.31923,54.566,False,True,900,77,37
2008,2022-02-14 13:50:00,10.2853,9.2667,8.5927,10.4004,-2.1973,44.8841,0.27593,,True,False,900,77,37
2009,2022-02-14 13:50:00,12.277,7.9461,7.9285,12.4736,14.8947,99.7986,0.34381,13.313,False,True,900,77,37
2010,2022-02-14 13:50:00,9.0155,2.4217,2.3561,10.0298,24.9668,100.9195,0.60104,1.151,False,True,900,77,37
2011,2022-02-14 13:50:00,7.9826,7.1768,6.0828,9.1266,-4.4674,52.6614,0.23064,,True,False,900,77,37
2012,2022-02-14 13:50:00,9.5647,2.6804,2.6705,10.4489,33.8281,65.3576,0.22002,2.487,False,True,900,77,37
2013,2022-02-14 13:50:00,9.0879,4.8885,4.867,9.5778,23.039,51.1327,0.1279,38.265,False,True,900,77,37
2014,2022-02-14 13:50:00,9.5019,1.7332,1.1371,10.6652,33.618,108.7815,1.06916,1.249,False,True,900,77,37
2015,2022-02-14 13:50:00,8.5426,6.1571,6.1303,8.6591,11.8032,41.9076,0.16069,73.528,False,True,900,77,37
2016,2022-02-14 13:50:00,9.3234,6.3263,6.2983,9.8827,13.2833,43.9291,0.16714,41.979,False,True,900,77,37
2017,2022-02-14 13:50:00,9.717,6.0821,6.0488,10.2574,14.1017,56.5616,0.20049,16.785,False,True,900,77,37
2018,2022-04-14 11:20:00,10.5177,4.5632,4.5307,11.085,35.6454,42.1084,0.11271,35.82,False,True,900,78,35
2019,2022-04-14 11:20:00,6.8199,5.8418,5.0596,7.2356,4.7969,35.2297,0.18193,,True,False,900,78,35
2020,2022-04-14 11:20:00,8.737,5.3807,5.3443,9.5448,15.4415,56.9434,0.16083,22.31,False,True,900,78,35
2021,2022-04-14 11:20:00,13.4333,5.5959,3.7527,13.5194,25.8812,329.1685,2.07511,12.826,False,True,900,78,35
2022,2022-04-14 11:20:00,9.5324,4.4723,4.4375,10.4833,21.0369,62.1744,0.22726,3.956,False,True,900,78,35
2023,2022-04-14 11:20:00,8.4464,4.2735,4.1313,9.4768,14.1704,54.3704,0.20647,2.216,False,True,900,78,35
2024,2022-04-14 11:20:00,7.0917,5.4755,4.5779,7.2543,0.3228,15.5168,0.32564,2.319,False,True,900,78,35
2025,2022-04-14 11:20:00,9.841,5.0377,4.9735,10.9408,14.1852,63.881,0.23171,1.737,False,True,900,78,35
2026,2022-04-14 11:20:00,6.2264,7.4321,5.9148,7.5586,0.9376,6.6181,0.24382,,True,False,900,78,35
2027,2022-04-14 11:20:00,8.1216,1.9884,1.9648,9.0122,30.4022,46.7967,0.15864,2.926,False,True,900,78,35
2028,2022-04-14 11:20:00,6.3631,0.8543,0.8444,6.5514,38.0442,29.8324,0.18481,27.162,False,True,900,78,35
2029,2022-04-14 11:20:00,7.2823,3.303,3.2969,7.5305,23.3003,34.0401,0.12503,29.822,False,True,900,78,35
2030,2022-04-14 11:20:00,9.9253,4.4723,4.4581,10.7477,25.2206,49.8248,0.13316,7.808,False,True,900,78,35
2031,2022-04-14 11:20:00,9.9111,3.7919,3.7689,10.9418,27.419,57.7964,0.17729,2.848,False,True,900,78,35
2032,2022-04-14 11:20:00,6.6916,1.1363,1.1222,7.3895,29.8726,41.6521,0.22983,1.742,False,True,900,78,35
2033,2022-04-14 11:20:00,5.8228,0.6433,0.6354,6.5172,21.9906,51.0114,0.22292,0.832,False,True,900,78,35
2034,2022-04-14 11:20:00,6.6409,0.6712,0.6025,7.484,32.3154,50.9009,0.55262,1.247,False,True,900,78,35
2035,2022-04-14 11:20:00,7.9753,0.9805,0.9549,9.0678,35.7267,53.8544,0.30382,0.878,False,True,900,78,35
2036,2022-04-14 11:20:00,8.2123,1.6933,1.5288,9.142,34.729,64.5738,0.45889,1.872,False,True,900,78,35
2037,2022-04-14 11:20:00,11.4399,7.3557,7.2824,11.9249,10.5267,108.3497,0.45236,7.765,False,True,900,78,35
2038,2022-04-14 11:20:00,8.7198,5.5491,5.5259,9.449,7.9654,36.0,0.16555,1.906,False,True,900,78,35
2039,2022-04-14 11:20:00,10.6726,9.6854,9.632,11.5078,11.715,9.9047,0.14464,,True,False,900,78,35
2040,2022-04-14 11:20:00,10.8524,7.9226,7.8181,11.0785,12.2385,68.5524,0.34713,33.303,False,True,900,78,35
2041,2022-04-14 11:20:00,10.0168,5.8856,5.8778,10.3142,21.9407,56.7719,0.18741,35.371,False,True,900,78,35
2042,2022-04-14 11:20:00,8.6969,2.4468,2.4411,9.4469,33.3375,45.0101,0.18619,2.52,False,True,900,78,35
2043,2022-04-14 11:20:00,7.1853,2.0758,2.0285,8.0547,23.7601,49.0251,0.25771,1.496,False,True,900,78,35
2044,2022-04-14 11:20:00,9.482,3.4034,3.3767,10.3693,31.1816,48.5966,0.17455,3.717,False,True,900,78,35
2045,2022-04-14 11:20:00,9.6105,4.0153,3.9965,10.6402,21.5448,59.0236,0.19216,2.043,False,True,900,78,35
2046,2022-04-14 11:20:00,8.3423,1.3545,1.2624,9.2885,33.7055,84.8373,0.51194,1.386,False,True,900,78,35
2047,2022-04-14 11:20:00,7.9361,1.1092,1.0587,8.7137,35.8389,76.966,0.42015,1.9,False,True,900,78,35
2048,2022-04-14 11:20:00,8.7306,4.6927,4.6427,9.4653,19.647,54.9961,0.14619,13.316,False,True,900,78,35
2049,2022-04-14 11:20:00,9.7981,2.5268,2.5069,10.6998,36.2135,74.2477,0.21034,2.418,False,True,900,78,35
2050,2022-04-14 11:20:00,7.664,1.772,1.1984,7.7675,35.9441,72.3672,0.97754,11.292,False,True,900,78,35
2051,2022-04-14 11:20:00,8.4307,1.5781,1.4212,9.2766,37.1024,75.4008,0.59869,2.393,False,True,900,78,35
2052,2022-04-14 11:20:00,6.8689,1.294,0.7283,7.515,18.7626,104.3414,0.87765,1.134,False,True,900,78,35
2053,2022-04-27 12:20:00,5.3193,3.1123,3.0944,5.5116,11.2677,15.5385,0.05482,52.971,False,True,900,79,47
2054,2022-04-27 12:20:00,4.2999,0.9283,0.9132,4.5153,17.1116,31.5436,0.12319,2.816,False,True,900,79,47
2055,2022-04-27 12:20:00,6.2553,5.6696,5.6494,6.4859,2.1379,1.9094,0.0629,,True,False,900,79,47
2056,2022-04-27 12:20:00,4.9159,1.8421,1.8295,5.1689,14.7611,23.1465,0.09796,4.574,False,True,900,79,47
2057,2022-04-27 12:20:00,4.7424,0.8204,0.8155,4.8822,22.179,39.2442,0.11553,5.628,False,True,900,79,47
2058,2022-04-27 12:20:00,4.1957,0.4832,0.4406,4.3993,16.5003,53.8326,0.31551,1.431,False,True,900,79,47
2059,2022-04-27 12:20:00,3.3178,0.1629,0.1571,3.3374,19.4673,17.889,0.25842,27.691,False,True,900,79,47
2060,2022-04-27 12:20:00,5.2125,4.3539,4.314,5.5547,7.7225,8.4418,0.12425,,True,False,900,79,47
2061,2022-04-27 12:20:00,7.0073,6.8404,6.7171,7.3123,1.7074,-6.8187,0.06064,,True,False,900,79,47
2062,2022-04-27 12:20:00,6.9681,8.6011,6.9063,8.923,-0.9955,-42.183,0.23302,,True,False,900,79,47
2063,2022-04-27 12:20:00,6.2188,2.9256,2.9209,6.5478,16.4608,33.9276,0.09164,19.619,False,True,900,79,47
2064,2022-04-27 12:20:00,7.5281,6.1788,6.1759,7.7348,9.9256,12.5669,0.11203,,True,False,900,79,47
2065,2022-04-27 12:20:00,6.9276,6.0743,6.0417,7.0494,3.8972,17.2153,0.15117,,True,False,900,79,47
2066,2022-04-27 12:20:00,6.941,6.4237,6.3696,7.1257,3.1717,9.3718,0.11797,,True,False,900,79,47
2067,2022-04-27 12:20:00,6.7062,7.4146,6.655,8.0969,3.8809,-38.2727,0.17161,,True,False,900,79,47
2068,2022-04-27 12:20:00,7.2868,6.8308,6.8172,7.5776,4.5049,-11.4503,0.11458,,True,False,900,79,47
2069,2022-04-27 12:20:00,6.4768,4.7438,4.7406,6.5573,10.7265,29.2828,0.17733,65.654,False,True,900,79,47
2070,2022-04-27 12:20:00,6.5639,4.1669,4.1638,6.8379,11.6071,25.158,0.06358,51.939,False,True,900,79,47
2071,2022-04-27 12:20:00,4.7525,1.2541,1.2382,4.9184,21.084,28.9445,0.09686,23.712,False,True,900,79,47
2072,2022-04-27 12:20:00,2.7098,0.4661,0.1572,3.125,16.4259,35.5287,0.34159,8.434,False,True,900,79,47
2073,2022-04-27 12:20:00,6.2162,5.6241,5.6196,6.8903,6.9263,-17.5813,0.14845,,True,False,900,79,47
2074,2022-04-27 12:20:00,7.6505,7.8083,7.4925,8.4349,2.0175,-23.3766,0.09362,,True,False,900,79,47
2075,2022-04-27 12:20:00,6.1267,2.829,2.8117,6.2571,24.2274,5.5577,0.11278,74.458,False,True,900,79,47
2076,2022-04-27 12:20:00,5.5554,6.4748,5.1217,7.719,2.7589,-73.2035,0.38122,,True,False,900,79,47
2077,2022-04-27 12:20:00,6.9826,6.3084,6.2584,7.2059,2.1319,5.1139,0.05757,,True,False,900,79,47
2078,2022-04-27 12:20:00,7.6685,7.233,7.1812,8.028,3.4086,3.528,0.0904,,True,False,900,79,47
2079,2022-04-27 12:20:00,8.1552,7.5432,7.52,8.3497,3.9794,-2.6525,0.10121,,True,False,900,79,47
2080,2022-04-27 12:20:00,3.4688,0.3341,0.2057,3.8313,8.6061,71.7457,0.39705,1.628,False,True,900,79,47
2081,2022-04-27 12:20:00,6.0414,2.0684,2.0654,6.2559,19.815,49.9539,0.24811,6.755,False,True,900,79,47
2082,2022-04-27 12:20:00,9.1856,4.3719,4.2274,9.4741,23.8074,70.6948,0.33507,13.442,False,True,900,79,47
2083,2022-04-27 12:20:00,7.0364,5.8252,5.8156,7.0492,5.7835,29.9085,0.10584,,True,False,900,79,47
2084,2022-04-27 12:20:00,11.4473,8.5273,8.5187,11.6891,17.4632,40.3688,0.12574,91.77,False,True,900,79,47
2085,2022-04-27 12:20:00,8.4664,8.699,8.3445,9.3607,2.3924,6.7174,0.11828,,True,False,900,79,47
2086,2022-04-27 12:20:00,10.9564,3.7674,3.7588,11.1704,27.2301,169.137,0.8878,5.435,False,True,900,79,47
2087,2022-04-27 12:20:00,9.3152,7.6464,7.6189,9.4813,5.8237,50.1437,0.1911,,True,False,900,79,47
2088,2022-04-27 12:20:00,6.5362,5.3387,5.311,6.6785,4.9684,14.58,0.07913,,True,False,900,79,47
2089,2022-04-27 12:20:00,7.4034,5.3259,5.2995,7.7505,6.0226,24.0679,0.10403,24.673,False,True,900,79,47
2090,2022-04-27 12:20:00,7.7872,6.5208,6.4633,8.0526,3.9274,23.8835,0.12111,,True,False,900,79,47
2091,2022-04-27 12:20:00,8.1639,5.97,5.9581,8.5055,7.1804,36.2661,0.15787,29.3,False,True,900,79,47
2092,2022-04-27 12:20:00,7.9912,4.5984,4.5958,8.2563,16.2554,40.3147,0.13723,24.6,False,True,900,79,47
2093,2022-04-27 12:20:00,8.5758,5.4239,5.4113,8.9812,13.1124,41.203,0.13955,24.669,False,True,900,79,47
2094,2022-04-27 12:20:00,7.1779,6.1622,6.1308,7.4949,5.0798,27.7044,0.13588,,True,False,900,79,47
2095,2022-04-27 12:20:00,6.4459,4.4797,4.4681,6.5227,10.3939,15.9572,0.06344,70.13,False,True,900,79,47
2096,2022-04-27 12:20:00,8.6175,8.8323,8.2576,9.9312,6.027,3.9806,0.14558,,True,False,900,79,47
2097,2022-04-27 12:20:00,7.9004,7.8145,7.7585,8.487,2.5057,12.0523,0.1236,,True,False,900,79,47
2098,2022-04-27 12:20:00,7.9286,4.4568,4.4355,8.0756,18.522,65.6953,0.33203,21.664,False,True,900,79,47
2099,2022-04-27 12:20:00,7.9018,4.7409,4.7099,7.9848,16.4893,45.2506,0.2188,27.471,False,True,900,79,47
2100,2022-08-11 11:20:00,20.3939,20.1539,20.037,20.5671,0.3305,-9.018,0.09274,,True,False,900,80,22
2101,2022-08-11 11:20:00,18.7924,19.8744,18.4843,20.1767,-3.9894,-49.6103,0.23012,,True,False,900,80,22
2102,2022-08-11 11:20:00,19.754,19.765,19.5285,20.2493,0.3583,-21.2084,0.1126,,True,False,900,80,22
2103,2022-08-11 11:20:00,19.5931,19.4442,19.4252,19.9007,1.2777,-11.5762,0.08629,,True,False,900,80,22
2104,2022-08-11 11:20:00,18.9708,19.0317,18.7934,19.4824,0.7838,-19.6023,0.09896,,True,False,900,80,22
2105,2022-08-11 11:20:00,19.8728,20.3884,18.9147,20.6331,-9.5894,-6.1808,0.15723,,True,False,900,80,22
2106,2022-08-11 11:20:00,20.0889,20.685,19.8765,20.9068,-5.9926,-4.7494,0.05086,,True,False,900,80,22
2107,2022-08-11 11:20:00,19.2657,20.0759,18.3889,20.4544,-10.8075,-14.0482,0.20623,,True,False,900,80,22
2108,2022-08-11 11:20:00,19.523,19.4767,18.2914,19.9378,-8.3018,10.2472,0.1447,,True,False,900,80,22
2109,2022-08-11 11:20:00,18.5712,18.736,17.3606,19.069,-10.2993,11.3633,0.13304,,True,False,900,80,22
2110,2022-08-11 11:20:00,19.007,18.1472,17.5206,19.4154,-4.0058,38.0597,0.16659,,True,False,900,80,22
2111,2022-08-11 11:20:00,19.7145,19.0756,18.2221,20.233,-3.7477,-16.5066,0.14919,,True,False,900,80,22
2112,2022-08-11 11:20:00,19.3731,18.2558,17.2228,19.8965,-6.6609,51.7641,0.22228,,True,False,900,80,22
2113,2022-08-11 11:20:00,19.9325,19.5587,18.8291,20.4264,-4.4326,0.4241,0.20495,,True,False,900,80,22
2114,2022-08-11 11:20:00,19.3427,19.3483,17.9545,19.8726,-9.1618,1.2538,0.19988,,True,False,900,80,22
2115,2022-08-11 11:20:00,20.426,20.006,19.2275,20.9883,-3.4205,-12.4776,0.23248,,True,False,900,80,22
2116,2022-08-11 11:20:00,19.8904,19.8188,18.6634,20.4433,-6.1218,-15.8485,0.27153,,True,False,900,80,22
2117,2022-08-11 11:20:00,20.2476,20.1269,19.2537,20.7321,-4.808,-7.4056,0.26902,,True,False,900,80,22
2118,2022-08-11 11:20:00,19.5276,19.568,18.4287,20.0054,-6.5865,-13.8777,0.24732,,True,False,900,80,22
2119,2022-08-11 11:20:00,18.9503,19.116,17.737,19.3738,-8.635,-0.8838,0.13427,,True,False,900,80,22
2120,2022-08-11 11:20:00,18.8609,19.5624,15.7666,20.1039,-7.079,-10.8978,0.19172,,True,False,900,80,22
2121,2022-08-11 11:20:00,19.5339,20.1153,18.4695,20.2829,-10.9151,-7.475,0.1649,,True,False,900,80,22
2122,2022-08-11 11:30:00,20.9753,19.9995,19.9849,21.5099,5.6334,-28.3815,0.2475,,True,False,900,81,47
2123,2022-08-11 11:30:00,20.8774,19.9549,19.9378,21.3604,4.8551,-27.852,0.25289,,True,False,900,81,47
2124,2022-08-11 11:30:00,17.5825,15.5062,15.1872,17.6185,10.5569,1.2697,0.24802,,True,False,900,81,47
2125,2022-08-11 11:30:00,18.289,16.2925,16.2754,18.5028,8.6832,19.418,0.22277,,True,False,900,81,47
2126,2022-08-11 11:30:00,20.3736,19.6807,19.6712,20.7326,4.3161,-24.0839,0.13855,,True,False,900,81,47
2127,2022-08-11 11:30:00,20.6791,19.9301,19.9085,20.9794,4.4676,-22.4395,0.14401,,True,False,900,81,47
2128,2022-08-11 11:30:00,20.783,19.9112,19.8995,21.5745,9.3419,-28.538,0.15482,,True,False,900,81,47
2129,2022-08-11 11:30:00,21.381,19.9679,19.961,21.9209,11.7386,-21.056,0.14305,,True,False,900,81,47
2130,2022-08-11 11:30:00,21.3693,19.8297,19.7975,21.9703,13.0677,-14.9832,0.1227,,True,False,900,81,47
2131,2022-08-11 11:30:00,20.5323,19.8077,19.8047,21.5351,8.1359,-48.161,0.24807,,True,False,900,81,47
2132,2022-08-11 11:30:00,21.3683,20.0286,20.0146,21.8392,10.2514,-23.5479,0.15435,,True,False,900,81,47
2133,2022-08-11 11:30:00,21.5956,19.9548,19.949,22.272,14.3664,-18.8154,0.13539,,True,False,900,81,47
2134,2022-08-11 11:30:00,21.3076,19.6238,19.6043,21.9406,14.6626,-20.4385,0.13648,,True,False,900,81,47
2135,2022-08-11 11:30:00,22.0437,20.4236,20.402,22.4652,12.8565,-9.0371,0.10609,,True,False,900,81,47
2136,2022-08-11 11:30:00,20.8729,19.6765,19.6658,21.9141,14.4875,-24.74,0.16346,,True,False,900,81,47
2137,2022-08-11 11:30:00,21.82,20.4687,20.4366,22.3964,11.6125,-18.0498,0.13187,,True,False,900,81,47
2138,2022-08-11 11:30:00,21.6408,20.2704,20.2594,22.1567,11.3213,-20.9078,0.12945,,True,False,900,81,47
2139,2022-08-11 11:30:00,17.4072,20.1181,16.9712,20.536,-8.835,-127.2158,0.56271,,True,False,900,81,47
2140,2022-08-11 11:30:00,19.4167,20.7745,18.8055,21.1269,-8.9815,-65.9302,0.37094,,True,False,900,81,47
2141,2022-08-11 11:30:00,20.3921,21.3697,19.7929,21.6806,-6.2779,-61.8358,0.29973,,True,False,900,81,47
2142,2022-08-11 11:30:00,19.3506,20.8339,17.8288,21.2668,-10.4187,-110.0186,0.54309,,True,False,900,81,47
2143,2022-08-11 11:30:00,19.8242,21.0039,19.2739,21.3974,-4.79,-75.6051,0.34436,,True,False,900,81,47
2144,2022-08-11 11:30:00,18.8055,20.3532,18.0433,20.6753,-9.6328,-83.5556,0.4057,,True,False,900,81,47
2145,2022-08-11 11:30:00,16.2064,19.6968,15.1214,19.9297,-10.7477,-162.8971,0.56778,,True,False,900,81,47
2146,2022-08-11 11:30:00,20.7695,21.3438,20.3088,21.7875,-2.242,-51.6423,0.21802,,True,False,900,81,47
2147,2022-08-11 11:30:00,21.5579,17.9893,17.9832,21.7453,18.47,0.3369,0.12246,,True,False,900,81,47
2148,2022-08-11 11:30:00,21.6483,19.8069,19.801,21.9027,14.1364,5.5998,0.0864,,True,False,900,81,47
2149,2022-08-11 11:30:00,21.2557,19.0512,19.0366,21.5215,16.982,8.9708,0.131,,True,False,900,81,47
2150,2022-08-11 11:30:00,20.3804,16.3903,16.3619,20.6533,24.5266,63.9883,0.19149,,True,False,900,81,47
2151,2022-08-11 11:30:00,20.1117,13.9816,13.9556,20.1914,30.2214,130.4405,0.41593,59.759,False,True,900,81,47
2152,2022-08-11 11:30:00,16.8121,15.3718,13.5084,17.9704,5.6935,-83.2526,0.87941,,True,False,900,81,47
2153,2022-08-11 11:30:00,20.5138,16.5663,16.5379,20.5339,20.1587,64.2688,0.21046,,True,False,900,81,47
2154,2022-08-11 11:30:00,21.3726,16.2831,16.2664,21.4616,25.8484,59.7041,0.19704,109.979,False,True,900,81,47
2155,2022-08-11 11:30:00,20.7879,18.1112,18.1087,21.627,22.9289,16.3781,0.12643,,True,False,900,81,47
2156,2022-08-11 11:30:00,21.4401,18.4257,18.3994,21.7672,21.8714,19.2649,0.08791,,True,False,900,81,47
2157,2022-08-11 11:30:00,21.8954,18.2983,18.2928,22.0975,23.9926,32.8278,0.13815,,True,False,900,81,47
2158,2022-08-11 11:30:00,21.9042,18.3194,18.3111,22.2608,25.3244,29.7384,0.12998,,True,False,900,81,47
2159,2022-08-11 11:30:00,0.5157,18.0239,0.341,21.1492,-22.7683,-1176.5372,4.41101,,True,False,900,81,47
2160,2022-08-11 11:30:00,21.5487,18.4701,18.4663,21.9226,23.1754,17.9247,0.10878,,True,False,900,81,47
2161,2022-08-11 11:30:00,21.8169,18.6566,18.6497,22.2553,23.9815,19.7362,0.12173,,True,False,900,81,47
2162,2022-08-11 11:30:00,22.0449,19.0142,18.9921,22.4509,22.6869,19.7593,0.11932,,True,False,900,81,47
2163,2022-08-11 11:30:00,20.1792,18.0587,18.0489,21.1454,21.2343,5.4181,0.19297,,True,False,900,81,47
2164,2022-08-11 11:30:00,16.82,17.5801,16.543,19.3744,10.1209,-81.973,0.36069,,True,False,900,81,47
2165,2022-08-11 11:30:00,19.8918,18.534,18.5212,20.6711,14.1354,-5.367,0.1102,,True,False,900,81,47
2166,2022-08-11 11:30:00,19.4272,18.8592,17.7609,20.9223,10.9123,45.7605,0.23287,,True,False,900,81,47
2167,2022-08-11 11:30:00,20.3332,19.1275,19.1165,21.01,12.0488,4.5014,0.07979,,True,False,900,81,47
2168,2022-08-11 11:30:00,20.7341,18.5581,18.5339,21.1677,18.3313,3.203,0.12038,,True,False,900,81,47
2169,2022-08-11 11:40:00,20.8382,16.7622,16.7545,20.9189,27.2778,33.7385,0.3445,,True,False,900,82,25
2170,2022-08-11 11:40:00,20.1324,16.5395,16.5192,20.2817,22.843,43.2072,0.21366,,True,False,900,82,25
2171,2022-08-11 11:40:00,20.6976,17.3606,17.3266,20.7363,20.2302,37.1801,0.25579,,True,False,900,82,25
2172,2022-08-11 11:40:00,19.7508,15.6802,15.4805,19.8968,28.4924,53.5109,0.37276,106.492,False,True,900,82,25
2173,2022-08-11 11:40:00,20.6837,16.1434,15.492,20.865,25.9091,3.6574,0.40458,140.684,False,True,900,82,25
2174,2022-08-11 11:40:00,20.5118,15.6332,15.6071,20.5885,31.8018,44.3679,0.22704,114.999,False,True,900,82,25
2175,2022-08-11 11:40:00,20.1013,17.06,17.0455,20.174,18.5488,37.4134,0.16342,,True,False,900,82,25
2176,2022-08-11 11:40:00,19.889,16.7079,16.6894,19.924,18.7834,35.4273,0.13874,,True,False,900,82,25
2177,2022-08-11 11:40:00,19.3383,16.4048,16.3833,19.3851,18.4991,32.4431,0.15741,,True,False,900,82,25
2178,2022-08-11 11:40:00,20.5627,16.2985,16.2801,20.6499,26.0829,51.02,0.20971,144.049,False,True,900,82,25
2179,2022-08-11 11:40:00,20.6815,16.0939,16.0844,20.7577,28.3786,55.9164,0.19942,124.484,False,True,900,82,25
2180,2022-08-11 11:40:00,20.5206,16.1423,16.132,20.6161,27.355,54.8323,0.27522,135.148,False,True,900,82,25
2181,2022-08-11 11:40:00,20.7362,16.352,16.3443,20.8757,28.6353,49.228,0.20716,135.61,False,True,900,82,25
2182,2022-08-11 11:40:00,21.6036,15.6249,15.6016,21.6718,37.3328,60.0345,0.20523,96.919,False,True,900,82,25
2183,2022-08-11 11:40:00,21.4057,14.7433,14.7226,21.5072,40.3687,80.1263,0.3105,70.842,False,True,900,82,25
2184,2022-08-11 11:40:00,21.1748,15.0553,15.0227,21.3544,37.9772,86.4986,0.31987,77.995,False,True,900,82,25
2185,2022-08-11 11:40:00,21.1802,14.7111,14.6917,21.2373,38.9173,80.9639,0.45623,67.616,False,True,900,82,25
2186,2022-08-11 11:40:00,21.3307,16.0038,16.0011,21.4646,32.3084,65.9249,0.25005,106.825,False,True,900,82,25
2187,2022-08-11 11:40:00,21.7182,16.4759,16.471,21.825,33.3627,72.006,0.50676,78.717,False,True,900,82,25
2188,2022-08-11 11:40:00,21.4241,15.3307,15.2779,21.7185,39.2001,81.6079,0.60235,60.98,False,True,900,82,25
2189,2022-08-11 11:40:00,21.9708,16.4422,16.434,22.0871,35.0207,58.9396,0.28497,100.807,False,True,900,82,25
2190,2022-08-11 11:40:00,17.1215,13.0278,6.2813,20.0153,40.0663,-150.6007,1.15826,128.542,False,True,900,82,25
2191,2022-08-11 11:40:00,19.4581,11.9033,11.8955,19.7558,49.3896,129.5143,0.36186,75.725,False,True,900,82,25
2192,2022-08-11 11:40:00,18.8706,11.0922,11.0838,19.5174,59.2716,84.2172,0.4759,60.855,False,True,900,82,25
2193,2022-08-11 11:40:00,19.6433,13.2097,13.1761,19.8343,41.8635,72.4759,0.46601,63.817,False,True,900,82,25
2194,2021-03-26 11:40:00,0.0316,11.1095,0.0214,16.2481,-3.8973,-621.1967,2.6121,,True,False,900,83,16
2195,2021-03-26 11:40:00,0.0179,11.5999,0.0142,15.0428,-38.088,-693.2511,2.4221,,True,False,900,83,16
2196,2021-03-26 11:40:00,17.7472,12.9751,0.2016,19.0824,-13.9487,26.4585,6.65022,23.041,False,True,900,83,16
2197,2021-03-26 11:40:00,11.1994,16.1328,0.0193,18.9819,-9.0443,-284.1136,2.06858,,True,False,900,83,16
2198,2021-03-26 11:40:00,18.4005,16.2603,16.178,18.8935,19.4309,12.929,0.11556,,True,False,900,83,16
2199,2021-03-26 11:40:00,18.6151,16.5582,15.061,19.3351,17.9135,-34.6102,0.28121,,True,False,900,83,16
2200,2021-03-26 11:40:00,9.6902,16.62,9.0792,17.6466,-26.405,-201.2703,1.38865,,True,False,900,83,16
2201,2021-03-26 11:40:00,19.1353,17.5273,15.979,19.9775,17.4576,-11.3876,0.15208,,True,False,900,83,16
2202,2021-03-26 11:40:00,14.8409,14.7777,3.6482,18.1434,31.957,-107.629,2.61365,,True,False,900,83,16
2203,2021-03-26 11:40:00,17.5212,7.1496,4.5419,17.7107,7.1205,274.43,1.29604,1.805,False,True,900,83,16
2204,2021-03-26 11:40:00,15.2058,7.8016,6.6765,16.5298,0.6676,173.1773,0.9509,2.78,False,True,900,83,16
2205,2021-03-26 11:40:00,17.5454,9.3368,6.4642,17.6857,7.9456,329.5985,1.2992,3.578,False,True,900,83,16
2206,2021-03-26 11:40:00,19.3644,6.0819,4.4875,19.754,30.1672,694.6818,2.16746,5.874,False,True,900,83,16
2207,2021-03-26 11:40:00,19.0021,6.516,2.1875,19.1317,27.2179,645.5382,2.10843,6.025,False,True,900,83,16
2208,2021-03-26 11:40:00,17.5257,5.942,4.6352,17.716,21.7004,506.3161,1.74867,5.059,False,True,900,83,16
2209,2021-03-26 11:40:00,16.7243,8.2922,6.1355,17.3976,9.1026,399.1264,1.29645,4.748,False,True,900,83,16
2210,2021-12-16 15:50:00,5.6897,2.0698,1.54,6.4338,15.7938,43.1182,0.33335,0.986,False,True,900,84,35
2211,2021-12-16 15:50:00,4.2454,1.1756,0.9927,4.7163,10.6482,55.8052,0.39713,0.997,False,True,900,84,35
2212,2021-12-16 15:50:00,5.7261,2.5572,2.2787,6.0565,13.326,38.7083,0.3475,1.957,False,True,900,84,35
2213,2021-12-16 15:50:00,3.6897,2.8163,2.666,4.851,12.8704,12.8877,0.25404,85.007,False,True,900,84,35
2214,2021-12-16 15:50:00,5.2958,1.3855,1.1582,5.6753,14.3121,62.6329,0.51781,1.184,False,True,900,84,35
2215,2021-12-16 15:50:00,8.8145,6.7781,6.6024,9.0344,11.2658,21.7158,0.15497,96.035,False,True,900,84,35
2216,2021-12-16 15:50:00,10.1765,8.4148,8.3324,10.3866,11.9916,21.4669,0.15264,,True,False,900,84,35
2217,2021-12-16 15:50:00,9.5821,2.6784,2.6542,10.0964,39.3017,61.4578,0.13117,14.806,False,True,900,84,35
2218,2021-12-16 15:50:00,9.8212,1.3018,1.2674,10.3023,57.0104,57.0139,0.32256,22.404,False,True,900,84,35
2219,2021-12-16 15:50:00,8.7782,1.3429,1.3113,9.1342,45.0882,85.6736,0.59526,9.318,False,True,900,84,35
2220,2021-12-16 15:50:00,11.1429,5.4481,5.1092,11.4828,20.4324,113.4319,0.56915,4.71,False,True,900,84,35
2221,2021-12-16 15:50:00,10.5362,7.709,7.619,10.6597,11.5302,77.4284,0.27914,19.461,False,True,900,84,35
2222,2021-12-16 15:50:00,2.2574,0.2941,0.2583,2.8534,3.0971,33.187,0.16261,0.358,False,True,900,84,35
2223,2021-12-16 15:50:00,7.3736,3.8548,3.8193,7.8247,16.9592,40.7607,0.1364,13.93,False,True,900,84,35
2224,2021-12-16 15:50:00,4.7964,0.97,0.7647,5.4137,17.1779,61.4498,0.48929,3.348,False,True,900,84,35
2225,2021-12-16 15:50:00,2.6689,0.366,0.1529,3.432,7.3604,54.1452,0.36248,2.152,False,True,900,84,35
2226,2021-12-16 15:50:00,2.4174,0.5666,0.0447,4.7605,1.1596,38.8313,0.20765,0.15,False,True,900,84,35
2227,2021-12-16 15:50:00,6.9127,3.5112,3.4446,7.3883,21.5363,37.3698,0.18061,24.151,False,True,900,84,35
2228,2021-12-16 15:50:00,11.0269,7.1962,7.1662,11.3935,9.2281,72.024,0.26698,5.262,False,True,900,84,35
2229,2021-12-16 15:50:00,11.9966,7.7923,7.758,12.3886,12.4801,70.9358,0.26418,9.631,False,True,900,84,35
2230,2021-12-16 15:50:00,11.0049,8.1401,8.1025,11.2659,10.4768,42.0488,0.19664,49.141,False,True,900,84,35
2231,2021-12-16 15:50:00,4.8153,0.2642,0.2542,4.9898,25.6389,42.9848,0.34384,2.557,False,True,900,84,35
2232,2021-12-16 15:50:00,6.7768,0.9147,0.8032,7.1617,13.8293,126.9497,0.4958,1.205,False,True,900,84,35
2233,2021-12-16 15:50:00,7.0453,6.2688,6.1785,7.1793,2.2945,26.0777,0.1064,,True,False,900,84,35
2234,2021-12-16 15:50:00,12.0563,10.5215,9.9815,12.3137,5.4679,31.3196,0.18916,,True,False,900,84,35
2235,2021-12-16 15:50:00,6.0195,1.5334,1.509,6.082,26.9596,45.3918,0.22389,15.29,False,True,900,84,35
2236,2021-12-16 15:50:00,3.3094,2.7465,2.5658,3.3716,1.0531,14.484,0.06936,96.105,False,True,900,84,35
2237,2021-12-16 15:50:00,8.4516,5.6855,5.6326,8.9074,8.1752,23.6084,0.13361,5.396,False,True,900,84,35
2238,2021-12-16 15:50:00,8.9426,6.7718,6.748,9.163,5.0867,34.7225,0.1489,27.474,False,True,900,84,35
2239,2021-12-16 15:50:00,8.839,6.434,6.0291,9.2232,18.6034,18.0276,0.13169,105.582,False,True,900,84,35
2240,2021-12-16 15:50:00,9.0008,5.3689,5.3155,9.2436,22.192,23.9339,0.06494,69.471,False,True,900,84,35
2241,2021-12-16 15:50:00,8.6283,5.2209,5.14,8.6925,19.0701,43.784,0.15302,53.637,False,True,900,84,35
2242,2021-12-16 15:50:00,5.7592,1.6976,1.64,6.2082,17.8708,35.5067,0.20098,1.243,False,True,900,84,35
2243,2021-12-16 15:50:00,5.9065,1.3299,1.2575,6.5335,18.5278,53.4321,0.35069,1.153,False,True,900,84,35
2244,2021-12-16 15:50:00,4.9402,1.0081,0.7701,5.5981,11.7844,79.0727,0.48151,0.65,False,True,900,84,35
