material,number_of_elements,critical_temp
Ba0.2La1.8Cu1O4,4,29.0
Ba0.1La1.9Ag0.1Cu0.9O4,5,26.0
Ba0.1La1.9Cu1O4,4,19.0
Ba0.15La1.85Cu1O4,4,22.0
Ba0.3La1.7Cu1O4,4,23.0
Ba0.5La1.5Cu1O4,4,23.0
Ba1La1Cu1O4,4,11.0
Sr0.1La1.9Cu1O4,4,33.0
Sr0.15La1.85Cu1O4,4,36.0
Sr0.2La1.8Cu1O4,4,31.0
Sr0.3La1.7Cu1O4,4,33.0
Ba0.3La1.7Hg0.3Cu0.7O4,5,26.0
Ba0.1La1.9Ag0.05Cu0.95O4,5,27.0
Ba0.1La1.9Ag0.1Cu0.9O4,5,27.0
Ba0.1La1.9Ag0.25Cu0.75O4,5,26.0
Ba0.1La1.9Ag0.5Cu0.5O4,5,27.0
Y1Ba1.5Ca0.5Cu3O7,5,82.0
Ba0.15La1.85Cu1O4,4,30.0
La1.85Sr0.15Cu1O4,4,39.0
La1.95Sr0.05Cu1O4,4,14.8
La1.9Sr0.1Cu1O4,4,30.0
La1.775Sr0.225Cu1O4,4,35.5
La1.75Sr0.25Cu1O4,4,23.3
La1.7Sr0.3Cu1O4,4,18.2
La1.65Sr0.35Cu1O4,4,18.3
La1.6Sr0.4Cu1O4,4,18.3
La1.825Sr0.175Cu1O4,4,37.5
La1.85Ca0.15Cu1O4,4,20.0
Yb16Ba1Cu2O,4,76.9
Yb1.8Ba0.2Cu1O,4,65.3
Yb6Ba1Cu1O,4,78.6
Yb1.62La0.18Ba0.18Sr0.02Cu1O,6,79.3
Y0.4Ba0.6Cu1O,4,90.0
Y0.4Ba0.6Cu1O,4,90.5
Er0.5Ba0.5Cu1O,4,92.0
Tm0.35Ba0.65Cu1O,4,93.2
Tm0.3Ba0.7Cu1O,4,94.4
Tm0.25Ba0.75Cu1O,4,93.2
Tm0.2Ba0.8Cu1O,4,80.5
La2Ba4Cu6O14,4,48.0
Y1Ba2Cu3O,4,90.0
Y1.6Ba2.4Cu3O10,4,90.0
Y1.2Ba1.8Cu2O7,4,92.0
Y0.8Ba1.2Cu1O4,4,80.0
Nd0.4Ba0.6Cu1O,4,85.0
Eu0.4Ba0.6Cu1O3,4,8.0
Gd0.4Ba0.6Cu1O3,4,13.0
Dy0.4Ba0.6Cu1O3,4,91.0
Ho0.4Ba0.6Cu1O3,4,94.0
Er0.4Ba0.6Cu1O3,4,93.0
Tm0.4Ba0.6Cu1O3,4,93.0
Lu0.4Ba0.6Cu1O3,4,91.0
Nd2Ba3Cu5O,4,18.0
Sm1Ba2Cu3O,4,43.0
Gd2Ba3Cu5O,4,40.0
Y1Ba2Cu3O,4,70.0
Y0.3Ba0.7Cu1O3,4,95.5
Y0.8Ba1.2Cu1O,4,94.0
Y0.6Ba0.9Cu1O,4,88.0
Ba0.3La1.7Hg0.15Cu0.85O4,5,28.0
La1.85Sr0.15Cu1O4,4,35.5
Yb1.6La0.2Ba0.2Cu1O,5,79.2
Sr0.35La1.65Cu1O4,4,26.0
Y0.4Ba0.6Cu1O,4,92.0
Yb0.4Ba0.6Cu1O3,4,88.0
Lu1.8Ba0.2Cu1O4,4,71.9
Y0.9Ba0.1Cu1O4,4,81.0
Ba0.15La1.85Cu1O4,4,28.0
Sr0.15La1.85Cu1O4,4,34.7
Sr0.2La1.8Cu0.95Ti0.05O4,5,21.0
Sr0.2La1.8Cu0.99V0.01O4,5,12.0
Sr0.2La1.8Cu0.99Cr0.01O4,5,22.0
Sr0.2La1.8Cu0.98Mn0.02O4,5,32.0
Sr0.2La1.8Cu0.95Fe0.05O4,5,30.0
Sr0.2La1.8Cu0.95Co0.05O4,5,16.0
Sr0.2La1.8Cu0.95Ni0.05O4,5,21.0
Sr0.2La1.8Cu0.99Zn0.01O4,5,29.0
Pr0.1La1.7Sr0.2Cu1O4,5,36.0
Nd0.1La1.7Sr0.2Cu1O4,5,35.0
Sm0.1La1.7Sr0.2Cu1O4,5,32.0
Gd0.1La1.7Sr0.2Cu1O4,5,30.0
Y1Ba2Cu2.85Fe0.15O7,5,51.0
Y1Ba2Cu2.7Fe0.3O7,5,33.0
Y1Ba2Cu2.97Fe0.03O7,5,82.0
Y1Ba2Cu2.94Fe0.06O7,5,60.0
Y1Ba2Cu2.88Fe0.12O7,5,54.0
Y1Ba2Cu3O7,4,90.0
Y1Ba2Cu3S1O6,5,90.0
Y1Ba2Cu3Cl1O6,5,72.0
Y1Ba2Cu3O7,4,92.0
Y1Ba2Cu3O7,4,93.0
Gd1Ba2Cu3O7,4,94.5
Y1Ba2Cu3O7,4,91.85
Y1Ba2Cu3O7,4,91.95
Y1Ba2Cu3O7,4,89.7
Y1Ba2Cu3O7,4,89.9
Ho1Ba2Cu3O8,4,85.0
Y0.1Gd0.9Ba2Cu3O8,5,90.5
Y1Ba2Cu3O7,4,130.0
Y1Ba2Cu3O7,4,88.8
Y1Ba2Cu3O7,4,85.5
Y3Ba5Cu4Nb1O18,5,77.3
Sm0.45Ba0.55Cu1O3,4,69.0
Sm0.4Ba0.6Cu1O3,4,84.3
Sm0.33Ba0.67Cu1O7,4,86.4
Sm0.3Ba0.7Cu1O3,4,88.8
Sm0.25Ba0.75Cu1O3,4,73.6
Sm0.2Ba0.8Cu1O3,4,62.5
Sm0.35Ba0.65Cu1O3,4,93.1
Y1Ba2Cu3O9,4,92.0
Bi2Sr2Cu2O7,4,22.0
Bi1Sr1Cu1O,4,6.5
Er1Ba2Cu3O,4,85.5
Ho1Ba2Cu3O,4,91.0
Gd1Ba2Cu3O,4,93.0
Y1Ba2Cu3O6.9,4,95.0
Eu1.5Ba1.5Cu3O,4,89.5
Gd1.5Ba1.5Cu3O,4,92.5
Y1.5Ba1.5Cu3O,4,90.0
Yb1.5Ba1.5Cu3O,4,90.0
Y1Ba2Cu3O7,4,91.6
Y1Ba2Cu2.75Ni0.25O7,5,63.9
Y1Ba2Cu2.95Al0.05O7,5,88.0
Y1Ba2Cu2.9Al0.1O7,5,75.0
La1.85Sr0.15Cu1O4,4,39.3
La1.85Sr0.15Cu0.975Ni0.025O4,5,22.6
La1.85Sr0.15Cu0.95Ni0.05O4,5,4.2
Y1Ba2Cu2.89Al0.11O7,5,82.0
Y1Ba2Cu2.88Al0.12O7,5,51.0
Y1Ba2Cu2.87Al0.13O7,5,45.0
Y1Ba2Cu2.865Al0.135O7,5,45.0
Y1Ba2Cu2.82Al0.18O7,5,20.0
Y1Ba2Cu3O7,4,92.4
Y1Ba2Cu3O6.8,4,91.6
Er1Ba2Cu3O7,4,86.0
Y1Ba2Cu3H0.14O7,5,92.5
Y1Ba2Cu3H0.48O7,5,93.6
Y1Ba2Cu3H1O7,5,93.2
Y1Ba2Cu3O9,4,90.0
Eu1Ba2Cu3O7.1,4,94.9
Gd1Ba2Cu3O7.08,4,93.8
Dy1Ba2Cu3O6.82,4,92.7
Ho1Ba2Cu3O6.71,4,92.9
Er1Ba2Cu3O6.82,4,92.4
Tm1Ba2Cu3O6.65,4,92.5
Yb1Ba2Cu3O6.71,4,87.0
Lu1Ba2Cu3O7,4,89.5
Y1Ba2Cu3O6.72,4,93.4
Nd1Ba2Cu3O7.16,4,95.3
Sm1Ba2Cu3O7.11,4,93.5
La1.85Sr0.15Cu1O4,4,37.1
La1.85Sr0.15Cu1O4,4,33.0
Y1Ba2.01Cu2.81Ni0.19O6.7,5,65.0
Y1Ba2.02Cu2.18Zn0.82O7,5,30.0
Y1Ba1.99Cu2.847Ag0.153O6.7,5,86.0
Y1Ba2Cu2.902Pt0.098O6.4,5,81.0
Y1Ba2.01Cu2.7Co0.3O6.8,5,36.0
Y1.01Ba2.01Cu2.906Ni0.094O6.7,5,71.0
Y1Ba2Cu2.697Mn0.303O6.9,5,63.0
Y1Ba2Cu2.844Fe0.156O7,5,57.0
Y1.01Ba2.01Cu2.697Fe0.303O,5,36.0
Y1Ba2Cu3O6.9,4,88.0
Y0.99Ba1.99Cu2.847Li0.153O6.4,5,62.0
Y1.01Ba2.03Cu2.808Li0.192O6.6,5,33.0
Y1Ba2Cu2.85Fe0.15O7,5,50.0
Y1Ba2Cu2.85Fe0.15O7,5,57.0
Y1Ba2Cu2.7Fe0.3O7,5,4.0
Y1Ba2Cu3O7,4,91.0
Y1Ba2Cu2.955Fe0.045O7,5,74.0
Y1Ba2Cu2.955Fe0.045O7,5,59.0
Y1Ba2Cu2.895Fe0.105O7,5,61.0
Y1Ba2Cu3F0.825O,5,90.5
Y1Ba2Cu3F1.65O5.675,5,90.3
Y1Ba2Cu3F0.066O,5,93.4
Y1Ba2Cu3F0.066O,5,92.2
Y1Ba2Cu3F0.165O,5,91.6
Y1Ba2Cu3F0.016O,5,90.8
Y1Ba2Cu3F0.033O,5,92.1
Y1Ba2Cu3F0.05O,5,92.5
Y1Ba2Cu3O,4,86.0
Gd1Ba2Cu3O,4,87.0
Er1Ba2Cu3O,4,90.0
Dy1Ba2Cu3O,4,92.0
Ho1Ba2Cu3O,4,90.0
Y1Ba2Cu3O,4,92.0
La1.85Sr0.15Cu1O4,4,34.0
La1.85Sr0.15Cu0.995Ni0.005O4,5,30.5
La1.85Sr0.15Cu0.99Ni0.01O4,5,30.5
La1.85Sr0.15Cu0.98Ni0.02O4,5,23.0
La1.85Sr0.15Cu0.97Ni0.03O,5,24.0
Tl2Ca2Ba1Cu3O,5,110.0
Tl2Ca2Ba2Cu3O,5,110.0
Y1Ba2Cu3O,4,93.5
Y1Ba2Cu2.85Ti0.15O,5,94.0
Y1Ba2Cu2.7Ti0.3O,5,92.5
Y1Ba2Cu2.55Ti0.45O,5,92.5
Y1Ba2Cu2.4Ti0.6O,5,93.5
Y1Ba2Cu2.25Ti0.75O,5,88.0
Y1Ba2Cu2.1Ti0.9O,5,83.5
Bi1Sr1Ca1Cu2O,5,110.0
Bi2Sr1.8Ca1.2Cu2O,5,75.0
Bi2Sr3Ca4Cu8O,5,104.0
Bi1Sr1Ca1Cu2O,5,106.0
La1.85Sr0.15Cu0.925Zn0.025O4,5,15.0
Y1Ba2Cu3O7,4,91.5
Y1Ba2Cu2.841Co0.159O6.8,5,54.0
Y1Ba2.01Cu2.806Cr0.194O7.3,5,62.0
Y1Ba2Cu3O6.74,4,91.0
Y1Ba2Cu2.98Fe0.02O6.93,5,91.8
Y1Ba2Cu2.95Fe0.05O6.92,5,91.8
Y1Ba2Cu2.9Fe0.1O6.92,5,76.0
Y1Ba2Cu2.8Fe0.2O6.93,5,49.0
Y1Ba2Cu2.6Fe0.4O7,5,31.0
Y1Ba2Cu2.95Al0.05O6.93,5,91.0
Y1Ba2Cu2.9Al0.1O6.93,5,92.0
Y1Ba2Cu2.8Al0.2O6.91,5,85.0
Y1Ba2Cu2.7Al0.3O6.99,5,73.0
Y1Ba2Cu2.6Al0.4O7,5,42.0
Y1Ba2Cu2.9Ni0.1O6.87,5,55.0
Y1Ba2Cu2.8Ni0.2O6.82,5,45.0
Y1Ba2Cu2.98Co0.02O6.9,5,93.4
Y1Ba2Cu2.95Co0.05O6.92,5,94.3
Y1Ba2Cu2.9Co0.1O6.82,5,73.0
Y1Ba2Cu2.8Co0.2O6.83,5,53.0
Y1Ba2Cu2.7Co0.3O6.88,5,22.0
Y1Ba2Cu2.7Ni0.3O6.97,5,40.0
Y1Ba2Cu2.9Zn0.1O6.81,5,55.0
Y1Ba2Cu2.8Zn0.2O6.79,5,45.0
Y1Ba2Cu2.7Zn0.3O6.74,5,45.0
Y1Ba2Cu3O6.85,4,92.0
Gd1Ba2Cu3O,4,96.4
Gd1Ba1.8Sr0.2Cu3O,5,94.7
Gd1Ba1.6Sr0.4Cu3O,5,92.4
Gd1Ba1.4Sr0.6Cu3O,5,89.4
Gd1Ba1.2Sr0.8Cu3O,5,90.7
Gd1Ba1Sr1Cu3O,5,88.6
La2.89Na0.11Cu1O4,4,16.0
La2.89Na0.41Cu1O4,4,18.0
Bi1Ca1Sr1Cu2O,5,75.0
Bi1Ca1Sr1Cu2O,5,70.0
Y1Ba2Cu3O7,4,91.3
Ho1Ba2Cu3O7,4,92.1
Sm1Ba2Cu3O7,4,92.6
Y1Ba2Cu3O7,4,88.1
Eu1Ba2Cu3O,4,94.0
Y1Ba2Cu3O6.8,4,79.0
Nd1Ba2Cu3O,4,82.5
Bi1Sr1Ca1Cu2O,5,105.0
La1.8Sr0.2Cu1O4,4,35.7
Y1.2Ba0.8Cu1O4,4,75.0
Gd1Ba2Cu2.82Fe0.18O9,5,42.0
Y1.2Ba0.8Cu1O4,4,94.5
Er1Ba2Cu3O7,4,90.0
Er0.75Yb0.25Ba2Cu3O7,5,87.6
Er0.62Yb0.38Ba2Cu3O7,5,88.3
Er0.5Yb0.5Ba2Cu3O7,5,89.3
Er0.37Yb0.63Ba2Cu3O7,5,87.8
Er0.25Yb0.75Ba2Cu3O7,5,86.3
Yb1Ba2Cu3O7,4,88.5
Y1Ba2Cu2.9Fe0.1O,5,90.0
Y1Ba2Cu2.8Fe0.2O,5,66.0
Y1Ba2Cu2.7Fe0.3O,5,44.0
Y1Ba2Cu2.6Fe0.4O,5,22.0
Y1Ba2Cu2.9Ni0.1O,5,80.0
Y1Ba2Cu2.8Ni0.2O,5,73.0
Y1Ba2Cu2.9Co0.1O,5,88.0
Y1Ba2Cu2.7Co0.3O,5,50.0
Y1Ba2Cu2.6Co0.4O,5,15.0
Y1Ba2Cu2.9Zn0.1O,5,58.0
Y1Ba2Cu2.8Zn0.2O,5,50.0
Dy1Ba2Cu3O,4,91.2
Y1Ba2Cu3O,4,90.8
Y1Ba2Cu3O,4,91.5
La1.85Sr0.15Cu1O4,4,40.0
Y1Ba2Cu2.94Ga0.06O7,5,87.0
Y1Ba2Cu2.85Ga0.15O7,5,75.0
Y1Ba2Cu2.7Ga0.3O7,5,66.0
Y1Ba2Cu3O6.98,4,92.0
Y1Ba2Cu2.88Fe0.12O7,5,70.0
Gd1Ba2Cu3O7,4,94.7
Eu1Ba2Cu3O7,4,94.5
Nd1Ba2Cu3O,4,90.0
Nd1.2Ba1.8Cu3O,4,60.0
Nd1.08Ba1.92Cu3O,4,86.0
Nd1.32Ba1.68Cu3O,4,20.0
Y1Ba2Cu2.97Mo0.03O,5,76.0
Y1Ba2Cu2.94Mo0.06O,5,63.0
Y1Ba2Cu2.895Mo0.105O,5,52.5
Y1Ba2Cu2.85Mo0.15O,5,50.0
Y1Ba2Cu2.97Zn0.03O,5,79.0
Y1Ba2Cu2.94Zn0.06O,5,62.0
Y1Ba2Cu2.895Zn0.105O,5,52.0
Y1Ba2Cu2.85Zn0.15O,5,38.0
Y1Ba2Cu2.97Al0.03O,5,81.0
Y1Ba2Cu2.94Al0.06O,5,58.0
Y1Ba2Cu2.885Al0.105O,5,42.0
Y1Ba2Cu2.85Al0.15O,5,33.0
Y1Ba1.95La0.05Cu3O,5,91.0
Y1Ba1.85La0.15Cu3O,5,88.0
Y1Ba1.75La0.25Cu3O,5,76.0
Y1Ba1.65La0.35Cu3O,5,64.0
Y1Ba2Cu3O7,4,92.5
Nd1Ba2Cu3O7,4,67.0
Sm1Ba2Cu3O7,4,76.0
Eu1Ba2Cu3O7,4,92.0
Gd1Ba2Cu3O7,4,86.0
Dy1Ba2Cu3O7,4,92.0
Ho1Ba2Cu3O7,4,91.0
Er1Ba2Cu3O7,4,91.0
Tm1Ba2Cu3O7,4,92.0
Yb1Ba2Cu3O7,4,91.0
Y1Ba2Cu3HO7,5,90.0
Y1Ba2Cu3HO7,5,43.05
Gd1Ba2Cu3O7,4,93.0
Dy1Ba2Cu3O7,4,94.0
Sm1Ba2Cu3O7,4,92.0
Ho1Ba2Cu3O7,4,93.5
Y1Ba2Cu3O7,4,93.5
Nd1Ba2Cu3O7,4,88.0
Nd1Ba2Cu3S1O6,5,69.0
Nd1Ba2Cu3S1O5,5,56.0
Eu1Ba2Cu3S1O6,5,85.0
Gd1Ba2Cu3O7,4,92.0
Gd1Ba2Cu3S1O6,5,92.0
Y1Ba2Cu3O6.89,4,92.0
Y1Ba2Cu3S0.03O7.12,5,90.0
Y1Ba2Cu3S0.06O7.23,5,89.0
Y1Ba2Cu3S0.12O7.28,5,89.0
Y1Ba2Cu3O,4,91.9
Y1Ba2Cu2.975Zn0.025O,5,82.8
Y1Ba2Cu2.95Zn0.05O,5,74.7
Y1Ba2Cu2.925Zn0.075O,5,64.9
Y1Ba2Cu2.9Zn0.1O,5,57.6
Y1Ba2Cu2.85Zn0.15O,5,56.0
Y1Ba2Cu2.8Zn0.2O,5,56.5
Y1Ba2Cu2.7Zn0.3O,5,47.6
Gd1Ba2Cu3O6.9,4,92.0
Gd1Ba2Cu2.7Fe0.3O6.9,5,41.0
Gd1Ba2Cu2.7Co0.3O6.9,5,33.0
Y1Ba2Cu3O6.9,4,91.0
Bi2.2Sr2Ca0.8Cu2O8,5,87.0
Y1Ba2Cu2.5Ni0.5O7,5,52.3
La2.8Ba3.2Cu6O14.07,4,13.0
La2.6Ba3.4Cu6O14.06,4,26.0
La2.4Ba3.6Cu6O14.01,4,39.0
La2.2Ba3.8Cu6O13.86,4,52.0
La2Ba4Cu6O13.8,4,65.0
Y1La2Ba3Cu6O14.53,5,25.6
Y1La1.8Ba3.2Cu6O14.49,5,41.9
Y1La1.6Ba3.4Cu6O14.38,5,53.1
Y1La1.4Ba3.6Cu6O14.2,5,64.0
Y1La1.2Ba3.8Cu6O14.07,5,70.4
Y1La1Ba4Cu6O13.95,5,72.2
Y2La1Ba3Cu6O14.17,5,28.0
Y2La0.8Ba3.2Cu6O14.2,5,46.0
Y2La0.6Ba3.4Cu6O14.02,5,60.0
Y2La0.4Ba3.6Cu6O13.91,5,78.0
Y2La0.2Ba3.8Cu6O13.92,5,93.0
Y2La0.15Ba3.85Cu6O13.99,5,93.2
Y2La0.1Ba3.9Cu6O13.94,5,90.0
Y2Ba4Cu6O13.9,4,93.0
Y1Ba2Cu3O6.94,4,97.0
Y1Ba1.975La0.025Cu3O6.95,5,99.0
Y1Ba1.95La0.05Cu3O6.9,5,99.0
Y1Ba1.925La0.075Cu3O6.9,5,99.0
Y1Ba1.9La0.1Cu3O6.9,5,95.0
Y1Ba1.8La0.2Cu3O6.95,5,78.0
Y1Ba1.7La0.3Cu3O7,5,67.0
Y1Ba1.6La0.4Cu3O7.05,5,52.0
Y1Ba1.5La0.5Cu3O7.08,5,38.0
Gd1Ba2Cu3O,4,89.0
Gd1Ba2Cu2.925Fe0.075O,5,64.0
Gd1Ba2Cu2.85Fe0.15O,5,47.0
Gd1Ba2Cu2.775Fe0.225O,5,33.0
Gd1Ba2Cu2.7Fe0.3O,5,11.0
Y1Ba2Cu3O,4,93.0
Y1Ba2Cu3O,4,91.6
La1Ba2Cu3O,4,34.5
La1Ba1.75Ca0.25Cu3O,5,71.7
La1Ba1.25Ca0.75Cu3O,5,78.2
La1Ba1Ca1Cu3O,5,80.0
La1Ba0.5Ca1.5Cu3O,5,36.7
Y1Ba2Cu2.8Co0.2O7.04,5,53.0
Bi2Sr2Ca2Cu3O,5,111.0
Bi2Sr2Ca1Cu2O,5,87.0
Y1Ba2Cu2.97Co0.03O6.96,5,92.0
Y1Ba2Cu2.925Co0.075O6.97,5,92.0
Y1Ba2Cu2.85Co0.15O7.03,5,65.0
Y1Ba2Cu2.775Co0.225O6.99,5,58.0
Y1Ba2Cu2.7Co0.3O7.11,5,36.0
Y1Ba2Cu2.94Ni0.06O7.01,5,85.0
Y1Ba2Cu2.85Ni0.15O6.84,5,75.0
Y1Ba2Cu2.7Ni0.3O6.88,5,73.0
Y1Ba2Cu2.4Ni0.6O6.94,5,66.0
La1.94Sr0.06Cu1O3.995,4,6.5
La1.92Sr0.08Cu1O3.994,4,20.3
La1.89Sr0.11Cu1O3.986,4,29.2
La1.855Sr0.145Cu1O4,4,34.9
La1.85Sr0.15Cu1O4,4,35.2
La1.815Sr0.185Cu1O3.964,4,33.2
La1.78Sr0.22Cu1O3.945,4,34.8
La1.75Sr0.25Cu1O3.921,4,19.6
La1.73Sr0.27Cu1O3.913,4,30.6
La1Ba2Cu2.9O6.8,4,45.0
La1.2Ba1.8Cu3O6.98,4,80.0
Y0.875Lu0.125Ba2Cu3O,5,89.7
Y0.75Lu0.25Ba2Cu3O,5,88.2
Y0.625Lu0.375Ba2Cu3O,5,88.0
Y0.5Lu0.5Ba2Cu3O,5,86.7
Y0.375Lu0.625Ba2Cu3O,5,86.9
Y0.25Lu0.75Ba2Cu3O,5,86.0
Y0.125Lu0.875Ba2Cu3O,5,87.9
La1.9Ba0.1Cu1O4,4,26.9
La1.785Ba0.215Cu1O,4,25.5
La1.9Sr0.1Cu1O3.98,4,29.5
La1.875Sr0.125Cu1O,4,34.3
La1.85Sr0.15Cu1O3.98,4,37.9
La1.825Sr0.175Cu1O,4,35.0
La1.8Sr0.2Cu1O3.99,4,27.5
La1.75Sr0.25Cu1O,4,11.9
La1.9Ca0.1Cu1O3.967,4,20.0
La1.85Ca0.15Cu1O3.942,4,19.0
La1.8Ca0.2Cu1O3.917,4,19.5
Y1Ba2Cu3O6.94,4,92.5
Y1Ba2Cu3O6.89,4,92.1
Y1Ba2Cu3O6.84,4,91.0
Y1Ba2Cu3O6.83,4,89.3
Y1Ba2Cu3O6.75,4,92.3
Y1Ba2Cu3O6.7,4,83.0
Y1Ba2Cu3O6.4,4,33.0
Y1Ba2Cu2.955Fe0.045O6.89,5,72.0
Y1Ba2Cu2.9Fe0.1O6.92,5,48.0
Y1Ba2Cu2.52Al0.48O6.74,5,68.0
Y1Ba2Cu2.05Al0.95O6.7,5,63.0
Y1Ba2Cu2.095Al0.095O6.81,5,83.3
Y1Ba2Cu2.98Zr0.02O6.84,5,90.2
Y1Ba2Cu2.94Zr0.06O6.81,5,92.3
Y1Ba2Cu2.98Zr0.2O6.75,5,89.8
Eu1Ba2Cu3O6.76,4,77.0
Eu1Ba2Cu3O6.88,4,94.0
Y1Ba2Cu2.98Fe0.02O6.93,5,89.0
Y1Ba2Cu2.994Zn0.006O6.63,5,60.0
Sr0.25La1.75Cu1O4,4,33.0
Sm0.4Ba0.6Cu1O,4,18.0
Eu0.1La1.7Sr0.2Cu1O4,5,33.0
Y1Ba2Cu3O7,4,92.3
Y1Ba1.48Sr0.52Cu3O7,5,95.0
Y1Ba1.48Sr0.52Cu3O7,5,85.0
Eu1Ba2Cu3O,4,93.0
Sm1Ba2Cu3O6.85,4,92.8
Sm1.05Ba1.95Cu3O6.87,4,89.75
Sm1.15Ba1.85Cu3O6.95,4,77.3
Sm1.2Ba1.8Cu3O7.01,4,56.5
Sm1.28Ba1.72Cu3O7.03,4,43.6
Sm1.35Ba1.65Cu3O7.07,4,26.2
Nd1.32Ce0.27Sr0.41Cu1O,5,20.0
Y1Ba2Cu3O6.75,4,89.1
Y1Ba2Cu3O6.72,4,62.0
Y1Ba2Cu3O6.62,4,62.0
Er1Ba2Cu3O7,4,88.0
Bi2Ca1Sr2Cu2O8,5,88.5
Ba0.65K0.35Bi1O3,4,23.0
La2Cu1O4.13,3,28.0
La1.9Sr0.1Cu1O4,4,26.0
La1.75Sr0.25Cu1O4,4,30.0
Bi2Sr2Ca1Cu2O,5,85.0
Bi2Sr2Ca2Cu3O,5,108.0
Tl2Ca1Ba2Cu2O,5,106.0
Y1Ba2Cu3O6.8,4,92.0
Y1Ba2Cu3O,4,89.0
Y1Ba2Cu3O7,4,91.2
Bi2.2Ca1Sr1.9Cu2O8,5,86.5
Bi2Sr1.3Ca0.7Cu1O6.15,5,84.0
Bi0.8Pb0.2Sb0.05Sr1Ca1Cu2O,7,93.0
Bi0.8Pb0.2Sr1Ca1Cu2O,6,108.0
Y1Ba2Cu2.82Fe0.18O,5,55.0
Y1Ba2Cu2.7Fe0.3O,5,39.0
Bi4.4Sr3.6Ca2Cu4O,5,83.6
Pb0.3Bi1.7Sr2Ca2Cu3O10,6,107.0
Y1Ba2Cu3O6.55,4,89.0
Ba0.6K0.4Bi1O3,4,31.5
Y1Ba2Cu2.85Ag0.15O7,5,90.0
Y1Ba2Cu3O6.9,4,90.6
Y1Ba2Cu3O6.82,4,91.2
Y1Ba2Cu3O6.66,4,88.9
Y1Ba2Cu3O6.47,4,43.6
Y1Ba2Cu3O6.46,4,45.0
Tl1Sr2Ca0.5Sm0.5Cu2O6.75,6,37.6
Y1Ba2Cu4O8,4,82.0
Tl1Ba1.1La0.9Cu1O5,5,39.6
Tl1Ba1.2La0.8Cu1O5,5,41.1
Nd1.85Ce0.15Cu1O4,4,21.0
Y1Ba2Cu3O6.86,4,91.0
Y1Ba2Cu3O6.96,4,85.0
Tl2Ca2Ba2Cu3O,5,120.0
Y1Ba2Cu2.95Ni0.05O,5,86.8
Y1Ba2Cu2.9Ni0.1O,5,82.9
Y1Ba2Cu2.95Zn0.05O,5,72.2
Y1Ba2Cu2.9Zn0.1O,5,54.3
Nd1Ba2Cu3O,4,93.0
Nd1Ba2Cu2.95Ni0.05O,5,85.0
Nd1Ba2Cu2.9Ni0.1O,5,70.9
Nd1Ba2Cu2.95Zn0.05O,5,65.0
Nd1Ba2Cu2.9Zn0.1O,5,36.9
Gd1Ba2Cu3O,4,93.4
Gd1Ba2Cu2.95Ni0.05O,5,86.2
Gd1Ba2Cu2.9Ni0.1O,5,84.5
Gd1Ba2Cu2.95Zn0.05O,5,72.5
Gd1Ba2Cu2.9Zn0.1O,5,53.6
Dy1Ba2Cu3O,4,91.3
Dy1Ba2Cu2.95Ni0.05O,5,87.5
Dy1Ba2Cu2.9Ni0.1O,5,81.8
Dy1Ba2Cu2.95Zn0.05O,5,71.5
Dy1Ba2Cu2.9Zn0.1O,5,49.3
Er1Ba2Cu3O,4,91.7
Er1Ba2Cu2.95Ni0.05O,5,87.8
Er1Ba2Cu2.9Ni0.1O,5,83.3
Er1Ba2Cu2.95Zn0.05O,5,73.1
Er1Ba2Cu2.9Zn0.1O,5,51.8
Bi2Sr1.3Ca0.7Cu1O8,5,84.0
La1Ba1Ca1Cu3O6.98,5,76.35
Er1Ba2Cu3O6.15,4,35.0
Er1Ba2Cu3O6.34,4,20.0
Er1Ba2Cu3O6.31,4,55.0
Er1Ba2Cu3O6.67,4,85.0
Er1Ba2Cu3O6.91,4,92.0
Ba0.6K0.4Bi1O3,4,28.9
La1.9Sr0.1Cu1O4,4,26.2
La1.85Sr0.15Cu1O4,4,28.6
La1.8Sr0.2Cu1O4,4,18.9
La1.7Sr0.3Cu1O4,4,15.2
Y1Ba2Cu3O7,4,91.7
Y1Ba2Cu3O7,4,94.0
Y1Ba2Cu3O6.962,4,92.2
Y1Ba2La1.94Cu3O6.963,5,91.8
Y1Ba1.92La0.08Cu3O6.965,5,92.6
Y1Ba1.9La0.1Cu3O6.975,5,93.9
Y1Ba1.86La0.14Cu3O6.98,5,89.4
Y1Ba1.8La0.2Cu3O7.013,5,80.5
Y1Ba1.76La0.24Cu3O7.024,5,73.4
Y1Ba1.7La0.3Cu3O7.059,5,61.4
Y1Ba1.66La0.34Cu3O7.073,5,56.0
Y1Ba1.6La0.4Cu3O7.083,5,49.4
Y1Ba1.54La0.46Cu3O7.118,5,44.1
Y1Ba2Cu2.95Co0.05O6.88,5,91.2
Y1Ba2Cu2.9Co0.1O6.89,5,55.3
Y1Ba2Cu2.7Co0.3O6.93,5,16.9
Y1Ba2Cu2.82Fe0.18O7,5,74.0
Y1Ba2Cu2.64Fe0.36O7,5,32.0
Bi2Ca1Sr2Cu2O8,5,81.0
Bi2Ca2Sr1Cu2O8,5,70.0
Bi2Ca1.5Y0.5Sr1Cu2O8,6,65.0
Tl2Ca2Ba2Cu3O,5,125.0
Tl2Ca1Ba2Cu2O,5,108.0
Nd1.85Ce0.15Cu1O4,4,22.3
Nd1.3Ce0.2Sr0.5Cu1O4,5,24.0
La2Cu1O4,3,35.0
Tb1Pb1Sr2Ca3Cu4O,6,36.0
Ho1Pb1Sr2Ca3Cu4O,6,41.0
Er1Pb1Sr2Ca3Cu4O,6,33.0
Tm1Pb1Sr2Ca3Cu4O,6,38.0
Yb1Pb1Sr2Ca3Cu4O,6,48.0
Lu1Pb1Sr2Ca3Cu4O,6,33.0
Y1Pb1Sr2Ca3Cu4O,6,31.0
La1Pb1Sr2Ca3Cu4O,6,22.0
Ce1Pb1Sr2Ca3Cu4O,6,62.0
Pr1Pb1Sr2Ca3Cu4O,6,18.0
Nd1Pb1Sr2Ca3Cu4O,6,40.0
Sm1Pb1Sr2Ca3Cu4O,6,35.0
Eu1Pb1Sr2Ca3Cu4O,6,38.0
Gd1Pb1Sr2Ca3Cu4O,6,42.0
Nd1.2Ce0.35Sr0.45Cu1O4,5,21.2
Nd1Ba2Cu3O7,4,94.2
Nd1.1Ba1.9Cu3O7,4,78.5
Nd1.2Ba1.8Cu3O7,4,48.8
Nd1.3Ba1.7Cu3O7,4,34.2
Y1Ba2Cu3O,4,89.8
Tl2Ba2Ca2Cu3O,5,129.0
Gd1Ba2Cu2.64Fe0.36O6.99,5,21.0
Gd1Ba2Cu3O6.99,4,94.0
Gd1Ba2Cu2.91Fe0.09O6.94,5,75.0
Gd1Ba2Cu2.82Fe0.18O6.91,5,41.0
Gd1Ba2Cu2.73Fe0.27O6.98,5,40.0
Sm1Ba2Cu3O7,4,88.1
Gd1Ba2Cu3O,4,92.7
Gd1Ba2Cu2.972Fe0.03O,5,90.0
Gd1Ba2Cu2.95Fe0.05O,5,89.1
Gd1Ba2Cu2.93Fe0.07O,5,86.9
Gd1Ba2Cu2.9Fe0.1O,5,75.3
Gd1Ba2Cu2.85Fe0.15O,5,69.1
Gd1Ba2Cu2.8Fe0.2O,5,58.7
Gd1Ba2Cu2.7Fe0.3O,5,36.2
Y1Ba2Cu3O6.96,4,88.1
La1.8Sr0.2Cu1O3.95,4,30.4
Bi2Sr2Ca1Cu2O8,5,72.5
Bi2Sr2Ca0.9Lu0.1Cu2O8,6,83.5
Bi2Sr2Ca0.8Lu0.2Cu2O8,6,89.5
Bi2Sr2Ca0.7Lu0.3Cu2O8,6,87.0
Bi2Sr2Ca0.6Lu0.4Cu2O8,6,65.0
Bi2Sr2Ca0.5Lu0.5Cu2O8,6,29.0
Bi2Sr2Ca0.9Na0.1Cu2O8,6,70.5
Bi2Sr2Ca0.8Na0.2Cu2O8,6,73.5
Bi2Sr2Ca0.7Na0.3Cu2O8,6,72.5
Bi2Sr2Ca1Cu2O8,5,60.0
Bi2Sr2Ca0.9Na0.1Cu2O8,6,63.5
Bi2Sr2Ca0.8Na0.2Cu2O8,6,66.0
Bi2Sr2Ca0.7Na0.3Cu2O8,6,65.5
Bi2Sr2Ca1Cu2O8,5,49.5
Bi2Sr2Ca0.9Na0.1Cu2O8,6,51.0
Bi2Sr2Ca0.8Na0.2Cu2O8,6,53.0
Bi2Sr2Ca0.7Na0.3Cu2O8,6,54.0
Y1Ba2Cu3O6.45,4,40.0
Y1Ba2Cu3O6.5,4,20.0
Y1Ba2Cu3O6.8,4,83.0
Y1Ba2Cu3O7,4,82.0
Y1Ba2Cu3O6.8,4,91.4
Y1Ba2Cu3O6.95,4,89.0
Bi1.84Pb0.34Sr1.91Ca2.03Cu3.06O,6,105.0
Bi0.7Pb0.3Sr1Ca1Cu1.8O6,6,73.0
Bi1Sr1Ca1Cu2O,5,80.0
Bi2Sr1.8La0.2Ca1Cu2O8,6,85.0
Bi2Sr1.6La0.4Ca1Cu2O8,6,74.0
Bi2Sr1.4La0.6Ca1Cu2O8,6,25.5
Bi2Sr1.8K0.2Ca1Cu2O8,6,75.0
Bi2Sr1.6K0.4Ca1Cu2O8,6,78.0
Bi2Sr1.8K0.2Ca1Cu2O8,6,66.5
Bi2Sr1.6K0.4Ca1Cu2O8,6,73.0
Bi2Sr1.8K0.2Ca1Cu2O8,6,55.5
Bi2Sr1.6K0.4Ca1Cu2O8,6,64.0
Y0.9Pr0.1Ba2Cu3O7,5,83.3
Y0.8Pr0.2Ba2Cu3O7,5,75.2
Y0.7Pr0.3Ba2Cu3O7,5,59.1
Y0.6Pr0.4Ba2Cu3O7,5,49.4
Y0.5Pr0.5Ba2Cu3O7,5,28.9
Er1Ba2Cu3O6.53,4,54.3
Er1Ba2Cu3O6.64,4,61.3
Er1Ba2Cu3O6.78,4,78.2
Er1Ba2Cu3O6.87,4,94.5
Er1Ba2Cu3O7,4,92.5
Bi2Sr2Ca0.9Y0.1Cu2O8,6,81.5
Bi2Sr2Ca1Cu2O8,5,70.7
Bi2Sr2Ca0.8Y0.2Cu2O8,6,84.5
Bi2Sr2Ca0.7Y0.3Cu2O8,6,80.0
Bi2Sr2Ca0.6Y0.4Cu2O8,6,71.5
Bi2Sr2Ca0.5Y0.5Cu2O8,6,12.0
Bi2Sr2Ca0.55Y0.45Cu2O8,6,42.0
Y1Ba2Cu3O6.96,4,88.5
Y0.9Pr0.1Ba2Cu3O6.91,5,81.0
Y0.8Pr0.2Ba2Cu3O6.91,5,62.7
Y0.7Pr0.3Ba2Cu3O6.88,5,47.5
Y0.65Pr0.35Ba2Cu3O7.01,5,44.5
Y0.6Pr0.4Ba2Cu3O6.9,5,32.0
Y0.55Pr0.45Ba2Cu3O7.01,5,29.2
Y1Ba2Cu3O7,4,92.1
Eu1Ba2Cu3O7,4,92.15
Y1Ba2Cu3O7.1,4,91.3
La1.85Sr0.15Cu1O4,4,35.0
Bi2La0.5Ca1.5Cu2O,5,39.6
Bi2La0.3Ca2.7Cu2O,5,20.2
Bi2Pr0.5Ca1.5Cu2O,5,46.8
Ba0.6K0.4Bi1O3,4,29.0
La1Ba2Cu2.9O6.82,4,45.0
La1Ba2Cu3O6.85,4,93.0
Y1Ba2Cu3O6.9,4,92.0
Y1Ba2Cu2.9Zn0.1O6.94,5,57.0
Y1Ba2Cu2.9Al0.1O7.1,5,85.0
Y1Ba2Cu2.9Sn0.1O7.28,5,90.0
Tl2Ba2Ca2Cu3O,5,119.0
La2Cu1O4,3,21.5
La1.88Ba0.12Cu1O4,4,35.0
La1.84Sr0.16Cu1O4,4,37.0
La1.84Sr0.16Cu0.987Ni0.013O4,5,25.0
La1.84Sr0.16Cu0.975Ni0.025O4,5,15.0
Bi4Ca3Sr3Cu4O16,5,84.5
Bi4Ca3Sr3Cu4O16,5,93.5
Bi4Ca3Sr3Cu4O16,5,86.5
Bi2Sr2Cu1O6,4,10.0
Bi2Sr2Ca1Cu2O8,5,85.0
Bi2Sr2Ca2Cu3O10,5,110.0
Bi2Sr2Ca1Cu2O,5,80.0
Eu1Ba2Cu3O7,4,90.0
Bi2.15Sr1.68Ca1.17Cu2O,5,68.0
Bi2.4Sr2Ca1.6Cu3O,5,70.0
Li0.9Mo6O17,3,1.7
Bi2.2Sr2Ca1.8Cu3O,5,30.0
Bi2Sr2Ca2Cu3O,5,76.0
Bi1.95Sr2Ca2Cu3O,5,58.0
Bi1.8Sr2Ca2Cu3O,5,95.0
Bi1.7Sr2Ca2Cu3Pb0.3O,6,106.0
Bi1.9Sr2Ca2Cu3Pb0.3O,6,104.0
Bi1.8Sr2Ca2Cu3Pb0.6O,6,104.0
Y1Ba2Cu3O7,4,92.6
Y1Ba2Cu2.97Al0.03O7,5,86.1
Y1Ba2Cu2.94Al0.06O7,5,80.3
Y1Ba2Cu2.88Al0.12O7,5,68.6
Y1Ba2Cu2.82Al0.18O7,5,72.1
Y1Ba2Cu2.76Al0.24O7,5,72.1
Y1Ba2Cu2.7Al0.3O7,5,59.4
Y1Ba2Cu2.97Fe0.03O7,5,89.0
Y1Ba2Cu2.949Fe0.051O7,5,78.0
Y1Ba2Cu2.901Fe0.099O7,5,62.0
Y1Ba2Cu2.799Fe0.201O7,5,39.0
Y1Ba2Cu3O7,4,89.0
Y0.33Ba0.67Cu3O,4,97.0
Y2Ba3Cu5O,4,97.0
Y1Ba2Cu3O7.1,4,92.0
Y1.1Ba2Cu3O,4,77.5
Ba1Pb0.8Bi0.2O3,4,9.5
Y1Ba2Cu3O7,4,92.2
Y1Ba2Cu2.94Ga0.06O7,5,86.9
Y1Ba2Cu2.91Ga0.09O7,5,77.5
Y1Ba2Cu2.88Ga0.12O7,5,68.2
Y1Ba2Cu2.85Ga0.15O7,5,68.2
Y1Ba2Cu2.82Ga0.18O7,5,58.2
Y1Ba2Cu2.76Ga0.24O7,5,45.7
Y1Ba2Cu2.7Ga0.3O7,5,24.7
La1Ba2Cu3O7,4,92.0
Tl2Sr2Ca2Cu3O10,5,16.0
Tl2Sr1Ca2Cu3O9,5,70.0
Tl2.2Ca2Ba2.14Cu3.72O,5,110.0
Bi1.7Sr1.3Ca2Cu3O,5,95.0
Y1Ba2Cu3O6.94,4,95.0
Y1Ba2Cu3O7,4,91.8
Y1Ba2Cu3O6.78,4,85.4
Y1Ba2Cu3O6.76,4,77.8
Y1Ba2Cu3O6.72,4,60.8
Y1Ba2Cu3O6.6,4,58.9
Y1Ba2Cu3O6.53,4,54.8
Y1Ba2Cu3O6.51,4,45.4
Y1Ba2Cu3O6.3,4,28.0
Y1Ba2Cu2.73Fe0.27O7.1,5,69.0
La1.85Sr0.15Cu1O4,4,37.8
La1.85Sr0.15Cu0.995Zn0.005O4,5,35.1
La1.85Sr0.15Cu0.99Zn0.01O4,5,30.1
La1.85Sr0.15Cu0.985Zn0.015O4,5,22.1
La1.85Sr0.15Cu0.98Zn0.02O4,5,6.5
Y1Ba2Cu3O6.41,4,22.5
Y1Ba2Cu3O6.89,4,64.7
Y1Ba2Cu3O6.67,4,52.5
Y1Ba2Cu3O6.56,4,50.4
Y1Ba2Cu3O6.49,4,37.5
Y1Ba2Cu2.955Fe0.045O7,5,82.6
Y1Ba2Cu2.895Fe0.105O7,5,67.0
Y1Ba2Cu2.85Fe0.15O7,5,61.0
Y1Ba2Cu2.7Fe0.3O7,5,2.0
Y1Ba2Cu2.829Zn0.171O7,5,2.2
Y1Ba2Cu2.85Zn0.15O7,5,12.5
Y1Ba2Cu2.868Zn0.132O7,5,19.3
Y1Ba2Cu2.901Zn0.099O7,5,37.5
Y1Ba2Cu2.919Zn0.081O7,5,47.4
Y1Ba2Cu2.949Zn0.051O7,5,62.7
Y1Ba2Cu2.97Zn0.03O7,5,72.3
Y1Ba2Cu3O7,4,87.8
Y1Ba2Cu3O7,4,91.25
Y1Ba2Cu3S0.001O7,5,92.0
Y1Ba2Cu3S0.05O7,5,93.5
Y1Ba2Cu3Se0.05O7,5,91.0
Y1Ba2Cu3O6.9,4,80.0
Sm1Ba2Cu3O6.944,4,94.0
Sm1.2Ba1.8Cu3O6.965,4,47.0
Sm1.1Ba1.9Cu3O7,4,73.0
Sm1.35Ba1.65Cu3O7,4,8.5
Bi2Sr2Ca0.67Y0.33Cu2O8,6,34.3
Bi2Sr2Ca0.83Y0.17Cu2O8,6,48.4
Bi2Sr2Ca1Cu2O8,5,52.4
Bi2Sr2Ca0.5Y0.5Cu2O8,6,17.0
Bi1Pb0.1Sr1Ca1Cu2O,6,111.0
Bi1Pb0.2Sr1Ca1Cu2O,6,109.0
Bi1Pb0.3Sr1Ca1Cu2O,6,105.0
Bi1Pb0.4Sr1Ca1Cu2O,6,101.5
Bi0.8Pb0.1Sr0.8Ca1Cu1.4O,6,101.0
Bi0.8Pb0.2Sr0.8Ca1Cu1.4O,6,105.5
Bi0.8Pb0.3Sr0.8Ca1Cu1.4O,6,104.0
Bi0.8Pb0.4Sr0.8Ca1Cu1.4O,6,100.5
Y1Ba1.95Cs0.05Cu3O7,5,85.5
Bi2.2Sr1.8Ca1Cu2O,5,90.0
Y1Ba2Cu3O6.9,4,82.0
Y1Ba2Cu3O6.95,4,89.9
Y1Ba2Cu3O7,4,91.1
Eu1Ba2Cu3O,4,94.8
Y1Ba2Cu3O7,4,93.15
Y1Ba2Cu3O7,4,92.11
Y0.96Tb0.04Ba2Cu3O7,5,92.01
Y0.92Tb0.08Ba2Cu3O7,5,92.01
Y0.88Tb0.12Ba2Cu3O7,5,92.1
Y1Ba2Cu3O7,4,91.06
Y1Ba2Cu2.97Ga0.03O7,5,90.88
Y1Ba2Cu2.94Ga0.06O7,5,87.99
Y1Ba2Cu2.91Ga0.09O7,5,83.71
Y1Ba2Cu2.88Ga0.12O7,5,79.89
Y1Ba2Cu2.85Ga0.15O7,5,78.49
Y1Ba2Cu2.82Ga0.18O7,5,79.24
Y1Ba2Cu2.79Ga0.21O7,5,76.91
Y1Ba2Cu2.76Ga0.24O7,5,71.79
Y1Ba2Cu2.73Ga0.27O7,5,67.04
Y1Ba2Cu2.67Ga0.33O7,5,65.64
Y1Ba2Cu2.61Ga0.39O7,5,64.8
Y1Ba2Cu2.55Ga0.45O7,5,65.36
Y1Ba2Cu2.4Ga0.6O7,5,63.31
Y1Ba2Cu3O7,4,89.66
Y1Ba2Cu2.97Zn0.03O7,5,78.21
Y1Ba2Cu2.94Zn0.06O7,5,67.04
Y1Ba2Cu2.91Zn0.09O7,5,55.87
Y1Ba2Cu2.88Zn0.12O7,5,47.02
Y1Ba2Cu2.85Zn0.15O7,5,45.53
Y1Ba2Cu2.82Zn0.18O7,5,46.18
Y1Ba2Cu2.885Zn0.195O7,5,32.4
Y1Ba2Cu2.79Zn0.21O7,5,35.2
Y1Ba2Cu2.7Zn0.3O7,5,27.0
Y1Ba2Cu2.76Zn0.24O7,5,29.05
Bi2Sr2.8Nd0.2Cu2O,5,62.94
Bi2Sr2.7Nd0.3Cu2O,5,63.38
Bi2Sr2.6Nd0.4Cu2O,5,55.28
Bi2Sr2.5Nd0.5Cu2O,5,50.09
Bi2Sr2Ca1Cu2O,5,72.18
Bi2Sr1.9La0.1Ca1Cu2O,6,85.04
Bi2Sr1.8La0.2Ca1Cu2O,6,90.58
Bi2Sr1.7La0.3Ca1Cu2O,6,86.0
Bi2Sr1.6La0.4Ca1Cu2O,6,75.18
Bi2Sr1.5La0.5Ca1Cu2O,6,55.63
Bi2Sr1.4La0.6Ca1Cu2O,6,39.44
Bi1Sr1Cu1O,4,5.28
Bi1Sr0.95Nd0.05Cu1O,5,8.01
Bi1Sr0.9Nd0.1Cu1O,5,10.74
Bi1Sr0.85Nd0.15Cu1O,5,13.56
Bi1Sr0.8Nd0.2Cu1O,5,14.79
Bi1Sr0.75Nd0.25Cu1O,5,14.96
Bi1Sr0.7Nd0.3Cu1O,5,13.2
Bi1Sr0.65Nd0.35Cu1O,5,10.21
Tl2.5Nd1Sr2Cu2.5O,5,28.575
Tl2.5Pb0.2Nd1Sr2Cu2.5O,6,36.48
Tl2.5Pb0.5Nd1Sr2Cu2.5O,6,39.87
Tl2.5Pb0.6Nd1Sr2Cu2.5O,6,39.785
Tl2.5Pb0.7Nd1Sr2Cu2.5O,6,36.585
Tl2.5Pb1Nd1Sr2Cu2.5O,6,41.26
Tl2.5Pb0.3Pr1Sr2Cu2.5O,6,39.06
Tl2.5Pb0.5Pr1Sr2Cu2.5O,6,27.89
Tl2.5Pb0.65Pr1Sr2Cu2.5O,6,30.28
Tl2.5Pb0.8Pr1Sr2Cu2.5O,6,27.81
Tl2.5Pb1Pr1Sr2Cu2.5O,6,39.22
Y1Ba2Cu2.98Ni0.02O7,5,91.6
Y1Ba2Cu2.95Ni0.05O7,5,90.6
Y1Ba2Cu2.9Ni0.1O7,5,83.0
Y1Ba2Cu2.8Ni0.2O7,5,79.4
Y1Ba2Cu2.6Ni0.4O7,5,71.0
Bi2Ca1Sr2Cu2O8,5,88.0
Ba1Y0.67La0.33Cu1.8Li0.2O,6,90.0
Tl1.5Pb0.3Nd2Sr2Cu2O,6,37.5
Tl1.5Pb0.5Nd2Sr2Cu2O,6,37.9
Tl1.5Pb0.7Nd2Sr2Cu2O,6,30.45
Tl1.5Pb1Nd2Sr2Cu2O,6,44.1
Tl1.5Pb0.5Sm2Sr2Cu2O,6,23.6
Tl1.5Pb0.5Pr2Sr2Cu2O,6,16.7
Tl1.5Nd1Sr2Cu3O,5,36.1
Tl1.5Nd2Sr2Cu3O,5,29.8
Tl1.5Pb0.5Nd1Sr2Cu3O,6,39.6
Tl1.5Pb0.5Nd2Sr2Cu3O,6,38.8
Tl1.5Nd2Sr2Cu2O,5,28.65
Nd1.85Ce0.15Cu1O3.93,4,24.0
Pr1.85Ce0.15Cu1O4,4,17.0
Sm1.85Ce0.15Cu1O4,4,15.0
Y1Ba2Cu2.6Ni0.4O7,5,58.0
Sm1La0.75Sr0.25Cu1O3.95,5,20.0
Bi1Sr1Cu1O,4,6.7
Bi1.95La0.05Sr1Cu1O,5,20.0
La1.8Sr0.2Cu1O4,4,36.0
La1.92Sr0.08Cu1O,4,21.8
La1.88Sr0.12Cu1O,4,30.3
La1.84Sr0.16Cu1O,4,38.0
La1.8Sr0.2Cu1O,4,32.7
La1.76Sr0.24Cu1O,4,18.7
La1.91Sr0.09Cu1O4,4,11.0
Y1Ba2Cu3O6.7,4,85.4
La1.8Ba0.2Cu1O4,4,28.0
La2Cu1O4,3,33.0
Bi2Sr2Ca2Cu2O,5,84.0
La1.925Sr0.075Cu1O4,4,21.2
La1.887Sr0.113Cu1O4,4,29.7
La1.812Sr0.188Cu1O4,4,34.4
La1.775Sr0.225Cu1O4,4,23.0
La1.737Sr0.263Cu1O4,4,8.0
Y2Ba4Cu7O15,4,55.0
Eu2Ba4Cu7O15,4,45.0
Gd2Ba4Cu7O15,4,45.0
Dy2Ba4Cu7O15,4,50.0
Ho2Ba4Cu7O15,4,55.0
Er2Ba4Cu7O15,4,55.0
Ba0.77K0.23Bi1O3,4,28.0
Ba0.7K0.75Bi1O,4,29.0
Ba0.9K0.2Bi1O3,4,20.0
Ba0.9K0.24Bi1O3,4,22.0
Ba0.9Rb0.2Bi1O3,4,15.0
Ba0.6K0.4Bi1O3,4,26.0
Sm1Ba2Cu3O6.941,4,90.7
Sm1Ba2Cu3O7,4,95.5
Sm1Ba2Cu3O6.927,4,88.1
Sm1Ba2Cu3O6.9,4,87.0
Sm1Ba2Cu3O6.878,4,91.1
Sm1Ba2Cu3O6.813,4,83.6
Sm1Ba2Cu3O6.773,4,87.8
Sm1Ba2Cu3O6.734,4,67.6
Sm1Ba2Cu3O6.709,4,59.8
Sm1Ba2Cu3O6.554,4,44.7
Y1Ba2Cu3O,4,90.53
La1Ba2Cu3O,4,47.73
Nd1Ba2Cu3O,4,87.63
Sm1Ba2Cu3O,4,92.33
Eu1Ba2Cu3O,4,93.83
Dy1Ba2Cu3O,4,91.23
Ho1Ba2Cu3O,4,89.43
Er1Ba2Cu3O,4,91.1
Tm1Ba2Cu3O,4,90.1
Bi2Sr2Ca1Cu2O8,5,83.0
Bi2Sr2Ca1Cu2O8,5,25.0
Nd1.85Ce0.15Cu1O4,4,20.9
Bi2Sr2Ca1Cu2O,5,82.0
Y1Ba1.9Ca0.1Cu3O6.84,5,85.0
Y1Ba1.9Sr0.1Cu3O6.89,5,89.0
Y1Ba2Cu2.975Zn0.025O6.93,5,82.8
Y1Ba2Cu2.95Zn0.05O6.94,5,73.9
Y1Ba2Cu2.925Zn0.075O6.94,5,65.0
Y1Ba2Cu2.9Zn0.1O6.94,5,56.9
Y1Ba2Cu2.8Zn0.2O6.88,5,54.7
Y1Ba2Cu2.7Zn0.3O6.92,5,47.2
Y1Ba2Cu2.97Fe0.03O7,5,91.0
Y1Ba2Cu2.82Fe0.18O7,5,72.2
Y0.9Er0.1Ba1.9Sr0.1Cu3O7,6,88.0
Y0.9Ho0.1Ba2Cu3O7,5,60.0
Y1Ba2Cu2.975Zn0.025O6.85,5,72.85
Y1Ba2Cu2.95Zn0.05O6.85,5,66.19
Y1Ba2Cu2.925Zn0.075O6.85,5,63.6
Y1Ba2Cu2.9Zn0.1O6.85,5,50.08
Y1Ba2Cu2.85Zn0.15O6.85,5,47.6
Y1Ba2Cu2.8Zn0.2O6.85,5,30.69
Y1Ba2Cu2.8Ni0.2O7,5,63.5
Y1Ba2Cu2.88Ni0.12O7,5,74.3
Y1Ba2Cu2.75Ni0.25O7,5,54.0
Y1Ba2Cu2.72Ni0.28O7,5,51.0
Y1Ba2Cu2.89Co0.11O7,5,64.0
Y1Ba2Cu2.82Co0.18O7,5,46.0
Bi2Sr2Ca1Cu2O,5,86.0
Y1Ba2Cu3O7,4,89.5
Y1Ba2Cu3O7,4,81.0
Bi2Sr2Ca1Cu2O8,5,90.0
Y1Ba1.9K0.1Cu3O6.9,5,91.5
La1.8Sr0.2Cu1O4,4,37.2
Y1Ba2Cu3O7,4,90.5
Tl2Ba2Ca1Cu2O,5,101.0
Tl2Ba2Cu1O,4,10.0
Y1Ba2Cu3O7,4,91.4
Y1Ba2Cu2.97Fe0.03O7,5,91.2
Y1Ba2Cu2.94Fe0.06O7,5,89.3
Y1Ba2Cu2.88Fe0.12O7,5,77.3
Y1Ba2Cu3O7,4,95.0
Y1.1Ba1.9Cu3O7,4,91.0
Y1Ba2Cu3O6.5,4,50.0
Y1Ba2Cu3O6.92,4,91.0
Y1Ba2Cu3O6.66,4,50.0
Y1Ba2Cu3O6.95,4,91.0
La1.8Sr0.2Cu1O4,4,35.0
Gd1Ba2Cu3O7,4,92.7
Gd1Ba2Cu3O7,4,49.0
Gd1Ba2Cu2.925Fe0.075O7,5,81.3
Gd1Ba2Cu2.85Fe0.15O7,5,63.1
Gd1Ba2Cu2.7Fe0.3O7,5,2.9
Y1Ba2Cu3O7,4,88.9
Y1Ba2Cu3O7,4,89.2
Y1Ba2Cu3O7,4,90.1
Bi4.1Sr2.4Ca2.4Cu4O,5,75.0
Y0.9Ba2.1Cu3O7,4,92.0
Y1.1Ba1.9Cu3O7,4,92.0
Ba0.6K0.4Bi1O3,4,27.0
La1.8Ba0.2Cu1O4,4,31.0
La1.8Sr0.2Cu1O4,4,32.5
Bi1.7Pb0.2Sb0.1Sr2Ca2Cu3O,7,116.0
Bi1.6Pb0.3Sb0.1Sr2Ca2Cu3O,7,116.0
Bi1.5Pb0.4Sb0.1Sr2Ca2Cu3O,7,110.0
Bi1.4Pb0.5Sb0.1Sr2Ca2Cu3O,7,109.0
La1.8Sr0.2Cu1O4,4,41.5
La1.85Ba0.15Cu1O4,4,29.0
Y1Ba2Cu3O7,4,88.5
Tl2Ba2Ca2Cu3O10,5,105.0
Bi2Sr2Ca1Cu2O8,5,98.0
Bi2Sr2Ca6Cu8O19,5,80.0
Bi2Sr2Ca1Cu2O8,5,84.0
Bi2Sr2Ca2Cu4O11,5,95.0
Tl1Ba1Ca1Cu2O5.5,5,114.0
Bi2.15Sr1.68Ca1.17Cu2O8,5,80.0
Tl2Ba2Ca1Cu2O7.876,5,110.0
Tl2Ba2Ca1Cu2O7.833,5,112.0
Tl2Ba2Ca1Cu2O8,5,87.0
Tl2Ba2Ca1Cu2O7.984,5,92.0
Tl2Ba2Ca1Cu2O7.978,5,95.0
Tl2Ba2Ca1Cu2O7.958,5,107.0
Tl2Ba2Ca1Cu2O7.946,5,107.0
Tl2Ba2Ca2Cu3O10,5,115.0
Tl2Ba2Ca2Cu3O9.964,5,112.0
Tl2Ba2Ca2Cu3O9.877,5,111.0
Tl2Ba2Ca2Cu3O9.841,5,110.0
Tl0.5Pb0.5Ca0.8Er0.2Sr2Cu2O,7,110.0
Tl2Ba2Ca2Cu3O10,5,110.0
Tl2Ba2Cu1O5.989,4,10.0
Y1Ba2Cu3O6.29,4,21.9
Y1Ba2Cu3O6.34,4,23.5
Y1Ba2Cu3O6.43,4,26.4
Y1Ba2Cu3O6.5,4,50.1
Y1Ba2Cu3O6.54,4,54.0
Y1Ba2Cu3O6.58,4,56.3
Y1Ba2Cu3O6.64,4,59.7
Y1Ba2Cu3O6.72,4,85.0
Y1Ba2Cu3O6.8,4,93.9
Y1Ba2Cu3O6.87,4,93.2
Tl2Ba2Cu1O5.957,4,38.0
Tl2Ba2Cu1O5.947,4,50.0
Tl2Ba2Cu1O5.943,4,56.0
Tl2Ba2Ca1Cu2O7.984,5,90.0
Tl2Ba2Cu1O5.94,4,58.0
Tl2Ba2Cu1O5.929,4,70.0
Tl2Ba2Cu1O5.912,4,82.0
Tl2Ba2Cu1O5.876,4,87.0
Tl2Ba2Cu1O5.963,4,53.0
Tl2Ba2Cu1O6,4,50.0
Bi1.6Pb0.3Sb0.1Sr2Ca2Cu3O10,7,109.0
Ho1Ba2Cu4O8,4,78.5
Ho1Ba2Cu4O8,4,77.0
Ho0.95Ca0.05Ba2Cu4O8,5,81.0
Ho0.9Ca0.1Ba2Cu4O8,5,87.0
Ho0.85Ca0.15Ba2Cu4O8,5,87.0
Ho0.8Ca0.2Ba2Cu4O8,5,87.0
Ho0.7Ca0.3Ba2Cu4O8,5,87.0
Y1Ba2Cu4O8,4,81.0
Y0.95Ca0.05Ba2Cu4O8,5,84.0
Y0.9Ca0.1Ba2Cu4O8,5,89.5
Y0.85Ca0.15Ba2Cu4O8,5,90.0
Y0.8Ca0.2Ba2Cu4O8,5,90.0
Y0.7Ca0.3Ba2Cu4O8,5,90.0
La1.8Sr0.2Cu1O4,4,34.0
Bi1.85Pb0.35Sr1.9Ca2.1Cu3.1O,6,112.0
Bi4Sr4Ca2Cu4O16.25,5,82.4
Bi4Sr4Ca1.9Tm0.1Cu4O16.28,6,83.9
Bi4Sr4Ca1.8Tm0.2Cu4O16.38,6,83.9
Bi4Sr4Ca1.5Tm0.5Cu4O16.5,6,84.3
Bi4Sr4Ca1Tm1Cu4O16.67,6,37.7
Bi4Sr4Ca0.5Tm1.5Cu4O16.91,6,1.5
Bi4Sr4Ca1.5Eu0.5Cu4O16,6,84.3
Bi4Sr4Ca1Eu1Cu4O16,6,28.5
Bi4Sr4Ca0.5Eu1.5Cu4O16,6,1.5
Bi4Sr4Ca1.5Er0.5Cu4O16,6,84.3
Bi4Sr4Ca1Er1Cu4O16,6,32.9
Bi4Sr4Ca0.5Er1.5Cu4O16,6,1.5
Bi4Sr4Ca1.5Ho0.5Cu4O16,6,84.3
Bi4Sr4Ca1Ho1Cu4O16,6,40.7
Bi4Sr4Ca0.5Ho1.5Cu4O16,6,1.5
Bi4Sr4Ca3Cu4O16.29,5,81.0
Bi4Sr3Ca2.9Tm0.1Cu4O16.36,6,80.0
Bi4Sr3Ca2.8Tm0.2Cu4O16.41,6,83.0
Bi4Sr3Ca2.5Tm0.5Cu4O16.52,6,81.0
Bi4Sr3Ca2Tm1Cu4O16.73,6,46.5
Bi1.7Pb0.3Sr2Ca0.7Y0.3Cu2O8.25,7,71.0
Bi1.7Pb0.3Sr2Ca0.7Y0.3Cu2O8.25,7,72.0
Bi1.7Pb0.3Sr2Ca0.7Y0.3Cu2O8.26,7,73.0
Tl5Ba5Ca2Cu6O,5,106.0
Y1Ba2Cu2.97Fe0.03O7,5,84.0
Bi2Sr2Ca2Cu3O,5,105.7
Y1Ba2Cu2.895Fe0.105O7,5,63.0
Y1Ba2Cu2.901Co0.099O7,5,70.0
Y1Ba2Cu2.955Zn0.045O7,5,67.0
Y1Ba2Cu2.82Zn0.18O7,5,35.0
Y1Ba2Cu2.94Ni0.06O7,5,83.0
Tl2Ba2Ca1Cu2O8,5,113.1
Bi2Sr2Ca1Cu2O8,5,82.0
Tl1Ba1.2La0.8Cu1O5,5,52.0
Bi2Sr2Ca1Cu2O8,5,80.0
Bi2Sr1.5Ca1.5Cu2O8.19,5,83.0
Bi2Sr1.5Ca1.5Cu2O8.22,5,73.0
Bi2Sr1.5Ca1.5Cu2O8.25,5,67.0
Bi2Sr2Ca1Cu2O8,5,68.0
Bi2Sr2Ca1Cu2O8,5,64.0
Bi2Sr2Ca0.5Y0.5Cu2O8.33,6,40.0
Bi2Sr2Ca1Cu2O8.23,5,70.0
Bi2Sr2Ca0.9Y0.1Cu2O8.23,6,90.0
Bi2Sr2Ca0.7Y0.3Cu2O8.3,6,86.0
Bi2Sr2Ca0.65Y0.35Cu2O8.3,6,74.0
Bi2Sr2Ca0.6Y0.4Cu2O8.29,6,64.0
Er1Ba2Cu3O7,4,92.0
Tm1Ba2Cu3O,4,92.0
Gd1Ba2Cu3O,4,91.1
Dy1Ba2Cu3O,4,91.8
Ho1Ba2Cu3O,4,92.4
Er1Ba2Cu3O,4,92.5
Tm1Ba2Cu3O,4,91.8
Y1Ba2Cu4O7.8,4,77.5
Y1Ba1.9Sr0.1Cu4O7.9,5,78.0
Y1Ba1.8Sr0.2Cu4O7.9,5,78.0
Y1Ba1.6Sr0.4Cu4O7.9,5,79.0
Eu2.67Ce1.33La1.33Ba1.33Sr1.33Cu6O,7,28.5
Dy2.67Ce1.33La1.33Ba1.33Sr1.33Cu6O,7,6.0
Y1Ba1.4Sr0.6Cu4O7.8,5,78.5
Y1Ba1.2Sr0.8Cu4O7.9,5,79.0
Y1Ba2Cu3O6.9,4,92.5
Y1Ba1.8Sr0.2Cu3O6.8,5,90.5
Y1Ba2Cu3O7,4,93.4
Y0.95Ca0.05Ba1.6Sr0.4Cu4O7.8,6,82.0
Y0.9Ca0.1Ba1.6Sr0.4Cu4O7.8,6,85.5
Y1Ba1.6Sr0.4Cu3O6.8,5,88.5
Y1Ba1.4Sr0.6Cu3O6.8,5,86.0
Y1Ba1.2Sr0.8Cu3O6.8,5,86.0
Y1Ba1Sr1Cu3O6.8,5,83.5
Y1Ba0.8Sr1.2Cu3O6.8,5,82.0
Y1Ba2Cu4O7.96,4,86.0
Nd1.85Ce0.15Cu1O4,4,18.4
Sm1.85Ce0.15Cu1O4,4,21.1
Pr1.85Ce0.15Cu1O4,4,22.4
Bi2Sr2Ca1Cu2O8.11,5,86.4
Bi2Sr2Ca1Cu2O8.16,5,92.7
Bi2Sr2Ca1Cu2O8.19,5,88.0
Bi2Sr2Ca1Cu2O8.22,5,78.5
Tl2Ba2Cu1O6.1,4,92.4
Tl2Ba2Cu1O6.12,4,87.8
Tl2Ba2Cu1O6.16,4,64.9
Tl2Ba2Cu1O6.19,4,45.3
Y1Ba2Cu4O7.986,4,80.0
Y1Ba2Cu3O,4,92.4
Dy1Ba2Cu3O,4,92.1
Bi4Sr3Ca2Y1Cu4O16,6,43.5
Bi4Sr3Ca1.6Y1.4Cu4O16,6,79.8
Bi4Sr3Ca1.5Y1.5Cu4O16,6,86.1
Bi4Sr3Ca1.4Y1.6Cu4O16,6,85.8
Bi4Sr3Ca1.2Y1.8Cu4O16,6,79.3
Bi4Sr3Ca1Y2Cu4O16,6,64.1
Bi2Sr2Ca0.5Y0.5Cu2O8,6,41.0
Bi2Sr2Ca0.6Y0.4Cu2O8,6,62.7
Bi2Sr2Ca0.7Y0.3Cu2O8,6,81.4
Bi2Sr2Ca0.75Y0.25Cu2O8,6,89.4
Nd1Ba2Cu3O6.84,4,93.0
Nd1.1Ba1.9Cu3O6.9,4,92.0
Nd1.2Ba1.8Cu3O6.96,4,80.0
Nd1.3Ba1.7Cu3O7,4,69.0
Nd1.4Ba1.6Cu3O7.09,4,38.0
Nd1.5Ba1.5Cu3O7.14,4,20.0
Bi2Sr2Ca0.8Y0.2Cu2O8,6,89.6
Bi2Sr2Ca0.9Y0.1Cu2O8,6,76.0
Bi2Sr2Ca1Cu2O8,5,71.8
La1.91Ba0.09Cu1O4,4,28.8
La1.87Ba0.13Cu1O4,4,4.2
La1.84Ba0.16Cu1O4,4,28.8
La1.78Ba0.22Cu1O4,4,32.0
La1.85Sr0.15Cu1O4,4,36.4
Y1Ba2Cu3O6.7,4,60.0
Gd1Ba2Cu2.925Zn0.075O,5,54.0
Gd1Ba2Cu2.85Zn0.15O,5,37.0
Gd1Ba2Cu2.775Zn0.225O,5,35.0
Gd1Ba2Cu3O,4,91.0
Gd1Ba2Cu2.925Ni0.075O,5,79.0
Gd1Ba2Cu2.85Ni0.15O,5,71.0
Gd1Ba2Cu2.775Ni0.225O,5,65.0
Ba0.5K0.5Bi1O3,4,24.0
Bi1.7Pb0.3Sr2Ca3Cu4O,6,110.0
Bi2.05Pb0.05Sr1.9Cu1O,5,9.4
Bi2Pb0.1Sr1.9Cu1O,5,8.4
Bi1.95Pb0.15Sr1.9Cu1O,5,6.4
Bi1.9Pb0.2Sr1.9Cu1O,5,4.7
Ho1Ba2Cu3O7,4,95.0
Dy1Ba2Cu3O7,4,90.0
Y1Ba2Cu2.88Fe0.12O,5,76.1
Y1Ba2Cu3O7,4,84.0
Y1Ba2Cu3.85O6.85,4,93.0
La1.83Sr0.17Cu1O4,4,37.0
La1.8Ba0.2Cu1O4,4,25.6
La1.84Sr0.16Cu1O4,4,38.5
La1.85Sr0.15Cu1O4,4,32.0
La1.85Sr0.15Cu1O4,4,35.9
La1.825Sr0.175Cu1O4,4,36.0
La1.8Sr0.2Cu1O4,4,30.0
La1.85Sr0.15Cu1O4,4,37.0
La1.85Ca0.15Cu1O4,4,17.0
La1.89Sr0.11Cu1O4,4,10.0
Nd1.85Ce0.15Cu1O4,4,23.0
Y1Ba2Cu3O9,4,89.0
Y1Ba2Cu3O7,4,85.0
Y1Ba2Cu3O7,4,88.0
Y1Ba2Cu3O7,4,83.0
Y1Ba2Cu2.85Fe0.15O7,5,73.7
Y1Ba2Cu2.775Fe0.225O7,5,57.6
Y1Ba2Cu2.7Fe0.3O7.15,5,36.0
Bi1.6Pb0.4Sr2Cu2.95Mo0.05O,6,107.1
Bi1.6Pb0.4Sr2Cu2.9Mo0.1O,6,107.0
Bi1.6Pb0.4Sr2Cu2.85Mo0.15O,6,98.5
Bi1.6Pb0.4Sr2Cu2.8Mo0.2O,6,98.4
Bi1.6Pb0.4Sr2Cu2.75Mo0.25O,6,96.9
Bi1.6Pb0.4Sr2Cu2.7Mo0.3O,6,96.9
Y1Ba2Cu2Pb1O,5,90.0
Ba0.6K0.4Bi1O3,4,16.0
Tl1Sr1.3Nd0.7Ca1Cu2O7,6,81.0
Tl0.5Pb0.5Sr2Ca1Cu2O7,6,85.0
Y1Ba2Cu3O7,4,89.8
Y1Ba2Cu2.985Fe0.015O7,5,90.0
Y1Ba2Cu2.97Fe0.03O7,5,89.2
Y1Ba2Cu2.955Fe0.045O7,5,86.7
Y1Ba2Cu2.94Fe0.06O7,5,86.4
Y1Ba2Cu2.925Fe0.075O7,5,86.4
Y1Ba2Cu2.91Fe0.09O7,5,82.8
Y1Ba2Cu3O,4,90.71
Y1Ba2Cu2.85Ag0.15O,5,91.3
Y1Ba2Cu2.7Ag0.3O,5,90.2
Y1Ba2Cu2.55Ag0.45O,5,87.6
Bi2Sr2Ca1Cu1O8,5,77.0
Bi2Sr2Ca1Cu0.995Fe0.005O8,6,77.0
Bi2Sr2Ca1Cu0.98Fe0.02O8,6,66.0
Bi2Sr2Ca1Cu0.95Fe0.05O8,6,52.0
Bi1.84Pb0.34Sr1.91Ca2.03Cu3O,6,107.0
Bi1.6Pb0.3Sb0.1Sr2Ca2Cu3O,7,109.6
Bi1.8Pb0.2Sr2Ca2Cu3O,6,107.0
Bi3.7Pb0.3Sr3Ca3Cu4O,6,107.0
Ba0.6K0.4Bi1O3,4,18.0
Y1Ba2Cu2.85Zn0.15O6.97,5,39.0
Y1Ba2Cu2.85Zn0.15O6.9,5,32.5
Y1Ba2Cu2.79Zn0.21O6.97,5,14.2
Y1Ba2Cu2.94Zn0.06O6.97,5,67.6
Y1Ba2Cu2.94Zn0.06O6.9,5,67.1
Y1Ba2Cu2.94Zn0.06O6.76,5,41.1
Y1Ba2Cu2.94Zn0.06O6.59,5,18.6
Y1Ba2Cu2.97Zn0.03O6.97,5,79.1
Y1Ba2Cu2.97Zn0.03O6.9,5,81.0
Y1Ba2Cu2.97Zn0.03O6.76,5,61.4
Y1Ba2Cu2.97Zn0.03O6.59,5,38.7
Y1Ba2Cu2.97Zn0.03O6.47,5,29.8
Y1Ba2Cu2.97Zn0.03O6.85,5,77.0
Y1Ba2Cu2.97Zn0.03O6.67,5,39.8
Y1Ba2Cu2.94Zn0.06O6.84,5,60.8
Y1Ba2Cu2.94Zn0.06O6.65,5,18.9
Y1Ba2Cu2.94Zn0.06O6.59,5,18.9
Y1Ba2Cu3O6.97,4,91.6
Y1Ba2Cu3O6.9,4,94.1
Y1Ba2Cu3O6.76,4,82.0
Y1Ba2Cu3O6.59,4,61.2
Y1Ba2Cu3O6.47,4,51.4
Y1Ba2Cu3O6.66,4,68.0
Y1Ba2Cu3O6.33,4,18.6
Y1Ba2Cu2.94Ni0.06O6.97,5,85.0
Y1Ba2Cu2.94Ni0.06O6.9,5,86.3
Y1Ba2Cu2.94Ni0.06O6.78,5,64.6
Y1Ba2Cu2.94Ni0.06O6.6,5,40.1
Y1Ba2Cu2.94Ni0.06O6.47,5,23.0
Y1Ba2Cu2.94Ni0.06O6.7,5,47.4
Y1Ba2Cu2.94Ni0.06O6.64,5,43.1
Y1Ba2Cu2.94Ni0.06O6.56,5,37.5
Y1Ba2Cu2.85Ni0.15O6.97,5,77.2
Y1Ba2Cu2.85Ni0.15O6.9,5,73.0
Y1Ba2Cu2.85Ni0.15O6.78,5,41.3
Y1Ba2Cu2.7Ni0.3O6.97,5,60.4
Y1Ba2Cu2.7Ni0.3O6.9,5,46.0
Pb2Sr2Y0.85Ca0.15Cu3O8,6,46.0
Pb2Sr2Y0.8Ca0.2Cu3O8,6,58.9
Pb2Sr2Y0.75Ca0.25Cu3O8,6,70.6
Pb2Sr2Y0.7Ca0.3Cu3O8,6,76.8
Pb2Sr2Y0.65Ca0.35Cu3O8,6,79.1
Pb2Sr2Y0.6Ca0.4Cu3O8,6,79.1
Pb2Sr2Y0.55Ca0.45Cu3O8,6,79.7
Pb2Sr2Y0.5Ca0.5Cu3O8,6,79.7
Pb2Sr2Y0.45Ca0.55Cu3O8,6,78.8
Pb2Sr2Y0.4Ca0.6Cu3O8,6,79.1
Pb2Sr2Y0.3Ca0.7Cu3O8,6,73.0
Pb2Sr2Y0.2Ca0.8Cu3O8,6,73.2
Y0.9Pr0.1Ba2Cu3O7,5,90.0
Y0.8Pr0.2Ba2Cu3O7,5,78.4
Y0.7Pr0.3Ba2Cu3O7,5,64.0
Y0.6Pr0.4Ba2Cu3O7,5,48.0
Y0.5Pr0.5Ba2Cu3O7,5,33.0
Y0.95Pr0.05Ba2Cu3O6.97,5,91.5
Y0.6Pr0.4Ba2Cu3O6.97,5,40.0
Y0.85Ca0.05Pr0.1Ba2Cu3O6.95,6,84.6
Y0.8Ca0.1Pr0.1Ba2Cu3O6.95,6,81.4
Y1Ba2Cu3O6.95,4,92.2
Y0.95Pr0.05Ba2Cu3O6.95,5,91.5
Y0.9Pr0.1Ba2Cu3O6.95,5,88.1
Y0.85Pr0.15Ba2Cu3O6.95,5,81.6
Y0.8Pr0.2Ba2Cu3O6.95,5,74.6
Y0.83Ca0.02Pr0.15Ba2Cu3O6.95,6,83.0
Y0.8Ca0.05Pr0.15Ba2Cu3O6.95,6,82.7
Y0.77Ca0.08Pr0.15Ba2Cu3O6.95,6,81.7
Y0.75Ca0.1Pr0.15Ba2Cu3O6.95,6,79.6
Y0.7Ca0.15Pr0.15Ba2Cu3O6.95,6,77.6
Y0.75Ca0.05Pr0.2Ba2Cu3O6.95,6,76.4
Y0.7Ca0.1Pr0.2Ba2Cu3O6.95,6,77.1
Y0.6Ca0.2Pr0.2Ba2Cu3O6.95,6,72.9
Y0.65Ca0.15Pr0.2Ba2Cu3O6.95,6,77.1
Tl1Ba2Ca0.9Gd0.1Cu2O7,6,91.8
Tl1Ba2Ca0.8Gd0.2Cu2O7,6,93.6
Tl1Ba2Ca0.7Gd0.3Cu2O7,6,84.5
Tl1Ba2Ca0.9Y0.1Cu2O7,6,86.1
Tl1Ba2Ca0.8Y0.2Cu2O7,6,97.6
Tl1Ba2Ca0.65Y0.35Cu2O7,6,102.0
Tl1Ba2Ca0.6Y0.4Cu2O7,6,95.8
Tl1Ba2Ca1Cu2O7,5,81.6
Tl1Ba2Ca0.9Nd0.1Cu2O7,6,90.8
Tl1Ba2Ca0.8Nd0.2Cu2O7,6,96.3
Tl1Ba2Ca0.7Nd0.3Cu2O7,6,95.5
Y1Ba2Cu3O6.8,4,89.5
Y1Ba2Cu2.94Ni0.06O7,5,82.7
Y1Ba2Cu2.85Ni0.15O7,5,74.6
Gd1Ba2Cu2.97Fe0.03O7,5,88.2
Gd1Ba2Cu2.94Fe0.06O7,5,85.0
Gd1Ba2Cu2.82Fe0.18O7,5,55.2
Gd1Ba2Cu2.76Fe0.24O7,5,40.6
Gd1Ba2Cu2.73Fe0.27O7,5,36.4
Gd1Ba2Cu2.67Fe0.33O7,5,11.8
Gd1Ba2Cu2.64Fe0.36O7,5,18.6
Y1Ba2Cu3O6.93,4,92.0
Y1Ba2Cu2.955Fe0.045O6.93,5,91.4
Y1Ba2Cu2.835Fe0.165O6.98,5,69.3
Y1Ba2Cu2.745Fe0.255O7.08,5,53.0
Y1Ba2Cu2.64Fe0.36O7.12,5,32.0
Y1Ba2Cu2.58Fe0.42O7,5,24.7
Dy1Ba2Cu4O8,4,77.2
Er1Ba2Cu4O8,4,78.3
Tm1Ba2Cu4O8,4,78.6
Y1Ba2Cu4O8,4,80.4
Sm1Ba2Cu4O8,4,69.3
Eu1Ba2Cu4O8,4,68.9
Gd1Ba2Cu4O8,4,73.4
Y1Ba2Cu4O8.045,4,81.4
Y1Ba2Cu4O8,4,79.7
Y1Ba2Cu4O8,4,80.6
Ho1Ba2Cu4O8,4,77.4
Er1Ba2Cu4O8,4,78.0
Y1Ba2Cu4O8,4,82.9
Y0.981Ba1.994Ca0.025Cu4O8,5,87.1
Y0.962Ba1.987Ca0.05Cu4O8,5,91.5
Y0.925Ba1.975Ca0.1Cu4O8,5,92.3
Y0.887Ba1.962Ca0.15Cu4O8,5,91.8
Y0.85Ba1.95Ca0.2Cu4O8,5,91.6
Y1Ba2Cu4O8.043,4,80.0
Y1Ba2Cu4O8,4,74.0
Y1Ba2Cu4O8,4,80.0
Y1Ba2Cu4O8,4,75.0
La2Cu1O4.13,3,34.0
La2Cu1O4.32,3,37.5
Nd1.85Ce0.15Cu1O4,4,24.0
Bi1.4Pb0.5Sb0.1Sr2Ca2Cu3O10,7,106.9
Tl2Ba2Cu1O6,4,85.0
Bi1.6Pb0.4Sb0.1Sr2Ca2Cu2O,7,136.0
Bi1.6Pb0.4Sb0.1Sr2Ca2Cu2O,7,132.25
Bi1.8Pb0.2Sb0.1Sr2Ca2Cu2O,7,136.0
Y1Ba2Cu2.85Zn0.15O7,5,42.8
Y1Ba2Cu2.85Zn0.114Ga0.036O7,6,40.2
Y1Ba2Cu2.85Zn0.075Ga0.075O7,6,42.3
Y1Ba2Cu2.85Zn0.036Ga0.114O7,6,55.1
Y1Ba2Cu2.85Ga0.15O7,5,75.2
La1.8Sr0.2Cu1O4,4,39.0
Nd1.85Ce0.15Cu1O4,4,22.9
Nd1.847Ce0.153Cu1O4,4,22.5
Pb2.04Sr2.07Y0.61Ca0.38Cu3O8,6,65.0
Y0.9Pr0.1Ba2Cu3O6.85,5,89.0
Y0.8Pr0.2Ba2Cu3O6.82,5,71.6
Y0.7Pr0.3Ba2Cu3O7,5,67.4
Y0.6Pr0.4Ba2Cu3O6.76,5,44.3
Y0.5Pr0.5Ba2Cu3O7,5,25.4
Bi1.4Pb0.6Ca2Sr2Cu3O,6,108.0
Er1Ba2Cu3O7,4,51.8
Pr1.85Ce0.15Cu1O3.98,4,19.4
Nd1.85Ce0.15Cu1O3.98,4,21.2
Sm1.85Ce0.15Cu1O3.98,4,19.7
Eu1.85Ce0.15Cu1O3.98,4,7.3
Eu1Ba2Cu3O6.9,4,88.0
Eu1Ba2Cu2.925Zn0.075O,5,27.0
La2Cu1FO4,4,40.0
Ho1Ba2Cu4O8,4,76.0
Y2Ba4Cu7O15,4,93.0
Y0.93Ca0.07Ba2Cu4O8,5,89.0
Bi1.8Pb0.4Sr1.85Ca2.05Cu3O10.26,6,107.0
Y1Ba2Cu4O8,4,83.0
Y0.9Ca0.1Ba2Cu4O8,5,91.0
Y1Ba2Cu3O7,4,86.5
La1.8Sr0.2Cu1O4,4,34.2
Y1Ba2Cu3O,4,89.6
Y1Ba2Cu4O8,4,82.5
Gd1Ba2Cu3O7,4,95.5
Y1Ba2Cu4O,4,74.6
Y2Ba4Cu7O,4,51.3
Y1Ba2Cu3O6.81,4,89.5
Y1Ba2Cu3O6.54,4,58.0
Y0.9Pr0.1Ba2Cu3O7,5,85.5
Y0.8Pr0.2Ba2Cu3O7,5,79.6
Y0.7Pr0.3Ba2Cu3O7,5,56.0
Y0.6Pr0.4Ba2Cu3O7,5,48.5
Bi2Sr2Ca0.8Y0.2Cu2O8.26,6,92.0
Bi2Sr2Ca0.8La0.2Cu2O8.26,6,87.9
Bi2Sr2Ca0.8Nd0.2Cu2O8.26,6,88.8
Bi2Sr2Ca0.8Eu0.2Cu2O8.26,6,90.4
Bi2Sr2Ca0.8Gd0.2Cu2O8.26,6,89.8
Bi2Sr2Ca0.8Dy0.2Cu2O8.26,6,90.8
Bi2Sr2Ca0.8Yb0.2Cu2O8.26,6,91.2
Eu1Ba2Cu3O7,4,95.8
Eu0.9Pr0.1Ba2Cu3O7,5,77.8
Eu0.8Pr0.2Ba2Cu3O7,5,53.5
Eu0.7Pr0.3Ba2Cu3O7,5,35.2
Eu0.65Pr0.35Ba2Cu3O7,5,19.1
La1.9Ca1.1Cu2O6,4,39.5
La1.85Ca1.15Cu2O6,4,45.5
La1.75Ca1.25Cu2O5.99,4,47.7
La1.4Ca1.6Cu2O6,4,47.7
La1Ba2Cu3O,4,62.5
Nd1Ba2Cu3O,4,93.6
Sm1Ba2Cu3O,4,94.2
Eu1Ba2Cu3O,4,93.9
Gd1Ba2Cu3O,4,93.6
Ho1Ba2Cu3O,4,91.7
Er1Ba2Cu3O,4,91.4
Tm1Ba2Cu3O,4,90.2
Yb1Ba2Cu3O,4,88.7
Lu1Ba2Cu3O,4,86.9
Pb2Sr2Y0.5Ca0.5Cu3O8,6,78.4
Pb2Sr2Y0.5Ca0.5Cu3O8.6,6,65.0
Y1Ba2Cu3O7,4,86.0
Y1.04Ba1.96Cu3O6.8,4,90.6
Pr1.85Ce0.15Cu1O4,4,23.0
Y1Ba2Cu3O6.7,4,56.0
Y1Ba2Cu3O6.94,4,91.7
Y1Ba2Cu3O6.85,4,90.9
Y1Ba2Cu3O6.65,4,79.3
Y1Ba2Cu3O6.55,4,58.3
Y1Ba2Cu3O6.45,4,52.5
Y1Ba2Cu3O6.36,4,8.3
Y1Ba2Cu3O,4,81.0
Y1Ba2Cu3O,4,91.0
Er1Ba2Cu3O7,4,91.1
Tm1Ba2Cu3O7,4,92.1
Yb1Ba2Cu3O7,4,96.1
Lu1Ba2Cu3O7,4,92.4
Sm1Ba2Cu3O7,4,73.0
Nd1Ba2Cu3O7,4,93.5
Eu1Ba2Cu3O7,4,82.2
Gd1Ba2Cu3O7,4,95.7
Dy1Ba2Cu3O7,4,95.1
Ho1Ba2Cu3O7,4,91.3
Gd1Ba2Cu3O7,4,90.0
Y1Ba2Cu3O6.88,4,90.6
Tl2Ca2Ba2Cu3O10,5,119.95
Y1Ba2Cu2.94Zn0.06O7,5,69.0
Y1Ba2Cu2.88Zn0.12O7,5,41.0
Y1Ba2Cu2.94Ni0.06O7,5,84.0
Y1Ba2Cu2.88Ni0.12O7,5,78.0
Y1Ba2Cu2.88Co0.12O7,5,72.5
Y1Ba2Cu2.94Cr0.06O7,5,84.0
Y1Ba2Cu2.88Al0.12O7,5,78.0
Y1Ba2Cu2.82Al0.18O7,5,66.0
Y1Ba2Cu2.85Fe0.15O7,5,75.0
Y1Ba2Cu2.775Fe0.225O7,5,59.0
Y1Ba2Cu3O6.8,4,64.0
Er2Ba4Cu7O15,4,85.0
Y2Ba4Cu7O15,4,92.0
Y2Ba4Cu7O14.98,4,88.0
Y2Ba4Cu7O14.92,4,82.0
Y2Ba4Cu7O14.85,4,78.0
Y2Ba4Cu7O14.78,4,70.0
Y2Ba4Cu7O14.68,4,60.0
Y2Ba4Cu7O14.46,4,46.0
Y2Ba4Cu7O14.38,4,50.0
Y2Ba4Cu7O14.16,4,34.0
Y2Ba4Cu7O14.04,4,36.0
Y2Ba4Cu7O14,4,30.0
Bi2Sr2Nd1.64Ce0.36Cu2O10.23,6,14.0
Bi2Sr2Sm1.64Ce0.36Cu2O10.24,6,16.0
Bi2Sr2Eu1.64Ce0.36Cu2O10.26,6,27.0
Bi2Sr2Gd1.64Ce0.36Cu2O10.24,6,34.0
Bi2Sr2Dy1.64Ce0.36Cu2O10.26,6,27.0
Bi2Sr2Ho1.64Ce0.36Cu2O10.22,6,24.0
Bi2Sr2Y1.64Ce0.36Cu2O10.22,6,20.0
Tl1Ba2Ca1Cu2O7,5,80.0
Nd1.88Ce0.12Cu0.98IN0.02O4,6,15.4
Nd1.88Ce0.12Cu0.97IN0.03O4,6,17.0
Nd1.88Ce0.12Cu0.96IN0.04O4,6,10.5
Nd1.87Ce0.13Cu0.98IN0.02O4,6,19.5
Nd1.85Ce0.15Cu1O4,4,22.7
Nd1.85Ce0.15Cu0.99IN0.01O4,6,20.5
Nd1.85Ce0.15Cu0.98IN0.02O4,6,19.5
Ba0.6K0.4Bi1O3,4,25.5
Y1Ba2Cu2.94Ni0.06O7,5,83.5
Y1Ba2Cu2.94Al0.06O7,5,87.0
Tl2Ba2Ca2Cu3O10,5,118.5
Y1Ba2Cu3O7,4,90.9
Nd1Ba2Cu3O7,4,91.9
Sm1Ba2Cu3O7,4,90.9
Eu1Ba2Cu3O7,4,93.8
Gd1Ba2Cu3O7,4,94.2
Dy1Ba2Cu3O7,4,91.0
Ho1Ba2Cu3O7,4,92.7
Er1Ba2Cu3O7,4,92.2
Er1Ba2Cu3O7,4,89.3
Tm1Ba2Cu3O7,4,91.5
Yb1Ba2Cu3O7,4,90.1
Lu1Ba2Cu3O7,4,90.0
Tl2Ba2Cu1O6.01,4,81.0
Tl2Ba2Cu1O6.03,4,62.0
Tl2Ba2Cu1O6.05,4,47.0
Tl2Ba2Cu1O6.08,4,16.0
Nd1.86Ce0.14Cu1O3.96,4,21.3
Nd1.85Ce0.15Cu1O3.95,4,22.1
Nd1.84Ce0.16Cu1O3.96,4,16.1
Nd1.83Ce0.17Cu1O4,4,9.9
Pb1.3Sr4Y1.4Ca0.6Cu4.7O,6,22.0
Pb1.35Sr4Y1.3Ca0.7Cu4.65O,6,41.0
Pb1.4Sr4Y1.2Ca0.8Cu4.6O,6,52.0
Y1Ba2Cu2.97Zn0.03O7,5,79.5
Y1Ba2Cu2.91Zn0.09O7,5,56.0
Y1Ba2Cu2.85Zn0.15O7,5,43.5
Y1Ba2Cu2.79Zn0.21O7,5,27.0
Y1Ba2Cu2.7Zn0.3O7,5,19.0
Tl2Ba2Ca2Cu3O,5,114.0
Y2Ba4Cu7O15,4,41.0
Y2Ba4Cu7O15,4,66.0
Y2Ba4Cu7O15,4,75.0
Y2Ba4Cu7O15,4,82.0
Dy0.35Ba0.65Cu1O3,4,99.25
Dy0.35Ba0.65Pb0.1Cu0.9O3,5,90.25
Y1Ba2Cu4O8,4,79.6
Ba0.65K0.35Bi1O3,4,27.0
Ba0.63K0.37Bi1O3,4,27.7
Ba0.6K0.4Bi1O3,4,28.0
Ba0.55K0.45Bi1O3,4,25.6
Eu1.55La0.3Ce0.15Cu1O4,5,10.0
Eu1.25La0.6Ce0.15Cu1O4,5,15.0
Eu0.95La0.9Ce0.15Cu1O4,5,17.5
Eu0.85La1Ce0.15Cu1O4,5,15.0
Eu0.65La1.2Ce0.15Cu1O4,5,11.0
Nd1.55La0.3Ce0.15Cu1O4,5,25.2
Nd1.25La0.6Ce0.15Cu1O4,5,23.0
Nd0.95La0.9Ce0.15Cu1O4,5,22.0
Nd0.85La1Ce0.15Cu1O4,5,15.0
Tl2Ba2Ca1Cu2O8,5,106.0
Tl2Ba2Ca2Cu3O10,5,129.0
Nd1.85Ce0.15Cu1O4,4,19.5
Pr1.86Ce0.14Cu1O4,4,20.0
Pr1.85Ce0.15Cu1O4,4,17.8
Pr1.84Ce0.16Cu1O4,4,12.3
Nd1.3Ce0.2Sr0.15Cu1O4,5,23.76
Nd1.85Ce0.15Cu1O3.98,4,19.5
Y0.8Pr0.2Ba2Cu3O7,5,67.0
Y0.6Pr0.4Ba2Cu3O7,5,35.0
Y0.8Pr0.2Ba2Cu3O6.95,5,73.3
Y0.7Pr0.3Ba2Cu3O6.95,5,62.5
Y0.6Pr0.4Ba2Cu3O6.95,5,45.3
Y0.4Pr0.6Ba2Cu3O6.95,5,9.0
Y1Ba2Cu2.7Fe0.3O7.1,5,69.0
Y0.8Pr0.2Ba2Cu2.7Fe0.3O7.1,6,25.0
Pr1.85Ce0.15Cu1O4,4,19.0
Eu1.85Ce0.15Cu1O4,4,8.0
Y1Ba2Cu3O6.95,4,90.0
Eu1Ba2Cu3O7,4,95.0
Gd1Ba2Cu3O6.8,4,81.0
Gd1Ba2Cu3O7,4,96.0
Er1Ba2Cu3O7,4,93.0
Tl1.75Cd0.25Ba2Cu1O6,5,88.0
Nd1.85Ce0.15Cu0.999Co0.001O4,5,15.5
Nd1.85Ce0.15Cu0.998Co0.002O4,5,14.4
Nd1.85Ce0.15Cu0.996Co0.004O4,5,9.6
Pb0.5Sr2Ca0.5Y0.5Cu2.5O7,6,65.0
Bi1Pb1Sr2Y0.65Ca0.35Cu2O8,7,76.0
Bi1Pb1Sr2Y0.6Ca0.4Cu2O8,7,83.0
Bi1Pb1Sr2Y0.5Ca0.5Cu2O8,7,85.0
Bi1Pb1Sr2Y0.4Ca0.6Cu2O8,7,79.5
Bi1Pb1Sr2Y0.3Ca0.7Cu2O8,7,75.0
Y1Ba2Cu3.96Fe0.04O8,5,59.0
Y1Ba2Cu3.9Fe0.1O8,5,26.0
Bi1Pb1Sr1.2La0.2Cu1O6,6,24.0
Bi1Pb1Sr1.26La0.26Cu1O6,6,26.0
Bi1Pb1Sr1.5La0.5Cu1O6,6,16.3
Bi1Pb1Sr0.12Pr0.12Cu1O6,6,11.0
Bi1Pb1Sr0.2Pr0.2Cu1O6,6,15.0
Bi1Pb1Sr0.3Pr0.3Cu1O6,6,14.0
La1.94Ba0.04Cu1O4,4,4.0
La1.922Ba0.078Cu1O4,4,27.0
La1.906Ba0.094Cu1O4,4,32.0
La1.898Ba0.102Cu1O4,4,29.0
La1.882Ba0.118Cu1O4,4,9.0
La1.858Ba0.142Cu1O4,4,29.0
La1.8Ba0.2Cu1O4,4,21.0
La1.76Ba0.24Cu1O4,4,14.0
La1.85Sr0.15Cu1O4,4,38.0
Bi2Sr2Ca1Cu2O,5,74.0
Y1Ba2Cu2.8Co0.2O,5,50.2
Y1Ba2Cu2.75Co0.25O,5,39.3
Y1Ba2Cu2.725Co0.275O,5,31.0
Y1Ba2Cu2.7Co0.3O,5,23.2
Y1Ba2Cu2.675Co0.325O,5,7.0
Bi1.8Pb0.2Sr2Ca1Cu2O8,6,91.1
Bi1.8Pb0.2Sr2Ca2Cu3O10,6,103.0
Bi1.75Pb0.25Sr2Ca2Cu3O10,6,108.0
Y0.6Eu0.4Ba2Cu3O7,5,92.6
Y0.2Eu0.8Ba2Cu3O7,5,93.8
Eu1Ba2Cu3O7,4,95.2
Y1Ba2Cu3O6.93,4,91.0
Y1Ba2Cu3O6.6,4,58.0
Pb0.5Sr1Ba1Y0.75Ca0.25Cu2.5O,7,61.5
Pb0.5Sr1.5Ba0.5Y0.75Ca0.25Cu2.5O,7,31.5
Y1Ba2Cu3.96Zn0.04O8,5,52.2
Y1Ba2Cu3.94Zn0.06O8,5,39.6
Y1Ba2Cu3.92Zn0.08O8,5,27.7
Y1Ba2Cu3.88Zn0.12O8,5,25.7
Y1Ba2Cu3.7Zn0.3O8,5,22.5
Y1Ba2Cu4O8,4,81.3
Y1Ba2Cu3.96Zn0.04O8,5,55.8
Y1Ba2Cu3.9Zn0.1O8,5,25.3
Y1Ba2Cu2.88Ni0.12O7,5,76.3
Y1Ba2Cu2.82Ni0.18O7,5,72.2
Y1Ba2Cu2.94Zn0.06O7,5,68.0
Y1Ba2Cu2.94Fe0.06O7,5,86.0
Y1Ba2Cu2.94Al0.06O6,5,86.0
La1.7Sr0.3Ca1Cu2O6,5,34.0
La1.7Sr0.3Ca1Cu2O6,5,44.0
La1.7Sr0.3Ca1Cu2O6,5,50.0
La1.7Sr0.3Ca1Cu2O6,5,54.0
La1.8Sr0.2Ca1Cu2O6,5,27.0
La1.8Sr0.2Ca1Cu2O6,5,38.0
La1.8Sr0.2Ca1Cu2O6,5,45.0
La1.8Sr0.2Ca1Cu2O6,5,53.0
Bi2.2Sr1.8Ca1.05Cu1.45Li0.7O,6,91.0
Bi2Sr2Ca1Cu2O8,5,62.0
La1.774Sr0.226Cu1O4,4,19.8
Bi2Sr2Ca1Cu2O8.2,5,65.0
Bi2Sr2Ca1Cu2O8.199,5,70.0
Bi2Sr2Ca1Cu2O8.198,5,78.0
Bi2Sr2Ca1Cu2O8.196,5,85.0
Bi2Sr2Ca1Cu2O8.195,5,91.0
Bi2Sr2Ca1Cu2O8.194,5,92.0
Bi2Sr2Ca1Cu2O8.118,5,91.0
Bi2Sr2Ca1Cu2O8.1,5,90.0
Nd1.85Ce0.15Cu1O4,4,21.6
Nd1.85Ce0.15Cu0.998Co0.002O4,5,16.5
Nd1.85Ce0.15Cu0.996Co0.004O4,5,11.2
Nd1.85Ce0.15Cu0.995Co0.005O4,5,7.3
Nd1.85Ce0.15Cu0.994Co0.006O4,5,4.3
Nd1.85Ce0.15Cu0.999Ni0.001O4,5,19.5
Nd1.85Ce0.15Cu0.998Ni0.002O4,5,17.3
Nd1.85Ce0.15Cu0.997Ni0.003O4,5,15.3
Nd1.85Ce0.15Cu0.996Ni0.004O4,5,13.5
Nd1.85Ce0.15Cu0.995Ni0.005O4,5,11.2
Nd1.85Ce0.15Cu0.994Ni0.006O4,5,8.4
Nd1.85Ce0.15Cu0.993Ni0.007O4,5,5.6
Nd1.85Ce0.15Cu0.996Zn0.004O4,5,18.1
Nd1.85Ce0.15Cu0.99Zn0.01O4,5,15.1
Nd1.85Ce0.15Cu0.98Zn0.02O4,5,8.7
Y1Ba2Cu2.975Co0.025O,5,90.3
Y1Ba2Cu2.95Co0.05O,5,86.1
Y1Ba2Cu2.95Co0.05O,5,84.0
Y1Ba2Cu2.925Co0.075O,5,77.0
Y1Ba2Cu2.9Co0.1O,5,70.0
Y1Ba2Cu2.875Co0.125O,5,64.3
Y1Ba2Cu2.85Co0.15O,5,58.9
Bi2Sr2Ca1Cu2O,5,83.0
La1.92Sr0.08Cu1O,4,19.8
Gd1Ba2Cu3O7,4,93.5
Gd0.95Pr0.05Ba2Cu3O7,5,88.0
Gd0.9Pr0.1Ba2Cu3O7,5,76.0
Gd0.85Pr0.15Ba2Cu3O7,5,63.0
Gd0.8Pr0.2Ba2Cu3O7,5,56.0
Gd0.75Pr0.25Ba2Cu3O7,5,51.0
Gd0.7Pr0.3Ba2Cu3O7,5,43.2
Gd0.65Pr0.35Ba2Cu3O7,5,30.4
Gd0.6Pr0.4Ba2Cu3O7,5,16.0
Bi2Sr2Ca1Cu2O,5,93.0
La0.8Pr0.2Ba2Cu3O7,5,20.5
Nd0.8Pr0.2Ba2Cu3O7,5,25.8
Sm0.8Pr0.2Ba2Cu3O7,5,49.4
Eu0.8Pr0.2Ba2Cu3O7,5,47.0
Gd0.8Pr0.2Ba2Cu3O7,5,58.5
Dy0.8Pr0.2Ba2Cu3O7,5,66.7
Ho0.8Pr0.2Ba2Cu3O7,5,79.5
Er0.8Pr0.2Ba2Cu3O7,5,76.5
Tm0.8Pr0.2Ba2Cu3O7,5,81.8
Yb0.8Pr0.2Ba2Cu3O7,5,82.4
Lu0.8Pr0.2Ba2Cu3O7,5,75.2
Y0.8Pr0.2Ba2Cu3O7,5,71.7
Gd1Ba2Cu3O7,4,91.5
Gd0.9Pr0.1Ba2Cu3O7,5,73.5
Gd0.8Pr0.2Ba2Cu3O7,5,58.0
Gd0.7Pr0.3Ba2Cu3O7,5,35.0
Gd0.65Pr0.35Ba2Cu3O7,5,15.5
Bi0.7Pb0.3Sr1Ca1Cu1.5PO,7,85.0
Bi4Sr3Ca3Cu4O16.25,5,83.0
Bi4Sr3Ca2.8Tm0.2Cu4O16,6,88.0
Bi4Sr3Ca2.5Tm0.5Cu4O16,6,91.5
Bi4Sr3Ca2Tm1Cu4O16,6,49.0
Pb1Sr1Ba0.5La0.5Cu2O6,6,27.0
Bi1.5Pb0.4Sb0.06Sr2Ca2Cu2O,7,113.0
Bi1.5Pb0.4Sb0.1Sr2Ca2Cu2O,7,114.7
Bi1.5Pb0.4Sb0.18Sr2Ca2Cu2O,7,114.0
Bi1.5Pb0.4Sb0.32Sr2Ca2Cu2O,7,116.5
Y0.9Pr0.1Ba2Cu3O6.95,5,86.0
Pb2Sr0.8La1.2Cu2O6,5,31.0
Pb0.5Sr2.5Y0.5Ca0.5Cu2O7,6,75.0
Pb1.8Bi0.2Sr1.1La0.9Cu2O6,6,24.0
Tl1.9Ca0.03Ba2Cu1O,5,84.0
Tl2Ca0.67Ba2Cu2O,5,110.0
Tl1.8Ca1.6Ba2Cu2.9O,5,118.0
Tl2.1Ca2.6Ba2Cu3.8O,5,115.0
La1.8Sr0.2Cu1O4,4,30.4
La1.76Sr0.24Cu1O4,4,19.0
La1.7Sr0.3Cu1O4,4,17.8
La1.92Sr0.08Cu1O4,4,29.7
La1.9Sr0.1Cu1O4,4,31.6
La1.9Sr0.1Cu1O4,4,25.2
La1.9Sr0.1Cu1O4,4,29.1
La1.85Sr0.15Cu1O4,4,31.6
La1.85Sr0.15Cu1O4,4,31.4
Eu1Ba2Cu2.97Zn0.03O,5,70.6
Eu1Ba2Cu2.895Zn0.105O,5,25.4
La1.9Sr0.1Cu1O4,4,28.5
La1.7Sr0.3Cu1O4,4,18.3
Y1Ba2Cu3O,4,91.2
Y1Ba2Cu3O,4,91.1
Gd1Ba2Cu3O,4,91.4
Sm1.88Ce0.12Cu1O4,4,3.9
Sm1.8Ce0.2Cu1O4,4,14.7
La1.85Sr0.15Cu1O4,4,35.8
La1.85Sr0.15Cu0.996Fe0.004O4,5,29.4
La1.85Sr0.15Cu0.992Fe0.008O4,5,20.4
La1.85Sr0.15Cu0.988Fe0.012O4,5,11.6
La1.85Sr0.15Cu0.985Fe0.015O4,5,5.2
La1.85Sr0.15Cu0.982Fe0.018O4,5,0.2
La1.85Sr0.15Cu1O4,4,35.3
La1.85Sr0.15Cu0.996Zn0.004O4,5,31.0
La1.85Sr0.15Cu0.992Zn0.008O4,5,25.5
La1.85Sr0.15Cu0.988Zn0.012O4,5,20.2
La1.85Sr0.15Cu0.985Zn0.015O4,5,16.6
La1.85Sr0.15Cu0.982Zn0.018O4,5,12.6
La1.85Sr0.15Cu0.979Zn0.021O4,5,10.4
La1.85Sr0.15Cu0.976Zn0.024O4,5,6.6
La1.85Sr0.15Cu0.973Zn0.027O4,5,2.8
La1.85Sr0.15Cu0.996Co0.004O4,5,30.0
La1.85Sr0.15Cu0.992Co0.008O4,5,23.1
La1.85Sr0.15Cu0.988Co0.012O4,5,18.6
La1.85Sr0.15Cu0.985Co0.015O4,5,16.0
La1.85Sr0.15Cu0.982Co0.018O4,5,8.9
La1.85Sr0.15Cu0.979Co0.021O4,5,6.0
La1.85Sr0.15Cu0.976Co0.024O4,5,4.4
La1.85Sr0.15Cu0.973Co0.027O4,5,2.5
La1.85Sr0.15Cu0.995Ga0.005O4,5,29.8
La1.85Sr0.15Cu0.99Ga0.01O4,5,24.1
La1.85Sr0.15Cu0.985Ga0.015O4,5,13.7
La1.85Sr0.15Cu0.98Ga0.02O4,5,8.3
La1.85Sr0.15Cu0.977Ga0.023O4,5,0.9
La1.85Sr0.15Cu0.975Ga0.025O4,5,0.7
La1.85Sr0.15Cu1O4,4,38.1
La1.85Sr0.15Cu0.993Ni0.007O4,5,32.6
La1.85Sr0.15Cu0.986Ni0.014O4,5,27.9
La1.85Sr0.15Cu0.98Ni0.02O4,5,22.2
La1.85Sr0.15Cu0.975Ni0.025O4,5,17.4
La1.85Sr0.15Cu0.97Ni0.03O4,5,13.4
La1.85Sr0.15Cu0.966Ni0.034O4,5,9.4
La1.85Sr0.15CuNi0.037O4,5,6.1
La1.85Sr0.15CuNi0.04O4,5,2.5
La1.85Sr0.15Cu1O4,4,34.4
La1.85Sr0.15Cu0.996Al0.004O4,5,30.4
La1.85Sr0.15Cu0.992Al0.008O4,5,27.1
La1.85Sr0.15Cu0.988Al0.012O4,5,17.9
La1.85Sr0.15Cu0.985Al0.015O4,5,15.0
La1.85Sr0.15Cu0.982Al0.018O4,5,9.1
La1.85Sr0.15Cu0.979Al0.021O4,5,3.7
Y1Ba2Cu2.94Fe0.06O7,5,82.1
Y1Ba2Cu2.88Fe0.12O7,5,76.0
Y1Ba2Cu2.76Fe0.24O7,5,48.3
In0.5Pb0.5Sr2Y0.5Ca0.5Cu2O,7,36.0
In0.4Pb0.6Sr2Y0.5Ca0.5Cu2O,7,47.0
In0.3Pb0.7Sr2Y0.5Ca0.5Cu2O,7,40.0
Y1Ba2Cu3O6.97,4,89.5
Y1Ba2Cu4O7.9,4,78.3
Y1Ba1.95La0.05Cu4O,5,74.3
Y1Ba1.9La0.1Cu4O7.8,5,67.8
Y1Ba1.85La0.15Cu4O,5,63.4
Y1Ba1.8La0.2Cu4O7.9,5,60.1
Y1Ba1.75La0.25Cu4O,5,60.1
Y1Ba1.7La0.3Cu4O7.8,5,62.7
Y0.95Ca0.05Ba1.9La0.1Cu4O7.9,6,68.8
Y0.9Ca0.1Ba1.9La0.1Cu4O7.8,6,79.0
Y0.85Ca0.15Ba1.9La0.1Cu4O,6,79.3
Y0.8Ca0.2Ba1.9La0.1Cu4O,6,80.7
Y0.75Ca0.25Ba1.9La0.1Cu4O,6,80.4
Y1Ba2Cu2.8Fe0.2O6.76,5,27.8
Y1Ba2Cu2.8Fe0.2O6.8,5,43.9
Y1Ba2Cu2.8Fe0.2O6.85,5,57.7
Y1Ba2Cu2.8Fe0.2O6.9,5,58.8
Y1Ba2Cu2.9Fe0.1O6.64,5,20.5
Y1Ba2Cu2.9Fe0.1O6.7,5,28.5
Y1Ba2Cu2.9Fe0.1O6.75,5,37.4
Y1Ba2Cu2.9Fe0.1O6.8,5,53.1
Y1Ba2Cu2.9Fe0.1O6.85,5,63.8
Y1Ba2Cu2.9Fe0.1O6.9,5,74.9
Y1Ba2Cu2.95Fe0.05O6.55,5,17.8
Y1Ba2Cu2.95Fe0.05O6.6,5,26.2
Y1Ba2Cu2.95Fe0.05O6.64,5,37.4
Y1Ba2Cu2.95Fe0.05O6.69,5,43.5
Y1Ba2Cu2.95Fe0.05O6.73,5,52.7
Y1Ba2Cu2.95Fe0.05O6.79,5,67.6
Y1Ba2Cu2.95Fe0.05O6.84,5,76.4
Y1Ba2Cu2.95Fe0.05O6.9,5,88.7
Y1Ba2Cu3O6.48,4,19.7
Y1Ba2Cu3O6.53,4,40.0
Y1Ba2Cu3O6.58,4,43.5
Y1Ba2Cu3O6.62,4,50.4
Y1Ba2Cu3O6.68,4,54.6
Y1Ba2Cu3O6.71,4,59.6
Y1Ba2Cu3O6.75,4,68.8
Y1Ba2Cu3O6.8,4,81.8
Y1Ba2Cu3O6.85,4,89.0
Y1Ba2Cu3O,4,89.5
Bi2Sr1.6Ca1.2Lu0.2Cu2O8.26,6,88.6
Bi2Sr1.6Ca1.2Yb0.2Cu2O8.26,6,88.3
Bi2Sr1.6Ca1.2Y0.2Cu2O8.26,6,89.1
Bi2Sr1.6Ca1.2Dy0.2Cu2O8.26,6,88.0
Bi2Sr1.6Ca1.2Gd0.2Cu2O8.26,6,87.1
Bi2Sr1.6Ca1.2Eu0.2Cu2O8.26,6,87.1
Bi2Sr1.6Ca1.2Nd0.2Cu2O8.26,6,86.0
Bi2Sr1.6Ca1.2La0.2Cu2O8.27,6,86.0
Bi2Sr1.8Ca1Lu0.2Cu2O8.27,6,91.1
Bi2Sr1.8Ca1Yb0.2Cu2O8.26,6,90.1
Bi2Sr1.8Ca1Y0.2Cu2O8.25,6,90.4
Bi2Sr1.8Ca1Dy0.2Cu2O8.26,6,89.2
Bi2Sr1.8Ca1Gd0.2Cu2O8.26,6,88.9
Bi2Sr1.8Ca1Eu0.2Cu2O8.25,6,88.9
Bi2Sr1.8Ca1Nd0.2Cu2O8.26,6,87.7
Bi2Sr1.8Ca1La0.2Cu2O8.27,6,87.8
Bi2Sr2Ca0.8Lu0.2Cu2O8.27,6,92.5
Bi2Sr2Ca0.8Yb0.2Cu2O8.26,6,92.1
Bi2Sr2Ca0.8Y0.2Cu2O8.27,6,92.6
Bi2Sr2Ca0.8Dy0.2Cu2O8.26,6,91.7
Bi2Sr2Ca0.8Gd0.2Cu2O8.27,6,90.9
Bi2Sr2Ca0.8Eu0.2Cu2O8.26,6,90.9
Bi2Sr2Ca0.8Nd0.2Cu2O8.26,6,89.7
Bi2Sr2Ca0.8La0.2Cu2O8.26,6,89.0
Tl1La1Sr1Cu1O5,5,34.0
Tl0.8La1Sr1Cu1.2O5,5,37.0
Tl0.6La1Sr1Cu1.4O5,5,33.0
Tl0.4La1Sr1Cu1.6O5,5,30.0
Tl0.7La1Sr1Cu1O5,5,38.5
Bi1.55Pb0.45Sr2Eu0.2Ca0.8Cu2O8,7,91.0
Bi1.55Pb0.45Sr2Gd0.2Ca0.8Cu2O8,7,93.0
Bi1.55Pb0.45Sr2Tb0.2Ca0.8Cu2O8,7,94.0
Bi1.55Pb0.45Sr2Dy0.2Ca0.8Cu2O8,7,95.0
Bi1.55Pb0.45Sr2Ho0.2Ca0.8Cu2O8,7,94.0
Bi1.55Pb0.45Sr2Er0.2Ca0.8Cu2O8,7,94.0
Tl1Ba2Cu1O5,4,95.0
Tl1Ba1Sr1Cu1O5,5,41.5
Tl1Ba1Sr1Cu1O5,5,56.5
Y1Ba2Cu3O6.65,4,62.2
Dy1Ba2Cu4O8,4,75.0
Y1Ba2Cu3O7,4,90.7
Y1Ba2Cu3O7,4,87.0
Tl2Ba2Ca1Cu2O8,5,98.0
Tl2Ba2Ca0.8Y0.2Cu2O8,6,85.0
Tl2Ba2Ca0.75Y0.25Cu2O8,6,73.2
Tl2Ba2Ca0.7Y0.3Cu2O8,6,73.2
Tl2Ba2Ca0.65Y0.35Cu2O8,6,58.0
Tl2Ba2Ca0.6Y0.4Cu2O8,6,45.0
Tl2Ba2Ca0.52Y0.48Cu2O8,6,22.0
Nd1.86Ce0.14Cu1O4,4,21.7
Nd1.83Ce0.17Cu1O4,4,23.3
Bi2Sr2Ca1Cu2O8,5,70.8
Bi2Sr2Ca1Cu2O8,5,85.8
Bi2Sr2Ca0.75Y0.25Cu2O8,6,86.3
Bi2Sr2Ca0.65Y0.35Cu2O8,6,79.6
Bi2Sr2Ca0.55Y0.45Cu2O8,6,54.9
Bi1.75Pb0.25Sr2Ca2Cu3O10,6,103.0
Bi1.66Pb0.34Sr2Ca2Cu3O10,6,100.0
Bi1.65Pb0.35Sr2Ca2Cu3O10,6,93.0
Er1Ba2Cu2.85Zn0.15O7,5,55.0
Er1Ba2Cu2.82Ni0.18O7,5,65.0
Eu1Ba2Cu4O8,4,67.0
Gd1Ba2Cu4O8,4,69.0
Dy1Ba2Cu4O8,4,71.0
Ho1Ba2Cu4O8,4,74.0
Y1Ba2Cu3O6.7,4,67.0
Bi2Sr2Cu1O6,4,9.8
Bi2Sr1.9La0.1Cu1O6,5,13.3
Bi2Sr1.8La0.2Cu1O6,5,16.2
Bi2Sr1.7La0.3Cu1O6,5,17.8
Bi2Sr1.6La0.4Cu1O6,5,19.1
Bi1.9Pb0.1Sr1.9La0.1Cu1O,6,16.0
Bi1.8Pb0.2Sr1.8La0.2Cu1O,6,21.0
Bi1.7Pb0.3Sr1.7La0.3Cu1O,6,23.0
Bi1.6Pb0.4Sr1.6La0.4Cu1O,6,26.0
Tl1Ba1.7La0.3Cu1O5,5,42.0
Tl1Ba1.6La0.4Cu1O5,5,39.1
Tl1Ba1.5La0.5Cu1O5,5,33.3
Tl1Ba1.4La0.6Cu1O5,5,23.5
Sm1.85Ce0.15Cu1O4,4,11.4
Bi1.76Pb0.24Sr2Ca2Cu3O,6,108.5
Y1Ba2Cu3O7,4,90.4
Tl1Ba2Ca0.8Nd0.2Cu2O6.86,6,100.0
Tl1Ba2Ca0.5Nd0.5Cu2O6.86,6,40.0
La1.85Ce0.15Cu0.9Ag0.1O4,5,22.0
La1.85Ce0.15Cu0.8Ag0.2O4,5,16.5
La1.85Ce0.15Cu0.7Ag0.3O4,5,17.2
La1.85Ce0.15Cu0.6Ag0.4O4,5,19.0
La1.85Ce0.15Cu0.55Ag0.45O4,5,17.1
La1.85Ce0.15Cu0.5Ag0.5O4,5,15.2
La1.85Ce0.15Cu0.4Ag0.6O4,5,11.1
Tl1Ba1.2La0.8Cu1O5,5,35.9
Nd1.85Ce0.15Cu1O3.97,4,20.0
La1.85Ca0.989Sr0.161Cu2O5.93,5,13.0
La1.83Ca1.006Sr0.164Cu2O6.08,5,14.1
La1.8Ca1.032Sr0.168Cu2O6.08,5,15.0
Y1Ba2Cu2.94Fe0.06O6.85,5,85.0
Y1Ba2Cu2.91Fe0.09O6.83,5,60.0
Y1Ba2Cu2.85Fe0.15O7.02,5,76.0
Y1Ba2Cu2.76Fe0.24O7,5,49.0
Bi2Sr2Ca3Cu4O,5,110.9
Bi2Sr2Cu1O6,4,8.9
Bi2Sr2Cu1O6,4,8.0
Bi1.8Pb0.2Sr1.8Ca1Nd0.2Cu2O8.2,7,86.0
Bi1.8Pb0.2Sr2Ca0.8Nd0.2Cu2O8.21,7,87.0
Bi1.6Pb0.4Sr1.6Ca1Nd0.4Cu2O8.17,7,79.0
Bi1.6Pb0.4Sr2Ca0.6Nd0.4Cu2O8.26,7,85.0
Bi1.4Pb0.6Sr1.4Ca1Nd0.6Cu2O8.22,7,25.0
Bi1.4Pb0.6Sr2Ca0.4Nd0.6Cu2O8.24,7,65.0
Bi2Sr1.6La0.4Cu1O6.26,5,14.3
Bi1.8Pb0.2Sr1.6La0.4Cu1O6.182,6,13.7
Bi1.7Pb0.3Sr1.6La0.4Cu1O6.141,6,20.2
Bi1.6Pb0.4Sr1.6La0.4Cu1O6.082,6,23.0
Bi1.5Pb0.5Sr1.6La0.4Cu1O6.055,6,28.4
Bi1.4Pb0.6Sr1.6La0.4Cu1O6.068,6,28.0
Bi1.2Pb0.8Sr1.6La0.4Cu1O6.014,6,17.3
Bi1Pb1Sr1.6La0.4Cu1O6.065,6,19.8
Bi1.5Pb0.5Sr1.8La0.2Cu1O5.983,6,9.2
Bi1.5Pb0.5Sr1.7La0.3Cu1O5.993,6,15.6
Bi1.5Pb0.5Sr1.6La0.4Cu1O6.044,6,28.1
Bi1.5Pb0.5Sr1.5La0.5Cu1O6.074,6,18.1
Bi1.5Pb0.5Sr1.4La0.6Cu1O6.118,6,10.8
Ba0.6K0.4Bi1O3,4,32.0
La2Cu1O4,3,37.7
Nd1Ba2Cu3O7,4,92.9
Nd1.1Ba1.9Cu3O7,4,82.3
Nd1.2Ba1.8Cu3O7,4,56.5
Nd1.3Ba1.7Cu3O7,4,39.4
Nd1.4Ba1.6Cu3O7,4,23.5
Y1Ba2Cu2.97Co0.03O7,5,90.5
Y1Ba2Cu2.91Co0.09O7,5,70.0
Y1Ba2Cu2.85Co0.15O7,5,57.1
Y1Ba2Cu2.79Co0.21O7,5,41.1
Y1Ba2Cu2.97Zn0.03O7,5,80.2
Y1Ba2Cu2.91Zn0.09O7,5,58.7
Y1Ba2Cu2.79Zn0.21O7,5,21.0
Y1Ba2Cu2.925Zn0.075O7,5,59.0
Y1Ba2Cu2.85Zn0.15O7,5,49.0
Y1Ba2Cu2.775Zn0.225O7,5,46.0
La2Cu1O4,3,28.0
Tl1Ba1Ca3Cu3O,5,123.0
Tl1.8Ba2Ca2.2Cu3O,5,120.0
Tl1Sr2Sr0.5Y0.5Cu2O7,5,83.5
Tl1Sr2Sr0.5La0.5Cu2O7,5,90.0
Tl1Sr2Sr0.5Pr0.5Cu2O7,5,84.5
Tl1Sr2Sr0.5Nd0.5Cu2O7,5,86.0
Tl1Sr2Sr0.5Sm0.5Cu2O7,5,75.0
Tl1Sr2Sr0.5Eu0.5Cu2O7,5,71.0
Tl1Sr2Sr0.5Gd0.5Cu2O7,5,83.5
Tl1Sr2Sr0.5Tb0.5Cu2O7,5,82.5
Tl1Sr2Sr0.5Dy0.5Cu2O7,5,82.0
Tl1Sr2Sr0.5Ho0.5Cu2O7,5,83.5
Tl1Sr2Sr0.5Er0.5Cu2O7,5,83.5
Tl1Sr2Sr0.5Tm0.5Cu2O7,5,84.5
Tl1Sr2Sr0.5Yb0.5Cu2O7,5,81.5
Tl2Sr2Sr0.5Lu0.5Cu2O7,5,81.5
Bi1.6Pb0.4Sr1.8Ca1Nd0.2Cu2O8.11,7,87.0
Bi1.6Pb0.4Sr2Ca0.8Nd0.2Cu2O8.16,7,87.0
Bi1.4Pb0.6Sr1.8Ca1Nd0.2Cu2O8,7,84.0
Bi1.4Pb0.6Sr2Ca0.8Nd0.2Cu2O8,7,87.0
Bi1.4Pb0.6Sr1.6Ca1Nd0.4Cu2O8,7,62.0
Bi2.4Pb0.6Sr2Ca0.6Nd0.4Cu2O8,7,77.0
Sr0.95Nd0.05Cu1O2,4,38.0
Sr0.86Nd0.14Cu1O2,4,35.0
Sr0.84Nd0.16Cu1O2,4,40.0
Sr0.85Pr0.15Cu1O2,4,39.0
Pb2Sr2Y0.5Ca0.5Cu3O8,6,75.0
Y0.8Pr0.2Ba2Cu3O7,5,71.0
Y0.75Pr0.2Ca0.05Ba2Cu3O7,6,73.6
Y0.7Pr0.2Ca0.1Ba2Cu3O7,6,77.8
Y0.6Pr0.2Ca0.2Ba2Cu3O7,6,71.2
Y0.8Pr0.2Ba2Cu3O7,5,75.6
Y0.7Pr0.3Ba2Cu3O7,5,60.4
Y0.6Pr0.4Ba2Cu3O7,5,46.2
Y0.5Pr0.5Ba2Cu3O7,5,30.6
Y0.7Pr0.3Ba2Cu3O7,5,60.0
Li1Ti1O4,3,12.15
Pb1Sr0.8Ba1.2Y0.7Ca0.3Cu3O8.41,7,42.0
Pb1Sr0.8Ba1.2Y0.7Ca0.3Cu3O7,7,78.0
Pb0.5Sr2Y0.6Ca0.4Cu2.5O6.97,6,67.0
Pb0.8Sr1Ba1.2Y0.7Ca0.3Cu3O7.59,7,40.0
Pb0.8Sr1Ba1.2Y0.7Ca0.3Cu3O8.28,7,74.0
Pb0.8Sr1Ba1.2Y0.7Ca0.3Cu3O8.35,7,77.0
Pb0.8Sr0.8Ba1.2Y0.7Ca0.3Cu3.2O8.3,7,75.0
Y1Ba2Cu3O9,4,93.0
La1.9Ba0.1Cu0.99Ga0.01O4,5,14.3
La1.88Ba0.12Cu0.99Ga0.01O4,5,8.2
La1.87Ba0.13Cu0.99Ga0.01O4,5,4.5
La1.84Ba0.16Cu0.99Ga0.01O4,5,8.3
La1.82Ba0.18Cu0.99Ga0.01O4,5,8.6
La1.9Ba0.1Cu0.99Zn0.01O4,5,9.8
La1.84Ba0.16Cu0.99Zn0.01O4,5,12.4
La1.82Ba0.18Cu0.99Zn0.01O4,5,13.9
La1.7Ba0.3Cu0.99Zn0.01O4,5,5.0
La1.94Ba0.06Cu1O4,4,10.2
Y1Ba2Cu2.7Ga0.3O6.93,5,75.0
Y1Ba2Cu2.88Zn0.12O6.92,5,53.0
Tl0.8Pb0.2Sr2.5Pr0.5Cu2O,6,90.0
Tl2Ba2Cu1O6,4,81.5
La1.93Ba0.07Cu1O4,4,19.0
La1.922Ba0.078Cu1O4,4,22.9
La1.903Ba0.097Cu1O4,4,26.0
La1.892Ba0.108Cu1O4,4,22.1
La1.88Ba0.12Cu1O4,4,9.5
La1.87Ba0.13Cu1O4,4,9.7
La1.86Ba0.14Cu1O4,4,13.3
La1.843Ba0.157Cu1O4,4,25.3
La1.823Ba0.177Cu1O4,4,25.5
La1.801Ba0.199Cu1O4,4,23.5
La1.782Ba0.218Cu1O4,4,21.6
La1.751Ba0.249Cu1O4,4,13.7
La1.7Ba0.3Cu1O4,4,9.7
La1.65Ba0.35Cu1O4,4,4.2
La1.6Ba0.4Cu1O4,4,4.2
La1.9Ba0.1Cu0.99Ni0.01O4,5,17.0
La1.882Ba0.118Cu0.99Ni0.01O4,5,12.7
La1.869Ba0.131Cu0.99Ni0.01O4,5,7.0
La1.86Ba0.14Cu0.99Ni0.01O4,5,11.0
La1.842Ba0.158Cu0.99Ni0.01O4,5,19.0
La1.822Ba0.178Cu0.99Ni0.01O4,5,18.2
Ba2Cu3O7,3,92.0
Y1Ba2Cu3H0.13O7,5,93.5
Y1Ba2Cu3H0.19O7,5,93.5
Y1Ba2Cu3H0.38O7,5,93.8
Y1Ba2Cu3H0.49O7,5,93.6
Tl1Ba2Cu1O5,4,15.0
Tl1Ba1.8La0.2Cu1O5,5,42.0
Tl1Ba1.6La0.4Cu1O5,5,40.0
Tl1Ba1.4La0.6Cu1O5,5,45.0
Sr2Y0.7Ca0.3Cu2.35Pb0.65O6.89,6,17.0
Ba1Pb0.75Bi0.25O3,4,10.5
Bi2Sr1.9Pb0.1Cu1O6,5,8.0
Pr1.85Ce0.15Cu1O4,4,11.0
Pr1.85Ce0.15Cu1O4,4,16.5
Pr1.85Ce0.15Cu1O4,4,16.0
Tl1Ba2Ca1Cu2O8,5,107.995
Tl1Ba2Ca1Cu2O8,5,104.95
Bi2Sr2Ca1Cu2O8,5,71.5
Tl2Ca2Ba2Cu3O10,5,118.0
Pr1Tl2Sr2Ca4Cu5O2,6,88.0
Pr2Sr0.8La1.2Cu2O6,5,31.0
Bi1.7Pb0.3Sr2Ca2Cu3O,6,110.0
Bi1.3Pb0.7Sr2Ca2Cu3O,6,116.0
Bi1.7Pb0.2Sb0.1Sr2Ca2Cu3O,7,110.5
Bi1.3Pb0.5Sb0.2Sr2Ca2Cu3O,7,92.5
Bi1.7Pb0.2V0.1Sr2Ca2Cu3O,7,110.0
Bi1.3Pb0.5V0.2Sr2Ca2Cu3O,7,111.5
Bi1.7Pb0.2Mo0.1Sr2Ca2Cu3O,7,110.0
Bi1.3Pb0.5Mo0.2Sr2Ca2Cu3O,7,113.5
Bi1.7Pb0.2W0.1Sr2Ca2Cu3O,7,103.0
Bi1.3Pb0.5W0.2Sr2Ca2Cu3O,7,94.5
Nd1.85Ce0.15Cu1O4,4,16.5
Eu2.667Ce1.333La1.333Ba1.333Sr1.333Cu6O,7,28.5
Nd1.4Ce0.2Sr0.4Cu1O4,5,23.1
Y1Ba2Cu3O7,4,66.0
Y0.8Ca0.2Ba2Cu3O6.1,5,50.0
Sb1Pb1Ca1Ba2Cu2O,6,25.0
Y1Ba2Cu2W1O,5,60.0
Y1Ba2Cu2W1O,5,78.5
La1Ca1Ba1Cu2.95Zn0.05O7,6,55.0
La1Ca1Ba1Cu2.9Zn0.1O7,6,37.0
La1Ca1Ba1Cu2.8Zn0.2O7,6,30.0
La1Ca1Ba1Cu2.7Zn0.3O7,6,20.0
La1Ba1Ca1Cu3O6.856,5,66.0
La1Ba1Ca1Cu2.9Ni0.1O6.85,6,45.0
La1Ba1Ca1Cu2.8Ni0.2O6.837,6,30.0
La1Ba1Ca1Cu2.7Ni0.3O6.848,6,28.0
La1Ba1Ca1Cu2.6Ni0.4O6.854,6,24.0
Tl2Ba2Ca2Cu3O10,5,121.0
La1.882Ba0.118Cu1O4,4,9.2
La1.858Ba0.142Cu1O4,4,28.9
La1.922Ba0.078Cu1O4,4,26.6
La1.8Ba0.2Cu1O4,4,20.9
Nd1.42Ce0.18Sr0.4Cu1O4,5,17.3
Nd1.4Ce0.2Sr0.4Cu1O4,5,22.7
Nd1.38Ce0.22Sr0.4Cu1O4,5,18.2
Bi2Ca2.5Pr0.5Cu2O8.53,5,45.0
Bi2Ca2.5Nd0.5Cu2O8.43,5,33.5
Bi2Ca2.5Sm0.5Cu2O8.33,5,22.0
Bi2Ca2.5Eu0.5Cu2O8.31,5,7.0
Bi2Ca2.5Gd0.5Cu2O8.33,5,4.0
Bi1.4Pb0.6Sr2Ca2Cu3O7,6,108.5
Bi1.4Pb0.6Sr2Ca1.9Ga0.1Cu3O7,7,104.4
Bi1.4Pb0.6Sr2Ca1.8Ga0.2Cu3O7,7,68.2
Bi1.4Pb0.6Sr2Ca1.7Ga0.3Cu3O7,7,67.4
Bi1.4Pb0.6Sr2Ca1.6Ga0.4Cu3O7,7,69.4
Bi1.4Pb0.6Sr2Ca1.4Ga0.6Cu3O7,7,70.6
Bi1.4Pb0.6Sr2Ca1.2Ga0.8Cu3O7,7,67.7
Bi1.4Pb0.6Sr2Ca1Ga1Cu3O7,7,66.5
Bi1.4Pb0.6Sr2Ga2Cu3O7,6,62.7
La1.875Ba0.125Cu1O4,4,4.4
La1.875Ba0.1Sr0.025Cu1O4,5,6.0
La1.875Ba0.075Sr0.05Cu1O4,5,8.0
La1.875Ba0.05Sr0.075Cu1O4,5,17.0
La1.875Ba0.025Sr0.1Cu1O4,5,29.1
La1.875Sr0.125Cu1O4,4,30.0
Yb0.7Ca0.3Ba1.6Sr0.4Cu3O6.78,6,44.6
Yb0.7Ca0.3Ba1.6Sr0.4Cu3O6.73,6,67.6
Yb0.7Ca0.3Ba1.6Sr0.4Cu3O6.56,6,80.3
Yb0.7Ca0.3Ba1.6Sr0.4Cu3O6.43,6,66.3
La2Cu1O4,3,37.0
Y1Ba2Cu3O6.6,4,56.5
Y1Ba2Cu3O7,4,90.2
Y1Ba2Cu3O6.95,4,90.9
Y1Ba2Cu3O6.9,4,91.6
Y1Ba2Cu3O6.82,4,86.7
Y1Ba2Cu3O6.7,4,63.9
Bi1.7Pb0.3Sb0.05Sr2Ca2Cu3O,7,106.2
Bi1.7Pb0.3Sb0.05Sr2Ca2Cu3O,7,105.8
Bi1.7Pb0.3Sb0.1Sr2Ca2Cu3O,7,106.3
C60Rb3,2,29.8
C60K3,2,12.8
C60Rb3,2,28.0
C60Rb3,2,12.25
C60K3,2,8.5
Cs3C60,2,29.5
Cs2Rb1C60,3,33.0
Cs1Rb2C60,3,31.0
Rb3C60C60,2,29.0
C60Rb2,2,29.0
C60Rb4,2,29.0
C60K3,2,19.3
C60K3,2,13.0
C60K3,2,18.0
Tl2Ba2Ca1Cu2O8,5,112.1
Tl2Ba2Ca1Cu2O8,5,107.2
Tl2Ba2Ca1Cu2O8,5,106.7
Tl2Ba2Ca1Cu2O8,5,114.1
La1.87Sr0.125Cu1.07O4,4,26.4
La1.88Sr0.125Cu0.97O4,4,28.4
Nd2Cu1F0.2O3.8,4,27.0
Nd2Cu1F0.3O3.7,4,27.0
Nd2Cu1F0.4O3.6,4,18.5
Nd2Cu1F0.5O3.5,4,17.5
Pb0.65Sr2Y0.7Ca0.3Cu2.35O,6,20.0
Pb0.675Sr2Y0.65Ca0.35Cu2.325O,6,40.0
Bi2La0.5Ca2.5Cu2O,5,43.5
Bi2Pr0.5Ca2.5Cu2O,5,47.0
Bi2Nd0.5Ca2.5Cu2O,5,43.5
Bi2Sm0.5Ca2.5Cu2O,5,36.5
Bi2Eu0.5Ca2.5Cu2O,5,31.5
Bi2Gd0.5Ca2.5Cu2O,5,28.5
Bi2La0.25Pr0.25Ca2.5Cu2O,6,53.5
Bi2La0.25Nd0.25Ca2.5Cu2O,6,51.0
Bi2La0.25Sm0.25Ca2.5Cu2O,6,47.5
Bi2La0.25Eu0.25Ca2.5Cu2O,6,46.5
Bi2La0.25Gd0.25Ca2.5Cu2O,6,49.0
Bi2.15Sr1.85Cu1O5.4,4,6.0
Y1Ba2Cu3O6.92,4,92.0
Pb0.75Sr2Ca0.5Y0.5Cu2.25O7,6,45.0
In0.2Pb0.55Sr2Ca0.5Y0.5Cu2.25O7,7,60.0
Gd1Ba2Cu3O7,4,91.2
Bi2Sr2Ca0.8Pr0.2Cu2O8,6,73.0
Bi2Sr2Ca0.7Pr0.3Cu2O8,6,61.0
Bi2Sr2Ca0.6Pr0.4Cu2O8,6,41.0
Bi2Sr2Ca0.9Gd0.1Cu2O8,6,80.0
Bi2Sr2Ca0.8Gd0.2Cu2O8,6,73.0
Bi2Sr2Ca0.7Gd0.3Cu2O8,6,48.0
Bi2Sr2Ca0.6Gd0.4Cu2O8,6,30.0
Bi2Sr2Ca0.9Y0.1Cu2O8,6,77.0
Bi2Sr2Ca0.8Y0.2Cu2O8,6,70.0
Bi2Sr2Ca0.7Y0.3Cu2O8,6,48.0
Bi2Sr2Ca0.6Y0.4Cu2O8,6,37.0
Bi2Sr2Ca0.5Y0.5Cu2O8,6,22.0
Bi2Sr2Ca0.4Y0.6Cu2O8,6,9.0
Y1Ba2Cu2.95Li0.05O,5,82.0
Y1Ba2Cu2.9Li0.1O,5,78.0
Y1Ba2Cu2.98Li0.2O,5,77.0
Y1BaNa0.05Cu3O,5,84.0
Y1BaNa0.1Cu3O,5,84.0
Y1BaNa0.2Cu3O,5,84.0
Y1Ba1.95K0.05Cu3O,5,86.0
Y1Ba1.9K0.1Cu3O,5,86.0
Y1Ba1.8K0.2Cu3O,5,86.0
Bi2Sr1.8Ca1.2Cu2O8,5,68.4
Bi1.8Ga0.2Sr1.8Ca1.2Cu2O8,6,56.5
Bi1.5Ga0.5Sr1.8Ca1.2Cu2O8,6,41.0
Bi1Ga1Sr1.8Ca1.2Cu2O8,6,24.8
Bi2Sr2Ca1Cu2O,5,77.8
Bi2Sr2Ca2Cu3O,5,106.5
Y1Ba2Cu4O8,4,79.2
Pb2Sr2Eu1Cu3O8,5,71.0
Pb2Sr2Dy1Cu3O8,5,76.5
Pb2Sr2Y1Cu3O8,5,75.5
Bi2Sr1.5Ca1.5Cu2O,5,95.0
Tl2Ba2Ca2Cu3O9.83,5,114.0
Tl1.8Ba2Ca2.2Cu3O9.92,5,112.0
Tl1.7Ba2Ca2.3Cu3O9.82,5,116.0
Tl1.6Ba2Ca2.4Cu3O9.67,5,118.0
Tl1.4Ba2Ca2.6Cu3O9.53,5,118.0
Y1Ba2Cu4Li0.016O8,5,77.0
Y1Ba2Cu4Li0.031O8,5,72.0
Y1Ba2Cu4Li0.062O8,5,64.0
Y1Ba2Cu4Li0.125O8,5,58.0
Y1Ba2Cu4Li0.25O8,5,58.0
Sr0.84Nd0.16Cu1O2,4,24.0
Tl2Ba2Cu1O6,4,87.0
Tl2Ba2Cu1O6,4,82.0
Tl2Ba2Cu1O6,4,61.0
Tl2Ba2Cu1O6,4,51.0
Tl2Ba2Cu1O6,4,49.0
Tl2Ba2Cu1O6,4,20.0
Tl2Ba2Cu1O6,4,16.0
Tl2Ba2Cu1O6,4,117.0
Y1Ba2Cu3O6.99,4,92.3
Y1Ba1.9La0.1Cu3O7.06,5,91.9
Y1Ba1.8La0.2Cu3O7.05,5,77.3
Y1Ba1.7La0.3Cu3O,5,73.0
Y1Ba1.6La0.4Cu3O7.11,5,49.3
Y1Ba1.5La0.5Cu3O7.19,5,38.3
Y1Ba1.7La0.3Cu3O7.1,5,60.0
Pb0.5Sr2Ca0.5Nd0.5Cu2.5O7,6,60.0
Pb0.5Sr2Ca0.5Sm0.5Cu2.5O7,6,62.0
Pb0.5Sr2Ca0.5Eu0.5Cu2.5O7,6,60.0
Pb0.5Sr2Ca0.5Gd0.5Cu2.5O7,6,60.0
Pb0.5Sr2Ca0.5Dy0.5Cu2.5O7,6,65.9
Pb0.5Sr2Ca0.5Ho0.5Cu2.5O7,6,67.9
Pb0.5Sr2Ca0.5Er0.5Cu2.5O7,6,70.0
Pb0.5Sr2Ca0.5Tm0.5Cu2.5O7,6,72.0
Y1Ba2Cu4O8,4,72.9
Bi2Sr2Ca1Cu2O8,5,84.9
Tl2Ba2Cu1O6,4,47.0
La1.92Sr0.08Cu1O4,4,22.4
La1.88Sr0.12Cu1O4,4,31.0
La1.84Sr0.16Cu1O4,4,38.0
La1.8Sr0.2Cu1O4,4,32.6
La1.76Sr0.24Cu1O4,4,19.3
Gd1Ba2Cu2.9Ni0.1O7,5,77.7
Gd1Ba2Cu2.8Ni0.2O7,5,55.1
Gd1Ba2Cu2.7Ni0.3O7,5,32.3
Gd1Ba2Cu2.9Fe0.1O7,5,75.0
Gd1Ba2Cu2.8Fe0.2O7,5,49.0
Gd1Ba2Cu2.7Fe0.3O7,5,29.0
Gd1Ba2Cu2.9Co0.1O7,5,76.0
Gd1Ba2Cu2.8Co0.2O7,5,49.0
Gd1Ba2Cu2.7Co0.3O7,5,13.0
Nd2Cu1F0.3O3.7,4,18.5
Y0.975Ca0.025Ba2Cu2.975Al0.025O6.89,6,94.5
Y0.95Ca0.05Ba2Cu2.95Al0.05O6.88,6,92.0
Y0.9Ca0.1Ba2Cu2.9Al0.1O6.88,6,91.1
Y0.85Ca0.15Ba2Cu2.85Al0.15O6.87,6,90.5
Y0.8Ca0.2Ba2Cu2.8Al0.2O6.88,6,89.1
Y0.75Ca0.25Ba2Cu2.75Al0.25O6.86,6,88.2
Bi2.2Sr1.8Ca1.05Cu2.15O8,5,82.0
Bi2.2Sr1.8Ca1.05Cu2.05Na0.1O8,6,86.0
Bi2.2Sr1.8Ca1.05Cu1.95Na0.2O8,6,87.0
Bi2.2Sr1.8Ca1.05Cu1.85Na0.3O8,6,88.0
Bi2.2Sr1.8Ca1.05Cu1.75Na0.4O8,6,89.0
Bi2.2Sr1.8Ca1.05Cu1.65Na0.5O8,6,90.0
Bi2.2Sr1.8Ca1.05Cu1.55Na0.6O8,6,91.0
Bi2.2Sr1.8Ca1.05Cu1.45Na0.7O8,6,90.0
Bi2.2Sr1.8Ca1.05Cu1.25Na0.9O8,6,86.0
Y1Ba2Cu3O6.99,4,91.4
Y0.8Ca0.1Pr0.1Ba2Cu3O7.01,6,78.4
Y0.6Ca0.2Pr0.2Ba2Cu3O7,6,67.1
Y0.4Ca0.3Pr0.3Ba2Cu3O7.02,6,53.6
Y0.2Ca0.4Pr0.4Ba2Cu3O7,6,36.5
Bi2Sr2Ca1Cu2O8.28,5,76.0
Bi2Sr2Ca0.8Y0.2Cu2O8.34,6,86.0
Bi2Sr2Ca0.6Y0.4Cu2O8.36,6,76.0
Bi2Sr2Ca0.5Y0.5Cu2O8.39,6,66.0
Bi2Sr2Ca1Cu2O8.15,5,87.0
Bi2Sr2Ca0.5Y0.5Cu2O8.36,6,18.0
Ba0.63K0.37Bi1O3,4,29.1
Ba0.63K0.37Bi1O3,4,30.0
Bi4Sr3.5Ca2.5Cu4Sn0.015O16,6,77.0
Bi4Sr3.5Ca2.5Cu4O16,5,80.0
Y0.9Pr0.1Ba2Cu3O7,5,86.0
Y0.8Pr0.2Ba2Cu3O7,5,73.0
Y0.72Pr0.28Ba2Cu3O7,5,60.0
Y0.56Pr0.44Ba2Cu3O7,5,36.0
Y0.44Pr0.56Ba2Cu3O7,5,11.0
Bi2Sr2Ca1Cu2O8,5,93.0
I1Bi2Sr2Ca1Cu2O,6,81.5
I1Bi4Sr4Ca2Cu4O,6,86.0
Y1Ba2Cu3O,4,92.8
Y0.8Pr0.2Ba2Cu3O,5,71.3
Y0.7Pr0.3Ba2Cu3O,5,58.4
Y0.6Pr0.4Ba2Cu3O,5,43.3
Y0.5Pr0.5Ba2Cu3O,5,21.9
Er1Ba2Cu3O,4,92.4
Er0.9Pr0.1Ba2Cu3O,5,84.1
Er0.8Pr0.2Ba2Cu3O,5,73.7
Er0.7Pr0.3Ba2Cu3O,5,66.7
Er0.6Pr0.4Ba2Cu3O,5,55.0
Er0.5Pr0.5Ba2Cu3O,5,24.8
Gd1Ba2Cu3O,4,92.8
Gd0.95Pr0.05Ba2Cu3O,5,79.0
Gd0.9Pr0.1Ba2Cu3O,5,69.0
Gd0.8Pr0.2Ba2Cu3O,5,43.4
Gd0.6Pr0.4Ba2Cu3O,5,18.0
Sm1Ba2Cu3O,4,92.0
Sm0.95Pr0.05Ba2Cu3O,5,65.8
Sm0.9Pr0.1Ba2Cu3O,5,58.3
Sm0.8Pr0.2Ba2Cu3O,5,39.0
Sm0.7Pr0.3Ba2Cu3O,5,31.1
Gd1Nd0.85Ce0.15Cu1O4,5,5.9
Gd0.75Nd1.1Ce0.15Cu1O4,5,10.1
Gd0.5Nd1.35Ce0.15Cu1O4,5,14.3
Gd0.2Nd1.65Ce0.15Cu1O4,5,18.5
Nd1.85Ce0.15Cu1O4,4,20.0
Nd1.75Y0.1Ce0.15Cu1O4,5,21.0
Nd1.65Y0.2Ce0.15Cu1O4,5,17.3
Nd1.75La0.1Ce0.15Cu1O4,5,20.0
Nd1.65La0.2Ce0.15Cu1O4,5,21.2
Nd1.55La0.3Ce0.15Cu1O4,5,21.5
Nd1.35La0.5Ce0.15Cu1O4,5,19.1
Nd1.15La0.7Ce0.15Cu1O4,5,19.0
Nd0.95La0.9Ce0.15Cu1O4,5,18.4
Nd0.65La1.2Ce0.15Cu1O4,5,5.8
Tb0.7Pr0.3Ba2Cu3O,5,50.0
Tb0.6Pr0.4Ba2Cu3O,5,43.0
Tb0.5Pr0.5Ba2Cu3O,5,30.0
Bi2Sr2Ca0.95K0.05Cu2O,6,78.0
Bi2Sr2Ca0.9K0.1Cu2O,6,76.0
Bi2Sr2Ca0.8K0.2Cu2O,6,76.0
Bi2Sr2Ca0.7K0.3Cu2O,6,71.0
Bi2Sr2Ca0.6K0.4Cu2O,6,75.0
C60Rb3,2,28.6
C60K3,2,20.0
Ba0.6K0.4Bi0.9Pb0.1O3,5,21.5
Ba0.6K0.4Bi0.8Pb0.2O3,5,14.7
Ba0.7K0.3Bi0.7Pb0.3O3,5,14.6
Ba0.6K0.4Bi0.7Pb0.3O3,5,11.3
Ba0.9K0.1Bi0.4Pb0.6O3,5,11.3
Ba0.6K0.4Bi0.6Pb0.4O3,5,9.2
Ba0.9K0.1Bi0.3Pb0.7O3,5,9.3
Ba0.6K0.4Bi0.5Pb0.5O3,5,7.2
Ba0.8K0.2Bi0.3Pb0.7O3,5,7.2
Tl0.76Ba1Cu1O4.5,4,86.0
Zn1Tl0.78Ba1Cu1O4.5,5,81.0
Cd1Tl0.7Ba1Cu1O4.5,5,52.5
Hg0.76Tl0.76Ba1Cu1O4.5,5,87.5
Eu1Ba2Cu3O6.97,4,94.77
Eu0.95Pr0.05Ba2Cu3O,5,91.35
Eu0.9Pr0.1Ba2Cu3O6.95,5,79.45
Eu0.8Pr0.2Ba2Cu3O6.97,5,57.9
Eu0.7Pr0.3Ba2Cu3O6.95,5,38.8
Eu0.6Pr0.4Ba2Cu3O6.97,5,15.0
Pb0.5Sr1.8Ba0.2Y0.85Ca0.15Cu2.5O6.98,7,25.0
Y2Ba4Cu7O15.09,4,89.0
Y2Ba4Cu7O15.03,4,87.0
Y2Ba4Cu7O14.53,4,60.0
Y2Ba4Cu7O14.13,4,37.0
Bi1.8Pb0.2Sr2Ca2In0.05Cu3O,7,94.0
Bi1.8Pb0.2Sr2Ca2In0.1Cu3O,7,93.5
Bi1.8Pb0.2Sr2Ca2In0.2Cu3O,7,91.5
Bi1.8Pb0.2Sr2Ca2In0.25Cu3O,7,93.0
Bi1.8Pb0.2Sr2Ca2In0.3Cu3O,7,81.0
Bi1.8Pb0.2Sr2Ca2Cu3O,6,96.0
Bi1.8Pb0.2Sr2Ca2In0.4Cu3O,7,83.0
Bi1.8Pb0.2Sr2Ca2In0.6Cu3O,7,84.0
Bi1.8Pb0.2Sr2Ca2In1Cu3O,7,85.0
Bi1.8Pb0.2Sr2Ca2In2Cu3O,7,80.0
Sm1Ba2Cu3O6.95,4,90.0
Sm0.9Pr0.1Ba2Cu3O6.95,5,65.7
Sm0.8Pr0.2Ba2Cu3O6.95,5,38.3
Sm0.7Pr0.3Ba2Cu3O6.95,5,11.9
Tm1Ba2Cu3O6.95,4,89.0
Tm0.9Pr0.1Ba2Cu3O6.95,5,87.9
Tm0.8Pr0.2Ba2Cu3O6.95,5,77.9
Tm0.7Pr0.3Ba2Cu3O6.95,5,64.1
Tm0.6Pr0.4Ba2Cu3O6.95,5,50.3
Tm0.5Pr0.5Ba2Cu3O6.95,5,28.9
Gd1Ba2Cu3O6.95,4,90.0
Gd0.9Pr0.1Ba2Cu3O6.95,5,74.3
Gd0.8Pr0.2Ba2Cu3O6.95,5,53.1
Gd0.7Pr0.3Ba2Cu3O6.95,5,30.6
Gd0.6Pr0.4Ba2Cu3O6.95,5,11.2
Bi2Sr1.6La0.4Cu1O6.32,5,23.2
Bi2Sr1.6La0.4Cu1O6.29,5,30.6
Bi1.9Pb0.1Sr2Ca1Cu2O8,6,88.3
Bi1.85Pb0.15Sr2Ca1Cu2O8,6,90.9
Bi1.8Pb0.2Sr2Ca1Cu2O8,6,91.9
Bi1.75Pb0.25Sr2Ca1Cu2O8,6,90.8
Bi1.65Pb0.35Sr2Ca1Cu2O8,6,88.7
Bi1.7Pb0.3Sr2Ca1Cu2O0.23,6,75.75
Bi1.7Pb0.3Sr2Ca1Cu2O0.27,6,67.6
Y1Sr2Cu2.85Re0.15O7,5,53.0
Y1Sr2Cu2.8Re0.2O6.9,5,43.0
Y1Sr2Cu2.75Re0.25O7,5,37.0
Y1Sr2Cu2.7Re0.3O7.1,5,33.0
Y1Sr2Cu2.85Re0.15O7.1,5,73.0
Y1Sr2Cu2.8Re0.2O7.2,5,63.0
Y1Sr2Cu2.75Re0.25O7.3,5,49.0
Y1Sr2Cu2.7Re0.3O7.2,5,44.0
Y1Sr2Cu2.8W0.2O6.9,5,45.0
Y1Sr2Cu2.75W0.25O6.9,5,33.0
Y1Sr2Cu2.7W0.3O6.9,5,24.0
Y1Sr2Cu2.8W0.2O7.2,5,66.0
Y1Sr2Cu2.75W0.25O7.1,5,51.0
Y1Sr2Cu2.7W0.3O6.9,5,28.0
Y1Sr2Cu2.8Mo0.2O7,5,40.0
Y1Sr2Cu2.75Mo0.25O7.1,5,31.0
Y1Sr2Cu2.7Mo0.3O7.1,5,30.0
Y1Sr2Cu2.65Mo0.35O7.2,5,29.0
Y1Sr2Cu2.8Mo0.2O7.1,5,71.0
Y1Sr2Cu2.75Mo0.25O7.1,5,55.0
Y1Sr2Cu2.7Mo0.3O7.1,5,43.0
Y1Sr2Cu2.65Mo0.35O7.4,5,43.0
Y1Sr2Cu2.7Co0.3O6.7,5,27.0
Y1Sr2Cu2.65Ga0.35O6.6,5,17.0
Y1Sr2Cu2.65Ga0.35O6.7,5,21.0
Y1Sr2Cu2.8Ge0.2O,5,18.0
Y1Sr2Cu2.7Fe0.3O6.9,5,43.0
Y1Sr2Cu2.65Fe0.35O6.7,5,34.0
Y1Sr2Cu2.6Fe0.4O7,5,21.0
Y1Sr2Cu2.7Fe0.3O7.1,5,51.0
Y1Sr2Cu2.65Fe0.35O7.1,5,46.0
Y1Sr2Cu2.6Fe0.4O7,5,37.0
Y1Sr2Cu2.7Co0.3O6.5,5,13.0
Y1Sr2Cu2.8V0.2O6.5,5,16.0
Y1Sr2Cu2.7Ti0.3O6.7,5,26.0
Y1Sr2Cu2.675Ti0.325O6.6,5,21.0
Y1Sr2Cu2.65Ti0.35O6.8,5,21.0
Y1Sr2Cu2.7Ti0.3O7,5,58.0
Y1Sr2Cu2.675Ti0.325O7.1,5,56.0
Y1Sr2Cu2.65Ti0.35O7.1,5,53.0
Sr0.95La0.05Cu1O2.01,4,42.4
Sr0.9La0.1Cu1O1.96,4,42.5
Sr0.88La0.12Cu1O1.97,4,42.4
Dy1Ba1Sr1Cu3O6.94,5,80.0
Dy1Ba1Sr1Cu3O6.93,5,83.0
Ba0.62K0.38Bi1O3,4,29.5
Ba0.7K0.3Bi1O3,4,29.9
Ba0.65K0.35Bi1O3,4,29.2
Ba0.6K0.4Bi1O3,4,28.5
Ba0.575K0.425Bi1O3,4,27.3
Ba0.5K0.5Bi1O3,4,19.55
Nd1Ba2Cu3O6.86,4,78.6
Nd0.9Pr0.1Ba2Cu3O,5,48.9
Nd0.8Pr0.2Ba2Cu3O,5,28.6
Nd0.75Pr0.25Ba2Cu3O6.96,5,11.7
Lu0.5Pr0.5Ba2Cu3O6.75,5,40.1
Yb0.5Pr0.5Ba2Cu3O6.67,5,38.7
Tm0.5Pr0.5Ba2Cu3O6.64,5,36.0
Er0.5Pr0.5Ba2Cu3O6.82,5,34.4
Ho0.5Pr0.5Ba2Cu3O6.67,5,24.3
Y0.5Pr0.5Ba2Cu3O6.68,5,27.1
Dy0.5Pr0.5Ba2Cu3O6.85,5,19.0
Y1Sr2Cu2.6Ga0.4O,5,10.0
La2Cu1O4.03,3,32.0
La2Cu1O4.11,3,45.0
La1.75Sr0.25Cu1O4.07,4,37.0
La1.67Sr0.33Cu1O4,4,37.0
La1.99Sr0.01Cu1O4.13,4,40.0
La1.98Sr0.02Cu1O4.09,4,40.0
La1.97Sr0.03Cu1O4.06,4,39.0
La1.96Sr0.04Cu1O4.05,4,40.0
La1.85Sr0.15Cu1O4.05,4,39.0
Pb0.5Ca1Sr2Y0.5Cu2O6.93,6,30.0
Pb0.5Ca1Sr2Y0.5Cu2O6.95,6,50.0
Pb0.5Ca1Sr2Y0.5Cu2O6.97,6,55.0
Pb0.5Ca1Sr2Y0.5Cu2O7,6,62.0
La1.85Sr0.15Cu1O4,4,37.5
La1.85Sr0.15Cu0.995Sn0.005O4,5,28.0
La1.85Sr0.15Cu0.99Sn0.01O4,5,15.8
La1.85Sr0.15Cu0.985Sn0.015O4,5,5.2
Tl2Ba2Ca1Cu2O8,5,109.0
Tl2Ba2Ca3Cu4O12,5,120.0
Tl2Ba2Ca4Cu5O14,5,124.0
Tl2Ba2Ca5Cu6O16,5,120.0
Bi2Sr2Ca1Cu1.96Co0.04O8,6,78.0
Bi2Sr2Ca1Cu1.92Co0.08O8,6,68.0
Bi2Sr2Ca1Cu1.88Co0.12O8,6,56.0
Bi2Sr2Ca1Cu1.84Co0.16O8,6,45.0
Y1Sr2Cu2.8Mo0.2O,5,45.0
Tb1Sr2Cu2.7Mo0.3O,5,31.0
Bi8Sr6Ca6Cu9O33.964,5,80.0
Bi8Sr6Ca6Cu9O33.912,5,85.0
Bi8Sr6Ca6Cu9O33.85,5,72.5
Bi8Sr6Ca6Cu9O34,5,74.3
Bi8Sr8Ca4Cu9O34.16,5,94.2
Bi8Sr8Ca4Cu9O34.25,5,73.5
Bi8Sr7Ca5Cu9O34.13,5,72.5
Bi8Sr6Ca6Cu9O33,5,74.3
Bi8Sr5Ca7Cu9O34.94,5,74.4
Bi8Sr4Ca8Cu9O33,5,69.0
Nd2Cu1F0.3O3.7,4,26.0
Nd2Cu1F0.3O3.7,4,37.0
Nd2Cu1F0.3O3.7,4,28.0
Nd2Cu1F0.3O3.7,4,25.0
Ca1La1Ba1Cu3O7,5,80.0
Tl0.5Pb0.5Sr1.6Ca2.4Cu3O9,6,113.0
Tl0.5Pb0.5Sr1.6Ca2.4Cu3O9,6,117.0
Tl0.5Pb0.5Sr1.6Ca2.4Cu3O9,6,124.0
Bi2Sr2Ca1Cu2O8,5,87.0
Y1Sr1Ba1Cu2.7Co0.3O6,6,22.0
Y0.9Ca0.1Sr1Ba1Cu2.7Co0.3O6,7,40.0
Y0.8Ca0.2Sr1Ba1Cu2.7Co0.3O6,7,58.0
Y1Ba2Cu3.975Fe0.025O8,5,64.6
Y1Ba2Cu3.987Fe0.013O8,5,70.3
Y1Ba2Cu3.925Fe0.075O8,5,44.2
La1.82Sr0.18Cu1O4,4,37.0
La1.82Sr0.18Cu1O3.994,4,34.0
La1.82Sr0.18Cu1O3.987,4,33.0
La1.82Sr0.18Cu1O3.972,4,28.0
La1.82Sr0.18Cu1O3.967,4,22.0
Yb1Ba1.8Sr0.2Cu4O8,5,80.0
Yb1Ba1.6Sr0.4Cu4O8,5,80.0
Yb1Ba1.4Sr0.6Cu4O8,5,80.0
Yb1Ba1.2Sr0.8Cu4O8,5,80.0
Yb0.9Ca0.1Ba1.8Sr0.2Cu4O8,6,87.0
Yb0.9Ca0.1Ba1.6Sr0.4Cu4O8,6,86.0
Yb0.9Ca0.1Ba1.4Sr0.6Cu4O8,6,85.0
Yb0.9Ca0.1Ba1.2Sr0.8Cu4O8,6,84.0
YbCa0.2Ba1.6Sr0.4Cu4O8,6,86.0
YbCa0.4Ba1.6Sr0.4Cu4O8,6,85.0
Y1Ba2Cu2.88Fe0.12O7,5,57.0
La1.9Ca1.1Cu2O6,4,42.5
La1.85Ca1.15Cu2O6,4,48.0
La1.82Ca1.18Cu2O6,4,50.0
La1.75Ca1.25Cu2O6,4,51.0
La1.9Sr0.1Ca1Cu2O6.03,5,43.0
La1.85Sr0.15Ca1Cu2O6.03,5,47.5
La1.8Sr0.2Ca1Cu2O6.03,5,51.0
La1.77Sr0.23Ca1Cu2O6.03,5,51.5
Y1Ba2Cu3O6.8,4,84.0
Bi2Sr1.6La0.4Cu1O6,5,27.0
Y0.9Zn0.1Ba2Cu3O7,5,54.9
Y0.8Zn0.2Ba2Cu3O7,5,43.0
Y0.7Zn0.3Ba2Cu3O7,5,23.5
Y0.9Cd0.1Ba2Cu3O7,5,89.9
Y0.8Cd0.2Ba2Cu3O7,5,92.8
Y0.7Cd0.3Ba2Cu3O7,5,92.8
Y0.6Cd0.4Ba2Cu3O7,5,91.7
Y0.5Cd0.5Ba2Cu3O7,5,93.2
Y0.4Cd0.6Ba2Cu3O7,5,91.7
Y0.3Cd0.7Ba2Cu3O7,5,87.0
Y0.25Cd0.75Ba2Cu3O7,5,53.2
Bi1.6Pb0.3Sb0.1Sr2Ca2Cu3O,7,132.0
Bi1.5Pb0.4Sb0.1Sr2Ca2Cu3O,7,132.0
Y1Ba2Cu3O7,4,95.5
Y0.9Pr0.1Ba2Cu3O7,5,84.1
Y0.8Pr0.2Ba2Cu3O7,5,75.8
Y0.7Pr0.3Ba2Cu3O7,5,59.2
Y0.6Pr0.4Ba2Cu3O7,5,48.7
Y0.5Pr0.5Ba2Cu3O7,5,28.5
Y1Ba2Cu3H0.2O7,5,92.0
La1.88Ba0.12Cu1O4,4,12.0
Nd1.85Ce0.15Cu1O4,4,23.6
Bi3Pb1Ca3Sr3Cu4O,6,105.0
Y1Ba2Cu3O6.9,4,89.6
La2Tl2Sr2Cu3O11,5,37.0
Pr2Tl2Sr2Cu3O11,5,43.0
Nd2Tl2Sr2Cu3O11,5,44.0
Y2Tl2Sr2Cu3O11,5,45.0
Eu1Ba2Cu3O7,4,85.1
Y1Ba2Cu3O,4,90.6
Y0.9Na0.1Ba2Cu3O,5,90.2
Y0.8Na0.2Ba2Cu3O,5,89.5
Y0.7Na0.3Ba2Cu3O,5,81.8
Y0.6Na0.4Ba2Cu3O,5,52.8
Y0.5Na0.5Ba2Cu3O,5,41.3
Y1Ba2Cu2.88Co0.12O7,5,84.0
Y0.7Gd0.3Ba2Cu3O,5,93.0
Y0.4Gd0.6Ba2Cu3O,5,93.0
Y0.2Gd0.8Ba2Cu3O,5,93.0
Gd1Ba2Cu3O7,4,78.0
Y1Ba2Cu3O6.6,4,80.5
Ca1Ba1La0.8Eu0.2Cu3O7,6,69.0
Ca1Ba1La0.6Eu0.4Cu3O7,6,65.0
Ca1Ba1La0.4Eu0.6Cu3O7,6,62.0
Ca1Ba1Eu1Cu3O7,5,53.0
Ca1Ba1Gd1Cu3O7,5,49.0
Ca1Ba1La0.8Sm0.2Cu3O7,6,71.0
Ca1Ba1La0.6Sm0.4Cu3O7,6,68.0
Ca1Ba1La0.4Sm0.6Cu3O7,6,64.0
Ca1Ba1La0.2Sm0.8Cu3O7,6,56.0
Ca1Ba1Sm1Cu3O7,5,39.0
Ca1Ba1La1Cu3O7,5,72.0
Ca1Ba1La0.8Nd0.2Cu3O7,6,71.0
Ca1Ba1La0.6Nd0.4Cu3O7,6,67.0
Ca1Ba1La0.4Nd0.6Cu3O7,6,63.0
Ca1Ba1La0.2Nd0.8Cu3O7,6,57.0
Ca1Ba1Nd1Cu3O7,5,46.0
Ca1Ba1Dy1Cu3O7,5,65.0
Ca1Ba1Ho1Cu3O7,5,57.0
Ca1Ba1Er1Cu3O7,5,66.0
Ca1Ba1Tm1Cu3O7,5,67.0
Y0.75Sc0.25Ba2Cu3O7,5,87.0
Y0.5Sc0.5Ba2Cu3O7,5,83.0
Y1Ba2Cu2.85Mn0.15O7,5,91.1
Y1Ba2Cu2.7Mn0.3O7,5,89.0
Y1Ba2Cu2.55Mn0.45O7,5,86.0
Y1Ba2Cu2.4Mn0.6O7,5,84.0
Y1Ba1.95Na0.05Cu3O,5,90.0
Y1Ba1.95K0.05Cu3O,5,83.0
Y1Ba1.95Cs0.05Cu3O,5,84.5
Tl1.7Sr3Ca0.7Cu4.3O,5,106.5
Ho1Ba2Cu3O6.9,4,91.5
Nd1Ba2Cu3O7.04,4,82.5
Nd1.1Ba1.9Cu3O7.05,4,65.5
Nd1.2Ba1.8Cu3O7.1,4,43.5
Nd1.3Ba1.7Cu3O7.14,4,32.0
Sm1Ba2Cu3O7.01,4,87.0
Sm1.1Ba1.9Cu3O7.05,4,78.5
Sm1.2Ba1.8Cu3O7.09,4,38.0
Eu1Ba2Cu3O7.01,4,90.0
Eu1.1Ba1.9Cu3O7.07,4,81.0
Eu1.2Ba1.8Cu3O7.18,4,42.0
Eu1.3Ba1.7Cu3O7.15,4,39.5
Eu1.4Ba1.6Cu3O7.16,4,28.0
La1.88Ba0.12Cu1O4,4,30.0
La1.9Ba0.1Cu1O4,4,30.0
La1.92Ba0.08Cu1O4,4,32.2
La1.8Ba0.2Cu1O4,4,32.5
La1.825Ba0.175Cu1O4,4,28.3
La1.855Ba0.145Cu1O4,4,30.0
Eu1Ba2Cu3O,4,90.0
Eu1Ba2Cu3O,4,55.0
C60Rb3,2,30.0
C60K3,2,18.7
Dy1Ba2Cu3O7,4,92.5
Gd1Ba2Cu3O7,4,94.0
La1.45Nd0.4Sr0.15Cu1O4,5,22.5
La1.82Nd0.03Sr0.15Cu1O4,5,34.2
Y1Ba2Cu3S1O6,5,89.0
La1.85Sr0.15Cu1O4,4,36.7
Eu6Ba4Ce2Cu9O,5,20.0
Sm6Ba4Ce2Cu9O,5,12.0
Nd6Ba4Ce2Cu9O,5,27.0
Bi1.6Pb0.4Sr2Ca2Cu3O,6,107.1
Bi1.6Pb0.4Sr2Ca2Cu3O,6,107.25
Bi1.6Pb0.4Sr2Ca2Cu3O,6,107.75
Bi1.6Pb0.4Sr2Ca2Cu3O,6,108.1
Bi1.6Pb0.4Sr2Ca3Cu4O10,6,100.0
Tm1Ba2Cu3O7,4,90.0
Bi2Sr2Ca1Cu2O,5,89.0
Nd1.85Ce0.15Cu1O4,4,22.0
Bi2Sr1.9La0.1Cu1O6.2,5,12.0
Bi2Sr1.8La0.2Cu1O6.3,5,18.0
Bi2Sr1.6La0.4Cu1O6.35,5,20.0
Bi2Sr1.5La0.5Cu1O6.38,5,21.0
Bi2Sr1.4La0.6Cu1O6.42,5,5.0
Pb2Bi2Sr2Ca2Cu3O8,6,107.0
La1.9Sr0.1Cu1O4,4,24.25
La1.85Sr0.15Cu1O4,4,30.0
La1.85Sr0.15Cu0.98Ni0.02O4,5,18.5
Y1Ba2Cu3.96Co0.04O8,5,62.5
Y1Ba2Cu3.92Co0.08O8,5,50.6
Y1Ba2Cu4O8,4,76.9
Y1Ba2Cu3.96Fe0.04O8,5,64.6
Y1Ba2Cu3.92Fe0.08O8,5,50.4
La1.9Sr0.1Cu1O4,4,27.9
La1.8Sr0.2Cu1O4,4,29.5
Bi2.1Sr1.94Ca0.88Cu2.07O8,5,90.0
Sm1.85Ce0.15Cu1O4,4,19.0
Y1Ba2Cu3O7,4,89.1
Y1Ba2Cu2.975Ni0.025O7,5,86.5
Y1Ba2Cu2.95Ni0.05O7,5,84.7
Y1Ba2Cu2.925Ni0.075O7,5,82.1
Y1Ba2Cu2.9Ni0.1O7,5,80.3
Y1Ba2Cu2.75Ni0.25O7,5,73.8
Y1Ba2Cu2.5Ni0.5O7,5,61.8
Gd1Ba2Cu3O7,4,89.0
Gd1Ba2Cu2.925Fe0.075O7,5,64.0
Gd1Ba2Cu2.85Fe0.15O7,5,47.0
Gd1Ba2Cu2.775Fe0.225O7,5,33.0
Gd1Ba2Cu2.7Fe0.3O7,5,11.0
Bi4Sr3Ca3Cu4O,5,75.6
Bi4Sr3Ca2.7Y0.3Cu4O,6,81.7
Bi4Sr3Ca2.55Y0.45Cu4O,6,85.8
Bi4Sr3Ca2.4Y0.6Cu4O,6,79.7
Bi4Sr3Ca2.25Y0.75Cu4O,6,89.8
Bi4Sr3Ca2.1Y0.9Cu4O,6,66.2
Bi4Sr3Ca1.95Y1.05Cu4O,6,25.6
Bi4Sr3Ca1.8Y1.2Cu4O,6,0.3
Y2Ba1.5Ca0.5Cu3O8,5,80.0
Y1Ba2Cu3Se0.25O,5,40.0
Y1Ba2Cu3Se0.5O,5,92.0
La1.9Sr0.1Cu1O4,4,31.0
La1.9Sr0.1Cu0.975Ni0.025O4,5,3.65
La1.9Sr0.1Cu0.97Ni0.03O4,5,3.65
Y0.87Pr0.13Ba2Cu3O7,5,78.35
Y0.7Pr0.3Ba2Cu3O7,5,55.67
Y0.5Pr0.5Ba2Cu3O7,5,23.36
La1.855Sr0.145Cu0.99Ni0.01O4,5,33.0
La1.855Sr0.145Cu0.99Zn0.01O4,5,24.7
La1.836Sr0.164Cu1O4,4,36.9
La1.836Sr0.164Cu0.99Ga0.01O4,5,26.9
Y1Ba2Cu3O,4,74.0
Y1Ba2Cu3O,4,60.0
La1.48Nd0.4Sr0.12Cu1O4,5,8.3
La1.4Nd0.4Sr0.2Cu1O4,5,21.7
Tl1Sr2Ca1Cu2O,5,35.0
Tl1Sr2Ca1Cu2F0.2O,6,40.0
Tl1Sr2Ca1Cu2F0.5O,6,50.0
Tl1Sr2Ca1Cu2F1O,6,50.0
Tl1Sr2Ca1Cu2F1.5O,6,50.0
La1.85Sr0.15Cu1O4,4,35.7
La1.85Sr0.15Cu0.99Ni0.01O4,5,30.1
La1.85Sr0.15Cu0.98Ni0.02O4,5,23.7
La1.85Sr0.15Cu0.97Ni0.03O4,5,16.3
La1.85Sr0.15Cu0.96Ni0.04O4,5,6.4
La1.78Sr0.22Cu0.99Ni0.01O4,5,21.3
La1.78Sr0.22Cu0.98Ni0.02O4,5,17.7
La1.78Sr0.22Cu0.97Ni0.03O4,5,14.0
La1.78Sr0.22Cu0.96Ni0.04O4,5,7.9
La1.78Sr0.22Cu0.95Ni0.05O4,5,4.1
La1.78Sr0.22Cu1O4,4,24.6
Bi2Sr2Ca0.8Ho0.2Cu2O,6,80.0
Y1Ba2Cu3O6.48,4,48.0
C60K3,2,19.5
C60Rb3,2,28.4
Bi2Sr2Ca0.9Dy0.1Cu2O8,6,93.0
Bi2Sr2Ca0.8Dy0.2Cu2O8,6,89.0
Bi2Sr2Ca0.7Dy0.3Cu2O8,6,88.0
Bi1.5Pb0.52Sr1.63Ba0.29Ca2.04Cu3O,7,109.6
Tl0.5Cr0.5Sr2Cu1O,5,45.0
Bi1.6Pb0.3Sb0.1Sr2Ca2Cu3O,7,93.0
Bi1.6Pb0.3Sb0.1Sr2Ca2Cu3O,7,107.5
Nd1.85Ce0.15Cu1O4,4,19.2
Bi1.8Pb0.4Sr2Ca2.2Cu3O,6,107.5
Nd1.85Ce0.15Cu1O4.03,4,19.3
Bi2Sr2Ca1Cu2O,5,91.0
Bi2Sr2Ca2Cu3O,5,107.0
La1.95Sr0.05Cu1O4,4,9.0
La1.96Sr0.04Cu1O4,4,9.5
Gd1Ba1.98Cu3.05O7,4,89.4
Dy1Ba1.97Cu3.06O7,4,87.1
Eu1Ba1.93Cu2.92O7,4,83.2
Y1Ba2.01Cu3.11O7,4,86.0
Er1Ba2.03Cu3.05O7,4,90.0
Y1Ba2Cu3O7,4,87.5
Y1Ba2Cu3O7,4,90.6
Tl0.7Pb0.3Ca1Sr2Cu2O7,6,31.0
Tl0.5Pb0.5Ca1Sr2Cu2O7,6,84.5
Tl0.75Pb0.25Ca1Sr2Cu2O7,6,80.0
Bi2Sr2Ca1Cu2O,5,90.0
Bi2.15Sr1.8Ca1Cu2O8.15,5,93.0
Bi2Sr2Ca1Cu2O8,5,55.0
Y1Ba2Cu3O7,4,90.85
Y1Ba2Cu3O7,4,91.15
Bi1Sr1Ca1Cu1O1,5,105.0
Bi1Sr1Ca1Cu1O1,5,84.0
Y1Ba2Cu3O6.93,4,90.5
Nd1.85Ce0.15Cu1O,4,20.0
Bi2Pb0.4Sr2Ca2.5Cu3.5O,6,105.0
Nd1.85Ce0.15Cu1O4,4,20.55
Tl2Ba2Ca2Cu3O10,5,116.0
Bi4Ca3Sr3Cu4O16.32,5,80.0
Bi1Sr1Ca1Cu1O1,5,85.0
Bi1Sr1Ca1Cu1O1,5,110.0
La1.92Sr0.08Cu1O4,4,12.0
La1.9Sr0.1Cu1O4,4,18.0
Bi1.7Pb0.3Sr2Ca1Cu2O,6,96.0
Y1Ba2Cu3O7,4,50.0
La1.95Sr0.05Cu1O4,4,15.0
La1.91Sr0.09Cu1O4,4,30.0
Y1Ba2Cu3O7,4,80.0
Bi2Sr2Ca1Cu2O,5,84.0
Bi2Sr1.8Ca1.2Cu2O,5,80.0
Y1Ba2Cu3O,4,80.0
Ba0.625K0.375Bi1O3,4,27.5
Tl2Ba2Ca1Cu2O7,5,108.0
Bi2Sr2Ca2Cu3O10,5,107.0
Y0.57Pr0.43Ba2Cu3O7,5,22.0
Bi2Pb1Sr2Ca2Cu4O,6,65.0
Ba1Pb0.78Bi0.22O3,4,10.3
Ba1Pb0.83Bi0.17O3,4,7.6
Bi2Sr2Ca1Cu2O8,5,81.7
Ba1Pb0.75Sb0.25O3,4,2.3
Dy1Ba2Cu3O6.94,4,88.7
Dy1Ba1.8Sr0.2Cu3O6.89,5,84.2
Dy1Ba1.6Sr0.4Cu3O6.89,5,80.6
Dy1Ba1.4Sr0.6Cu3O6.91,5,85.2
Dy1Ba1.2Sr0.8Cu3O6.9,5,84.7
Dy1Ba1Sr1Cu3O6.89,5,79.5
Y1Sr1.55Ba0.45Cu2.5B0.5O7,6,16.0
Y1Sr1.4Ba0.6Cu2.5B0.5O7,6,24.0
Y1Sr1.2Ba0.8Cu2.5B0.5O7,6,35.0
Y1Sr1Ba1Cu2.5B0.5O7,6,44.0
Y1Sr0.8Ba1.2Cu2.5B0.5O7,6,51.0
Y1Sr0.6Ba1.4Cu2.5B0.5O7,6,47.0
Y1Sr0.4Ba1.6Cu2.5B0.5O7,6,35.0
Bi1.7Pb0.3Sr2Ca2Cu3O,6,112.0
Bi1.7Pb0.3Sr2Ca1.99Sm0.01Cu3O,7,111.0
Bi1.7Pb0.3Sr2Ca1.98Sm0.02Cu3O,7,110.0
Bi1.7Pb0.3Sr2Ca1.95Sm0.05Cu3O,7,88.0
Bi1.7Pb0.3Sr2Ca1.925Sm0.075Cu3O,7,86.0
Bi1.7Pb0.3Sr2Ca1.9Sm0.1Cu3O,7,85.0
Sm1.5Ce0.5Sr2Cu2Nb1O10,6,23.0
Eu1.5Ce0.5Sr2Cu2Nb1O10,6,23.0
Nd1.5Ce0.5Sr2Cu2Nb1O10,6,20.0
Bi2Sr1Ca2Cu2O8.229,5,76.4
Bi2Sr1.1Ca1.9Cu2O8.22,5,76.5
Bi2Sr1.2Ca1.8Cu2O8.199,5,76.5
Bi2Sr1.3Ca1.7Cu2O8.19,5,76.5
Bi2Sr1.4Ca1.6Cu2O8.2,5,81.1
Bi2Sr1.5Ca1.5Cu2O8.19,5,78.5
Bi2Sr1.6Ca1.4Cu2O8.16,5,77.6
Bi2Sr1.7Ca1.3Cu2O8.211,5,78.7
Bi2Sr1.8Ca1.2Cu2O8.211,5,73.7
Bi2Sr1.9Ca1.1Cu2O8.181,5,71.8
Bi2Sr2Ca1Cu2O8.212,5,73.0
Hg1Ba2Cu1O4,4,64.5
Hg1Ba2Ca2Cu3O8,5,132.5
Y0.76Ca0.24Ba2Cu2.94Co0.06O6.81,6,82.0
Y0.76Ca0.24Ba2Cu2.85Co0.15O6.8,6,86.0
Y0.76Ca0.24Ba2Cu2.76Co0.24O6.84,6,85.0
Y0.76Ca0.24Ba2Cu2.64Co0.36O6.96,6,66.0
Y0.76Ca0.34Ba2Cu2.55Co0.45O6.95,6,51.0
Y0.9Ca0.1Ba2Cu2.55Co0.45O7.02,6,18.0
Y0.85Ca0.15Ba2Cu2.55Co0.45O7.08,6,30.0
Y0.76Ca0.24Ba2Cu2.55Co0.45O6.93,6,51.0
Y0.7Ca0.3Ba2Cu2.55Co0.45O6.84,6,53.0
Y1Ba2Cu2.85Co0.15O6.92,5,71.0
Y0.95Ca0.05Ba2Cu2.85Co0.15O6.82,6,83.0
Y0.9Ca0.1Ba2Cu2.85Co0.15O6.91,6,84.0
Y0.85Ca0.15Ba2Cu2.85Co0.15O6.83,6,86.0
Y0.8Ca0.2Ba2Cu2.85Co0.15O6.84,6,86.0
Y0.88Ca0.12Ba2Cu2.88Co0.12O6.78,6,87.0
Y0.7Ca0.3Ba2Cu2.7Co0.3O6.93,6,84.0
Y0.64Ca0.36Ba2Cu2.64Co0.36O6.87,6,82.0
Y0.58Ca0.42Ba2Cu2.52Co0.48O,6,79.0
Bi2Sr2Ca1Cu2I1O8,6,58.0
Bi2Sr2Ca0.9Y0.1Cu2I1O8,7,67.0
Bi2Sr2Ca0.8Y0.2Cu2I1O8,7,75.0
Bi2Sr2Ca0.7Y0.3Cu2I1O8,7,79.0
Bi2Sr2Ca0.6Y0.4Cu2I1O8,7,66.0
Bi2Sr2Ca0.55Y0.45Cu2I1O8,7,55.0
Bi2Sr2Ca0.5Y0.5Cu2I1O8,7,31.0
Bi1.6Pb0.4Sr2Ca2Cu2.99Fe0.01O,7,103.25
Bi1.6Pb0.4Sr2Ca2Cu2.95Fe0.05O,7,93.75
Bi1.6Pb0.4Sr2Ca2Cu2.93Fe0.07O,7,89.35
Bi1.6Pb0.4Sr2Ca2Cu2.9Fe0.1O,7,94.2
Bi1.6Pb0.4Sr2Ca2Cu2.99Zn0.01O,7,98.5
Bi1.6Pb0.4Sr2Ca2Cu2.95Zn0.05O,7,97.1
Bi1.6Pb0.4Sr2Ca2Cu2.93Zn0.07O,7,93.05
Bi1.6Pb0.4Sr2Ca2Cu2.9Zn0.1O,7,91.65
Bi1.6Pb0.4Sr2Ca2Cu2.8Zn0.2O,7,92.0
Bi1.6Pb0.4Sr2Ca2Cu2.6Zn0.4O,7,85.95
Bi1.6Pb0.4Sr2Ca2Cu2.5Zn0.5O,7,64.65
Bi1.6Pb0.4Sr2Ca2Cu3O,6,105.3
Bi1.6Pb0.4Sr2Ca2Cu2.95Mn0.05O,7,103.8
Bi1.6Pb0.4Sr2Ca2Cu2.8Mn0.2O,7,101.7
Bi1.6Pb0.4Sr2Ca2Cu2.7Mn0.3O,7,97.6
Bi1.6Pb0.4Sr2Ca2Cu2.6Mn0.4O,7,86.35
Bi1.6Pb0.4Sr2Ca2Cu2.5Mn0.5O,7,95.5
Sr2.02Y1.4Ce0.55Cu2.59C0.41O,6,18.0
Pb2Sr2Y0.61Ca0.39Cu3O8,6,79.0
Pb2Sr2Y0.61Ca0.39Cu3O8,6,75.0
Pb2Sr2Y0.64Ca0.36Cu3O8,6,65.0
Y1Ba2Cu3FeO7,5,92.0
Y1Ba2Cu2.96Fe0.04O7,5,89.5
Y1Ba2Cu2.87Fe0.13O7,5,73.5
Y1Ba2Cu2.85Zn0.15O6.95,5,39.2
Y1Ba2Cu2.775Zn0.225O6.93,5,25.0
Y1Ba2Cu3Br0.9O6.2,5,92.0
Y0.975Ca0.025Ba2Cu4O8,5,82.0
Y0.95Ca0.05Ba2Cu4O8,5,87.0
Y0.9Ca0.1Ba2Cu4O8,5,89.0
La1.25Ca0.3Ba1.45Cu3O7.11,5,67.1
La1.25Ca0.35Ba1.4Cu3O7.108,5,74.3
La1.25Ca0.4Ba1.35Cu3O7.141,5,77.8
La1.25Ca0.45Ba1.3Cu3O7.135,5,79.2
La1.25Ca0.5Ba1.25Cu3O7.137,5,79.2
La1.25Ba1.75Cu3O7.07,4,40.0
La1.25Ca0.05Ba1.7Cu3O7.03,5,38.6
La1.25Ca0.1Ba1.65Cu3O7.06,5,38.8
La1.25Ca0.15Ba1.6Cu3O7.052,5,45.6
La1.25Ca0.2Ba1.55Cu3O7.082,5,50.2
La1.25Ca0.25Ba1.5Cu3O7.087,5,62.9
La1.89Ca1.11Cu2O,4,13.0
La1.89Ca1.11Cu2O,4,40.0
Y1Ba1.97Cu2.55Au0.13O,5,93.3
Y1Ba2Cu3O6.9,4,91.4
Yb1Sr2Cu2.7Mo0.3O,5,34.0
Tm1Sr2Cu2.7Mo0.3O,5,33.9
Er1Sr2Cu2.7Mo0.3O,5,35.1
Ho1Sr2Cu2.7Mo0.3O,5,34.1
Dy1Sr2Cu2.7Mo0.3O,5,31.9
Gd1Sr2Cu2.7Mo0.3O,5,31.1
Eu1Sr2Cu2.7Mo0.3O,5,27.1
Sm1Sr2Cu2.7Mo0.3O,5,31.5
Yb0.6Nd0.2Pr0.2Ba2Cu3O7,6,70.3
Er0.5Eu0.2Pr0.3Ba2Cu3O7,6,52.1
Yb0.4Nd0.4Pr0.2Ba2Cu3O7,6,56.6
Er0.4Eu0.3Pr0.3Ba2Cu3O7,6,47.8
Tl2Ba2Cu1O6,4,15.0
La0.8Eu0.2Ca1Ba1Cu3O,6,69.0
La0.6Eu0.4Ca1Ba1Cu3O,6,65.0
La0.4Eu0.6Ca1Ba1Cu3O,6,62.0
Eu1Ca1Ba1Cu3O,5,53.0
La2Cu1O4.09,3,32.0
Y1Ba2Cu3FO,5,92.0
Y0.475Ca0.475Sr2.05Cu2.4C0.6O,6,63.0
Ga0.5Sr1.5Eu2Ce0.5Cu2.5O,6,25.0
Y1Ba2Cu4O8,4,81.5
Y0.9Ce0.1Ba2Cu4O8,5,56.5
Dy1Ba2Cu4O8,4,76.0
Dy0.9Ce0.1Ba2Cu4O8,5,44.0
Lu0.9Pr0.1Ba2Cu3O2,5,85.0
Ba0.65K0.35Bi1O2.99,4,18.7
Ba0.59K0.41Bi1O2.96,4,20.4
Ba0.52K0.48Bi1O2.93,4,20.6
Ba0.48K0.52Bi1O2.9,4,21.1
Ba0.45K0.55Bi1O2.83,4,18.95
Bi1.9Pb0.1Sr2Ca1Cu2O8.2,6,73.5
Bi2Sr2Ca1Cu2O8.2,5,85.2
Bi2Sr2Ca0.9Y0.1Cu2O8.2,6,89.0
Bi2Sr2Ca0.8Y0.2Cu2O8.2,6,87.8
Dy1Ba1Sr1Cu3O6.94,5,83.0
Y1Ba1Sr1Cu3O6.94,5,79.0
Ho1Ba1Sr1Cu3O6.94,5,79.0
Er1Ba1Sr1Cu3O6.94,5,78.0
Tm1Ba1Sr1Cu3O6.94,5,70.0
Lu1Ba1Sr1Cu3O6.94,5,54.0
La1Ba1Sr1Cu3O6.94,5,57.0
Nd1Ba1Sr1Cu3O6.94,5,74.0
Sm1Ba1Sr1Cu3O6.94,5,80.0
Eu1Ba1Sr1Cu3O6.94,5,80.0
Gd1Ba1Sr1Cu3O6.94,5,86.0
Bi1.9Pr0.1Sr2Ca2Cu3O,6,97.0
Bi1.9In0.1Sr2Ca2Cu3O,6,95.5
Bi1.9Sb0.1Sr2Ca2Cu3O,6,99.0
Bi1.9Pb0.1Sr2Ca2Cu3O,6,106.5
Bi1.9Sn0.1Sr2Ca2Cu3O,6,109.5
Bi1.9Ge0.1Sr2Ca2Cu3O,6,100.25
Tl2Ba2Ca3Cu4O12,5,109.0
Tl1.4Ba2Ca3Cu4O11.4,5,118.0
Sm1Ba2Cu3O7,4,86.0
Nd1Ba2Cu3O7,4,92.0
La1.875Sr0.125Cu1O4,4,32.4
La1.83Sr0.17Cu1O4,4,35.1
La1.8Sr0.2Cu1O4,4,29.8
Y1Ba2Cu3O6.45,4,47.0
Y1Ba2Cu2.82Fe0.18O6.95,5,75.6
Y1Ba2Cu2.82Fe0.18O6.895,5,87.7
Y1Ba2Cu2.94Fe0.06O6.89,5,87.5
Y1Ba2Cu2.94Fe0.06O6.954,5,76.6
Bi2.19Sr2Ca0.81Cu1.93O,5,89.0
Bi2.01Sr1.93Ca0.79Y0.24Cu1.94O,6,85.0
Bi2.02Sr1.81Ca0.74Y0.37Cu1.93O,6,80.0
La1.9Sr0.1Cu1O4,4,28.0
La1.875Sr0.125Cu1O4,4,32.0
La1.83Sr0.17Cu1O4,4,34.0
Y1Ba2Cu3O7,4,87.3
Y1Ba2Cu3O7,4,89.4
Eu2.17Ce0.5Sr1.33Cu2.5Fe0.5O9.23,6,25.7
Eu2.17Ce0.5Sr1.33Cu2.5Co0.5O9.08,6,34.9
Eu2.17Ce0.5Sr1.33Cu2.5Al0.5O9.02,6,16.4
Gd0.71Sm1.14Ce0.15Cu1O4,5,0.01
Gd0.51Sm1.34Ce0.15Cu1O4,5,10.9
Gd0.31Sm1.54Ce0.15Cu1O4,5,14.2
Gd0.11Sm1.74Ce0.15Cu1O4,5,17.8
Gd0.05Sm1.8Ce0.15Cu1O4,5,19.1
Sm1.85Ce0.15Cu1O4,4,20.0
Gd0.9Pr0.95Ce0.15Cu1O4,5,0.001
Gd0.71Pr1.14Ce0.15Cu1O4,5,8.1
Gd0.51Pr1.34Ce0.15Cu1O1,5,12.1
Gd0.32Pr1.53Ce0.15Cu1O4,5,13.6
Gd0.12Pr1.73Ce0.15Cu1O4,5,15.8
Gd0.07Pr1.78Ce0.15Cu1O4,5,17.4
Gd0.02Pr1.83Ce0.15Cu1O4,5,18.5
Bi2Sr2Ca2Cu3O10,5,106.5
Y0.85Pr0.15Ba2Cu3O7,5,80.0
Ca1Ba1La1Cu3O6.85,5,76.0
Ca0.95Ce0.05Ba1La1Cu3O6.91,6,64.8
Ca0.9Ce0.1Ba1La1Cu3O7.02,6,60.5
Ca0.85Ce0.15Ba1La1Cu3O7.07,6,52.4
Ca0.9Nd0.1Ba1La1Cu3O6.87,6,73.8
Ca0.8Nd0.2Ba1La1Cu3O6.99,6,73.8
Ca0.7Nd0.3Ba1La1Cu3O7.04,6,73.8
Ca0.6Nd0.4Ba1La1Cu3O7.1,6,48.6
Ca0.5Nd0.5Ba1La1Cu3O7.17,6,41.4
Ca0.4Nd0.6Ba1La1Cu3O7.19,6,21.9
Ca0.3Nd0.7Ba1La1Cu3O7.24,6,14.3
Y1Ba2Cu4O8,4,79.0
Bi1.7Pb0.3Sr2Ca2Cu3O10,6,105.0
Sr2Y1.2Ce1.2Cu2.6O,5,40.0
Dy2Ba4Cu7O14.61,4,29.0
Nd2Ba4Cu7O15.38,4,35.0
Ba1Ca0.26Cd0.74La1Cu3O,6,7.6
Ba1Ca0.3Cd0.7La1Cu3O,6,13.2
Ba1Ca0.4Cd0.6La1Cu3O,6,24.0
Ba1Ca0.5Cd0.5La1Cu3O,6,34.1
Ba1Ca0.6Cd0.4La1Cu3O,6,45.3
Hg1Ba2Ca2Cu3O8,5,133.0
Hg1Ba2Ca2Cu3O8,5,132.0
Nd0.5Ca0.5Ba2Cu2HgO6,6,110.0
Nd0.6Ca0.4Ba2Cu2.2Hg0.8O6,6,108.0
Hg1Ba2Ca1Cu2O6,5,128.0
Hg1Ba2Ca1Cu2O6,5,92.0
Nd1.85Ce0.15Cu1O3.98,4,19.0
Nd1.84Ce0.16Cu1O4,4,21.75
Tl0.6Pb0.2Bi0.2Sr1.8Ba0.2Ca2Cu3O9,8,122.0
Y0.92Ca0.08Sr2Cu2.5Fe0.5O6.92,6,8.0
Y0.9Ca0.1Sr2Cu2.5Fe0.5O6.9,6,20.0
Y0.88Ca0.12Sr2Cu2.5Fe0.5O6.89,6,19.0
Ba2Ca2Cu3O8,4,75.0
Ba2Ca3Cu5O10,4,80.0
Ba2Ca4Cu6O12,4,95.0
Ba2Ca5Cu7O14,4,120.0
Hg1Ba2Ca2Cu3O8,5,134.5
Pb0.7Hg0.3Sr2Nd0.3Ca0.7Cu2O6.6,7,90.0
Pb0.7Hg0.3Sr4Cu2C1O10,6,68.0
Y1Ba2Cu3O6.9,4,89.8
Y1Ba2Cu3O7,4,90.25
Y1Ba2Cu3O6.8,4,89.1
Y1Ba2Cu2.98Fe0.02O7,5,93.4
Y1Ba2Cu2.96Fe0.04O7,5,90.5
Y1Ba2Cu2.88Fe0.12O7,5,75.0
Y1Ba2Cu2.8Fe0.2O7,5,64.0
Yb1Ba2Cu2.98Zn0.02O7,5,83.3
Er1Ba2Cu2.98Zn0.02O7,5,85.5
Y1Ba2Cu2.98Zn0.02O7,5,84.7
Dy1Ba2Cu2.98Zn0.02O7,5,84.8
Gd1Ba2Cu2.98Zn0.02O7,5,86.0
Eu1Ba2Cu2.98Zn0.02O7,5,86.0
Sm1Ba2Cu2.98Zn0.02O7,5,86.3
Nd1Ba2Cu2.98Zn0.02O7,5,85.5
Bi0.33Hg0.67Sr2Y1Cu2O7,6,74.0
Bi0.33Hg0.67Sr2Y0.5Ca0.5Cu2O7,7,92.0
Hg1Ba2Sr2Cu2C1O9,6,58.0
Hg1Ba2Sr2Cu2C1O9,6,66.0
Hg1Ba2Cu1O4,4,75.0
Hg1Ba2Cu1O4,4,97.0
Eu1.6Sr1.8Ce0.6Cu3O8.6,5,30.0
Sm1.6Sr1.7Ce0.7Cu3O8,5,36.0
Hg1Ba2Ca2Cu3O8,5,135.0
Bi0.35In0.65Sr2Gd0.6Ca0.4Cu2O,7,30.0
Bi0.35In0.65Sr2Gd0.5Ca0.5Cu2O,7,36.0
Y1Ba2Cu3O6.7,4,77.0
Y1Ba2Cu3O6.45,4,49.0
Y1Ba2Cu3O6.4,4,34.0
Y1Ba2Cu3O6.35,4,15.0
Y0.9Pr0.1Ba2Cu4O8,5,75.0
Y0.8Pr0.2Ba2Cu4O8,5,68.0
Y0.7Pr0.3Ba2Cu4O8,5,61.0
Y0.6Pr0.4Ba2Cu4O8,5,58.0
Y0.5Pr0.5Ba2Cu4O8,5,49.0
Y0.4Pr0.6Ba2Cu4O8,5,39.0
Y0.3Pr0.7Ba2Cu4O8,5,23.0
Lu0.8Ce0.1Ca0.1Ba2Cu3O7,6,73.0
Lu0.75Ce0.15Ca0.1Ba2Cu3O7,6,70.0
Lu0.7Ce0.15Ca0.15Ba2Cu3O7,6,66.0
Lu0.9Ce0.1Ba2Cu3O7,5,60.0
Lu0.93Pr0.07Ba2Cu3O7,5,78.0
Lu0.9Pr0.1Ba2Cu3O7,5,86.0
Lu0.8Pr0.1Ca0.1Ba2Cu3O7,6,78.0
Lu0.85Pr0.15Ba2Cu3O7,5,82.5
Lu0.8Pr0.2Ba2Cu3O7,5,80.0
Lu0.7Pr0.2Ca0.1Ba2Cu3O7,6,74.0
Lu0.7Pr0.3Ba2Cu3O7,5,71.0
Lu0.6Pr0.3Ca0.1Ba2Cu3O7,6,60.5
Lu0.6Pr0.4Ba2Cu3O7,5,49.0
Lu0.5Pr0.5Ba2Cu3O7,5,29.0
Lu0.45Pr0.55Ba2Cu3O7,5,13.0
Hg1Ba2Cu1O4,4,94.0
Ba2Ca3Cu5O,4,106.0
Hg1Ba2Ca1Cu2O6,5,126.6
Hg1Ba2Ca2Cu3O8,5,133.9
Y0.95Pr0.05Ba2Cu4O8,5,77.0
Y0.9Pr0.1Ba2Cu4O8,5,74.6
Y0.85Pr0.15Ba2Cu4O8,5,72.3
Y0.8Pr0.2Ba2Cu4O8,5,70.8
Y0.9Ca0.1Ba2Cu4O8,5,88.8
Y0.85Pr0.05Ca0.1Ba2Cu4O8,6,83.8
Y0.8Pr0.1Ca0.1Ba2Cu4O8,6,80.0
Y0.75Pr0.15Ca0.1Ba2Cu4O8,6,76.2
Y0.7Pr0.2Ca0.1Ba2Cu4O8,6,73.4
La1Nd0.91Ce0.09Cu1O3.97,5,15.7
La1Nd0.9Ce0.1Cu1O3.974,5,19.9
La1Nd0.89Ce0.11Cu1O3.978,5,19.8
La1Nd0.87Ce0.13Cu1O3.975,5,16.8
La1Nd0.86Ce0.14Cu1O3.978,5,16.0
La1Nd0.85Ce0.15Cu1O4,5,8.8
Tl2Ba2Ca1Cu2O8,5,102.0
Hg0.8Pb0.2Ba2Cu1O4,5,96.0
Y1Ba2Cu2.984Zn0.016O7,5,84.0
Y1Ba2Cu2.948Zn0.052O7,5,73.0
Y1Ba2Cu2.909Zn0.091O7,5,55.0
Y1Ba2Cu2.892Zn0.108O7,5,48.0
Ba0.65K0.35Bi1O2.984,4,27.9
Ba0.525K0.475Bi1O2.917,4,25.9
Ba0.6K0.4Bi1O2.926,4,27.6
Bi2Sr2Ca1Cu2O8.16,5,92.8
Tl2Ba2Cu1O6.1,4,92.5
Tl2Ba2Ca1Cu2O8,5,106.8
Tl2Ba2Ca2Cu3O10,5,120.0
Bi2Sr2Ca1Cu2O8.11,5,86.5
Bi2Sr2Ca1Cu2O8.19,5,87.1
Bi2Sr2Ca1Cu2O8.22,5,77.6
Bi2Sr2Ca1Cu2O8.24,5,71.1
Cu5Ba2Ca3O12,4,116.3
La1.9Sr0.1Cu1O4,4,27.8
La1.85Sr0.15Cu0.965Ni0.035O4,5,2.1
La1.83Sr0.17Cu0.98Ni0.02O4,5,22.1
La1.83Sr0.17Cu0.97Ni0.03O4,5,14.4
La1.83Sr0.17Cu0.96Ni0.04O4,5,5.8
La1.8Sr0.2Cu0.98Ni0.02O4,5,17.1
La1.8Sr0.2Cu0.97Ni0.03O4,5,11.1
La1.8Sr0.2Cu0.96Ni0.04O4,5,7.0
La1.75Sr0.25Cu1O4,4,16.2
La1.75Sr0.25Cu0.96Ni0.04O4,5,33.6
Bi2Sr2Ca1Cu2O8.231,5,83.7
Bi2Sr2Ca1Cu2O8.329,5,47.3
Bi2Sr2Ca1Cu2O8.373,5,47.2
Bi2Sr2Ca1Cu2O8.428,5,42.1
Bi2Sr2Ca1Cu2O8.256,5,67.2
Y2Ba4Cu7O15,4,78.8
Y1.8Pr0.2Ba4Cu7O15,5,64.3
Y1.2Pr0.8Ba4Cu7O15,5,54.0
Y0.8Pr1.2Ba4Cu7O15,5,40.0
La1.935Sr0.065Cu1Cl0.05O4,5,14.0
La1.9Sr0.1Cu1Cl0.1O3.9,5,21.0
La1.8Sr0.2Cu1Cl0.2O3.8,5,32.0
Bi2Sr2Y1.65Ce0.35Cu2O10,6,17.9
Bi1.8Pb0.2Sr2Y1.65Ce0.35Cu2O10,7,20.0
Bi1.6Pb0.4Sr2Y1.65Ce0.35Cu2O10,7,21.4
Bi1.4Pb0.6Sr2Y1.65Ce0.35Cu2O10,7,23.5
Bi1.2Pb0.8Sr2Y1.65Ce0.35Cu2O10,7,27.0
Bi1Pb1Sr2Y1.65Ce0.35Cu2O10,7,25.0
La1.4Ba1.27Ca0.33Cu3O,5,68.0
La1.3Ba1.37Ca0.33Cu3O,5,61.0
La1.2Ba1.47Ca0.33Cu3O,5,53.0
La1.1Ba1.57Ca0.33Cu3O,5,43.0
La1.4Ba1.4Ca0.2Cu3O,5,30.0
La1.3Ba1.3Ca0.4Cu3O,5,58.0
La1Ba1.5Ca0.5Cu3O,5,77.0
La1.5Ba1Ca0.5Cu3O,5,50.0
La2Cu1O4,3,41.2
La1.95Ba0.05Cu1O4,4,33.6
La1.92Ba0.08Cu1O4,4,31.1
La1.875Ba0.125Cu1O4,4,28.4
La1.855Ba0.145Cu1O4,4,30.3
La1.84Ba0.16Cu1O4,4,29.8
La1.8Ba0.2Cu1O4,4,16.5
Na1N1C60,3,14.7
Bi2Sr2Ca1Cu2O8,5,85.4
Y0.985Ca0.015Ba2Cu3O6.98,5,89.9
Y0.97Ca0.03Ba2Cu3O6.97,5,86.7
Y0.94Ca0.06Ba2Cu3O6.97,5,83.4
Y1Ba1.9La0.1Cu3O6.96,5,93.5
Y1Ba1.89La0.11Cu3O6.96,5,93.6
Y1Ba1.88La0.12Cu3O6.96,5,93.2
Y1Ba1.86La0.14Cu3O6.96,5,91.9
Y1Ba1.96La0.04Cu3O6.96,5,93.6
Y1Ba1.95La0.05Cu3O6.96,5,93.8
Y1Ba1.94La0.06Cu3O6.96,5,94.0
Y1Ba1.92La0.08Cu3O6.96,5,94.0
Y1Ba2Cu3O6.96,4,91.3
Y1Ba1.99La0.01Cu3O6.96,5,92.1
Y1Ba1.98La0.02Cu3O6.96,5,92.6
Y1Ba1.97La0.03Cu3O6.96,5,93.2
La1.875Ba0.125Cu1O4,4,4.0
La1.875Ba0.125Cu1O4,4,30.0
Ba0.55K0.45Bi1O3,4,22.5
Ba0.55K0.45Bi1O3,4,20.0
Sr1Cu1O2,3,91.0
Ca0.285Sr0.665Cu1O2,4,110.0
Sr0.92Sm0.08Cu1O2,4,43.0
Y1.2Pr0.8Ba4Cu7O15,5,40.0
Sr0.9La0.1Cu1O2,4,43.0
Bi1.95Sr1.65La0.4Cu1O6,5,15.0
Tl0.5Pb0.5Sr2Ca1Cu2O7,6,82.0
Hg0.67Tl1.33Ba2Ca1Cu2O8,6,100.0
La1.9Sr0.1Cu1H0.1O4,5,28.9
La1.85Sr0.15Cu1H0.1O4,5,35.4
La1.8Sr0.2Cu1H0.1O4,5,35.5
La1.75Sr0.25Cu1H0.1O4,5,26.8
Y1Sr2Cu2.7Ti0.3O7.224,5,35.0
Y1Sr2Cu2.7Ti0.3O7.152,5,23.0
Y1Sr2Cu2.7Ti0.3O7.144,5,12.0
Sr0.95Y0.05Cu1O2,4,38.6
Sr0.9Y0.1Cu1O2,4,36.6
Sr0.85Y0.15Cu1O2,4,36.6
Sr0.8Y0.2Cu1O2,4,38.6
Sr0.75Y0.25Cu1O2,4,38.6
Sr0.7Y0.3Cu1O2,4,32.6
Tl2Ba2Cu1O6,4,78.0
Tl2Ba2Cu1O6,4,83.0
Tl1Sr2Ca1Cu2O7,5,73.0
Bi1.6Pb0.4Sr4Cu2C1O11,6,41.0
Bi1.6Pb0.4Sr6Cu3C2O16,6,54.0
Sr2Cu1C0.85B0.15O5,5,32.0
Sr15.9Ca7.6Cu17.6C3.3B2.6O53,6,105.0
Sr16.7Ca7.7Cu19.4C1.9B2.9O51.7,6,115.0
Pr1.85Ce0.15Cu1O4,4,20.9
Sm1.85Ce0.15Cu1O4,4,21.9
Nd1.85Ce0.15Cu1O4,4,26.4
Sr0.9La0.1Cu1O2,4,40.7
Sr0.9La0.1Cu1O2,4,40.6
Sr0.9La0.1Cu1O2,4,40.8
C0.5Ba2Ca2Cu3.5O9,5,67.0
C0.5Ba2Ca3Cu4.5O11,5,117.0
La1.945Rb0.055Cu1O4,4,22.0
La1.935K0.065Cu1O4,4,20.0
La1.929Na0.071Cu1O4,4,28.0
Y1Ba2Cu2.949Co0.051O7,5,81.0
Y1Ba2Cu2.871Co0.129O7,5,68.0
Y1Ba2Cu3O7.01,4,89.5
Y1Ba2Cu3O6.84,4,67.0
Y1Ba2Cu3O6.63,4,51.0
Tl1Ba2Ca3Cu4O11,5,114.0
Bi1.95Sr1.85La0.2Cu1O4,5,27.0
Bi1.95Sr1.75La0.3Cu1O4,5,33.0
Bi1.95Sr1.65La0.4Cu1O4,5,36.0
Bi1.95Sr1.45La0.6Cu1O4,5,24.0
Bi1.95Sr1.25La0.8Cu1O4,5,19.0
Bi1.95Sr1.85Pr0.2Cu1O4,5,28.0
Bi1.95Sr1.75Pr0.3Cu1O4,5,32.0
Bi1.95Sr1.65Pr0.4Cu1O4,5,35.0
Bi1.95Sr1.45Pr0.6Cu1O4,5,22.0
Bi1.95Sr1.25Pr0.8Cu1O4,5,17.0
Bi1.95Sr1.85Nd0.2Cu1O4,5,26.0
Bi1.95Sr1.75Nd0.3Cu1O4,5,30.0
Bi1.95Sr1.65Nd0.4Cu1O4,5,35.0
Bi1.95Sr1.45Nd0.6Cu1O4,5,18.0
Bi1.6Pb0.4Sr1.6La0.4Cu1O4,6,36.0
Yb1Ba2Cu3O6.95,4,88.4
Yb0.95Pr0.05Ba2Cu3O6.9,5,89.1
Yb0.9Pr0.1Ba2Cu3O6.92,5,88.0
Yb0.8Pr0.2Ba2Cu3O6.88,5,79.9
Yb0.7Pr0.3Ba2Cu3O6.87,5,67.2
Yb0.6Pr0.4Ba2Cu3O6.91,5,50.5
Yb0.5Pr0.5Ba2Cu3O6.9,5,34.8
Yb0.45Pr0.55Ba2Cu3O6.92,5,18.3
La1.83Sr0.17Cu1O4,4,36.4
La1.83Sr0.17Cu0.98Ni0.02O4,5,22.8
La1.83Sr0.17Cu0.97Ni0.03O4,5,15.2
La1.83Sr0.17Cu0.65Ni0.35O4,5,13.5
La1.83Sr0.17Cu0.96Ni0.04O4,5,7.7
La1.8Sr0.2Cu1O4,4,28.0
La1.8Sr0.2Cu0.99Ni0.01O4,5,23.4
La1.8Sr0.2Cu0.98Ni0.02O4,5,16.8
La1.8Sr0.2Cu0.97Ni0.03O4,5,10.9
La1.8Sr0.2Cu0.65Ni0.35O4,5,8.0
La1.8Sr0.2Cu0.96Ni0.04O4,5,5.1
La1.9Sr0.1Cu1O4,4,29.4
La1.9Sr0.1Cu0.99Ni0.01O4,5,11.5
La0.75Sr0.25Cu1O4,4,14.4
La1.75Sr0.25Cu0.98Ni0.02O4,5,8.1
La1.75Sr0.25Cu0.97Ni0.03O4,5,4.7
La1.75Sr0.25Cu0.96Ni0.04O4,5,2.5
La1.85Sr0.15Cu0.96Ni0.04O4,5,0.001
La1.83Sr0.17Cu0.96Ni0.04O4,5,8.2
La1.8Sr0.2Cu0.96Ni0.04O4,5,7.6
La1.95Sr0.05Cu1O4,4,0.001
La1.83Sr0.17Cu1O4,4,37.2
La1.8Sr0.2Cu1O4,4,31.4
La1.75Sr0.25Cu1O4,4,16.8
La1.92Sr0.08Cu0.99Ni0.01O4,5,0.001
La1.9Sr0.1Cu0.99Ni0.01O4,5,13.1
La1.83Sr0.17Cu0.99Ni0.01O4,5,31.2
La1.8Sr0.2Cu0.99Ni0.01O4,5,24.5
C1Ba3Ca3Cu5O13,5,113.0
C1Ba3Ca3Cu5O13,5,110.0
Hg0.5Tl0.5Ba2Ca0.86Sr0.14Cu2O6,7,122.0
Hg0.5Tl0.5Ba2Ca0.86Sr0.14Cu2O6,7,100.0
Sm1Ba2Cu3O6.85,4,90.4
Sm1Ba2Cu3O6.73,4,45.0
Sm1.27Ba1.73Cu3O7.05,4,50.0
Tm1.83Ca0.17Cu1O3.99,4,30.0
Y0.7Ca0.3Sr2Cu2.5Se0.5O7,6,45.0
Tl1.7Ba2Cu1O6,4,24.0
Tl1.8Ba2Ca0.85Cu2.2O8,5,104.0
Y1Ba2Cu3O6.95,4,92.74
Hg0.67Bi0.33Sr2Y0.67Ca0.33Cu2O6,7,77.5
Bi1.95Sr1.65La0.4Cu1O6,5,13.0
Bi2.1Sr1.9Ca1Cu2O8,5,85.0
Bi2Sr2Ca0.7Yb0.3Cu2O8,6,89.0
Bi2Pb0.25Sr1.75Ca1Cu2O8,6,77.0
C0.47Sr2Ca0.35Y0.65Cu2.48O6.96,6,40.0
C0.48Sr2Ca0.4Y0.6Cu2.46O6.97,6,41.1
C0.5Sr2.01Ca0.44Y0.55Cu2.44O6.94,6,45.5
C0.51Sr2Ca0.5Y0.5Cu2.42O6.92,6,48.9
C0.53Sr1.99Ca0.56Y0.45Cu2.39O6.94,6,54.2
C0.54Sr2Ca0.6Y0.4Cu2.38O6.89,6,56.7
C0.55Sr2.03Ca0.62Y0.35Cu2.35O6.79,6,60.0
C0.57Sr2Ca0.7Y0.3Cu2.33O6.78,6,60.3
Hg1Ba2Ca1Cu2O6.24,5,126.0
Hg1Ba2Ca1Cu2O6.08,5,92.0
Bi0.5Hg0.5Sr4Cu2C1O10,6,17.0
Bi1.6Pb0.3Te0.1Sr2Ca3Cu4O,7,102.7
Bi2.1Sr1.9Cu1O,4,7.0
Bi2.05Pb0.05Sr1.9Cu1O,5,10.5
Pb0.9Cd0.1Sr2Y0.5Ca0.5Cu2O,7,18.0
Pb0.8Cd0.2Sr2Y0.5Ca0.5Cu2O,7,22.5
Pb0.7Cd0.3Sr2Y0.5Ca0.5Cu2O,7,26.5
Pb0.6Cd0.4Sr2Y0.5Ca0.5Cu2O,7,22.5
Pb0.5Cd0.5Sr2Y0.5Ca0.5Cu2O,7,22.5
Pb0.4Cd0.6Sr2Y0.5Ca0.5Cu2O,7,22.5
Y1Ba2Cu2.7In0.3O6.9,5,90.0
Dy1Ba1Sr1Cu3O6.9,5,77.05
Dy1Ba1Sr1Cu3O6.7,5,29.9
Dy1Ba1Sr1Cu3O6.6,5,14.85
Dy1Ba1.5Sr0.5Cu3O6.9,5,86.3
Y1Ba2Cu2.9Fe0.1O7,5,80.5
Y1Ba2Cu2.9Fe0.1O6.8,5,48.0
Y1Ba2Cu2.9Fe0.1O6.72,5,33.0
Y1Ba2Cu2.9Fe0.1O6.62,5,4.2
Y1Ba2Cu2.9Ni0.1O7,5,81.5
Y1Ba2Cu2.9Ni0.1O6.88,5,69.5
Y1Ba2Cu2.9Ni0.1O6.85,5,54.5
Y1Ba2Cu2.9Ni0.1O6.77,5,44.0
Y1Ba2Cu2.9Ni0.1O6.71,5,29.0
Y1Ba2Cu2.9Ni0.1O6.61,5,20.5
Y1Ba2Cu2.9Ni0.1O6.56,5,4.3
Y1Ba2Cu2.9Zn0.1O7,5,51.5
Y1Ba2Cu2.9Zn0.1O6.99,5,43.5
Y1Ba2Cu2.9Zn0.1O6.93,5,23.0
Y1Ba2Cu2.9Zn0.1O6.88,5,4.3
Bi2.1Sr1.85Cu1O6,4,3.46
Bi2.1Sr1.85Cu1O6,4,7.05
Bi2.1Sr1.85Cu1O6,4,5.33
Bi2.1Sr1.85Cu1O6,4,5.74
Bi2.1Sr1.85Cu1O6,4,6.05
Bi2.1Sr1.85Cu1O6,4,5.46
Bi2Sr8Cu4C3O21,5,34.0
Bi2Sr8Cu4C3O21,5,30.0
Bi2Sr8Cu4C3O21,5,40.0
Nd1Ba2Cu3O6.81,4,91.7
Nd1.2Ba1.8Cu3O6.91,4,47.6
Y1Ba2Cu2.85Ni0.075Zn0.075O7,6,58.0
Y1Ba2Cu2.85Ni0.101Zn0.049O7,6,62.0
Y1Ba2Cu2.85Ni0.124Zn0.025O7,6,64.6
Y1Ba2Cu2.85Ni0.15O7,5,73.4
Y1Ba2Cu3O7,4,87.7
BaKBi1O3,4,30.9
BaKBi1O3,4,28.0
BaKBi1O3,4,32.0
Pr1.87Ce0.13Cu1O4,4,17.0
Pr1.86Ce0.14Cu1O4,4,25.0
Pr1.85Ce0.15Cu1O4,4,22.5
Pr1.83Ce0.17Cu1O4,4,12.0
Bi2Sr2Ca0.95Ce0.05Cu2O8,6,80.0
Bi2Sr2Ca0.9Ce0.1Cu2O8,6,75.455
Bi2Sr2Ca0.8Ce0.2Cu2O8,6,17.0
Bi2Sr2Ca1Cu2O8,5,89.3
Bi2Sr2Ca0.95Pr0.05Cu2O8,6,83.15
Bi2Sr2Ca0.9Pr0.1Cu2O8,6,60.5
Bi2Sr2Ca0.85Pr0.15Cu2O8,6,68.35
Bi2Sr2Ca0.8Pr0.2Cu2O8,6,58.45
Bi2Sr2Ca0.7Pr0.3Cu2O8,6,30.3
Bi2Sr2Ca0.6Pr0.4Cu2O8,6,43.4
Bi2.2Sr1.8Ca1Cu2O8,5,83.5
Bi0.5Sr2Nd1Ce1.6Cu2.5O,6,15.0
Bi0.5Sr2Gd1Ce1.6Cu2.5O,6,20.0
Y1Ba2Cu3.98Ni0.02O8,5,67.1
Y1Ba2Cu3.96Ni0.04O8,5,53.0
Y1Ba2Cu3.92Ni0.08O8,5,25.1
Y1Ba2Cu3.98Zn0.02O8,5,63.8
Y1Ba2Cu3.96Zn0.06O8,5,50.1
Y1Ba2Cu3.92Zn0.08O8,5,40.5
Y1Ba2Cu3.987Fe0.013O8,5,70.0
Y1Ba2Cu3.84Fe0.16O8,5,38.6
Y1Ba2Cu2.98Fe0.02O7,5,90.7
Y1Ba2Cu2.93Fe0.03O7,5,90.1
Y1Ba2Cu2.94Cu0.6O7,4,89.1
Y1Ba2Cu2.92Fe0.08O7,5,86.2
Y1Ba2Cu2.88Fe0.12O7,5,79.0
Y1Ba2Cu2.74Fe0.26O7,5,55.6
Y1Ba2Cu2.7Fe0.3O7,5,50.8
Y1Ba2Cu2.985Zn0.015O7,5,83.2
Y1Ba2Cu2.97Zn0.03O7,5,75.2
Y1Ba2Cu2.94Zn0.06O7,5,57.4
Y1Ba2Cu2.88Zn0.12O7,5,50.4
Y1Ba2Cu2.94Ni0.06O7,5,85.9
Y1Ba2Cu2.88Ni0.18O7,5,77.2
Y1Ba2Cu2.76Ni0.24O7,5,71.5
Bi2Sr2Ca1Cu1.99Fe0.01O8,6,74.1
Bi2Sr2Ca1Cu1.98Fe0.02O8,6,71.5
Bi2Sr2Ca1Cu1.96Fe0.04O8,6,65.7
Hg1Ba2Ca2Cu3O,5,135.0
Y0.85Ca0.15Sr1.5Ba0.5Cu2.5B0.5O7,7,35.5
Y0.85Ca0.15Sr1Ba1Cu2.5B0.5O7,7,43.6
Y0.85Ca0.15Sr0.5Ba1.5Cu2.5B0.5O7,7,55.6
Y1Sr1Ba1Cu2.5B0.5O7,6,25.0
Y1Sr0.5Ba1.5Cu2.5B0.5O7,6,15.0
Hg1Ba2Ca1Cu2O6,5,113.0
Hg1Ba2Ca1Cu2O,5,125.0
Hg1Ba2Ca2Cu3O,5,133.0
Y1Ba2Cu3O6.97,4,89.9
Y1Ba2Cu3O6.9,4,89.0
Y1Ba2Cu3O7,4,92.9
Y1Ba2Cu2.85Zn0.15O7,5,41.5
Y1Ba2Cu2.955Co0.045O7,5,94.4
Y1Ba2Cu2.88Co0.12O7,5,80.0
Nd1.5Ce0.5Sr2Cu2Nb1O10,6,24.2
Eu1.5Ce0.5Sr2Cu2Nb1O10,6,24.0
Sm1.5Ce0.5Sr2Cu2Nb1O10,6,27.0
Tl0.5Pb0.5Sr2Ca2Cu3O9,6,115.0
La2Cu1O4.08,3,32.0
La2Cu1O4.12,3,43.0
La2Cu1O4,3,39.0
Nd1Ba2Cu3O7,4,87.0
Nd1Ba2Cu3O7,4,87.5
Bi2Sr2Ca1Cu2O8,5,59.0
Tl1Ba1.75Eu1.75Ce0.5Cu2O9,6,40.0
Tl1Ba1.75Eu1.75Ce0.5Cu2O9,6,25.5
Pb0.9AgSr2La2Cu3.1O,6,70.0
Yb1Ba1.8Sr0.2Cu4O8,5,82.0
Nd1.85Ce0.15Cu1O4,4,21.5
Ho1Ba2Cu3O,4,91.5
Sr2Ho1Cu3O,4,62.0
Er1Sr2Cu3O,4,60.0
Tm1Sr2Cu3O,4,45.0
Bi2Sr2Ca1Cu2O,5,75.0
I1Bi2Sr2Ca0.5Y0.5Cu2O,7,79.0
I1Bi2Sr2Ca0.6Y0.4Cu2O,7,86.0
I1Bi2Sr2Ca0.8Y0.2Cu2O,7,84.0
I1Bi2Sr2Ca1Cu2O,6,65.0
Bi2Sr2Ca0.8Y0.2Cu2O,6,87.0
Bi2Sr2Ca0.6Y0.4Cu2O,6,86.0
Bi2Sr2Ca0.5Y0.5Cu2O,6,80.0
Tl2Ba2Ca1Cu2O8,5,85.0
Tl2Ba2Ca1Cu2O8,5,105.0
Tl2Ba2Ca0.9Y0.1Cu2O8,6,88.0
Tl2Ba2Ca0.8Y0.2Cu2O8,6,74.0
Tl2Ba2Ca0.75Y0.25Cu2O8,6,58.0
Tl2Ba2Ca0.65Y0.35Cu2O8,6,30.0
Ba1.7K0.3Pb0.95Bi0.05O4,5,11.0
Ba1.9K0.1Pb0.85Bi0.15O4,5,12.5
Ba1.7K0.3Pb0.9Bi0.1O4,5,11.0
Tl2Ba2Cu1O6,4,86.0
Pb2Sr2Y0.67Ca0.33Cu3O8,6,80.0
Hg1Ba2Ca2Cu3O8.41,5,133.0
Hg1Ba2Ca1Cu2O6.22,5,127.0
Y0.9Ca0.1Ba2Cu4O8,5,83.5
Sr1.5Bi0.5Y1.15Ce0.85Cu2O8,6,32.0
Er1Ba2Cu3O6.935,4,88.0
Er0.95Ca0.05Ba2Cu3O6.935,5,86.0
Er0.9Ca0.1Ba2Cu3O6.93,5,82.5
Er0.85Ca0.15Ba2Cu3O6.93,5,79.5
Er0.8Ca0.2Ba2Cu3O6.91,5,76.5
Er0.75Ca0.25Ba2Cu3O6.88,5,67.5
Er0.7Ca0.3Ba2Cu3O6.83,5,55.7
Y0.9Ce0.1Ba2Cu4O8,5,55.0
Y1Ba2.2Cu4O8,4,80.0
Y1Sr2Cu2.8Mo0.1W0.1O,6,40.5
Tl1Sr2Ca2Cu3O,5,107.0
Tl1Ba2Ca2Cu3O,5,118.0
Tl0.6V0.5Sr2Ca2Cu3O,6,110.0
I0.52Bi2Sr4Cu2C1O,6,23.0
Nd1Ba2Cu3O7,4,92.2
Nd0.97Pr0.03Ba2Cu3O7,5,85.1
Nd0.92Pr0.08Ba2Cu3O7,5,68.2
Nd0.85Pr0.15Ba2Cu3O7,5,40.7
Nd0.8Pr0.2Ba2Cu3O7,5,31.4
Nd0.7Pr0.3Ba2Cu3O7,5,5.6
Gd1Ba2Cu3O7,4,96.2
Gd0.97Pr0.03Ba2Cu3O7,5,93.1
Gd0.922Pr0.078Ba2Cu3O7,5,84.0
Gd0.85Pr0.15Ba2Cu3O7,5,67.9
Gd0.8Pr0.2Ba2Cu3O7,5,57.7
Gd0.7Pr0.3Ba2Cu3O7,5,39.6
Gd0.6Pr0.4Ba2Cu3O7,5,20.9
Er1Ba2Cu3O7,4,93.6
Er0.97Pr0.03Ba2Cu3O7,5,93.9
Er0.924Pr0.076Ba2Cu3O7,5,91.1
Er0.85Pr0.15Ba2Cu3O7,5,82.9
Er0.8Pr0.2Ba2Cu3O7,5,76.4
Er0.7Pr0.3Ba2Cu3O7,5,61.1
Er0.6Pr0.4Ba2Cu3O7,5,45.8
Er0.5Pr0.5Ba2Cu3O7,5,28.6
Lu1Ba2Cu3O7,4,90.8
Lu0.85Pr0.15Ba2Cu3O7,5,89.7
Lu0.8Pr0.2Ba2Cu3O7,5,86.8
Lu0.7Pr0.3Ba2Cu3O7,5,73.5
Lu0.6Pr0.4Ba2Cu3O7,5,59.1
Hg0.4Ce0.6Sr2.5Ca0.4Cu2.1O7,6,51.0
Hg0.4Ce0.6Sr2.5Ca0.2Nd0.2Cu2.1O7,7,65.0
Hg0.4Ce0.6Sr2.5Ca0.1Nd0.5Cu2.1O7,7,60.0
Ca1La1Ba1Cu3O,5,79.1
Ca0.9Cd0.1La1Ba1Cu3O,6,76.7
Ca0.8Cd0.2La1Ba1Cu3O,6,76.0
Ca0.7Cd0.3La1Ba1Cu3O,6,70.8
Ca0.6Cd0.4La1Ba1Cu3O,6,67.3
Ca0.5Cd0.5La1Ba1Cu3O,6,58.4
Ca0.4Cd0.6La1Ba1Cu3O,6,47.8
Ca0.3Cd0.7La1Ba1Cu3O,6,36.0
Ca0.25Cd0.75La1Ba1Cu3O,6,31.3
Hg1Ba2Cu1O4,4,96.0
Hg1Ba2Ca1Cu2O6,5,127.0
Hg0.7Mo0.3Sr2Cu1O,5,56.0
Hg0.8Re0.2Sr2Ca0.7Y0.3Cu2O,7,91.5
Hg1Sr2Ca0.7Y0.3Cu1.8Re0.2O,7,91.5
Hg1Sr2Cu0.9Re0.1O,5,62.0
Hg0.7Mo0.3Sr2Ca0.7Y0.3Cu2O,7,96.0
Hg0.7Mo0.3Sr2Ca0.5Y0.5Cu2O,7,89.3
Hg0.7Mo0.3Sr2Ca0.3Y0.7Cu2O,7,84.0
Y1Ba2Cu2.88Zr0.12O7,5,84.0
Y1Ba2Cu2.85Zr0.15O7,5,82.5
Hg1Sr2Cu1O4,4,56.0
Hg0.95Mo0.05Sr2Cu1O4,5,58.0
Hg0.9Mo0.1Sr2Cu1O4,5,72.0
Hg0.85Mo0.15Sr2Cu1O4,5,78.0
Hg0.8Mo0.2Sr2Cu1O4,5,72.0
Hg0.75Mo0.25Sr2Cu1O4,5,50.0
Hg0.7Mo0.3Sr2Cu1O4,5,20.0
Hg0.65Mo0.35Sr2Cu1O4,5,9.0
C1Ba2.5Ca2.5Cu4O,5,113.0
La1.85Sr0.15Cu1O4,4,35.45
La1.935Ca0.065Cu1O4,4,5.55
Nd1.85Ce0.15Cu1O4,4,20.35
Pr1.85Ce0.15Cu1O4,4,19.5
Ba1.96Ca0.12Y0.92C0.21Cu2.79O,6,85.0
Ga1Sr2Ca3Cu4O10.8,5,93.0
Ga1Sr2Ca3Cu4O10.9,5,100.0
Ga1Sr2Ca3Cu4O11.,5,107.0
Ga1Sr2Ca3Cu4O11.1,5,107.0
Ga1Sr2Ca3Cu4O11.5,5,63.0
Ga1Sr2Ca3Cu4O,5,70.0
Pb2Sr2Ho0.5Ca0.5Cu3O8,6,78.5
Y1Ba2Cu3O6.887,4,89.8
Y1Ba2Cu3O6.791,4,86.9
Y1Ba2Cu3O6.821,4,91.1
Y1Ba2Cu3O6.869,4,90.0
Y1Ba2Cu3O6.87,4,88.7
Y1Ba2Cu3O6.852,4,89.2
Y1Ba2Cu3O6.858,4,87.4
Y1Ba2Cu3O6.937,4,84.8
Y1Ba2Cu3O6.838,4,84.8
Y1Ba2Cu3O6.861,4,80.5
Y1Ba2Cu3O6.894,4,80.5
Y1Ba2Cu3O6.876,4,78.1
Y1Ba2Cu3O6.883,4,74.0
Y1Ba2Cu3O6.87,4,75.1
Y1Ba2Cu3O6.829,4,57.7
Y1Ba2Cu3O6.729,4,56.8
Y1Ba2Cu3H0.2O6.98,5,94.5
Y1Ba2Cu3H1.4O6.98,5,92.0
Y0.95K0.05Ba2Cu3O6.6,5,89.4
Y0.9K0.1Ba2Cu3O6.51,5,92.05
Y0.85K0.15Ba2Cu3O6.48,5,90.15
Y0.95Rb0.05Ba2Cu3O6.59,5,92.05
Y0.9Rb0.1Ba2Cu3O6.42,5,92.4
Y0.85Rb0.15Ba2Cu3O6.48,5,91.95
Y0.95Cs0.05Ba2Cu3O6.61,5,92.45
Y0.9Cs0.1Ba2Cu3O6.47,5,91.3
Y0.85Cs0.15Ba2Cu3O6.5,5,90.4
Y1Ba1.9K0.1Cu3O6.61,5,92.7
Y1Ba1.8K0.2Cu3O6.57,5,93.0
Y1Ba1.7K0.3Cu3O6.54,5,92.85
Y1Ba1.9Rb0.1Cu3O6.52,5,93.35
Y1Ba1.8Rb0.2Cu3O6.56,5,90.55
Y1Ba1.7Rb0.3Cu3O6.52,5,91.05
Y1Ba1.9Cs0.1Cu3O6.65,5,93.45
Y1Ba1.8Cs0.2Cu3O6.58,5,93.3
Y1Ba1.7Cs0.3Cu3O6.6,5,93.75
Y0.95Sc0.05Ba2Cu3O6.63,5,91.7
Y0.9Sc0.1Ba2Cu3O6.56,5,91.4
Y0.95La0.05Ba2Cu3O6.58,5,93.65
Y0.9La0.1Ba2Cu3O6.62,5,92.35
Y1Ba1.9Sc0.1Cu3O6.55,5,88.95
Y1Ba1.8Sc0.2Cu3O6.64,5,88.8
Y1.1Ba1.9Cu3O6.65,4,91.25
Y1.2Ba1.8Cu3O6.68,4,92.3
Y1Ba1.9La0.1Cu3O6.73,5,92.85
Y1Ba1.8La0.2Cu3O6.81,5,91.7
Ag0.25Cu0.75Ba2Ca3Cu4O11,5,117.1
Nd1Ba2Cu3O7,4,94.5
C60K3,2,17.8
C60Rb3,2,29.5
Hg1.46Cl1.46Bi2Sr2Ca1Cu2O,7,86.0
Bi1.6Pb0.4Sr2Ca2Cu3O,6,93.0
Bi1.6Pb0.4Sr2Ca2Cu3F0.65O,7,100.0
Bi1.6Pb0.4Sr2Ca2Cu3F0.85O,7,102.0
Bi1.6Pb0.4Sr2Ca2Cu3F0.85O,7,116.0
Li0.5Nb1O2,3,5.0
Li0.45Nb1O2,3,5.5
Hg1Ba2CaSrCu3O8,6,132.0
Hg0.5Tl0.5Ba2CaSrCu3O8,7,132.0
Bi2Sr2Ca1Cu2O8,5,66.5
Bi2Sr1.9Gd0.1Ca1Cu2O8,6,76.0
Bi2Sr1.8Gd0.2Ca1Cu2O8,6,71.6
Bi2Sr1.7Gd0.3Ca1Cu2O8,6,60.4
Bi2Sr1.6Gd0.4Ca1Cu2O8,6,50.0
Bi2Sr1.5Gd0.5Ca1Cu2O8,6,21.6
Bi2Sr1.44Gd0.56Ca1Cu2O8,6,4.0
Y1Ba2Cu3.96Ni0.04O8,5,45.4
Y1Ba2Cu3.92Ni0.08O8,5,17.0
Y1Ba2Cu3O6.92,4,92.4
Bi2Sr1.6La0.4Cu1O6.307,5,27.6
Bi2Sr1.6Pr0.4Cu1O6.313,5,21.8
Bi2Sr1.6Nd0.4Cu1O6.32,5,23.1
Bi2Sr1.6Sm0.4Cu1O6.3,5,17.0
Bi2Sr1.6Eu0.4Cu1O6.301,5,12.5
Bi2Sr1.3La0.7Cu1O6.422,5,22.6
Bi2Sr1.3Nd0.7Cu1O6.417,5,14.2
Bi2Sr1.3Sm0.7Cu1O6.405,5,8.0
Al1Sr2Ca3Cu4O,5,110.0
Al1Sr2Ca5Cu5O,5,83.0
Sr2Cu1F2.33O2,4,46.0
Pb2Sr2Ho0.05Ca0.5Cu2.994Al0.006O8,7,76.4
Pb2Sr2Ho0.5Ca0.5Cu2.982Al0.018O8,7,63.6
Pb2Sr2Ho0.5Ca0.5Cu2.97Al0.03O8,7,59.1
Pb2Sr2Ho0.5Ca0.5Cu2.94Al0.06O8,7,51.8
Pb2Sr2Ho0.5Ca0.5Cu2.94Pt0.06O8,7,80.4
Ca1.883Cu0.941Cl1.941Na0.059O2.117,5,26.0
Ca1.808Cu0.904Cl1.904Na0.096O2.192,5,26.0
Ca1.737Cu0.868Cl1.868Na0.132O2.263,5,21.0
Ca1.702Cu0.851Cl1.851Na0.149O2.404,5,15.0
Hg1Ba2Ca2Cu3O8,5,124.0
Hg0.75Tl0.25Ba2Ca1.72Sr0.28Cu3O8,7,128.0
Hg0.5Tl0.5Ba2Ca1.72Sr0.28Cu3O8,7,124.0
Hg0.25Tl0.75Ba2Ca1.72Sr0.28Cu3O8,7,122.0
Tl2HgBa2Ca2Cu3O10,6,118.5
Tl1.7Hg0.3Ba2Ca2Cu3O10,6,124.0
Tl1.6Hg0.4Ba2Ca2Cu3O10,6,127.0
Tl1.4Hg0.6Ba2Ca2Cu3O10,6,123.5
Y1Ba2Cu3F0.15O6.7,5,89.5
Y1Ba2Cu3F0.25O6.7,5,91.0
Y1Ba2Cu3F0.29O6.7,5,91.0
Y1Ba2Cu3F0.38O6.7,5,91.0
Bi2Sr1.9Cu2.1O,4,7.5
Er1Ba2Cu3O7,4,90.5
Er1Ba2Cu2.85Ni0.15O7,5,89.5
Er1Ba2Cu2.85Zn0.15O7,5,86.0
Er1Ba2Cu2.85Fe0.15O7,5,90.0
Er1Ba2Cu2.85Co0.15O7,5,88.5
Er1Ba2Cu2.85Ga0.15O7,5,89.6
Hg1Ba2Cu1O4,4,59.0
Hg1Ba2Cu1O4,4,87.0
Hg1Ba2Cu1O4.1,4,35.0
Hg1Ba2Cu1O4.09,4,36.0
Hg1Ba2Cu1O4.07,4,91.0
Hg1Ba2Cu1O4.117,4,82.0
Hg1Ba2Cu1O4.09,4,96.0
Hg1Ba2Cu1O4.043,4,87.0
Er1Ba2Cu3O6.92,4,90.0
Y1CaBa2Cu3NiO6.89,6,91.0
Y0.95Ca0.05Ba2Cu2.95Ni0.05O6.83,6,82.0
Y0.9Ca0.1Ba2Cu2.9Ni0.1O6.86,6,74.0
Y0.85Ca0.15Ba2Cu2.85Ni0.15O6.85,6,67.0
Y0.8Ca0.2Ba2Cu2.8Ni0.2O6.77,6,64.0
Y0.75Ca0.25Ba2Cu2.75Ni0.25O6.77,6,62.0
Y0.7Ca0.3Ba2Cu2.7Ni0.3O7,6,65.0
Hg0.8V0.2Ba2Cu1O4.3,5,90.0
Hg0.8V0.2Ba2Ca1Cu2O6.3,6,115.0
Hg0.8V0.2Ba2Ca1Cu2O6.3,6,125.0
Y0.95Ca0.05Ba2Cu2.95Zn0.05O6.89,6,65.0
Y0.9Ca0.1Ba2Cu2.9Zn0.1O6.81,6,50.0
Y0.85Ca0.15Ba2Cu2.85Zn0.15O6.85,6,43.0
Y0.8Ca0.2Ba2Cu2.8Zn0.2O6.73,6,43.0
Y0.75Ca0.25Ba2Cu2.75Zn0.25O6.76,6,42.0
Y0.7Ca0.3Ba1Cu2.7Zn0.3O7,6,45.0
Hg0.5Mo0.5Sr4Cu2C1O9,6,74.0
Hg0.4Cr0.6Sr4Cu2C1O9,6,37.0
Y0.6Ca0.4Sr1.8Ba0.2Cu2Ga1O7,7,45.0
Y0.6Ca0.4Sr1.7Ba0.3Cu2Ga1O7,7,50.0
Y0.6Ca0.4Sr1.6Ba0.4Cu2Ga1O7,7,56.0
Y0.6Ca0.4Sr1.8Ba0.2Cu2Ga1O7,7,68.0
Y0.65Ca0.35Sr2Cu2Ga1O7,6,27.0
Y0.6Ca0.4Sr2Cu2Ga1O7,6,41.0
Ba6C60,2,7.0
Y0.8Ca0.2Sr1.5Ba0.5Cu2.8Cr0.2O7,7,28.0
Y0.7Ca0.3Sr1.5Ba0.5Cu2.8Cr0.2O7,7,41.0
Y1Ba2Cu2.8Cr0.2O7,5,87.5
Y1Ba2Cu2.79Co0.21O7,5,22.0
Y0.8Ca0.2Sr1Ba1Cu2.7Ga0.3O7,7,64.0
Y0.8Ca0.2Sr1.6Ba0.4Cu2.7Ga0.3O7,7,53.9
Hg0.9W0.1Ba2Cu1O4.2,5,89.0
Hg0.6Cr0.4Ba2Cu1O4.1,5,70.0
Hg0.8Mo0.2Ba2Cu1O4.4,5,74.0
Hg0.9Mo0.1Ba2Cu1O4.2,5,75.0
Hg0.8W0.2Ba2Cu1O4.4,5,45.0
Hg0.9Ba2Cu1O4,4,91.0
Hg0.8V0.2Ba2Cu1O4.3,5,96.0
Hg1Ba2Ca1Cu2O6,5,117.0
Hg0.8V0.2Ba2Ca1Cu2O6.3,6,119.0
Hg0.8V0.2Ba2Ca1Cu2O6.3,6,128.0
Hg0.8Mo0.2Ba2Ca1Cu2O6.4,6,127.0
Hg0.8W0.2Ba2Ca1Cu2O6.4,6,118.0
Hg0.9W0.1Ba2Ca1Cu2O6.2,6,118.0
Hg0.8Ti0.2Ba2Ca1Cu2O6.2,6,127.0
Hg0.8Cr0.2Ba2Ca1Cu2O6.1,6,110.0
Hg0.8Cr0.2Ba2Ca1Cu2O6.1,6,115.0
Hg1Ba2Ca1Cu2O6,5,105.0
Hg1Ba2Ca1Cu2O6,5,134.0
Hg0.8V0.2Ba2Ca2Cu3O8.3,6,120.0
Hg0.8V0.2Ba2Ca2Cu3O8.3,6,127.0
Hg0.8Mo0.2Ba2Ca2Cu3O8.4,6,129.0
Hg0.8Mo0.2Ba2Ca2Cu3O8.4,6,134.0
Hg0.6Ti0.4Ba2Ca2Cu3O8.4,6,128.0
Hg0.6Ti0.4Ba2Ca2Cu3O8.4,6,134.0
Hg0.8Cr0.2Ba2Ca2Cu3O8.1,6,95.0
Hg0.8Cr0.2Ba2Ca2Cu3O8.1,6,110.0
Y0.95Ba1.95Ca0.1Cu4O8,5,80.0
Gd0.95Ba1.95Ca0.1Cu4O8,5,80.0
Hg1Ba2Cu1O4,4,90.0
Hg0.9Ba2Cu1O4,4,73.0
Hg0.8Bi0.2Ba2Cu1O4.2,5,85.0
Hg0.8Bi0.2Ba2Ca2Cu3O8.2,6,130.0
Y1Ba2Cu3O7,4,92.03
Y1Ba2Cu3O7,4,92.83
Hg0.95Mo0.05Sr2Ca2Cu3O,6,106.0
Hg0.75Mo0.05Sr2Ca2Cu3O,6,106.0
Hg0.75SrBa2Ca2Cu3O8,6,133.5
Hg0.75Sr0.5Ba1.5Ca2Cu3O8,6,126.2
Hg0.75Sr1Ba1Ca2Cu3O8,6,122.0
Hg0.5Pb0.5Sr2Ca2Cu3O,6,121.0
Hg0.5Pb0.5Sr2Ca2Cu3O,6,107.0
Sr2Cu1F2O2,4,47.0
Sr2BaCu1F2O2,5,46.0
Sr1.9Ba0.1Cu1F2O2,5,54.0
Sr1.75Ba0.25Cu1F2O2,5,58.0
Sr1.6Ba0.4Cu1F2O2,5,60.0
Sr1.5Ba0.5Cu1F2O2,5,62.0
Sr1.4Ba0.6Cu1F2O2,5,64.0
B1Sr2Ca3Cu4O11,5,110.0
Ba0.625K0.375Bi1O3,4,30.0
Ba0.6K0.4Bi1O3,4,27.25
Bi1.82Pb0.18Sr2Ca2Cu3O16,6,102.98
Bi1.72Pb0.28Sr2Ca2Cu3O16,6,102.98
Bi1.62Pb0.38Sr2Ca2Cu3O16,6,104.44
Bi1.52Pb0.48Sr2Ca2Cu3O16,6,107.17
C60Yb2.75,2,6.0
Y0.3Pr0.7Ba1Sr1Cu3O6.95,6,14.0
La1.5Ba1.5Sr1.5Cu3O,5,18.0
La1.5Ba1.3Sr0.2Cu3O,5,31.8
La1.5Ba1.2Sr0.3Cu3O,5,38.0
La1.5Ba1.1Sr0.4Cu3O,5,35.0
La1.5Ba1Sr0.5Cu3O6.955,5,26.9
La1.1Ba1.7Sr0.2Cu3O,5,54.3
La1.1Ba1.6Sr0.3Cu3O,5,63.1
La1.1Ba1.5Sr0.4Cu3O,5,56.1
La1.1Ba1.4Sr0.5Cu3O6.954,5,50.1
La1Ba1.6Sr0.4Cu3O,5,65.3
La1Ba1.5Sr0.5Cu3O6.948,5,57.1
La1.2Ba1.8SrCu3O,5,44.0
La1.2Ba1.6Sr0.2Cu3O,5,47.9
La1.2Ba1.5Sr0.3Cu3O,5,55.2
La1.2Ba1.4Sr0.4Cu3O,5,52.0
La1.2Ba1.3Sr0.5Cu3O6.943,5,45.1
La1.3Ba1.7SrCu3O6.885,5,32.0
La1.3Ba1.5Sr0.2Cu3O6.901,5,43.8
La1.3Ba1.4Sr0.3Cu3O6.91,5,50.0
La1.3Ba1.3Sr0.4Cu3O6.928,5,45.2
La1.3Ba1.2Sr0.5Cu3O6.955,5,38.0
Tl1HgSr2Ba2Cu2Co3O,7,70.3
Tl0.8Hg0.2Sr2Ba2Cu2Co3O,7,70.0
Tl0.7Hg0.3Sr2Ba2Cu2Co3O,7,71.0
Tl0.5Hg0.5Sr2Ba2Cu2Co3O,7,72.9
Tl0.3Hg0.7Sr2Ba2Cu2Co3O,7,73.0
Tl0.2Hg0.8Sr2Ba2Cu2Co3O,7,60.0
Tl0.1Hg0.9Sr2Ba2Cu2Co3O,7,66.0
TlHg1Sr2Ba2Cu2Co3O,7,57.3
Tl1HgSr2Ba2Cu2Co3O,7,73.0
TlHg1Sr2Ba2Cu2Co3O,7,66.0
Ga0.3Hg0.7Sr2Y0.3Ca0.7Cu2O,7,86.0
Ga0.5Hg0.5Sr2Y0.3Ca0.7Cu2O,7,54.0
Ga0.7Hg0.3Sr2Y0.3Ca0.7Cu2O,7,56.5
Ga0.3Hg0.7Sr2Y0.5Ca0.5Cu2O,7,88.0
Ga0.5Hg0.5Sr2Y0.5Ca0.5Cu2O,7,86.0
Ga0.7Hg0.3Sr2Y0.5Ca0.5Cu2O,7,55.0
Hg1Tl1Ba4Ca2Cu4O,6,108.0
Hg1Tl1Ba4Ca4Cu6O,6,122.5
Hg1Tl2Ba4Ca2Cu4O,6,117.5
Hg1Tl2Ba4Ca4Cu6O,6,122.0
Hg1Tl2Ba4Ca4Cu6O,6,107.5
Hg1Tl1Sr4Ca2Cu4O,6,102.5
Hg1Tl2Sr4Ca2Cu4O,6,91.5
Hg1Tl2Sr4Cu6O,5,90.0
Y0.8Gd0.2Ba2Cu3O7,5,92.0
Y0.6Gd0.4Ba2Cu3O7,5,92.0
Y0.4Gd0.6Ba2Cu3O7,5,92.0
Y0.2Gd0.8Ba2Cu3O7,5,92.0
Cd1Ba2Ca0.7Y0.3Cu2O,6,103.0
Gd1Ba1Sr1Cu3O7,5,82.0
Gd1Ba1Sr1Cu3O7,5,85.0
Hg0.7Pb0.3Sr2Ca0.7Y0.3Cu2O,7,100.0
Hg0.5Pb0.5Sr2Ca0.5Y0.5Cu2O,7,90.0
Hg0.5Pb0.5Sr2Ca0.7Y0.3Cu2O,7,90.0
Hg0.8Mo0.2Sr2Y0.6Ca0.4Ca2O6,6,74.5
Hg0.8Mo0.2Sr2Y0.5Ca0.5Ca2O6,6,73.5
Hg0.8Mo0.2Sr2Y0.35Ca0.65Ca2O6,6,85.5
Bi0.3Pb0.5Cu0.2Sr2Dy0.75Ca0.25Cu2O,7,80.0
Bi0.3Pb0.5Cu0.2Sr2Dy0.5Ca0.5O,7,80.0
Bi2Sr2Ca1Cu2O8,5,86.1
I1Bi2Sr2Ca1Cu2O8,6,58.3
Bi2Sr2Ca1Cu2O8,5,72.2
I1Bi2Sr2Ca1Cu2O8,6,72.2
Pb0.5Cd0.5Sr2Y0.5Ca0.5Cu2O7,7,63.5
Pb0.5Cd0.5Sr2Y0.5Ca0.5Cu2O7,7,22.0
Pb0.5Cd0.5Sr2Y0.5Ca0.5Cu2O7,7,70.5
Tl1Ba2Sr2Cu2C1O10,6,61.0
Tl0.67Cr0.33Sr4Cu2C1O10,6,77.0
Tl0.8V0.2Sr4Cu2C1O10,6,50.0
Tl0.5Pb0.5Sr4Cu2C1O10,6,71.0
Hg0.6V0.4Sr4Cu2C1O9,6,76.0
La1.65Sm0.15Sr0.2Cu1O4,5,24.0
La1.5Sm0.3Sr0.2Cu1O4,5,17.0
La1.35Sm0.45Sr0.2Cu1O4,5,12.0
La1Sm0.8Sr0.2Cu1O4,5,35.0
Y1Ba2Cu3.98Fe0.02O8,5,70.5
Y1Ba2Cu3.96Fe0.04O8,5,64.75
Y1Ba2Cu3.92Fe0.08O8,5,60.5
Y1Ba2Cu3.88Fe0.12O8,5,48.05
Y1Ba2Cu3.84Fe0.16O8,5,40.8
Y1Ba2Cu3.8Fe0.2O8,5,64.0
Y1Ba2Cu3.98Co0.02O8,5,73.3
Y1Ba2Cu3.96Co0.04O8,5,68.5
Y1Ba2Cu3.92Co0.08O8,5,63.75
Y1Ba2Cu3.88Co0.12O8,5,58.0
Y1Ba2Cu3.84Co0.16O8,5,54.3
Y1Ba2Cu3.8Co0.2O8,5,50.0
Y1Ba2Cu1O8,4,84.5
Y1Ba2Cu3.98Ni0.02O8,5,71.05
Y1Ba2Cu3.96Ni0.04O8,5,63.7
Y1Ba2Cu3.92Ni0.08O8,5,49.25
Y1Ba2Cu3.88Ni0.12O8,5,50.0
Y1Ba2Cu3.98Zn0.02O8,5,67.55
Y1Ba2Cu3.96Zn0.04O8,5,56.25
Y1Ba2Cu3.92Zn0.08O8,5,49.0
Y1Ba2Cu3.88Zn0.12O8,5,34.5
Y1Ba2Cu3.84Zn0.16O8,5,31.5
Y1Ba2Cu3.8Zn0.2O8,5,30.5
Y1Ba2Cu3.98Ga0.02O8,5,77.75
Y1Ba2Cu3.96Ga0.04O8,5,77.5
Y1Ba2Cu3.92Ga0.08O8,5,74.5
Y1Ba2Cu3.88Ga0.12O8,5,73.5
Y1Ba2Cu3.84Ga0.16O8,5,71.25
Y1Ba2Cu3.8Ga0.2O8,5,70.25
Hg0.7Cr0.3Sr2Cu1O,5,59.5
Bi2Sr2Ca1Cu2O,5,97.0
Bi2Sr2Ca2Cu3O,5,110.0
Tl1Ba0.8Sr1.2Ca2Cu3O9,6,95.0
Tl1Ba0.8Sr1.2Ca2Cu3O9,6,115.0
Tl1Ba0.8Sr1.2Ca2Cu3O9,6,98.0
Nd1.85Ce0.15Cu1O4,4,21.7
Sr2Cu1F2O2,4,40.0
Y1Ba2Cu3O6.92,4,92.2
Hg1Ba2Cu1O4,4,50.0
Hg1Ba2Ca3Cu4O10,5,116.0
Hg1Sr2Ca1Cu1.8Re0.2O,6,90.0
Hg0.75Re0.25Sr2Ca2Cu3O,6,100.0
Hg0.75Re0.25Sr2Ca2Cu3O,6,120.0
Y0.65Ca0.35Sr2Cu2Ga1O6.99,6,27.0
Pb0.5Sr2Ca1Cu2.5O6.8,5,115.0
Hg0.5Pb0.5Sr2Gd1.5Ce0.5Cu2O,7,38.0
La1.96Na0.4Cu1O4,4,31.0
La1.8K0.2Cu1O4,4,41.0
La1.92K0.08Cu1O4,4,21.0
Bi2Sr2Ca1Cu2O8.21,5,90.6
Bi2Sr2Ca1Cu2I0.03O8.21,6,86.6
Bi2Sr2Ca1Cu2I0.1O8.21,6,83.9
Bi2Sr2Ca1Cu2I0.25O8.21,6,71.6
Bi2Sr2Ca1Cu2I0.43O8.21,6,63.1
Bi2Sr2Ca1Cu2I0.61O8.21,6,56.3
Bi2Sr2Ca2Cu2I0.86O8.21,6,50.6
Bi2Sr2Ca1Cu2I0.98O8.21,6,49.3
Bi2Sr2Ca1Cu2O8.242,5,73.9
Bi2Sr2Ca1Cu2I0.2O8.242,6,64.6
Bi2Sr2Ca1Cu2I0.4O8.242,6,56.7
Bi2Sr2Ca1Cu2I0.69O8.242,6,53.1
Bi2Sr2Ca1Cu2I0.86O8.242,6,55.5
Bi2Sr2Ca1Cu2I1O8.242,6,53.0
Y1Ba2Cu3O6.92,4,91.5
Y1Ba2Cu2.97Ti0.03O6.92,5,82.0
Y1Ba2Cu2.94Ti0.06O6.91,5,77.0
Y1Ba2Cu2.91Ti0.09O6.9,5,74.1
Y1Ba2Cu2.88Ti0.12O6.88,5,68.4
Na2Rb1C60,3,3.4
Na2Rb0.75Cs0.25C60,4,5.2
Na2Rb0.5Cs0.5C60,4,8.4
Na2Rb0.25Cs0.75C60,4,9.4
Na2Cs1C60,3,11.7
Nb1Sr2Sm1.2Ce0.8Cu2O,6,25.0
Ru0.32Nb0.68Sr2Sm1.2Ce0.8Cu2O,7,30.0
Ru0.5Nb0.5Sr2Sm1.2Ce0.8Cu2O,7,32.0
Ru0.76Nb0.24Sr2Sm1.2Ce0.8Cu2O,7,25.0
Y1Ba2Cu3O7,4,90.3
Yb1Ba2Cu4O8,4,78.8
Tm1Ba2Cu4O8,4,80.0
Ho1Ba2Cu4O8,4,79.2
Dy1Ba2Cu4O8,4,74.0
Y0.98Ca0.02Ba2Cu4O8,5,87.0
Pb0.5Cd0.5Sr2Tb0.6Ca0.4Cu2O7,7,19.0
Pb0.5Cd0.5Sr2Tb0.5Ca0.5Cu2O7,7,19.0
Bi2.1Sr1.9Ca1Cu2O,5,90.0
Bi2.1Sr1.9Ca1Cu1.988Zn0.012O,6,84.0
Bi2.1Sr1.9Ca1Cu1.98Zn0.02O,6,82.0
Sr1.75K0.25Cu1C1O5,5,13.0
Sr1.7K0.3Cu1C1O5,5,16.0
Sr1.6K0.4Cu1C1O5,5,23.0
Sr1.5K0.5Cu1C1O5,5,20.0
Sr1.4K0.6Cu1C1O5,5,21.0
Sr1.3K0.7Cu1C1O5,5,20.0
La1Ba2Cu3O6.89,4,76.0
La1Ba2Cu2.95Co0.05O6.94,5,40.5
Hg1Ba2Ca2Cu3O,5,110.7
Hg1Ba2Ca2Cu3F0.1O,6,127.8
Hg1Ba2Ca2Cu3F0.2O,6,128.8
Hg1Ba2Ca2Cu3F0.3O,6,128.8
Hg1Ba2Ca2Cu3F0.4O,6,131.4
Hg1Ba2Ca2Cu3F0.5O,6,128.5
Hg1Ba2Ca2Cu3F0.6O,6,130.1
Hg1Ba2Ca2Cu3F0.8O,6,128.4
Tl1Ba2Ca2Cu3O9,5,118.0
Tl1Ba1Sr1Ca2Cu3O9,6,105.0
Tl0.5Pb0.5Sr2Ca2Cu3O9,6,112.0
Tl2Ba2Cu2O6,4,80.0
Tl2Ba2Cu1O6,4,55.0
Tl1Sr1.8Ce0.2Ca1Cu2O7,6,35.0
Tl1Sr1.75Ce0.25Ca1Cu2O7,6,46.3
Tl1Sr1.7Ce0.3Ca1Cu2O7,6,57.1
Tl1Sr1.65Ce0.35Ca1Cu2O7,6,59.3
Tl1Sr1.6Ce0.4Ca1Cu2O7,6,38.9
Tl1Sr1.55Ce0.45Ca1Cu2O7,6,19.4
Tl1Sr2Ca0.7Ce0.3Cu2O7,6,51.5
Tl1Sr2Ca0.65Ce0.35Cu2O7,6,60.0
Tl1Sr2Ca0.6Ce0.4Cu2O7,6,35.0
Tl1Sr2Ca0.8Ce0.2Cu2O7,6,29.4
Pb2Sr0.9La1.1Cu2O6.31,5,33.2
Pb2Sr0.9La1.1Cu2O6.65,5,30.3
Pb2Cu0.9La1.1Cu2O7.42,4,18.1
Pb2Cu0.9La1.1Cu2O6.28,4,33.4
Pb2Cu0.9La1.1Cu2O6.24,4,31.3
Pb2Cu0.9La1.1Cu2O6.19,4,19.8
Y1Ba1Sr1Cu3O6.899,5,80.2
Y1Ba1Sr1Cu2.975Sn0.025O6.91,6,76.3
Y1Ba1Sr1Cu2.95Sn0.05O6.96,6,73.9
Y1Ba1Sr1Cu2.9Sn0.1O7.001,6,68.6
Y1Ba1Sr1Cu2.85Sn0.15O7.062,6,63.7
Y1Ba1Sr1Cu2.8Sn0.2O7.122,6,49.3
Y1Ba1Sr1Cu2.75Sn0.25O7.163,6,40.9
Hg1Ba2Ca2Cu3F1O,6,124.9
Bi2Sr2Ca1Cu2O8,5,92.0
Bi2Sr2Ca0.9Na0.1Cu2O8,6,81.0
Bi2Sr2Ca0.8Na0.2Cu2O8,6,83.0
Bi2Sr2Ca0.7Na0.3Cu2O8,6,86.0
Y1Ba2Cu3O6.95,4,93.2
Y1Ba2Cu3O6.9,4,91.5
Y1Ba2Cu3O6.8,4,78.0
Y1Ba2Cu3O6.7,4,63.0
Y1Ba2Cu3O6.5,4,53.0
Ca0.3Ba1.45La1.25Cu3O6.96,5,9.6
Ca0.3Ba1.45La1.25Cu3O7,5,28.3
Ca0.3Ba1.45La1.25Cu3O7.05,5,46.4
Ca0.3Ba1.45La1.25Cu3O7.11,5,65.3
Ca0.3Ba1.45La1.25Cu3O7.12,5,69.3
Ca0.2Ba1.55La1.25Cu3O6.98,5,10.4
Ca0.2Ba1.55La1.25Cu3O6.99,5,14.4
Ca0.2Ba1.55La1.25Cu3O7.01,5,25.1
Ca0.2Ba1.55La1.25Cu3O7.03,5,34.7
Ca0.2Ba1.55La1.25Cu3O7.05,5,41.1
Ca0.2Ba1.55La1.25Cu3O7.07,5,46.1
Ca0.2Ba1.55La1.25Cu3O7.11,5,59.7
Ca0.4Ba1.25La1.35Cu3O7.04,5,21.3
Ca0.4Ba1.25La1.35Cu3O7.11,5,47.1
Ca0.4Ba1.25La1.35Cu3O7.16,5,63.5
Ca0.4Ba1.25La1.35Cu3O7.19,5,72.9
Ca0.1Ba1.65La1.25Cu3O7.01,5,19.5
Ca0.1Ba1.65La1.25Cu3O7.02,5,26.4
Ca0.1Ba1.65La1.25Cu3O7.03,5,29.9
Ca0.1Ba1.65La1.25Cu3O7.08,5,45.9
Ca0.4Ba1.35La1.25Cu3O6.9,5,5.0
Ca0.4Ba1.35La1.25Cu3O6.92,5,14.4
Ca0.4Ba1.35La1.25Cu3O6.95,5,24.8
Ca0.4Ba1.35La1.25Cu3O7.08,5,68.6
Ca0.4Ba1.35La1.25Cu3O7.15,5,78.8
Y1Sr2Cu2.7Mo0.3O7,5,33.2
Gd1Sr2Cu2.7Mo0.3O7,5,25.7
Tb1Sr2Cu2.7Mo0.3O7,5,29.8
Cu0.5S0.5Sr2Ca2Cu3O12,5,100.0
Cu0.5S0.5Sr2Ca4Cu5O,5,74.0
Cu0.5S0.5Sr2Ca5Cu6O,5,67.0
Cu0.5S0.5Sr2Ca6Cu7O,5,63.0
Y0.8Ca0.2Ba2Cu3O6,5,24.0
Y0.77Ca0.23Ba2Cu3O6,5,25.15
Y0.75Ca0.25Ba2Cu3O6.008,5,34.85
Bi1.7Pb0.3Sr2Ca1.99Sm0.01Cu3O,7,107.0
Bi1.7Pb0.3Sr2Ca1.98Sm0.02Cu3O,7,105.0
Bi1.7Pb0.3Sr2Ca1.95Sm0.05Cu3O,7,76.0
Bi1.7Pb0.3Sr2Ca0.925Sm0.075Cu3O,7,75.0
Hg0.5Pb0.5Ba2Ca4Cu5O12.5,6,110.0
Tl0.8Bi0.2Sr1.6Ba0.4Ca2Cu3O9,7,113.0
Y1Ba2Cu4O8,4,72.0
Hg1Ba2Ca2Cu3O8.22,5,110.0
Hg0.9Pb0.1Ba2Ca2Cu3O8.25,6,118.0
Hg0.8Pb0.2Ba2Ca2Cu3O8.3,6,125.0
Hg0.7Pb0.3Ba2Ca2Cu3O8.35,6,130.0
Hg0.6Pb0.4Ba2Ca2Cu3O8.4,6,120.0
Hg0.5Pb0.5Ba2Ca2Cu3O8.45,6,103.0
Hg0.66Pb0.34Ba2Ca1.98Cu2.9O8.4,6,143.0
Tl0.8Mo0.2Sr2Ca1Cu2O7,6,40.0
Tl0.8Mo0.2Sr2Ca1Cu2O7,6,24.0
Tl0.8Mo0.2Sr2Ca1Cu2O7,6,86.0
Tl0.9Mo0.1Sr1.2La0.8Cu1O5,6,40.0
Tl0.9Mo0.1Sr1.2La0.8Cu1O5,6,34.0
Tl0.8Mo0.2Sr4Cu2Co3O7,6,30.0
Tl0.8Mo0.2Sr4Cu2Co3O7,6,80.0
Y0.74Ca0.26Ba2Cu3O6,5,44.7
Y0.72Ca0.28Ba2Cu3O6,5,47.5
Y0.69Ca0.31Ba2Cu3O6,5,27.7
Al1Sr2Ca2Cu3O9.3,5,63.0
Al1Sr2Ca2Cu3O9.5,5,69.0
Al1Sr2Ca2Cu3O9.7,5,72.0
Al1Sr2Ca2Cu3O9.9,5,77.0
Al1Sr2Ca2Cu3O10.1,5,76.0
Al1Sr2Ca1.4Y0.6Cu3O9.1,6,14.0
Ca1.9K0.1Cu1Cl2O2,5,18.0
Ca0.85K0.15Cu1Cl2O2,5,24.0
Ca1.8K0.2Cu1Cl2O2,5,24.0
Ca0.75K0.25Cu1Cl2O2,5,24.0
Ca1.7K0.3Cu1Cl2O2,5,24.0
Y1Ba1Sr1Cu3O6.9,5,92.0
Y0.8Pr0.2Ba1Sr1Cu3O6.9,6,79.4
Y0.6Pr0.4Ba1Sr1Cu3O6.9,6,60.5
Y0.5Pr0.5Ba1Sr1Cu3O6.9,6,36.0
Y0.4Pr0.6Ba1Sr1Cu3O8.9,6,24.1
Y0.35Pr0.65Ba1Sr1Cu3O6.9,6,20.3
Pb2Sr2Y1Cu3O8,5,31.0
Pb2Sr2Y0.85Ca0.15Cu3O8,6,47.0
Pb1Sr2Y0.62Ca0.38Cu3O8,6,71.0
Pb2Sr2Y0.53Ca0.47Cu3O8,6,76.0
Bi2Sr2Ca1Cu2O8.16,5,85.0
Bi2Sr2Ca1Cu2O8.26,5,75.0
Bi2Sr2Ca1Cu2O8.28,5,75.0
Bi2Sr2Ca1Cu2O,5,84.2
Bi2Sr2Ca1Cu1.8Li0.2O,6,86.9
Bi2Sr2Ca1Cu1.6Li0.4O,6,91.3
Bi2Sr2Ca1Cu1.4Li0.6O,6,89.6
Bi2Sr2Ca1Cu1.1Li0.9O,6,82.8
Bi2Sr2Ca1Cu2Li0.1O,6,86.9
Bi2Sr2Ca1Cu2Li0.4O,6,91.2
Bi1.8Sr2Ca1Cu2Li0.4O,6,94.1
Tl1Ba2Ca2Cu3O8,5,123.0
Tl0.9Hg0.1Ba2Ca2Cu3O8,6,132.0
Tl0.7Hg0.3Ba2Ca2Cu3O8,6,133.0
Tl0.5Hg0.5Ba2Ca2Cu3O8,6,134.0
Tl0.3Hg0.7Ba2Ca2Cu3O8,6,134.0
Tl0.1Hg0.9Ba2Ca2Cu3O8,6,134.0
Tl0.05Hg0.95Ba2Ca2Cu3O8,6,134.0
Hg1Ba2Ca2Cu3O8,5,134.0
Hg1Ba2Cu1O4.08,4,94.0
Hg1Ba2Cu1O4.01,4,68.0
Hg1Ba2Cu1O4,4,95.0
Hg1Ba2Cu1O4.12,4,89.0
Hg1Ba2Cu1O4,4,85.0
Bi0.148Mo0.182Cu0.67Sr2Y1Cu2O,6,30.1
Bi0.099Mo0.231Cu0.67Sr2Y1Cu2O,6,35.2
Mo0.33Cu0.67Sr2Y1Cu2O,5,35.7
Nd1Ba1Sr1Cu3O6.92,5,64.0
Nd0.9Ca0.1Ba1Sr1Cu3O6.85,6,71.0
Nd0.8Ca0.2Ba1Sr1Cu3O6.78,6,77.0
Nd1Ba1Sr0.95Ca0.05Cu3O7,6,67.0
Nd1Ba1Sr0.9Ca0.1Cu3O7,6,70.0
Nd1Ba1Sr0.85Ca0.15Cu3O7,6,69.0
Nd1Ba1Sr0.8Ca0.2Cu3O7,6,69.0
Nd1Ba1Sr0.6Ca0.4Cu3O7,6,66.0
Nd1Ba1Sr0.4Ca0.6Cu3O7,6,63.0
Nd1Ba1Sr0.2Ca0.8Cu3O7,6,51.0
Nd1Ba1Ca1Cu3O7,5,59.0
Hg0.8W0.2Sr1.4La0.6Cu1O,6,28.0
Hg0.8W0.2Sr2.45La0.55Cu2O,6,66.0
Y0.9Pr0.1Ba2Cu3O,5,85.1
Y0.85Pr0.1Ca0.05Ba2Cu3O,6,82.2
Y0.8Pr0.1Ca0.1Ba2Cu3O,6,78.1
Y0.75Pr0.1Ca0.15Ba2Cu3O,6,70.8
Y0.7Pr0.1Ca0.2Ba2Cu3O,6,64.0
Gd0.8Pr0.2Ba2Cu3O,5,58.7
Gd0.75Pr0.2Ca0.05Ba2Cu3O,6,61.6
Gd0.7Pr0.2Ca0.1Ba2Cu3O7,6,64.4
Gd0.65Pr0.2Ca0.15Ba2Cu3O,6,62.5
Gd0.6Pr0.2Ca0.2Ba2Cu3O,6,58.0
Y0.8Pr0.2Ba2Cu3O,5,69.5
Y0.75Pr0.2Ca0.05Ba2Cu3O,6,72.7
Y0.7Pr0.2Ca0.1Ba2Cu3O,6,74.6
Y0.65Pr0.2Ca0.15Ba2Cu3O,6,72.2
Y0.6Pr0.2Ca0.2Ba2Cu3O,6,66.3
Gd0.9Pr0.1Ba2Cu3O,5,80.3
Gd0.8Pr0.1Ca0.1Ba2Cu3O,6,78.4
Gd0.7Pr0.1Ca0.2Ba2Cu3O,6,67.8
Y1Ba23O,3,90.4
Y0.7Pr0.3Ba2Cu3O,5,56.9
Y0.6Pr0.4Ba2Cu3O,5,33.1
Li1Ti1.91Cu0.09O4,4,14.4
Bi2Sr2Ca2O,4,109.0
Hg1Ba2Ca4Cu5O12,5,100.0
Hg1Ba2Ca4Cu5O12,5,110.0
Hg1Ba2Ca5Cu6O14,5,100.0
Hg1Ba2Ca5Cu6O14,5,107.0
Hg1Sr2Cu0.7Cr0.3O,5,56.0
Hg0.7Cr0.3Sr2Cu1O,5,58.0
Hg1Sr2Cu1O,4,62.4
Hg0.5Bi0.5Sr1.75La0.25Cu1O5,6,27.0
Hg0.5Bi0.5Sr0.5La0.5Cu1O5,6,27.0
Hg0.5Bi0.5Sr1.25La0.75Cu1O5,6,27.0
Pb0.5Hg0.5Sr1.2La0.8Cu1O5,6,24.0
Hg0.3Pb0.7Sr1.75La0.25Cu1O6,6,30.0
Hg0.3Pb0.7Sr1.5La0.5Cu1O4,6,39.0
Hg0.3Pb0.7Sr1La1Cu1O4,6,41.0
Tl2Ba2Cu1O6,4,12.0
Tl2Ba2Cu1O6,4,88.0
Tl1Ba2Ca1Cu2O8,5,105.0
Tl1Ba2Ca2Cu3O9,5,114.0
Tl1Ba2Ca2Cu3O9,5,108.0
Tl1Ba2Ca2Cu3O9,5,123.0
Tl2Ba2Ca2Cu3O10,5,125.0
Tl2Ba2Ca2Cu3O10,5,123.0
Tl1Ba1Sr1Ca1Cu2O7,6,16.0
Tl1Ba1Sr1Ca1Cu2O7,6,80.0
Tl1Ba1Sr1Ca2Cu3O9,6,97.0
Tl1Ba2Sr1Ca2Cu3O9,6,92.0
Hg1Ba2Ca3Cu4O10,5,126.0
Bi0.066Mo0.264Cu0.67Sr2Y1Cu2O,6,37.5
Y1Ba2Cu3O6.19,4,93.2
Y1Ba2Cu3H0.14O6.91,5,90.95
Y1Ba2Cu3H0.32O6.91,5,91.25
Y1Ba2Cu3H1.15O6.91,5,76.7
Y1Ba2Cu3O6.54,4,54.9
Y1Ba2Cu3H0.16O6.54,5,47.9
Y1Ba2Cu3H0.31O6.54,5,47.3
Y1Ba2Cu3H0.53O6.54,5,43.8
Y1Ba2Cu3H0.64O6.54,5,42.05
Y1Ba2Cu3H0.6O6.91,5,86.5
Y1Ba2Cu3H0.69O6.91,5,85.7
Y1Ba2Cu3H0.92O6.91,5,80.8
Y1Ba2Cu3O6.93,4,90.85
Y1Ba2Cu3O6.84,4,88.85
Y1Ba2Cu3O6.82,4,87.05
Y1Ba2Cu3O6.78,4,82.6
Y1Ba2Cu3O6.73,4,68.75
Y1Ba2Cu3O6.69,4,64.7
Y1Ba2Cu3O6.67,4,59.1
Y1Ba2Cu3O6.64,4,56.65
Y1Ba2Cu3O6.6,4,57.85
Y1Ba2Cu3O6.57,4,57.2
Y1Ba2Cu3O6.55,4,55.55
Y1Ba2Cu3O6.52,4,54.35
Y1Ba2Cu3O6.48,4,51.2
Y1Ba2Cu3O6.45,4,26.85
Y1Ba2Cu3O6.4,4,36.55
Y1Ba2Cu3O6.4,4,23.35
Y1Ba2Cu3O6.38,4,23.9
Y1Ba2Cu3O6.48,4,40.05
Yb0.7Ca0.3Ba1.6Sr0.4Cu3O6.1,6,48.3
Yb0.7Ca0.3Ba1.6Sr0.4Cu3O6.43,6,64.3
Yb0.7Ca0.3Ba1.6Sr0.4Cu3O6.56,6,82.4
Yb0.7Ca0.3Ba1.6Sr0.4Cu3O6.73,6,68.5
Yb0.7Ca0.3Ba1.6Sr0.4Cu3O6.78,6,40.7
Yb1Ba1.6Sr0.4Cu3O6.88,5,80.2
Yb0.9Ca0.1Ba1.6Sr0.4Cu3O6.89,6,62.1
Yb0.8Ca0.2Ba0.8Sr0.4Cu3O6.85,6,35.0
Yb0.7Ca0.3Ba1.6Sr0.4Cu3O6.78,6,24.4
Y1Ba2Cu3O,4,90.4
H0.16Y1Ba2Cu3O,5,86.4
H0.24Y1Ba2Cu3O,5,82.4
H0.28Y1Ba2Cu3O,5,78.8
H0.32Y1Ba2Cu3O,5,72.1
H0.38Y1Ba2Cu3O,5,60.7
H0.42Y1Ba2Cu3O,5,56.6
H0.54Y1Ba2Cu3O,5,43.9
H0.6Y1Ba2Cu3O,5,37.6
Y1Ba2Cu3O,4,86.2
Y1Ba2Cu3O6.91,4,93.1
Y1Ba2Cu3H0.06O6.91,5,92.8
Y1Ba2Cu3H0.27O6.91,5,91.1
Y1Ba2Cu3H0.52O6.91,5,91.7
Y1Ba2Cu3H0.91O6.91,5,91.4
Gd1Ba2Cu3O6.89,4,92.9
Gd1Ba2Cu3H0.12O6.89,5,84.0
Gd1Ba2Cu3H0.43O6.89,5,82.0
Gd1Ba2Cu3H1.32O6.89,5,78.2
Y1Ba2Cu2.94Fe0.06O7,5,73.0
Y1Ba2Cu2.94Fe0.06H0.4O7,6,47.0
Y1Ba2Cu2.94Fe0.06H1O7,6,30.0
Eu1Ba2Cu3O,4,96.2
Eu1Ba2Cu3H0.09O,5,95.1
Eu1Ba2Cu3H0.24O,5,92.8
Ca0.49La0.51Ba1.26La0.74Cu3O,5,53.4
Pb0.5Cd0.5Sr1.6Ba0.4Ca0.5Y0.5Cu2O7,8,36.0
Pb0.5Cd0.5Sr1.5Ba0.5Ca0.5Y0.5Cu2O7,8,49.0
Pr0.2Ca0.8Ba1La1Cu3O7.1,6,33.5
Ca1Ba1La1Cu3O6.97,5,64.0
C60Tb2.75,2,5.4
Y0.4Pr0.6Ba1.25Sr0.75Cu3O6.92,6,17.0
Y0.4Pr0.6Ba1Sr1Cu3O6.92,6,18.0
Y0.4Pr0.6Ba0.75Sr1.25Cu3O6.92,6,23.0
C60Sm3,2,8.0
Y1Ba2Cu3O6.94,4,91.2
Y1Ba2Cu3O6.68,4,66.9
Y1Ba2Cu3O6.64,4,62.25
Y1Ba2Cu3O6.61,4,61.3
Y1Ba2Cu3O6.62,4,60.9
Y1Ba2Cu3O6.61,4,61.38
Y1Ba2Cu3O6.55,4,59.9
Y1Ba2Cu3O6.52,4,61.34
Y1Ba2Cu3O6.61,4,61.25
Y1Ba2Cu3O6.76,4,85.23
Y1Ba2Cu3O6.68,4,67.4
Y1Ba2Cu3O6.75,4,83.65
Y1Ba2Cu3O6.73,4,80.0
Y1Ba2Cu3O6.7,4,73.62
Y1Ba2Cu3O6.49,4,59.53
Y1Ba2Cu3O6.37,4,40.87
Y1Ba2Cu3O6.41,4,49.5
Cd1Ba2Ca2Cu3O,5,107.0
Y1Ba2Cu4O8,4,76.0
La1.8Sr0.2Cu1O4,4,32.0
Hg1Ba2Cu1O,4,92.3
Hg0.9Tl0.1Ba2Cu1O,5,79.8
Hg0.8Tl0.2Ba2Cu1O,5,61.3
Hg0.7Tl0.3Ba2Cu1O,5,40.7
Hg1Ba1.9La0.1Cu1O,5,90.6
Hg1Ba1.8La0.2Cu1O,5,88.1
Hg0.9Tl0.1Ba1.95La0.05Cu1O,6,69.3
Hg0.9Tl0.1Ba1.9La0.1Cu1O,6,71.8
Hg0.9Tl0.1Ba1.8La0.2Cu1O,6,75.9
Sm1Ba2Cu3O6.99,4,90.7
Sm1Ba2Cu3O6.86,4,91.0
Sm1Ba2Cu3O6.82,4,59.2
Sm1Ba2Cu3O6.73,4,44.9
Sm1Ba2Cu3O6.62,4,34.2
Sm1.05Ba1.95Cu3O6.99,4,88.5
Sm1.15Ba1.85Cu3O7,4,83.0
Sm1.27Ba1.73Cu3O7.05,4,50.1
Sm1.39Ba1.61Cu3O7.07,4,31.8
Y0.4Pr0.6Ba1.8Ca0.2Cu3O7,6,23.9
Y0.4Pr0.6Ba1.7Ca0.3Cu3O7,6,29.0
Y0.4Pr0.6Ba1.6Ca0.4Cu3O7,6,30.3
Y0.4Pr0.6Ba1.5Ca0.5Cu3O7,6,26.7
Pb2Sr2Ho0.5Ca0.5Cu3O8,6,73.2
Pb2Sr2Ho0.5Ca0.5Cu3O8,6,75.0
Nd1.85Ce0.15Cu1O4,4,17.0
Tl1.2Sr2Ca0.8Cu2O6.862,5,60.0
Tl1Sr2Ca1Cu2O7,5,35.2
Tl1Sr2Ca1Cu2O7,5,51.8
Tl1Sr2Ca1Cu2O7,5,72.0
Ca0.63La0.37Ba1.12La0.88Cu3O,5,67.4
Ca0.49La0.51Ba1.26La0.74Cu3O,5,71.9
Ca0.46La0.54Ba1.29La0.71Cu3O,5,76.3
Hg0.7Tl0.3Ba1.95La0.05Cu1O,6,32.1
Hg0.7Tl0.3Ba1.9La0.1Cu1O,6,40.3
Hg0.7Tl0.3Ba1.8La0.2Cu1O,6,52.6
Hg0.6Tl0.4Ba1.6La0.4Cu1O,6,21.5
Y0.9Ca0.1Ba2Cu3O7,5,81.8
Y0.9Ca0.1Ba2Cu3O6.9,5,88.6
Y0.9Ca0.1Ba2Cu3O6.8,5,84.1
Y0.9Ca0.1Ba2Cu3O6.7,5,71.0
Y0.9Ca0.1Ba2Cu3O6.6,5,65.3
Y0.9Ca0.1Ba2Cu3O6.5,5,54.5
Y0.9Ca0.1Ba2Cu3O6.4,5,41.8
Y0.8Ca0.2Ba2Cu3O7,5,71.6
Y0.8Ca0.2Ba2Cu3O6.9,5,82.9
Y0.8Ca0.2Ba2Cu3O6.8,5,84.1
Y0.8Ca0.2Ba2Cu3O6.7,5,76.7
Y0.8Ca0.2Ba2Cu3O6.6,5,72.1
Y0.8Ca0.2Ba2Cu3O6.5,5,61.9
Y0.8Ca0.2Ba2Cu3O6.4,5,52.6
Y0.8Ca0.2Ba2Cu3O6.3,5,40.6
Y1Ba1.9La0.1Cu3O7,5,88.6
Y1Ba1.9La0.1Cu3O6.9,5,81.8
Y1Ba1.9La0.1Cu3O6.85,5,67.0
Y1Ba1.9La0.1Cu3O6.8,5,57.9
Y1Ba1.9La0.1Cu3O6.7,5,54.5
Y1Ba1.9La0.1Cu3O6.6,5,50.6
Y1Ba1.9La0.1Cu3O6.5,5,32.9
Y1Ba1.8La0.2Cu3O7,5,81.8
Y1Ba1.8La0.2Cu3O6.9,5,61.4
Y1Ba1.8La0.2Cu3O6.85,5,51.4
Y1Ba1.8La0.2Cu3O6.8,5,47.2
Y1Ba1.8La0.2Cu3O6.7,5,44.3
Y1Ba1.8La0.2Cu3O6.6,5,28.1
Y1Ba1.9La0.1Cu3O,5,96.1
Y1Ba1.8La0.2Cu3O,5,81.3
Y1Ba1.7La0.3Cu3O,5,65.6
Y1Ba1.6La0.4Cu3O,5,50.1
Y1Ba1.5La0.5Cu3O,5,42.6
Y1Ba1.4La0.6Cu3O,5,13.2
Y1Ba1.9La0.1Cu3O7,5,96.1
Y1Ba1.8La0.2Cu3O7,5,76.3
Y1Ba1.7La0.3Cu3O7,5,54.8
Y1Ba1.6La0.4Cu3O7,5,32.2
Y1Ba1.5La0.5Cu3O7,5,0.3
Y0.962Ba1.987Ca0.05Cu3O,5,86.0
Y0.925Ba1.975Ca0.1Cu3O,5,84.2
Y0.85Ba1.95Ca0.2Cu3O,5,81.7
Y0.775Ba1.925Ca0.3Cu3O,5,81.0
Y0.961Ba1.987Ca0.052Cu3.5O7.5,5,93.5
Y0.98Ba1.993Ca0.026Cu3.5O7.5,5,94.2
Y0.99Ba1.997Ca0.013Cu3.5O7.5,5,92.8
Y1Ba2Cu3.5O7.5,4,91.0
Y1Ba1.98La0.02Cu3.5O7.5,5,87.8
Y1Ba1.925La0.075Cu3.5O7.5,5,77.3
Y1Ba1.9La0.1Cu3.5O7.5,5,70.5
Y1Ba1.875La0.125Cu3.5O7.5,5,64.0
Y1Ba1.85La0.15Cu3.5O7.5,5,62.2
Y1Ba1.825La0.175Cu3.5O7.5,5,54.3
Y1Ba1.8La0.2Cu3.5O7.5,5,50.7
Y1Ba1.9Ca0.1Cu4O8,5,85.4
Y1Ba1.926Ca0.074Cu4O8,5,83.3
Y1Ba1.972Ca0.028Cu4O8,5,79.7
Y1Ba2Cu4O8,4,77.9
Y1Ba1.98La0.02Cu4O8,5,74.3
Y1Ba1.9La0.1Cu4O8,5,61.0
Y1Ba1.87La0.13Cu4O8,5,61.0
Y1Ba1.78La0.22Cu4O8,5,37.9
Y1Ba1.72La0.28Cu4O8,5,18.9
Y1Ba2Cu3O6.94,4,92.0
Y1Ba1.9La0.1Cu3O6.92,5,93.0
Y1Ba1.8La0.2Cu3O6.96,5,82.0
Y1Ba1.7La0.3Cu3O7.02,5,61.0
Y1Ba1.6La0.4Cu3O7.06,5,52.0
Y1Ba1.5La0.5Cu3O7.1,5,30.0
Y0.9Ca0.1Ba1.9La0.1Cu3O6.95,6,86.0
Y0.9Ca0.1Ba1.8La0.2Cu3O6.97,6,87.0
Y0.9Ca0.1Ba1.7La0.3Cu3O7.04,6,82.0
Y0.9Ca0.1Ba1.6La0.4Cu3O7.09,6,72.0
Y0.9Ca0.1Ba1.5La0.5Cu3O7.13,6,60.0
Y0.9Ca0.1Ba1.6La6Cu3O7.18,6,43.0
Y0.8Ca0.2Ba1.8La0.2Cu3O6.94,6,84.0
Y0.8Ca0.2Ba1.5La0.5Cu3O7.11,6,80.0
Y0.8Ca0.2Ba1.4La0.6Cu3O7.15,6,66.0
Y0.7Ca0.3Ba1.7La0.3Cu3O6.92,6,82.0
Y0.7Ca0.3Ba1.4La0.6Cu3O7.12,6,82.0
Y0.7Ca0.3Ba1.3La0.7Cu3O7.16,6,73.0
Y0.6Ca0.4Ba1.6La0.4Cu3O6.95,6,82.0
Y0.6Ca0.4Ba1.4La0.6Cu3O7.07,6,83.0
Y0.6Ca0.4Ba1.3La0.7Cu3O7.12,6,82.0
Y0.6Ca0.4Ba1.2La0.8Cu3O7.15,6,67.0
Y0.6Ca0.4Ba1.1La0.9Cu3O7.18,6,47.0
Y0.5Ca0.5Ba1.5La0.5Cu3O6.94,6,82.0
Y0.5Ca0.5Ba1.2La0.8Cu3O7.12,6,82.0
Y0.5Ca0.5Ba1.1La0.9Cu3O7.15,6,70.0
Y0.4Cu0.6Ba1.4La0.6Cu3O6.95,5,81.0
Y0.4Cu0.6Ba1.3La0.7Cu3O7,5,82.0
Y0.4Ca0.6Ba1.2La0.8Cu3O7.07,6,82.0
Y0.4Ca0.6Ba1.1La0.9Cu3O7.12,6,82.0
La1Ba1.87Ca0.13Cu3O6.923,5,82.0
La1Ba1.75Ca0.25Cu3O6.951,5,80.0
La1Ba1.5Ca0.5Cu3O6.96,5,79.9
La1Ba1.25Ca0.75Cu3O6.958,5,79.9
La1Ba1Ca1Cu3O,5,80.1
Y1Ba2Cu3O6.939,4,91.8
Y1Ba1.75Sr0.25Cu3O6.928,5,89.6
Y1Ba1.5Sr0.5Cu3O6.938,5,87.6
Y1Ba1.25Sr0.75Cu3O6.928,5,85.5
Y1Ba1Sr1Cu3O6.947,5,83.3
La1Ba1.75Sr0.25Cu3O6.946,5,72.5
La1Ba1.5Sr0.5Cu3O6.967,5,65.2
La1Ba1.25Sr0.75Cu3O6.996,5,54.1
La1Ba1Sr1Cu3O7.01,5,41.5
Hg1Ba2Cu1O4.03,4,49.9
Hg1Ba2Cu1O4.18,4,93.2
Hg1Ba2Cu1O4.27,4,86.7
Hg1Ba2Cu1O4.36,4,40.0
Hg1Ba2Cu1O4.39,4,24.6
Y0.9Ca0.1Ba2Cu3O6.3,5,28.1
Nd1.3Ba1.5Ca0.2Cu3O6.952,5,36.0
Nd1.2Ba1.6Ca0.2Cu3O6.929,5,51.0
Nd1.1Ba1.7Ca0.2Cu3O6.894,5,65.0
Nd1Ba1.8Ca0.2Cu3O6.866,5,73.0
Nd1.3Ba1.3Ca0.4Cu3O6.912,5,13.0
Nd1.2Ba1.4Ca0.4Cu3O6.888,5,40.0
Nd1.1Ba1.5Ca0.4Cu3O6.864,5,54.0
Nd1Ba1.6Ca0.4Cu3O6.828,5,65.0
Nd0.9Ba1.7Ca0.4Cu3O6.801,5,72.0
Nd1.1Ba1.7Sr0.2Cu3O6.858,5,70.0
Nd1Ba1.8Sr0.2Cu3O6.927,5,82.0
Nd1.3Ba1.3Sr0.4O6.828,4,35.0
Nd1.2Ba1.4Sr0.4Cu3O6.789,5,41.0
Nd1.2Ba1.4Sr0.4Cu3O6.731,5,65.0
Nd1Ba1.6Sr0.4Cu3O6.721,5,78.5
Nd0.9Ba1.7Sr0.4Cu3O6.666,5,82.0
Nd1.3Ba1.5Sr0.2Cu3O6.917,5,36.0
Nd1.2Ba1.6Sr0.2Cu3O6.885,5,45.0
Nd1.3Ba1.7Cu3O6.987,4,33.0
Nd1.2Ba1.8Cu3O6.954,4,50.0
Nd1.1Ba1.9Cu3O6.935,4,76.0
Y1Ba2Cu3.99Ni0.01O8,5,78.4
Y1Ba2Cu3.99Zn0.01O8,5,73.3
Y1Ba2Cu3.98Zn0.02O8,5,66.6
Y1Ba2Cu3.956Zn0.044O8,5,56.8
Y1Ba2Cu3.94Zn0.06O,5,46.8
Y1Ba2Cu3.92Zn0.08O8,5,36.4
Y1Ba2Cu3.9Zn0.1O8,5,22.1
Hg0.7Bi0.3Sr2Ca0.75Pr0.25Cu2O6,7,91.0
Hg0.7Bi0.3Sr2Ca0.5Pr0.5Cu2O6,7,58.0
Er1Ba2Cu3O6.953,4,90.9
Er0.95Hf0.05Ba2Cu3O6.938,5,86.0
Er0.9Hf0.1Ba2Cu3O6.862,5,82.9
Er0.85Hf0.15Ba2Cu3O6.813,5,79.9
Er0.8Hf0.2Ba2Cu3O6.772,5,78.8
Er0.8Ca0.05Hf0.15Ba2Cu3O6.706,6,64.8
Er0.75Ca0.1Hf0.15Ba2Cu3O6.796,6,73.6
Er0.7Ca0.15Hf0.15Ba2Cu3O6.821,6,77.3
Er0.65Ca0.2Hf0.15Ba2Cu3O6.83,6,80.9
Er0.6Ca0.25Hf0.15Ba2Cu3O7.02,6,84.7
Er0.55Ca0.3Hf0.15Ba2Cu3O7.05,6,72.2
Er0.45Ca0.4Hf0.15Ba2Cu3O7.1,6,66.0
Y1Sr2Cu2.6Fe0.4O6,5,10.0
Y0.9Ca0.1Sr2Cu2.6Fe0.4O6,6,28.0
Y1Sr2Cu2.8Re2O7,5,42.0
Y1Sr2Cu2.8Re0.2O7,5,55.0
Y0.25Pr0.75Sr2Cu2.8Re0.2O7,6,14.0
Ho0.8Ca0.2Sr2Cu2.8P0.2O0.8,6,34.0
Y0.4Pr0.6Sr2Cu2.8Re0.2O6,6,25.0
La2.5Ca1Ba2.5Cu6O14.146,5,79.0
La2.4Ca1.2Ba2.4Cu6O14.082,5,79.0
La2.375Ca1.25Ba2.375Cu6O14.062,5,78.0
La2.25Ca1.5Ba2.25Cu6O13.93,5,74.0
La2Ca2Ba2Cu3O13.712,5,76.0
La2.85Ca0.3Ba2.85Cu6O14.252,5,22.0
La2.77Ca0.46Ba2.77Cu6O14.246,5,42.0
La2.7Ca0.6Ba2.7Cu6O14.186,5,74.0
La2.57Ca0.86Ba2.57Cu6O14.2,5,80.0
Ho1Ba2Cu3O6.87,4,92.3
Ho1Ba2Cu3O6.96,4,91.8
Y1Ba2Cu3O6.96,4,92.0
Hg1Ba2Ca2Cu3O8,5,110.0
Hg0.9Pb0.1Ba2Ca2Cu3O8,6,118.0
Hg0.8Pb0.2Ba2Ca2Cu3O8,6,125.0
Hg0.7Pb0.3Ba2Ca2Cu3O8,6,130.0
Hg0.6Pb0.4Ba2Ca2Cu3O8,6,120.0
Hg0.5Pb0.5Ba2Ca2Cu3O8,6,103.0
Bi1.8Pb0.4Sr1.9Ca2Cu3O,6,110.0
Hg1Ba2Ca3Cu4O,5,123.0
Nd1Ba1.5Sr0.5Cu3O6.91,5,83.0
Nd1Ba1.5Sr0.5Cu3O6.91,5,71.0
Y1Ba2Cu2.895Fe0.105O7,5,81.8
Y1Ba2Cu2.805Fe0.195O7,5,60.0
Y1Ba2Cu3O6.96,4,89.4
Y0.9Ca0.1Ba2Cu3O6.91,5,84.2
Y0.8Ca0.2Ba2Cu3O6.86,5,79.0
Y0.7Ca0.3Ba2Cu3O6.78,5,78.0
Gd1Ba1.5Sr0.5Cu3O6.63,5,16.0
Gd1Ba1.5Sr0.5Cu3O6.73,5,50.0
Gd1Ba1.5Sr0.5Cu3O6.93,5,89.0
Y1Ba2Cu3O6.83,4,92.0
Y0.95Pr0.05Ba2Cu3O6.85,5,85.5
Y0.9Pr0.1Ba2Cu3O6.82,5,82.0
Y0.85Pr0.15Ba2Cu3O6.84,5,75.0
Y0.8Pr0.2Ba2Cu3O6.81,5,68.0
Y0.95Ca0.05Ba2Cu3O6.79,5,88.0
Y0.9Ca0.1Ba2Cu3O6.67,5,82.0
Y0.85Ca0.15Ba2Cu3O6.65,5,83.0
Y0.8Ca0.2Ba2Cu3O6.64,5,81.0
Y0.8Pr0.05Ca0.15Ba2Cu3O6.83,6,87.0
Y0.8Pr0.15Ca0.05Ba2Cu3O6.82,6,80.0
Y1Ba2Cu3O6.96,4,92.2
Y0.95Pr0.05Ba2Cu3O6.96,5,91.5
Y0.9Pr0.1Ba2Cu3O6.97,5,88.1
Y0.85Pr0.15Ba2Cu3O6.97,5,81.8
Y0.8Pr0.2Ba2Cu3O6.96,5,74.7
Y0.7Pr0.3Ba2Cu3O6.97,5,59.3
Y0.6Pr0.4Ba2Cu3O6.98,5,45.4
Y0.5Pr0.5Ba2Cu3O6.95,5,28.2
Y0.47Pr0.53Ba2Cu3O6.96,5,13.5
Y0.44Pr0.56Ba2Cu3O6.93,5,2.1
Y1Ba2Cu3O6.98,4,92.2
Y0.9Pr0.1Ba2Cu3O6.98,5,85.9
Y0.85Pr0.15Ba2Cu3O6.98,5,79.2
Y0.8Pr0.2Ba2Cu3O6.98,5,72.6
Y0.7Pr0.3Ba2Cu3O6.98,5,57.4
Y0.6Pr0.4Ba2Cu3O6.98,5,42.8
Y0.55Pr0.45Ba2Cu3O6.98,5,33.6
Y0.5Pr0.5Ba2Cu3O6.98,5,21.9
Y0.45Pr0.55Ba2Cu3O6.98,5,10.1
Y1Ba2Cu3O6.8,4,73.2
Y0.9Pr0.1Ba2Cu3O6.8,5,65.6
Y0.85Pr0.15Ba2Cu3O6.8,5,59.0
Y0.8Pr0.2Ba2Cu3O6.8,5,56.1
Y0.6Pr0.4Ba2Cu3O6.8,5,33.9
Y0.55Pr0.45Ba2Cu3O6.8,5,23.5
Y1Ba2Cu3O6.65,4,58.9
Y0.9Pr0.1Ba2Cu3O6.65,5,56.1
Y0.85Pr0.15Ba2Cu3O6.65,5,52.9
Y0.8Pr0.2Ba2Cu3O6.65,5,51.7
Y0.7Pr0.3Ba2Cu3O6.65,5,46.0
Y0.6Pr0.4Ba2Cu3O6.65,5,38.0
Y0.55Pr0.45Ba2Cu3O6.65,5,30.7
Y0.5Pr0.5Ba2Cu3O6.65,5,18.7
Y1Ba2Cu3O6.5,4,41.2
Y0.9Pr0.1Ba2Cu3O6.5,5,38.7
Y0.85Pr0.15Ba2Cu3O6.5,5,35.8
Y0.8Pr0.2Ba2Cu3O6.5,5,33.9
Y0.7Pr0.3Ba2Cu3O6.5,5,27.2
Y0.6Pr0.4Ba2Cu3O6.5,5,14.9
Nd1Ba2Cu3O6.85,4,67.4
Nd0.95Pr0.05Ba2Cu3O6.85,5,57.2
Nd0.9Pr0.1Ba2Cu3O6.85,5,48.3
Nd0.85Pr0.15Ba2Cu3O6.85,5,41.3
Nd0.8Pr0.2Ba2Cu3O6.85,5,30.2
Nd0.75Pr0.25Ba2Cu3O6.85,5,9.2
Nd1Ba2Cu3O6.75,4,52.8
Nd0.95Pr0.05Ba2Cu3O6.75,5,45.8
Nd0.9Pr0.1Ba2Cu3O6.75,5,35.9
Nd0.85Pr0.15Ba2Cu3O6.75,5,21.6
Nd0.8Pr0.2Ba2Cu3O6.75,5,9.8
Nd1Ba2Cu3O6.65,4,34.3
Nd0.95Pr0.05Ba2Cu3O6.65,5,26.7
Nd0.9Pr0.1Ba2Cu3O6.65,5,16.8
Nd1Ba2Cu3O6.6,4,14.0
Nd0.95Pr0.05Ba2Cu3O6.6,5,4.1
Ru1Sr2Gd1.5Ce0.5Cu2O,6,14.0
Ru1Sr2Gd1.4Ce0.6Cu2O,6,25.0
Ru1Sr2Gd1.3Ce0.7Cu2O,6,22.0
Hg2Ba2Y1Cu2O8,5,21.0
Hg2Ba2Y0.7Ca0.3Cu2O8,6,58.0
Hg2Ba2Y0.4Ca0.6Cu2O8,6,45.0
Hg1.4Tl0.6Ba2Y0.7Ca0.3Cu2O8,7,60.0
Hg1.4Tl0.6Ba2Y0.4Ca0.6Cu2O8,7,84.0
Cu0.8C0.2Ba2Ca3Cu4O,5,115.5
Cu0.9C0.1Ba2Ca3Cu4O,5,117.2
Cu5Ba2Ca3O,4,118.0
Tl2Ba5Cu4O,4,92.0
La1.94Ba0.06Cu1O4,4,15.5
La1.92Ba0.08Cu1O4,4,27.0
La1.91Ba0.09Cu1O4,4,31.5
La1.94Ba0.06Cu1O4,4,16.5
La1.92Ba0.08Cu1O4,4,28.0
La1.91Ba0.09Cu1O4,4,32.5
Ca2Sr2Cu3Ga1O9,5,73.0
Pb0.5Cu0.5Sr2Y0.5Ca0.5Cu2O7,6,20.0
Pb0.5Cu0.5Sr2Y0.5Ca0.5Cu2O7,6,35.0
Pb0.5Cu0.5Sr2Y0.5Ca0.5Cu2O7,6,38.0
Y1Sr2Cu2.85Re0.15O6.95,5,43.1
Y0.8Pr0.2Sr2Cu2.85Re0.15O7,6,39.1
Y0.6Pr0.4Cu2.85Re0.15O7,5,33.9
Y0.5Pr0.5Sr2Cu2.85Re0.15O7,6,26.2
Y0.4Pr0.6Sr2Cu2.85Re0.15O6.8,6,20.2
Y0.3Pr0.7Sr2Cu2.85Re0.15O7,6,15.8
Y1Ba2Cu3O6.95,4,93.5
Y1Ba2Cu3O6.94,4,89.5
Y1Ba2Cu3O6.93,4,89.7
Y1Ba2Cu3O6.91,4,90.1
Y1Ba2Cu3O6.81,4,87.3
Y1Ba2Cu3O6.7,4,71.2
Y1Ba2Cu3O6.61,4,58.7
Y1Ba2Cu3O6.89,4,90.8
Y1Ba2Cu3O6.82,4,87.7
Y1Ba2Cu3O6.63,4,61.1
Y1Ba2Cu3O6.73,4,76.3
Y1Ba2Cu3O6.59,4,59.9
Y1Ba2Cu3O6.54,4,55.5
Er1Ba2Cu3O6.94,4,91.5
Er1Ba2Cu2.94Co0.06O6.8,5,73.0
Er1Ba2Cu2.88Co0.12O6.78,5,46.0
Er1Ba2Cu2.28Co0.18O6.74,5,34.0
Er1Ba2Cu2.76Co0.24O6.75,5,31.0
Er0.94Ca0.06Ba2Cu2.82Co0.18O6.76,6,64.0
Er0.88Ca0.12Ba2Cu2.82Co0.18O6.93,6,77.5
Er0.82Ca0.18Ba2Cu2.82Co0.18O6.71,6,84.5
Y0.8Pr0.2Ba1Sr1Cu3O7,6,69.1
Y0.6Pr0.4Ba1Sr1Cu3O7,6,52.4
Y0.5Pr0.5Ba1Sr1Cu3O7,6,32.1
Y0.4Pr0.6Ba1Sr1Cu3O7,6,21.4
Y0.35Pr0.65Ba1Sr1Cu3O7,6,17.9
Hg1Ba2Ca2Cu3O,5,132.9
Hg0.9Au0.1Ba2Ca2Cu3O,6,133.0
Hg0.8Au0.2Ba2Ca2Cu3O,6,130.9
Hg0.7Au0.3Ba2Ca2Cu3O,6,121.0
Hg0.6Au0.4Ba2Ca2Cu3O,6,118.0
Hg0.5Au0.5Ba2Ca2Cu3O,6,100.0
Hg0.4Au0.6Ba2Ca2Cu3O,6,100.0
Tm1Ba2Cu4O8,4,79.6
Er1Ba2Cu4O8,4,77.8
Ho1Ba2Cu4O8,4,76.2
Y1Ba2Cu4O8,4,78.6
Dy1Ba2Cu4O8,4,73.6
Gd1Ba2Cu4O8,4,71.8
Tl1Sr2Ca1Cu2O6.76,5,21.0
Tl1Sr2Ca1Cu2O6.75,5,37.0
Tl1Sr2Ca1Cu2O6.74,5,43.0
Tl1Sr2Ca1Cu2O6.68,5,75.0
Tl1Sr2Ca1Cu2O6.61,5,52.0
Tl1Sr2Ca1Cu2O6.58,5,43.0
Tl1Sr2Ca1Cu2O6.52,5,23.0
Tl1Sr2Ca0.8Y0.2Cu2O6.82,6,85.0
Tl1Sr2Ca0.7Y0.3Cu2O6.84,6,87.0
Tl1Sr2Ca0.6Y0.4Cu2O6.86,6,87.0
Tl1Sr2Ca0.5Y0.5Cu2O6.89,6,92.0
Tl1Sr2Ca0.4Y0.6Cu2O6.93,6,92.0
Tl1Sr2Ca0.3Y0.7Cu2O6.97,6,92.0
Tl1Sr2Ca0.2Y0.8Cu2O6.97,6,93.0
Tl1Sr2Ca0.1Y0.9Cu2O6.97,6,87.0
Hg1Ba2Ca2Cu3O,5,130.0
Hg1Ba2Ca2Cu3O,5,132.0
Y1Sr2Cu2.8Re0.2O6,5,42.0
Y1Sr2Cu2.8Re0.2O6,5,55.0
Y0.25Pr0.75Sr2Cu2.8Re0.2O6,6,14.0
Er1Ba2Cu2.82Co0.18O6.74,5,34.0
Er0.94Ca0.04Ba2Cu2.82Co0.18O6.76,6,64.0
Er0.88Ca0.12Ba2Cu2.28Co0.18O6.93,6,77.5
Er1Ba2Cu3O7,4,91.8
Er0.5Y0.5Ba2Cu3O7,5,91.8
Pr1Ba2Cu3O7,4,90.0
Y1Ba1Sr1Cu3O6.91,5,81.0
Y1Ba1Sr1Cu2.975Sn0.025O6.92,6,77.0
Y1Ba1Sr1Cu2.95Sn0.05O6.96,6,73.7
Y1Ba1Sr1Cu2.9Sn0.1O7,6,69.1
Y1Ba1Sr1Cu2.85Sn0.15O7.06,6,63.8
Y1Ba1Sr1Cu2.8Sn0.2O7.12,6,49.8
Y1Ba1Sr1Cu2.75Sn0.25O7.16,6,40.9
Y0.9Ca0.1Ba2Cu3O6.59,5,68.8
Y0.9Ca0.1Ba2Cu3O6.72,5,82.6
Y0.9Ca0.1Ba2Cu3O6.87,5,85.4
Y0.9Ca0.1Ba2Cu3O6.98,5,81.8
Hg0.95Ce0.05Ba2Cu1O4,5,94.0
Hg0.9Ce0.1Ba2Cu1O4,5,96.0
Hg0.8Ce0.2Ba2Cu1O4,5,94.0
Hg0.7Ce0.3Ba2Cu1O4,5,94.0
Y1Ba2Cu3.98Ni0.02O8,5,74.0
Y1Ba2Cu3.97Ni0.03O8,5,70.4
Y1Ba2Cu3.96Ni0.04O8,5,68.2
Y1Ba2Cu3.939Ni0.061O8,5,63.5
Y1Ba2Cu3.92Ni0.08O8,5,55.1
Y1Ba2Cu3.9Ni0.1O8,5,52.6
Y1Ba2Cu3.8Ni0.2O8,5,21.0
Y1Ba2Cu1O8,4,80.0
Y1Ba2Cu3.992Zn0.008O8,5,74.0
Y1Ba2Cu3.98Zn0.02O8,5,67.0
Y1Ba2Cu3.96Zn0.04O8,5,57.6
Y1Ba2Cu3.938Zn0.062O8,5,47.0
Y1Ba2Cu3.92Zn0.08O8,5,36.7
Y1Ba2Cu3.9Zn0.1O8,5,22.4
Sr2Nd0.5Ca0.5Cu2F1O5,6,70.9
Sr2Nd0.4Ca0.6Cu2F1O5,6,75.1
Sr2Nd0.3Ca0.7Cu2F1O5,6,73.1
Sr2Nd0.2Ca0.8Cu2F1O5,6,86.0
Sr2Nd0.1Ca0.9Cu2F1O5,6,85.8
Sr2Ca1Cu2F1O5,5,69.1
Dy1Ba2Cu3O6.9,4,92.3
Dy0.95Pr0.05Ba2Cu3O6.9,5,91.4
Dy0.85Pr0.15Ba2Cu3O6.9,5,77.4
Dy0.7Pr0.3Ba2Cu3O6.9,5,53.9
Dy0.6Pr0.4Ba2Cu3O6.9,5,41.2
Dy0.5Pr0.5Ba2Cu3O6.9,5,27.8
Tl1Sr1.8Ca0.2Yb1Cu2O7,6,45.0
Tl1Sr1.7Ca0.3Yb1Cu2O7,6,55.0
Tl1Sr1.5Ca0.5Yb1Cu2O7,6,55.0
Nd1Ba2Cu3O6.93,4,91.5
Nd0.95Ca0.025Pr0.025Ba2Cu3O6.95,6,86.1
Nd0.9Ca0.05Pr0.05Ba2Cu3O6.95,6,81.4
Nd0.8Ca0.1Pr0.1Ba2Cu3O7.02,6,70.8
Bi1.6Pb0.3W0.1Sr2Ca2Cu3O,7,108.0
Y1.8Ca0.2Ba4Cu7O,5,78.0
Y1.6Ca0.4Ba4Cu7O,5,73.0
Y1Ca1Ba4Cu7O,5,53.0
Sr0.4Ca13.6Cu24O41.84,4,10.0
Bi4Sr3Ca3Cu4O,5,78.0
Bi4Sr3Ca3Cu3.975Fe0.025O,6,72.0
Bi4Sr3Ca3Cu3.95Fe0.05O,6,72.0
Bi4Sr3Ca3Cu3.9Fe1O,6,66.0
Bi4Sr3Ca3Cu3.8Fe0.2O,6,60.0
Bi4Sr3Ca3Cu3.7Fe0.3O,6,57.0
Bi4Sr3Ca3Cu3.975Cr0.025O,6,78.0
Bi4Sr3Ca3Cu3.95Cr0.05O,6,76.0
Bi4Sr3Ca3Cu3.9Cr0.1O,6,74.0
Bi4Sr3Ca3Cu3.8Cr0.2O,6,69.0
Bi4Sr3Ca3Cu3.975Mn0.025O,6,78.0
Bi4Sr3Ca3Cu3.95Mn0.05O,6,76.0
Bi4Sr3Ca3Cu3.9Mn0.1O,6,74.0
Bi4Sr3Ca3Cu3.8Mn0.2O,6,72.0
La1.8Sr0.2Ca1Cu2O5.96,5,54.0
La1.8Sr0.2Ca1Cu2O5.98,5,60.0
Sr2Cu1C0.96B0.04O5,5,7.0
Sr2Cu1C0.95B0.05O5,5,12.5
Sr2Cu1C0.94B0.06O5,5,21.0
Sr2Cu1C0.93B0.07O5,5,23.0
Sr2Cu1C0.92B0.08O5,5,25.0
Sr2Cu1C0.91B0.09O5,5,26.5
Sr2Cu1C0.82B0.12O5,5,30.0
Sr2Cu1C0.86B0.14O5,5,31.0
Y1Sr2Cu2Nb1O7,5,13.0
Tl3Cr1Sr8Cu4O20,5,25.0
Ca2Nb1O4,3,8.9
Ge0.5Cu0.5Sr2Ca1.9Y0.1Cu3O9.3,6,81.5
Ge0.5Cu0.5Sr2Ca1.8Y0.2Cu3O9.3,6,77.0
Ge0.5Cu0.5Sr2Ca1.7Y0.3Cu3O9.3,6,73.0
Ge0.4Cu0.6Sr2Ca1.9Y0.1Cu3O9.3,6,90.0
Ge0.4Cu0.6Sr2Ca1.8Y0.2Cu3O9.3,6,81.0
Ge0.4Cu0.6Sr2Ca1.7Y0.3Cu3O9.3,6,77.0
Hg1Ba2Cu1O4.025,4,20.0
Hg1Ba2Cu1O4.045,4,73.0
Hg1Ba2Cu1O4.055,4,80.0
Hg1Ba2Cu1O4.08,4,85.0
Hg1Ba2Cu1O4.085,4,92.0
Hg1Ba2Cu1O4.09,4,97.0
Hg1Ba2Cu1O4.1,4,92.0
Hg1Ba2Cu1O4.12,4,71.0
Hg1Ba2Cu1O4.13,4,60.0
Hg1Ba2Cu1O6.932,4,50.0
Y0.98Ca0.02Ba2Cu3O7,5,86.4
Y0.95Ca0.05Ba2Cu3O7,5,88.5
Y0.9Ca0.1Cu3O7,4,84.4
Y0.8Ca0.2Ba2Cu3O7,5,72.9
C0.15Cu0.5Ba2Ca2Cu3O,5,66.0
C0.15Cu0.5Ba2Ca2Cu3O,5,88.0
C0.5Cu0.5Ba2Ca2Cu3O,5,118.0
C0.5Cu0.5Ba2Ca2Cu3O,5,120.0
Ca1.88Na0.12Cu1Cl2O2,5,7.2
Ca1.84Na0.16Cu1Cl2O2,5,19.7
Ca1.76Na0.24Cu1Cl2O2,5,26.9
Ca1.7Na0.3Cu1Cl2O2,5,27.5
Ca1.6Na0.4Cu1Cl2O2,5,27.8
Ca1.5Na0.5Cu1Cl2O2,5,28.5
Bi0.28In0.52Pb0.2Sr2Gd0.6Ca0.4Cu2O,8,20.0
Bi0.245In0.455Pb0.3Sr2Gd0.6Ca0.4Cu2O,8,55.0
Bi0.21In0.39Pb0.4Sr2Gd0.6Ca0.4Cu2O,8,57.5
Bi0.175In0.325Pb0.5Sr2Gd0.6Ca0.4Cu2O,8,57.5
Nd0.9Ca0.1Ba2Cu3O7,5,86.0
Gd0.9Ca0.1Ba2Cu3O7,5,88.0
Ho0.9Ca0.1Ba2Cu3O7,5,89.0
Tm0.9Ca0.1Ba2Cu3O7,5,86.0
Pb0.24Bi1.76Sr2Ca1Cu2O8,6,68.0
Hg1Ba2Ca2Cu3O8,5,135.5
Hg1Ba2Ca3Cu4O1,5,115.0
Hg1Ba2Ca3Cu4O2,5,115.0
BaKBi1O3,4,31.8
Pr1Ba2Cu3O7,4,92.0
Bi2Sr2Cu1O,4,7.0
Bi2Sr1.975La0.025Cu1O,5,11.0
Bi2Sr1.95La0.05Cu1O,5,18.0
Bi2Sr1.9La0.1Cu1O,5,18.0
Bi2Sr1.8La0.2Cu1O,5,18.0
Bi2Sr1.7La0.3Cu1O,5,10.0
Bi2Sr1.8Ca1.2Cu2O8,5,79.8
Bi1.85Pb0.35Sr2Ca2Cu3.1O,6,107.0
La1.82Ca1.18Cu2O6,4,52.0
Nd1.32Sr0.41Ce0.27Cu1O4,5,24.0
Ba1.12Sr0.88Cu1.1C0.9O4.9,5,35.0
Pr185Ce0.15Cu1O4,4,20.0
Nd2Cu1FO4,4,22.0
Bi2Sr2Ca1Cu2O8.25,5,68.2
Bi2Sr2Ca1Cu1.99Co0.01O,6,66.2
Bi2Sr2Ca1Cu1.98Co0.02O,6,63.6
Bi2Sr2Ca1Cu1.96Co0.04O,6,58.9
Bi2Sr2Ca1Cu1.92Co0.08O,6,51.3
Bi2Sr2Ca1Cu1.88Co0.12O,6,44.2
Bi2Sr2Ca1Cu1.84Co0.16O,6,37.1
Bi2Sr2Ca1Cu2O8.19,5,92.7
Bi2Sr2Ca1Cu1.99Co0.01O,6,88.7
Bi2Sr2Ca1Cu1.98Co0.02O,6,85.8
Bi2Sr2Ca1Cu1.96Co0.04O,6,78.9
Bi2Sr2Ca1Cu1.92Co0.08O,6,68.0
Bi2Sr2Ca1Cu1.88Co0.12O,6,58.0
Bi2Sr2Ca1Cu1.84Co0.16O,6,44.2
Bi2Sr2Ca1Cu2O8.28,5,60.7
Bi2Sr2Ca1Cu1.99Co0.01O,6,58.9
Bi2Sr2Ca1Cu1.98Co0.02O,6,56.2
Bi2Sr2Ca1Cu1.96Co0.04O,6,51.1
Bi2Sr2Ca1Cu1.92Co0.08O,6,46.0
Bi2Sr2Ca1Cu1.88Co0.12O,6,38.4
Bi2Sr2Ca1Cu1.84Co0.16O,6,31.3
Bi2Sr2Ca1Cu2I1O,6,50.7
Bi2Sr2Ca1Cu1.99Co0.01I1O,7,49.0
Bi2Sr2Ca1Cu1.98Co0.02I1O,7,46.0
Bi2Sr2Ca1Cu1.96Co0.04I1O,7,41.5
Bi2Sr2Ca1Cu1.92Co0.08I0.94O,7,34.9
Bi2Sr2Ca1Cu1.88Co0.12I0.91O,7,28.4
Bi2Sr2Ca1Cu1.84Co0.16I0.85O,7,21.1
Y1Ba2Cu3O6.53,4,54.0
Y1Ba2Cu3O6.67,4,61.5
Y1Ba2Cu3O6.71,4,67.3
Y1Ba2Cu3O6.73,4,73.6
Y1Ba2Cu3O6.77,4,86.2
Y1Ba2Cu3O6.87,4,90.3
Y1Ba2Cu3O6.93,4,92.6
Bi2.11Sr1.89Cu1O6,4,6.8
Bi2.15Sr1.85Cu1O6,4,6.5
Bi2.11Sr1.89Cu1O6,4,8.5
Bi1.5Pb0.2Sr2Ca2Cu2.8Sc0.2O,7,109.0
Bi1.5Pb0.2Sr2Ca2Cu2.8Ti0.2O,7,106.0
Bi1.5Pb0.2Sr2Ca2Cu2.8V0.2O,7,106.0
Bi1.5Pb0.2Sr2Ca2Cu2.8Cr0.2O,7,108.0
Bi1.5Pb0.2Sr2Ca2Cu2.8Mn0.2O,7,107.6
Bi1.5Pb0.2Sr2Ca2Cu2.8Fe0.2O,7,24.0
Bi1.5Pb0.2Sr2Ca2Cu2.8Ni0.2O,7,54.0
Bi1.5Pb0.2Sr2Ca2Cu2Zn0.2O,7,82.3
Hg0.7Cr0.3Sr2Cu1O4.6,5,53.0
Bi1.6Pb0.4Sr2Ca2Cu3O10.11,6,105.3
Bi1.6Pb0.35V0.05Sr2Ca2Cu3O10.12,7,103.7
Bi1.6Pb0.3Sr2Ca2Cu3V0.1O10.12,7,102.5
Bi2Sr2Ca1Cu2O,5,73.5
Bi2Sr1.95Ba0.05Ca1Cu2O,6,78.6
Bi2Sr1.9Ba0.1Ca1Cu2O,6,82.6
Bi2Sr1.85Ba0.15Ca1Cu2O,6,83.5
Bi2Sr2Ca1Cu2O,5,87.6
Bi2Sr1.95Ba0.05Ca1Cu2O,6,88.3
Bi2Sr1.9Ba0.1Ca1Cu2O,6,87.7
Bi2Sr1.85Ba0.15Ca1Cu2O,6,86.3
Bi2Sr2Ca1Cu2O,5,78.0
Bi2Sr1.95Ba0.05Ca1Cu2O,6,80.0
Bi2Sr1.9Ba0.1Ca1Cu2O,6,82.2
Ca1.3Sr2.7Cu3C0.55B4.5O3,6,100.0
Ca0.5Sr2.5Cu2C0.7B0.3O3,6,52.0
Ba2Ca4Cu5C0.4B0.6O3,6,120.0
Y1Ba2Cu3O,4,94.0
Y1Ba2Cu2.97Ni0.03S0.03O,6,89.0
Y1Ba2Cu2.91Ni0.09S0.09O,6,85.0
Y1Ba2Cu2.85Ni0.15S0.15O,6,83.0
Y1Ba2Cu2.4Ni0.6S0.6O,6,70.0
Y1Ba2Cu2.94Fe0.06S0.06O,6,85.9
Y1Ba2Ca2.85Fe0.15S0.15O,6,61.4
Y1Ba2Ca2.55Fe0.3S0.3O,6,41.0
Y1Ba2Ca2.55Fe0.45S0.45O,6,24.6
Y1Ba2Cu1O,4,89.6
Y1Ba2Cu2.97Zn0.03S0.03O,6,77.7
Y1Ba2Cu2.85Zn0.15S0.15O,6,45.7
Y1Ba2Cu2.7Zn0.3S0.3O,6,35.0
Bi0.16Pb0.4Sr2Ca2Cu3O10.11,6,105.3
Bi0.16Pb0.35V0.05Sr2Ca2Cu3O10.12,7,103.7
Bi0.16Pb0.3V0.1Sr2Ca2Cu3O10.12,7,102.5
Pb0.5Cd0.5Sr1.8Sm1.6Ce0.6Cu2O,7,35.0
Pb0.5Cd0.5Sr1.8Eu1.6Ce0.6Cu2O,7,39.0
Pb0.5Cd0.5Sr1.8Gd1.6Ce0.6Cu2O,7,43.5
Pb0.5Cd0.5Sr1.8Dy1.6Ce0.6Cu2O,7,12.0
Hg0.7Cr0.3Sr2Cu1O4,5,51.0
Hg1.4Tl0.6Ba2Ca3Cu4O,6,114.0
Hg1.4Tl0.6Ba2Ca2Cu3O,6,45.0
Y0.99Ca0.01Ba2Cu4O8,5,79.4
Y0.97Ca0.03Ba2Cu4O8,5,81.9
Y0.95Ca0.05Ba2Cu4O8,5,85.4
Y0.93Ca0.07Ba2Cu4O8,5,83.5
Y0.9Ca0.1Ba2Cu4O8,5,80.8
Tm1Ba2Cu4O8,4,79.0
Tm0.99Ca0.01Ba2Cu4O8,5,79.2
Tm0.97Ca0.03Ba2Cu4O8,5,81.2
Tm0.95Ca0.05Ba2Cu4O8,5,84.8
Tm0.93Ca0.07Ba2Cu4O8,5,83.3
Er0.99Ca0.01Ba2Cu4O8,5,79.3
Er0.97Ca0.03Ba2Cu4O8,5,80.0
Er0.95Ca0.05Ba2Cu4O8,5,83.2
Ho0.99Ca0.01Ba2Cu4O8,5,76.8
Ho0.97Ca0.03Ba2Cu4O8,5,77.4
Y0.99Ca0.01Ba2Cu4O8,5,78.0
Sr2Y1Cu3O7.9,4,69.0
Sr2Y1Cu3O7.65,4,70.0
Sr2Y1Cu3O7.75,4,67.0
Sr2Y1Cu3O7.65,4,69.0
Sr2Y1Cu3O7.95,4,62.0
Sr2Y1Cu3O7.45,4,62.0
Sr2Tm1Cu3O7.65,4,62.0
Sr2Tm1Cu3O7.2,4,62.0
Sr2Tm1Cu3O7.28,4,56.0
Sr2Tm1Cu3O7.48,4,62.0
Sr2Tm1Cu3O7.48,4,55.0
Sr1.5Ba0.5Y1Cu2.8Ti0.2O7,6,35.0
Sr1.5Ba0.5Y1Cu2.8Ga0.2O7,6,38.0
Sr1.5Ba0.5Y1Cu2.8Ge0.2O7,6,25.0
Sr1.5Ba0.5Y1Cu2.8Mo0.2O7.03,6,26.0
Sr1.5Ba0.5Y1Cu2.8Ga0.2O7.2,6,61.0
Sr1.5Ba0.5Y1Cu2.8Ga0.2O7.14,6,56.0
Sr1.5Ba0.5Y1Cu2.8Ga0.2O7.1,6,50.0
Sr1.5Ba0.5Y1Cu2.8Ga0.2O6.96,6,32.0
Sr1.5Ba0.5Y1Cu2.8Ti0.2O7.2,6,78.0
Sr1.5Ba0.5Y1Cu2.8Ti0.2O7.08,6,52.0
Sr0.7Ba1.3Y1Cu2.8Al0.2O7.03,6,12.0
Sr0.7Ba1.3Y1Cu2.8Al0.2O7.11,6,20.0
Sr1Ba1Y1Cu2.8Al0.2O7.15,6,20.0
Sr1.2Ba0.8Y1Cu2.8Al0.2O7.19,6,16.0
Ga1Sr2Ca2Cu3O9,5,70.0
B1Sr2Ca2Cu3O9,5,75.0
Y1Ba2Cu3O6.93,4,91.4
Y1Ba2Cu2.985Ni0.015O6.92,5,90.5
Y1Ba2Cu2.97Ni0.03O6.94,5,88.5
Y1Ba2Cu2.955Ni0.045O6.95,5,86.2
Y1Ba2Cu2.94Ni0.06O6.94,5,83.5
Nd1.82Ce0.18Cu1O,4,18.0
Nd1.73Sr0.09Ce0.18Cu1O,5,16.0
Nd1.64Sr0.18Ce0.18Cu1O,5,13.0
Bi2Sr1.8La0.2Cu1O,5,21.0
Bi2Sr1.8La2Cu0.98Ni0.02O,6,17.5
Bi2Sr1.8La2Cu0.96Ni0.04O,6,12.9
Bi2Sr1.8La2Cu0.94Ni0.06O,6,10.0
Bi2Sr1.8La2Cu0.92Ni0.08O,6,3.6
Bi2Sr1.8La0.2Cu0.88Zn0.12O,6,16.8
Bi2Sr1.8La0.2Cu0.976Zn0.024O,6,11.3
Bi2Sr1.8La0.2Cu0.964Zn0.036O,6,7.0
Bi2Sr1.8La0.2Cu0.94Zn0.06O,6,5.0
Bi2Sr1.8La0.2Cu0.92Zn0.08O,6,5.1
Y1Ba2Cu3O6.96,4,90.7
Y1Ba2Cu2.975Co0.025O,5,91.6
Y1Ba2Cu2.95Co0.05O,5,92.2
Y1Ba2Cu2.925Co0.075O,5,88.3
Y1Ba2Cu2.9Co0.1O,5,88.6
Y1Ba2Cu2.875Co0.125O,5,77.1
Y1Ba2Cu2.85Co0.15O,5,68.6
Y1Ba2Cu2.8Co0.2O,5,61.0
Y1Ba2Cu2.75Co0.25O,5,59.7
Y1Ba2Cu2.7Co0.3O,5,52.6
Y1Ba2Cu2.6Co0.4O7.03,5,11.3
Eu1Ba2Cu3O6.94,4,93.6
Eu1Ba2Cu2.95Co0.05O,5,88.3
Eu1Ba2Cu2.9Co0.1O6.97,5,72.7
Eu1Ba2Cu2.8Co0.2O6.98,5,55.3
Eu1Ba2Cu2.7Co0.3O6.95,5,29.4
Nd0.7Sr1.3Cu1FO4,5,44.0
Y1Ba1.5Sr0.5Cu3O,5,84.0
Y1Ba1Sr1Cu3O,5,82.5
Y1Ba0.4Sr1.6Cu3O,5,79.5
Y1Ba2Cu3O6.58,4,57.4
Pr1.85Ce0.15Cu1O4,4,23.2
Pr1.85Ce0.15Cu1O4,4,23.3
Pr1.9Ce0.1Cu1O4,4,24.3
Pr1.93Ce0.07Cu1O4,4,22.7
Tl1Sr2Yb0.7Ca0.3Cu2O,6,83.0
Tl1Sr2Yb0.5Ca0.5Cu2O,6,67.0
Hg1Ba2Cu1O4,4,95.1
Hg1Ba2Ca1Cu2O6,5,122.5
Hg1Ba2Ca2Cu3O8,5,133.5
Bi2Sr2Ca1Cu1.92Co0.08O8,6,60.0
La2Cu1O4.005,3,32.0
La2Cu1O4.035,3,35.0
La2Cu1O4.021,3,45.0
Y1Ba2Cu3O6.94,4,93.0
Y1Ba2Cu3O6.75,4,73.0
Y1Ba2Cu3O6.63,4,60.0
Y1Ba2Cu3O6.48,4,48.5
Pr1.85Ce0.15Cu1O4,4,22.9
Pr1.87Ce0.13Cu0.997Ni0.003O4,5,18.0
Pr1.84Ce0.16Cu0.993Ni0.007O4,5,12.2
Pr1.85Ce0.15Cu0.995Co0.005O4,5,14.1
Pr1.87Ce0.13Cu0.99Co0.01O4,5,8.2
Bi1.6Pb0.4Sr2Ca3.6O,5,102.0
Bi1.6Pb0.4Sr2Ca2Cu3.8O,6,93.0
Bi1.6Pb0.4Sr2Ca2Cu4O,6,130.0
Cu0.75Ag0.25Ba2Ca3Cu4O,5,112.0
Cu0.75Ag0.25Ba2Ca3Cu4O,5,98.5
Cu0.5C0.5Ba2Ca3Cu4O,5,110.0
Cu0.5Ag0.25Ba2Ca3Cu4O,5,117.0
Ba2Ca3Cu4O,4,117.0
Bi1.95Sr1.85Pr0.2Cu1O6,5,21.0
Bi1.95Sr1.75Pr0.3Cu1O6,5,26.1
Bi1.95Sr1.65Pr0.4Cu1O6,5,30.1
Bi1.95Sr1.55Pr0.5Cu1O6,5,27.1
Bi1.95Sr1.45Pr0.6Cu1O6,5,20.1
Bi1.95Sr1.85La0.2Cu1O6,5,22.1
Bi1.95Sr1.75La0.3Cu1O6,5,31.1
Bi1.95Sr1.75La0.4Cu1O6,5,33.1
Bi1.95Sr1.55La0.5Cu1O6,5,29.2
Bi1.95Sr1.45La0.6Ca1O6,5,25.0
Bi1.95Sr1.65Nd0.4Cu1O6,5,27.4
Bi1.95Sr1.65Sm0.4Cu1O6,5,19.5
Bi1.95Sr1.65La0.4Cu1O6.2,5,10.0
Bi1.95Sr1.65La0.4Cu1O6.28,5,32.6
Bi1.95Sr1.65La0.4Cu1O6.298,5,34.0
Bi1.95Sr1.65La0.4Cu1O6.311,5,35.5
Bi1.95Sr1.65La0.4Cu1O6.334,5,30.5
Bi1.95Sr1.65La0.4Cu1O6.343,5,26.5
Bi1.95Sr1.65La0.4Cu1O6.347,5,24.0
Bi1.95Sr1.65La0.4Cu1O6.36,5,23.0
Bi1.95Sr1.65La0.4Cu1O6.414,5,10.4
Bi1.95Sr1.65La0.4Cu1O6.2,5,30.5
Bi1.95Sr1.65La0.4Cu1F0.2O6,6,30.1
Bi1.95Sr1.65La0.4Cu1F0.4O5.8,6,29.0
Bi1.95Sr1.65La0.4Cu1F0.6O5.6,6,25.1
Bi1.95Sr1.65La0.4Cu1F0.8O5.4,6,13.0
Bi3.2Pb0.2V0.6Sr4Ca5Cu7O,7,78.5
Bi3.2Pb0.4V0.4Sr4Ca5Cu7O,7,108.5
Bi3.2Pb0.6V0.2Sr4Ca5Cu7O,7,110.5
Bi3.2Pb0.8Sr4Ca5Cu7O,6,108.9
Bi2.6Pb0.8V0.6Sr4Ca5Cu7O,7,110.8
Bi2.8Pb0.8V0.4Sr4Ca5Cu7O,7,111.0
Bi3Pb0.8V0.2Sr4Ca5Cu7O,7,110.8
Bi3.4V0.6Sr4Ca5Cu7O,6,82.2
Bi3.6V0.4Sr4Ca5Cu7O,6,84.0
Hg0.8Ti0.2Sr2Ca0.7Y0.3Cu2O6,7,56.75
Hg0.8Ti0.2Sr2Ca0.6Y0.4Cu2O6,7,53.75
Hg0.8Ti0.2Sr2Ca0.5Y0.5Cu2O6,7,60.55
Hg0.8Ti0.2Sr2Ca0.4Y0.6Cu2O6,7,55.0
Bi1.7Pb0.3Sr2Ca1Cu2O8.05,6,80.5
Bi1.7Pb0.3Sr2Ca0.99Nd0.01Cu2O8.03,7,82.5
Bi1.7Pb0.3Sr2Ca0.98Nd0.02Cu2O8.05,7,80.89
Bi1.7Pb0.3Sr2Ca0.96Y0.04Cu2O8.06,7,78.5
Bi1.7Pb0.3Sr2Ca0.94Nd0.06Cu2O8.1,7,81.27
Bi1.7Pb0.3Sr2Ca0.92Nd0.08Cu2O8.16,7,84.11
Bi1.7Pb0.3Sr2Ca0.9Nd0.1Cu2O8.27,7,76.67
Y0.5Sm0.5Ba2Cu3O7,5,92.0
Er0.76Ca0.24Ba2Cu2.76Co0.24O6.92,6,84.0
Er0.76Ca0.24Ba1.8Sr0.2Cu2.76Co0.24O6.91,7,81.0
Er0.76Ca0.24Ba1.6Sr0.4Cu2.76Co0.24O6.88,7,77.0
Er0.76Ca0.24Ba1.4Sr0.6Cu2.76Co0.24O6.84,7,64.0
Er0.64Ca0.36Ba1.4Sr0.6Cu2.76Co0.24O6.8,7,48.0
Er0.52Ca0.48Ba1.4Sr0.6Cu2.76Co0.24O6.77,7,54.0
La1Ba2Cu3O,4,70.34
La1Ba2Cu2.97Fe0.03O,5,55.23
La1Ba2Cu2.94Fe0.06O,5,35.9
Y1Ba1Sr1Cu2.5B0.5O,6,41.2
Y1Ba1Sr1Cu2.5B0.1S0.4O,7,44.0
Y1Ba1Sr1Cu2.5S0.5O,6,50.9
Y1Ba1Sr1Cu2.5B0.2S0.3O,7,25.0
Y1Sr0.5Ba1.5Cu2.5B0.1S0.4O,7,56.5
Y1Sr0.5Ba1.5Cu2.5S0.5O,6,75.6
Y1Ba2Cu2.8Fe0.2O,5,57.0
Y1Ba2Cu2.8Zn0.2O,5,51.7
Y1Ba2Cu2.94Zn0.06O7,5,73.0
Y1Ba2Cu2.88Zn0.12O7,5,60.0
Bi2Sr2Ca0.79Y0.21Cu2O8,6,89.4
Bi2Sr2Ca0.72Y0.28Cu2O8,6,91.5
Bi2Sr2Ca0.64Y0.36Cu2O8,6,88.0
Hg0.7V0.3Ba2Cu1O3.4,5,70.0
Hg0.7V0.3Ba1.75Sr0.25Cu1O4.6,6,65.0
Hg0.7V0.3Ba1.5Sr0.5Cu1O4.6,6,65.0
Hg0.7V0.3Ba1.25Sr0.75Cu1O4.6,6,55.0
Hg0.7V0.3Ba1Sr1Cu1O4.6,6,45.0
Hg0.7V0.3Ba2Cu1O4.6,5,95.0
Hg0.7V0.3Ba1.75Sr0.25Cu1O4.6,6,90.0
Hg0.7V0.3Ba1.5Sr0.5Cu1O4.6,6,85.0
Hg0.7V0.3Ba1.25Sr0.75Cu1O4.6,6,75.0
Hg0.7V0.3Ba1Sr1Cu1O4.6,6,65.0
Cu0.8W0.2Sr2Y1Cu2O7.3,5,77.0
Cu0.8Mo0.2Sr2Y1Cu2O7.3,5,65.0
Cu0.85Re0.15Sr2Y1Cu2O7.3,5,69.0
Cu2.8W0.2Sr2Y0.9Ca0.1O,6,76.0
Cu2.8Mo0.2Sr2Y0.9Ca0.1O,6,71.0
Cu2.85Re0.15Sr2Y0.9Ca0.1O,6,73.0
Ca1La1Ba1Cu3O7,5,69.0
Ca1La1Ba1Cu2.97Fe0.03O7,6,49.0
Ca1La1Ba1Cu2.94Fe0.06O7,6,44.0
Ca1La1Ba1Cu2.88Fe0.12O7,6,28.0
Ca1La1Ba1Cu2.76Fe0.24O7,6,22.0
Hg0.9S0.1Ba2Cu1O,5,41.0
Hg0.85S0.15Ba2Cu1O,5,62.0
Hg0.8S0.2Ba2Cu1O,5,65.0
Hg0.75S0.25Ba2Cu1O,5,63.0
Hg0.7S0.3Ba2Cu1O,5,73.0
Hg0.5S0.5Ba2Cu1O,5,71.0
Hg0.85S0.15Ba2Cu1O,5,77.0
Hg1Ba2Cu1O,4,88.0
Y1Ba2Cu2.99Zn0.01O6,5,89.0
Y1Ba2Cu2.979Zn0.021O6,5,83.0
Y1Ba2Cu2.954Zn0.047O6,5,74.0
Y1Ba2Cu2.913Zn0.087O6,5,57.0
Nd1Ba2Cu3O6.67,4,29.0
H0.2La1.8Sr0.2Cu1O4,5,32.0
Ca1La1Ba1Cu3O7,5,70.0
Ca1La1Ba1Cu2.97Zn0.03O7,6,60.0
Ca1La1Ba1Cu2.85Zn0.045O7,6,55.0
Ca1La1Ba1Cu2.91Zn0.09O7,6,20.0
Ca1La1Ba1Cu2.88Zn0.12O7,6,14.0
Ca1Ba1La1Cu3O7,5,47.0
Pb2Sr2Ca0.5Y0.5Cu3O,6,71.0
Pb1.4V0.6Sr2Ca0.5Y0.5Cu3O,7,40.0
Pb1.4Cr0.6Sr2Ca0.5Y0.5Cu3O,7,67.0
Yb0.8Sr0.2Ba2Cu3O7,5,68.0
Bi1.8Pb0.2Sr2Ca1Cu1.98Fe0.02O8,7,54.8
Bi1.8Pb0.2Sr2Ca1Cu1.96Fe0.04O8,7,48.5
Bi1.8Pb0.2Sr2Ca1Cu1.92Fe0.08O8,7,33.8
Bi1.8Pb0.2Sr2Ca1Cu1.88Fe0.12O8,7,30.9
Bi1.8Pb0.2Sr2Ca1Cu1.84Fe0.16O8,7,26.1
Bi1.8Pb0.2Sr2Ca1Cu1.96Co0.04O8,7,50.7
Bi1.8Pb0.2Sr2Ca1Cu1.94Co0.06O8,7,48.6
Bi1.8Pb0.2Sr2Ca1Cu1.92Co0.08O8,7,43.0
Bi1.8Pb0.2Sr2Ca1Cu1.88Co0.12O8,7,38.8
Bi1.8Pb0.2Sr2Ca1Cu1.84Co0.16O8,7,35.8
Hg1Ba2Ca3Cu4O10,5,127.0
Bi2Sr2Ca1Cu2O8,5,92.4
Tl2Ba2Cu1O6,4,92.1
Tl2Ba2Ca1Cu2O8,5,108.7
Hg0.7V0.3Sr1.8La0.2Cu1O4,6,41.3
Hg0.7V0.3Sr1.7La0.3Cu1O4,6,49.7
Hg0.7V0.3Sr1.6La0.4Cu1O4,6,47.1
Hg0.7V0.3Sr1.5La0.5Cu1O4,6,49.7
Hg0.7V0.3Sr1.4La0.6Cu1O4,6,48.8
Hg0.7V0.3Sr1.3La0.7Cu1O4,6,51.8
Hg0.7V0.3Sr1.2La0.8Cu1O4,6,49.7
Y1Ba2Cu3O6.346,4,12.3
Y1Ba2Cu3O6.409,4,26.0
Y1Ba2Cu3O6.55,4,54.1
Y1Ba2Cu3O6.6,4,58.4
Y1Ba2Cu3O6.72,4,80.7
Y1Ba2Cu3O6.74,4,82.6
Y1Ba2Cu3O6.78,4,88.1
Y1Ba2Cu3O4.86,4,93.2
Y1Ba2Cu3O7,4,94.3
Y1Sr1Ba1Cu2.5B0.5O,6,25.0
Y1.4Ce0.5Sr2.1Cu2.75S0.25O,6,20.0
Y0.85Ca0.15Sr1Ba1Cu2.5B0.5O,7,36.0
Y0.85Ca0.15Sr0.5Ba1.5Cu2.5B0.5O,7,55.0
Nd1Ba2Cu3O,4,98.7
Nd1.05Ba1.95Cu3O,4,98.6
Nd1.1Ba1.9Cu3O,4,98.3
Nd1.15Ba1.85Cu3O,4,94.0
Nd1.2Ba1.8Cu3O,4,96.1
Nd1.25Ba1.75Cu3O,4,97.4
Bi2Sr2Ca0.9Ce0.1Cu2O8,6,90.0
Bi2Sr2Ca0.8Ce0.2Cu2O8,6,81.0
Bi2Sr2Ca0.7Ce0.3Cu2O8,6,78.0
Bi2Sr2Ca0.6Ce0.4Cu2O8,6,71.0
Bi2Sr2Ca0.5Ce0.5Cu2O8,6,60.0
Y1Ba2Cu3O6.556,4,59.4
Y1Ba2Cu3O6.516,4,57.7
Y1Ba2Cu4O8,4,80.2
Bi2Sr2Ca1Cu2O8,5,86.4
Y1Ba2Cu4O8,4,80.1
Y2Ba4Cu7O14,4,94.2
Y2Ba4Cu7O14,4,94.8
Bi2Sr2Ca1Cu2O8,5,93.7
Y1Ba2Cu4O8,4,81.8
Ba1Pb0.75Bi0.25O3,4,12.0
La1.85Sr0.15Cu1O,4,38.2
La1.85Sr0.15Cu0.99Mg0.01O,5,30.0
La1.85Sr0.15Cu0.98Mg0.02O,5,15.9
La1.85Sr0.15Cu0.99Ni0.01O,5,32.1
La1.85Sr0.15Cu0.98Ni0.02O,5,28.0
La1.85Sr0.15Cu0.97Ni0.03O,5,21.9
La1.85Sr0.15Cu0.96Ni0.04O,5,16.1
Bi2Sr2Ca1Cu2O8,5,85.1
Bi2.1Sr2Ca1Cu2O8,5,89.0
Bi2Sr2Cu1O6,4,12.5
Bi2Sr1.8Ca1.2Cu2O8,5,79.5
Dy1Ba2Cu3O7,4,83.8
Bi2Sr2Ca1Cu2O,5,63.0
Bi1.9Cd0.1Sr2Ca1Cu2O,6,60.0
Bi1.8Cd0.2Sr2Ca1Cu2O,6,58.0
Bi1.7Cd0.3Sr2Ca1Cu2O,6,53.0
Bi1.5Cd0.5Sr2Ca1Cu2O,6,45.0
Bi1.4Cd0.6Sr2Ca1Cu2O,6,34.0
Tl1.9Sm0.1Ba2Cu1FO,6,98.5
Tb1Sr2Cu2.69Mo0.31O7,5,34.5
Y1Ba2Cu3O6.68,4,63.0
Y1Ba2Cu2.97Zn0.03O6.93,5,80.0
Bi2Sr2Ca1Cu2O8.214,5,70.0
Bi2Sr2Ca1Cu2O8.216,5,78.0
Bi2Sr2Ca1Cu2O8.22,5,82.0
Bi2Sr2Ca1Cu2O8.23,5,86.0
Bi2Sr2Ca1Cu2O8.24,5,88.0
Bi2Sr2Ca1Cu2O8.25,5,89.0
Bi2Sr2Ca1Cu2O8.26,5,86.0
Bi2Sr2Ca1Cu2O8.27,5,84.0
Bi2Sr2Ca1Cu2O8.28,5,81.0
Nd1.05Ba1.95Cu3O7,4,91.9
Nd1.15Ba1.85Cu3O7,4,67.1
Nd1.25Ba1.75Cu3O7,4,43.8
Nd1.3Ba1.7Cu3O7,4,33.8
Nd1.4Ba1.6Cu3O7,4,7.9
Nd1Ba2Cu3O7,4,93.4
Bi1.6Pb0.4Sr2Ca3Cu4O12,6,110.0
Bi1.6Pb0.4Sr2Ca3Cu3.92Si0.08O12,7,110.0
Bi1.6Pb0.4Sr2Ca3Cu3.88Si0.12O12,7,110.0
Bi1.6Pb0.4Sr2Ca3Cu3.86Si0.14O12,7,110.0
Bi1.6Pb0.4Sr2Ca3Cu3.5Si0.5O12,7,110.0
Eu1.5Ce0.5Sr2Cu2Nb1O9.955,6,21.0
Eu1.45Pr0.05Ce0.5Sr2Cu2Nb1O10,7,21.4
Eu1.4Pr0.1Ce0.5Sr2Cu2Nb1O10,7,18.4
Eu1.35Pr0.15Ce0.5Sr2Cu2Nb1O10,7,18.0
Eu1.3Pr0.2Ce0.5Sr2Cu2Nb1O10,7,13.4
Eu1.25Pr0.25Ce0.5Sr2Cu2Nb1O10,7,7.8
Eu1.23Pr0.27Ce0.5Sr2Cu2Nb1O10,7,2.9
Nd1.5Ce0.5Sr2Cu2Nb1O10,6,24.0
Nd1Pr0.5Ce0.5Sr2Cu2Nb1O10,7,20.5
Nd1.4Pr0.1Ce0.5Sr2Cu2Nb1O10,7,17.2
Nd1.35Pr0.15Ce0.5Sr2Cu2Nb1O10,7,11.3
Nd1.3Pr0.2Ce0.5Sr2Cu2Nb1O10,7,4.4
Sm1.5Ce0.5Sr2Cu2Nb1O10,6,26.0
Sm1.45Pr0.05Ce0.5Sr2Cu2Nb1O10,7,25.2
Sm1.4Pr0.1Ce0.5Sr2Cu2Nb1O10,7,22.8
Sm0.35Pr0.15Ce0.5Sr2Cu2Nb1O10,7,17.6
Sm1.3Pr0.2Ce0.5Sr2Cu2Nb1O10,7,12.8
Sm1.25Pr0.25Ce0.5Sr2Cu2Nb1O10,7,2.7
Y1Ba2Cu4O8,4,78.8
Lu0.9Ca0.1Ba2Cu3O6,5,18.0
Lu0.8Ca0.2Ba2Cu3O6.13,5,41.0
Lu0.7Ca0.3Ba2Cu3O6.15,5,58.0
Lu0.6Ca0.4Ba2Cu3O6,5,74.0
Lu0.8Ca0.2Ba2Cu3O6.54,5,65.0
Lu0.7Ca0.3Ba2Cu3O6.4,5,68.0
Lu0.8Ca0.2Ba2Cu3O6.81,5,52.0
Lu0.7Ca0.3Ba2Cu3O6.78,5,54.0
Lu0.8Ca0.2Ba2Cu3O6.68,5,78.0
Lu0.7Ca0.3Ba2Cu3O6.62,5,80.0
Lu0.8Ca0.2Ba2Cu3O6.91,5,48.0
Lu0.7Ca0.3Ba2Cu3O6.88,5,45.0
Eu1Ba2Cu2.7Co0.3O,5,33.0
Eu1Ba2Cu2.65Co0.35O,5,9.6
Tl0.5V0.5Sr2Ca1Cu2O,6,83.5
Tl0.5V0.5Sr2Ca0.8Y0.2Cu2O,7,100.0
Nd2Ba4Cu7O14.525,4,66.0
Nd1.8Pr0.2Ba4Cu7O14.587,5,56.0
Nd1.6Pr0.4Ba4Cu7O14.603,5,48.0
Nd1.4Pr0.6Ba4Cu7O14.541,5,41.0
Eu2Ba4Cu7O14.671,4,75.0
Eu1.8Pr0.2Ba4Cu7O14.779,5,68.0
Eu1.6Pr0.4Ba4Cu7O14.761,5,63.0
Eu1.4Pr0.6Ba4Cu7O14.632,5,58.0
Eu1.2Pr0.8Ba4Cu7O14.788,5,52.0
Tm2Ba4Cu7O14.732,4,88.0
Tm1.8Pr0.2Ba4Cu7O14.725,5,76.0
Tm1.6Pr0.4Ba4Cu7O14.722,5,68.0
Tm1.4Pr0.6Ba4Cu7O14.667,5,60.0
Tm1.2Pr0.8Ba4Cu7O14.652,5,50.0
Bi2Sr2Ca2Cu3O1,5,114.0
Bi1.8V0.2Sr2Ca2Cu3O2,6,112.0
Bi1.6V0.4Sr2Ca2Cu3O10,6,92.0
Bi1.4V0.6Sr2Ca2Cu3O10,6,67.0
Bi1.2V0.8Sr2Ca2Cu3O10,6,30.0
Bi1V1Sr2Ca2Cu3O10,6,15.0
Gd1Ba2Cu4O8,4,73.1
Gd1Sr0.1Ba1.9Cu4O8,5,73.5
Gd1Sr1.8Ba0.2Cu4O8,5,73.1
Ho1Ba2Cu4O8,4,68.5
Ho1Sr0.2Ba1.8Cu4O8,5,68.8
Ho1Sr0.4Ba1.6Cu4O8,5,68.1
Ho1Sr0.6Ba1.4Cu4O8,5,68.3
Nd1Ba2Cu3O7,4,94.0
Hg0.7Pb0.3Ba2Ca2Cu3O8,6,143.0
Bi2Sr1.65La0.35Cu1O,5,26.95
Bi1.9Pb0.1Sr1.65La0.35Cu1O,6,30.7
Bi1.8Pb0.2Sr1.65La0.35Cu1O,6,36.8
Bi1.7Pb0.3Sr1.65La0.35Cu1O,6,37.75
Bi1.6Pb0.4Sr1.65La0.35Cu1O,6,40.3
Bi1.4Pb0.6Sr1.65La0.35Cu1O,6,41.0
Bi2Sr1.65La0.35Cu1O,5,29.35
Bi1.9Pb0.1Sr1.65La0.35Cu1O,6,30.05
Bi1.8Pb0.2Sr1.65La0.35Cu1O,6,30.9
Bi1.7Pb0.3Sr1.65La0.35Cu1O,6,31.05
Bi1.6Pb0.4Sr1.65La0.35Cu1O,6,26.85
Bi1.4Pb0.6Sr1.65La0.35Cu1O,6,25.2
La3.1Gd0.2Ca0.4Ba3.3Cu7O16.473,6,48.0
La2.9Gd0.3Ca0.6Ba3.2Cu0.3O16.503,6,58.0
La2.7Gd0.4Ca0.8Ba3.1Cu7O16.537,6,74.0
La2.5Gd0.5Ca1Ba3Cu7O16.359,6,80.0
La2.3Gd0.6Ca1.2Ba2.9Cu7O16.543,6,80.0
La2.1Gd0.7Ca1.4Ba2.8Cu0.7O16.471,6,79.0
La2.9Nd0.3Ca0.6Ba3.2Cu7O,6,58.0
La2.7Nd0.4Ca0.8Ba3.1Cu7O,6,76.0
La2.5Nd0.5Ca1Ba3Cu7O,6,80.0
La2.1Nd0.7Ca1.4Ba2.8Cu7O,6,79.0
La2.5Dy0.5Ca1Ba3Cu7O,6,80.0
Y1Ba2Cu3Li0.02O7,5,91.18
Y1Ba2Cu3Li0.08O7,5,89.2
Y1Ba2Cu3Li0.1O7,5,88.91
Y1Ba2Cu3Li0.3O7,5,86.0
Y1Ba2Cu3Li0.5O7,5,83.79
La1.85Sr0.15Cu0.9Mg0.1O4,5,29.6
La1.85Sr0.15Cu0.8Mg0.2O4,5,15.6
Bi2Sr2Ca1Cu2Zn0.01C0.32H0.16N0.08O,9,68.3
Bi2Sr2Ca1Cu2Zn0.02C0.64H0.32N0.16O,9,65.1
Bi2Sr2Ca2Cu3Zn0.009C0.288H0.144N0.72O,9,92.9
Bi2Sr2Ca2Cu3Zn0.013C0.416H0.208N0.104O,9,91.0
Bi2Sr2Ca2Cu3Zn0.017C0.544H0.272N0.136O,9,87.1
Bi2Sr2Ca2Cu3Zn0.02C0.64H0.32N0.16O,9,79.8
Nd1Ba2Cu3O6.95,4,89.0
Nd1.1Ba1.9Cu3O6.96,4,87.6
Nd1.15Ba1.85Cu3O6.96,4,76.8
Nd1.25Ba1.75Cu3O6.99,4,52.7
Nd1.35Ba1.65Cu3O7.02,4,35.9
Nd1.45Ba1.55Cu3O7.08,4,26.5
Nd1.5Ba1.5Cu3O7.12,4,15.4
Pb2Sr2Y0.5Ca0.5Cu3O8.1882,6,62.0
Pb2Sr2Y0.5Ca0.5Cu3F0.253O7.9858,7,68.0
Pb2Sr2Y0.5Ca0.5Cu3F0.5612O7.649,7,72.0
Pb2Sr2Y0.5Ca0.5Cu3F0.8115O7.3458,7,78.0
Pb2Sr2Y0.5Ca0.5Cu3F1.0031O7.2608,7,73.0
Pb0.5Cd0.5La1Sr1Cu1O5,6,35.0
Pb0.5Cd0.5La0.9Sr1.1Cu1O5,6,12.0
Pb0.5Cd0.5La1.1Sr0.9Cu1O5,6,37.0
Nd0.33Eu0.33Gd0.33Ba2Cu3O,6,94.1
Nd0.33Sm0.33Gd0.33Ba2Cu3O,6,93.1
Nd0.33Sm0.33Eu0.33Ba2Cu3O,6,95.3
Sm0.33Eu0.33Gd0.33Ba2Cu3O,6,93.1
La0.7Pr0.3Ca1Ba1Cu3O7,6,40.0
Nd1Ba2Cu3O7,4,96.0
Pr1.79Ce0.15Sr0.06Cu1O3.94,5,21.0
Pr1.74Ce0.15Sr0.11Cu1O3.96,5,18.0
Pr1.9Ce0.1Cu1O3.98,4,9.0
Pr1.87Ce0.13Cu1O3.99,4,16.0
Bi2Sr2Ca1Cu2Zn0.03C0.96H0.48N0.24O,9,61.6
Bi2Sr2Ca1Cu2Zn0.035C1.12H0.56N0.28O,9,60.6
Bi2Sr2Ca1Cu2Zn0.05C1.6H0.8N0.4O,9,55.5
Bi2Sr2Ca1Cu2Zn0.067C2.144H1.072N0.536O,9,45.3
Pr1.85Ce0.15Cu1O3.98,4,18.0
Pr1.83Ce0.17Cu1O3.99,4,13.0
Y1La0.2Ba1.8Cu3O7.06,5,48.9
Y1La0.2Ba1.8Cu3O7.16,5,61.7
Y1La0.2Ba1.8Cu3O7.26,5,67.6
Y1La0.2Ba1.8Cu3O7.36,5,89.1
Y1La0.2Ba1.8Cu3O7.46,5,89.8
Y1La0.2Ba1.8Cu3O7.49,5,90.4
Y1La0.2Ba1.8Cu3O7.57,5,89.6
Y1La0.2Ba1.8Cu3O7.62,5,87.9
Y1La0.2Ba1.8Cu3O7.64,5,88.1
Y1La0.2Ba1.8Cu3O7.74,5,89.1
Y1La0.2Ba1.8Cu3O7.77,5,89.8
Y1La0.2Ba1.8Cu3O7.79,5,90.4
La1.2Ba1.8Cu3O7.2,4,27.0
La1.2Ba1.8Cu3O7.3,4,27.0
Y0.8Pr0.2Ba2Cu3O7,5,58.7
Y0.8Pr0.2Ba2Cu3O7.1,5,57.6
Y0.8Pr0.2Ba2Cu3O7.2,5,63.3
Y0.8Pr0.2Ba2Cu3O7.3,5,62.6
Y0.8Pr0.2Ba2Cu3O7.4,5,59.8
Y0.8Pr0.2Ba2Cu3O7.5,5,62.9
Y0.8Pr0.2Ba2Cu3O7.55,5,68.3
Y0.8Pr0.2Ba23O7.6,4,66.5
Y0.8Pr0.2Ba2Cu3O7.65,5,66.5
Y0.8Pr0.2Ba2Cu3O7.67,5,67.5
Y0.8Pr0.2Ba2Cu3O7.79,5,65.4
Y0.8Pr0.2Ba2Cu3O8.04,5,64.4
Y0.8Pr0.2Ba2Cu3O8.06,5,65.8
Pb1.75Ca0.2Y1Sr2Cu3O8,6,45.0
Pb1.75Ca0.2Y1Sr2Cu2.85Cr0.15O8,7,35.0
Pb1.75Ca0.2Y0.8Sr2Cu3O8,6,75.0
Pb1.75Ca0.2Y0.8Sr2Cu2.85Cr0.15O8,7,65.0
Y1Ba2Cu3O,4,90.1
Y0.9Ca0.1Ba2Cu3O,5,85.2
Y0.8Ca0.2Ba2Cu3O,5,80.9
Y1Ba2Cu3O,4,63.1
Y0.9Ca0.1Ba2Cu3O6.5,5,79.3
Y0.8Ca0.2Ba2Cu3O,5,77.5
Y0.8Ca0.2Ba2Cu3O6.5,5,84.8
Y0.9Ca0.1Ba2Cu3O6.03,5,19.8
Y0.8Ca0.2Ba2Cu3O6.03,5,43.5
Hg0.65V0.35Sr2Ca0.45Nd0.55Cu2O,7,55.0
Hg0.65V0.35Sr2Ca0.55Nd0.45Cu2O6.8,7,67.0
Hg0.65V0.35Sr2Ca0.65Nd0.35Cu2O,7,81.5
Hg0.65V0.35Sr2Ca0.75Nd0.25Cu2O,7,89.0
Hg1Ba2Cu1O4,4,91.0
Hg1Ba2Cu1O4,4,35.0
Hg1Ba2Ca1Cu2O6,5,120.0
Hg1Ba2Ca2Cu3O8,5,115.0
Hg1Ba2Cu1FO4,5,97.0
Hg1Ba2Ca1Cu2FO6,6,128.0
Hg1Ba2Ca2Cu3FO8,6,135.0
Hg1Ba2Ca3Cu4O,5,111.0
Hg1Ba2Ca3Cu4FO,6,114.0
Hg1Ba2Ca4Cu5O,5,98.0
Hg1Ba2Ca4Cu5FO,6,109.0
Tl1Ba2Ca2Cu3O9,5,110.0
Tl0.8Bi0.2Ba2Ca2Cu3O9,6,116.0
Sr2Cu1O3.1,3,70.0
Sr3Cu2O5,3,100.0
Bi2Sr2Cu1O,4,15.5
Y1Ba2Cu3O8,4,93.0
Y1Ba1.95Nd0.05Cu3O,5,92.5
Y1Ba1.9Nd0.1Cu3O,5,93.0
Y1Ba1.85Nd0.15Cu3O,5,92.0
Y1Ba1.8Nd0.2Cu3O,5,92.0
Y1Ba1.75Nd0.25Cu3O,5,93.0
Y1Ba1.7Nd0.3Cu3O,5,85.0
Y1Ba1.65Nd0.35Cu3O,5,88.0
Y1Ba1.6Nd0.4Cu3O,5,86.0
Y1Ba1.5Nd0.5Cu3O,5,30.0
Sr2.1Ca0.9Cu2O5,4,100.0
Hg1Ba2Ca2Cu3O,5,110.3
Hg1Ba2Ca2Cu3O,5,126.0
Hg1Ba2Ca2Cu3F0.1O,6,127.4
Hg1Ba2Ca2Cu3F0.2O,6,128.4
Hg1Ba2Ca2Cu3Fe0.3O,6,128.5
Tm1.83Ca0.17Cu1O4,4,30.0
Ba0.9K0.1Pb1O3,4,30.0
La1.85Sr0.15Cu1O4,4,36.5
La1.85Sr0.15Cu0.98Li0.02O4,5,36.5
La1.85Sr0.15Cu0.97Li0.03O4,5,33.5
La1.85Sr0.15Cu0.95Li0.05O4,5,27.2
Nd2Cu1O4,3,27.0
Nd2Cu1F0.22O3.78,4,24.5
Nd2Cu1F0.24O3.76,4,27.0
Pb0.6Cu0.4Sr1La1Cu1O5.05,5,37.6
Pb0.6Cu0.4Sr1La1Cu1O5.06,5,37.8
Pb0.6Cu0.4Sr1La1Cu1O5.09,5,36.7
Pb0.6Cu0.4Sr1La1Cu1O5.12,5,35.9
Pb0.6Cu0.4Sr1La1Cu1O5.15,5,32.0
Pb0.6Cu0.4Sr1La1Cu1O5.19,5,25.1
Pb0.6Cu0.4Sr1La1Cu1O5.21,5,25.1
Pb0.6Cu0.4Sr1.1La0.9Cu1O5.07,5,33.9
Pb0.6Cu0.4Sr1.1La0.9Cu1O5.12,5,31.0
Pb0.6Cu0.4Sr1.1La0.9Cu1O5.18,5,28.0
Pb0.6Cu0.4Sr1.1La0.9Cu1O5.19,5,25.0
Pb0.6Cu0.4Sr0.8La1.2Cu1O5.06,5,28.7
Pb0.6Cu0.4Sr0.8La1.2Cu1O5.11,5,34.8
Pb0.6Cu0.4Sr0.8La1.2Cu1O5.29,5,25.2
Pb0.6Cu0.4Sr0.8La1.2Cu1O5.28,5,28.1
Pb0.6Cu0.4Sr0.9La1.1Cu1O5.06,5,37.6
Pb0.6Cu0.4Sr0.9La1.1Cu1O5.18,5,31.6
Pb0.6Cu0.4Sr0.9La1.1Cu1O5.24,5,27.8
Pb0.5Cu0.5Sr1La1Cu1O5.03,5,36.7
Pb0.5Cu0.5Sr1La1Cu1O5.05,5,36.7
Pb0.5Cu0.5Sr1La1Cu1O5.1,5,31.9
Pb0.5Cu0.5Sr1La1Cu1O5.15,5,28.0
Pb0.5Cu0.5Sr1La1Cu1O5.19,5,24.1
Pb0.5Cu0.5Sr0.8La1.2Cu1O5.01,5,38.7
Pb0.5Cu0.5Sr0.8La1.2Cu1O5.1,5,34.9
Pb0.5Cu0.5Sr0.8La1.2Cu1O5.16,5,28.0
Pb0.5Cu0.5Sr0.8La1.2Cu1O5.25,5,25.2
Pb0.5Cu0.5Sr0.9La1.1Cu1O5.02,5,38.5
Pb0.5Cu0.5Sr0.9La1.1Cu1O5.08,5,37.7
Pb0.5Cu0.5Sr0.9La1.1Cu1O5.16,5,28.1
Pb0.5Cu0.5Sr0.9La1.1Cu1O5.22,5,24.9
Hg1Ba2Ca2Cu3Fe0.5O,6,128.2
Hg1Ba2Ca2Cu3Fe0.6O,6,130.0
Hg1Ba2Ca2Cu3Fe0.8O,6,128.4
Hg1Ba2Ca2Cu3Fe1O,6,125.2
Ba1.6Sr0.4Yb1Cu3O6.96,5,82.0
Ba1.6Sr0.4Yb1Cu3O6.8,5,81.0
Ba1.6Sr0.4Yb1Cu3O6.75,5,60.0
Ba1.6Sr0.4Yb1Cu3O6.64,5,47.0
Ba1.6Sr0.4Yb1Cu3O6.53,5,34.0
Ba1.6Sr0.4Yb1Cu3O6.48,5,10.0
Ba1.6Sr0.4Yb0.95Ca0.05Cu3O6.8,6,80.0
Ba1.6Sr0.4Yb0.95Ca0.05Cu3O6.76,6,80.0
Ba1.6Sr0.4Yb0.95Ca0.05Cu3O6.58,6,55.0
Ba1.6Sr0.4Yb0.95Ca0.05Cu3O6.56,6,30.0
Ba1.6Sr0.4Yb0.85Ca0.15Cu3O6.83,6,76.0
Ba1.6Sr0.4Yb0.85Ca0.15Cu3O6.6,6,61.0
Ba1.6Sr0.4Yb0.85Ca0.15Cu3O6.36,6,19.0
Ba1.6Sr0.4Yb0.75Ca0.25Cu3O6.68,6,74.0
Ba1.6Sr0.4Yb0.75Ca0.25Cu3O6.51,6,66.0
Ba1.6Sr0.4Yb0.75Ca0.25Cu3O6.3,6,34.0
Ba1.6Sr0.4Yb0.75Ca0.25Cu3O6.19,6,25.0
Ba1.6Sr0.4Yb0.75Ca0.25Cu3O6.19,6,23.0
Ba1.6Sr0.4Yb0.75Ca0.25Cu3O6,6,22.0
Ba1.6Sr0.4Yb0.65Ca0.35Cu3O6.63,6,77.0
Ba1.6Sr0.4Yb0.65Ca0.35Cu3O6.53,6,78.0
Ba1.6Sr0.4Yb0.65Ca0.35Cu3O6.52,6,79.0
Ba1.6Sr0.4Yb0.65Ca0.35Cu3O6.45,6,73.0
Ba1.6Sr0.4Yb0.65Ca0.35Cu2O6.4,6,61.0
Ba1.6Sr0.4Yb0.65Ca0.35Cu3O6.28,6,51.0
Ba1.6Sr0.4Yb0.8Ca0.2Cu3O6.04,6,13.0
Ba1.6Sr0.4Yb0.7Ca0.3Cu3O6,6,41.0
Cu1Ba1.6Sr0.4Yb0.65Ca0.35Cu2O6.15,6,48.0
Ba1.6Sr0.4Yb0.65Ca0.35Cu3O6.15,6,49.0
Ba1.6Sr0.4Yb0.65Ca0.35Cu3O6.04,6,50.0
Ba1.6Sr0.4Yb0.6Ca0.4Cu3O6.61,6,76.0
Ba1.6Sr0.4Yb0.6Ca0.4Cu3O6.36,6,75.0
Ba1.6Sr0.4Yb0.6Ca0.4Cu3O6.25,6,53.0
Ba1.6Sr0.4Yb0.6Ca0.4Cu3O6.14,6,47.0
Ba1.6Sr0.4Yb0.6Ca0.4Cu3O6.14,6,46.0
Ba1.6Sr0.4Yb0.6Ca0.4Cu3O6.04,6,47.0
Hg0.75Ba2.07Ca2.07Cu3.11O8.136,5,132.9
Hg0.92Ba2.05Cu1.03O4.044,4,90.7
Bi2Sr2Ca1Cu1.95K0.5O8,6,85.0
Bi2Sr2Ca1Cu1.4K0.6O8,6,87.0
Bi2Sr2Ca1Cu1.3K0.7O8,6,93.0
Hg1Ba2Ca4Cu5O,5,100.0
Hg1Ba2Ca4Cu5O,5,85.0
Hg1Ba2Ca4Cu5O,5,106.0
Hg1Ba2Ca4Cu5O,5,111.0
Hg1Ba2Ca3Cu4O,5,116.0
Hg1Ba2Ca3Cu4O,5,95.0
Hg1Ba2Ca3Cu4O,5,125.0
Y0.74Ca0.16Sr2.1Cu2.78S0.22O7,6,25.0
Y1Ca1Ba4Cu5N0.3C0.7O14,7,82.0
Tl0.5Bi0.5Sr4Cu2C1O10,6,55.0
Tl0.5Bi0.5Sr4Cu2C1O10,6,52.0
Tl0.7Bi0.3Sr4Cu2C1O10,6,50.0
Tl0.7Bi0.3Sr4Cu2C1O10,6,48.0
Bi2Sr4Cu2C1O11,5,30.0
Tl0.5Pb0.5Sr4Cu2C7.75O23.25,6,23.0
Tl0.5Pb0.5Sr4Cu2C7.75O23.25,6,63.0
Tl0.5Pb0.5Sr4Cu2C7O21,6,60.0
Tl0.5Pb0.5Sr4Cu2C7O21,6,70.0
Ba1.1Sr0.9Cu1.1C0.9O4.9,5,26.0
Y1Sr1Ba1Cu2.75B0.25O,6,35.0
Y0.5Ca0.5Sr1Ba1Cu2.75B0.25O,7,50.0
Bi2Sr4Cu2C1O11,5,32.0
Y0.5Ca0.5Sr0.7Ba1.3Cu2.6C0.4O7,7,79.0
Pr0.5Ca0.5Sr0.7Ba1.3Cu2.6C0.4O7,7,30.0
Nd0.5Ca0.5Sr0.7Ba1.3Cu2.6C0.4O7,7,74.0
Sm0.5Ca0.5Sr0.7Ba1.3Cu2.6C0.4O7,7,77.0
Eu1.5Pr0.5Sr0.7Ba1.3Cu2.6C0.4O7,7,78.0
Gd0.5Ca0.5Sr0.7Ba1.3Cu2.6C0.4O7,7,78.0
Dy0.5Ca0.5Sr0.7Ba1.3Cu2.6C0.4O7,7,78.0
Ho0.5Ca0.5Sr0.7Ba1.3Cu2.6C0.4O7,7,79.0
Er0.5Ca0.5Sr0.7Ba1.3Cu2.6C0.4O7,7,80.0
Tm0.5Ca0.5Sr0.7Ba1.3Cu2.6C0.4O7,7,79.0
Yb0.5Ca0.5Sr0.7Ba1.3Cu2.6C0.4O7,7,78.0
Lu0.5Ca0.5Sr0.7Ba1.3Cu2.6C0.4O7,7,77.0
Y0.74Ca0.16Sr2.1Cu2.78S0.22O7,6,34.9
Y0.74Ca0.16Sr1.6Ba0.5Cu2.78S0.22O7,7,54.9
Y0.74Ca0.16Sr1.1Ba1Cu2.78S0.22O7,7,75.1
Y0.74Ca0.16Sr0.6Ba1.5Cu2.78S0.22O7,7,77.9
Y0.84Sr2.16Cu2.78S0.22O7,5,45.0
Y0.84Sr1.16Ba1Cu2.78S0.22O7,6,78.1
Ca0.9Sr2.1Cu2C0.75O,5,92.0
Y0.7Ca0.3Sr2Cu2.8P0.2O0.8,6,37.0
Y1Ba1Sr1Cu2.8P0.2O4,6,47.0
Y0.7Ca0.3Ba1Sr1Cu2.8P0.2O0.8,7,68.0
Hg0.75Ba2.07Ca2.07Cu3.11O8.15,5,134.7
Hg0.75Ba2.07Ca2.07Cu3.11O8.16,5,134.2
Hg0.75Ba2.07Ca2.07Cu3.11O8.187,5,135.4
Hg0.75Ba2.07Ca2.07Cu3.11O8.208,5,135.8
Hg0.75Ba2.07Ca2.07Cu3.11O8.223,5,133.4
Hg0.92Ba2.05Cu1.03O4.05,4,93.8
Hg0.92Ba2.05Cu1.03O4.058,4,92.1
Hg0.92Ba2.05Cu1.03O4.062,4,96.5
Hg0.92Ba2.05Cu1.03O4.063,4,93.4
Hg0.92Ba2.05Cu1.03O4.065,4,91.6
Hg0.92Ba2.05Cu1.03O4.079,4,79.2
Hg0.92Ba2.05Cu1.03O4.087,4,70.3
Hg0.92Ba2.05Cu1.03O4.103,4,63.6
Bi2Sr2Ca1Cu1.5K0.5O8,6,85.0
Hg0.97Re0.03Ba2Ca2Cu3O8,6,130.0
Hg0.9Re0.1Ba2Ca1Cu2O6,6,120.0
Bi2Sr1.7Hg0.3Ca1Cu2O,6,72.5
Bi2Sr1.7Hg0.3Ca1Cu2O,6,81.0
Bi2Sr1.7Hg0.3Ca2Cu3O,6,74.5
Bi2Sr1.7Hg0.3Ca2Cu3O,6,111.0
Ga1Sr1.8Ca0.2Yb0.78Ca0.42Cu2O,6,20.0
Ga1Sr1.8Ca0.2Yb0.75Ca0.45Cu2O,6,52.0
La1Ba2Cu3O,4,70.3
La1Ba2Cu2.97Fe0.03O,5,55.2
La1Ba2Cu2.9Fe0.1O,5,10.0
Y1Ba2Cu4O8,4,77.0
Y1Ba2Cu3.975Fe0.025O8,5,66.0
Y1Ba2Cu3.95Fe0.05O8,5,51.0
Y1Ba2Cu3.925Fe0.075O8,5,35.0
Y1Ba2Cu3.9Fe0.1O8,5,10.0
Y2Ba4Cu7O15,4,80.0
Y2Ba4Cu7F0.6O,5,40.0
Y2Ba4Cu7F1.2O,5,56.0
Y2Ba4Cu7F1.7O,5,62.0
La0.75Nd0.25Ba1Ca1Cu3O7,6,55.0
Nd1Ba1Ca1Cu3O7,5,33.0
La0.75Sm0.25Ba1Ca1Cu3O7,6,71.0
La0.5Sm0.5Ba1Ca1Cu3O7,6,66.0
La0.25Sm0.75Ba1Ca1Cu3O7,6,65.0
La0.8Pr0.2Ba1Ca1Cu3O7,6,52.0
La0.6Pr0.6Ba1Ca1Cu3O7,6,28.0
La0.4Pr0.4Ba1Ca1Cu3O7,6,14.0
La1.82Ca1.18Cu2O6,4,55.0
La0.75Dy0.25Ba1Ca1Cu3O7,6,56.0
La0.5Dy0.5Ba1Ca1Cu3O7,6,55.0
La0.25Dy0.75Ba1Ca1Cu3O7,6,59.0
Y0.9Pr0.1Ba2Cu4O8,5,66.0
Y0.8Pr0.2Ba2Cu4O8,5,60.0
Y0.6Pr0.4Ba2Cu4O8,5,54.0
Y0.5Pr0.5Ba2Cu4O8,5,50.0
Y0.4Pr0.6Ba2Cu4O8,5,40.0
Y0.3Pr0.7Ba2Cu4O8,5,20.0
Y2Ba4Cu7O15,4,84.0
Y1.8Pr0.2Ba4Cu7O15,5,70.0
Y1.6Pr0.4Ba4Cu7O15,5,74.0
Y1.4Pr0.6Ba4Cu7O15,5,63.0
Y1.2Pr0.8Ba4Cu7O15,5,57.0
Y1Pr1Ba4Cu7O15,5,44.0
Y0.8Pr1.2Ba4Cu7O15,5,33.0
Y0.6Pr1.4Ba4Cu7O15,5,10.0
Y1Ba2Cu3O6.765,4,75.8
Y1Ba2Cu3H0.1O6.765,5,73.0
Y1Ba2Cu3H0.24O6.765,5,68.0
Y1Ba2Cu3O6.795,4,82.5
Y1Ba2Cu3H0.1O6.795,5,75.0
Y1Ba2Cu3H0.2O6.795,5,72.5
Cu0.25Tl0.75Ba2Ca2Cu3O11,5,108.0
Cu0.25Tl0.75Ba2Ca2Cu3O11,5,121.0
Cu0.25Tl0.75Ba2Ca2Cu3O11,5,117.0
Cu0.75Ti0.25Sr2Y1.3Ce0.7Cu2O8.71,6,21.0
Cu0.75V0.25Sr2Y1.3Ce0.7Cu2O8.77,6,24.5
Cu0.75Cr0.25Sr2Y1.3Ce0.7Cu2O8.87,6,8.0
Cu0.75Co0.25Sr2Y1.3Ce0.7Cu2O8.43,6,24.0
Cu0.75Ga0.25Sr2Y1.3Ce0.7Cu2O8.6,6,12.0
Cu0.75Ge0.25Sr2Y1.3Ce0.7Cu2O8.59,6,17.5
Cu0.75Ce0.25Sr2Y1.3Ce0.7Cu2O8.91,5,10.0
Cu0.75W0.25Sr2Y1.3Ce0.7Cu2O8.81,6,31.5
Cu0.75Re0.25Sr2Y1.3Ce0.7Cu2O9.06,6,33.5
Cu0.75Mo0.25Sr2Y1.3Ce0.7Cu2O,6,40.0
Cu0.85Re0.15Sr2Y1.5Ce0.5Cu2O,6,43.0
Bi1.6Pb0.4Sr2Eu1.65Ce0.35Cu2O,7,31.5
Bi1.55Pb0.45Sr2Eu1.65Ce0.35Cu2O,7,33.0
Bi1.5Pb0.5Sr2Eu1.65Ce0.35Cu2O,7,33.0
Bi1.45Pb0.55Sr2Eu1.65Ce0.35Cu2O,7,34.0
Bi1.4Pb0.6Sr2Eu1.65Ce0.35Cu2O,7,35.0
Bi1.3Pb0.7Sr2Eu1.65Ce0.35Cu2O,7,37.0
Bi1.2Pb0.8Sr2Eu1.65Ce0.35Cu2O,7,38.5
Bi1.1Pb0.9Sr2Eu1.65Ce0.35Cu2O,7,38.0
Cu6.5Sr2Ca5Cr0.5O15.17,5,32.0
Cu7.5Sr2Ca6Cr0.5O17.1,5,10.0
Cu2.5Sr2Ca1Cr0.5O7.5,5,81.0
Cu3.5Sr2Ca2Cr0.5O9.55,5,103.0
Cu4.5Sr2Ca3Cr0.5O11.45,5,71.0
Cu5.5Sr2Ca4Cr0.5O13.35,5,65.0
La1Ba1.5Sr0.5Cu3O7,5,52.4
Nd1Ba1.5Sr0.5Cu3O7,5,56.4
Sm1Ba1.5Sr0.5Cu3O7,5,70.7
Eu1Ba1.5Sr0.5Cu3O7,5,76.8
Gd1Ba1.5Sr0.5Cu3O7,5,85.6
Dy1Ba1.5Sr0.5Cu3O7,5,86.5
Ho1Ba1.5Sr0.5Cu3O7,5,86.8
Y1Ba1.5Sr0.5Cu3O7,5,87.4
Tl1Sr2Ba2Cu2C2.7N0.3O7,7,49.0
Tl1Sr2Ba2Cu2C2.4N0.6O7,7,49.0
Tl0.5Pb0.5Sr4Cu2C0.9N0.1O7,7,76.0
Tl0.5Pb0.5Sr4Cu2C0.7N0.3O7,7,70.0
Tl0.5Pb0.5Sr4Cu2C0.5N0.5O7,7,70.0
Tl0.78Bi0.22Sr1.6Ba0.4Ca2Cu3O9,7,108.0
Hg0.7Cr0.3Sr2Cu1O4,5,63.0
Hg1Ba2Cu1O4.08,4,96.0
Bi2Sr2Ca1Cu1.4K0.6O8,6,85.0
Bi2Sr2Ca1Cu1.3K0.7O8,6,87.0
Bi2Sr2Ca1Cu1.2K0.8O8,6,93.0
Bi2Sr2Ca1Cu2O8.218,5,70.0
Hg1Ba2Cu1O4.049,4,70.0
Hg1Ba2Cu1O4.055,4,78.2
Hg1Ba2Cu1O4.066,4,88.5
Hg1Ba2Cu1O4.096,4,95.6
Hg1Ba2Cu1O4.097,4,95.3
Hg1Ba2Cu1O4.1,4,94.1
Hg1Ba2Cu1O4.101,4,93.4
Hg1Ba2Cu1O4.103,4,92.5
Hg1Ba2Cu1O4.105,4,90.9
Hg1Ba2Cu1O4.108,4,89.1
Bi1.6Pb0.4Sr2Cu3Ca2O10.13,6,102.0
Bi1.6Pb0.4Sr2Cu3Ca2O10.11,6,84.0
Bi1.6Pb0.4Sr2Cu3Ca2O10.08,6,60.0
Bi1.6Pb0.4Sr2Cu3Ca2O10.04,6,45.0
Y1Ba2Cu3Li0.02O7,5,89.3
Y1Ba2Cu3Li0.02O7,5,89.1
Y1Ba2Cu3Li0.02O7,5,89.4
Y1Ba2Cu3Li0.02O7,5,88.3
Y1Ba2Cu3Li0.06O7,5,87.1
Y1Ba2Cu3Li0.06O7,5,86.7
Y1Ba2Cu3Li0.06O7,5,88.8
Y1Ba2Cu3Li0.06O7,5,86.8
Bi1.6Pb0.4Sr2Ca2Cu3O10.34,6,67.1
Bi1.6Pb0.4Sr2Ca2Cu3O10.24,6,73.3
Bi1.6Pb0.4Sr2Ca2Cu3O10.15,6,97.0
Bi1.6Pb0.4Sr2Ca2Cu3O10.07,6,102.3
Bi1.6Pb0.4Sr2Ca2Cu3O9.91,6,104.4
Bi1.8Pb0.2Sr2Ca1Cu2O8,6,67.0
Bi1.8Pb0.2Sr2Ca1Cu2O8,6,78.0
Bi1.8Pb0.2Sr2Ca1Cu2O8,6,89.0
Bi1.8Pb0.2Sr2Ca1Cu2O8,6,92.0
Bi1.8Pb0.2Sr2Ca1Cu2O8,6,91.0
Bi1.8Pb0.2Sr2Ca1Cu2O8,6,87.0
Bi1.8Pb0.2Sr2Ca1Cu2O8,6,81.0
Bi1.8Pb0.2Sr2Ca1Cu2O8,6,70.0
Ba0.6K0.4Bi1O3,4,31.0
Ba0.66K0.34Bi1O3,4,30.0
Ba0.76K0.24Bi1O3,4,28.0
Ba0.83K0.17Bi1O3,4,20.0
Y0.8Pr0.2Ba2Cu3O7,5,65.0
Y0.7Pr0.2Cd0.1Ba2Cu3O7,6,59.0
Y0.5Pr0.2Cd0.3Ba2Cu3O7,6,42.0
Y0.5Pr0.2Cd0.2Ca0.1Ba2Cu3O7,7,54.0
Y0.5Pr0.2Cd0.1Ca0.2Ba2Cu3O7,7,68.0
Y0.5Pr0.2Ca0.3Ba2Cu3O7,6,74.0
Y1Ba2Cu3O6.96,4,92.3
Y0.975Ca0.025Ba2Cu3O6.95,5,91.5
Y0.95Ca0.05Ba2Cu3O6.94,5,88.2
Y0.925Ca0.075Ba2Cu3O6.93,5,86.3
Y0.9Ca0.1Ba2Cu3O6.93,5,83.3
Y0.85Ca0.15Ba2Cu3O6.9,5,79.0
Y0.8Ca0.2Ba2Cu3O6.89,5,78.2
Y1Ba2Cu3O6.73,4,63.7
Y0.975Ca0.025Ba2Cu3O6.72,5,70.8
Y0.95Ca0.05Ba2Cu3O6.7,5,72.0
Y0.925Ca0.075Ba2Cu3O6.68,5,75.1
Y0.9Ca0.1Ba2Cu3O6.66,5,80.0
Y0.85Ca0.15Ba2Cu3O6.58,5,80.6
Y0.8Ca0.2Ba2Cu3O6.53,5,80.9
Ba0.65K0.35Bi1O3,4,30.0
Ba0.55K0.45Bi1O3,4,30.0
Cu0.5C0.5Sr2Ca1Cu2O7,5,90.0
Cu0.5C0.5Sr2Ca1Cu5O10.8,5,41.0
Cu0.5N0.25C0.25Sr2Ca2Cu3O,6,90.0
Cu0.5N0.25C0.25Sr2Ca3Cu4O,6,113.0
Cu0.5N0.25C0.25Sr2Ca4Cu5O,6,65.0
Cu0.5N0.25C0.25Sr2Ca5Cu6O,6,52.0
Hg1Ba2Ca2Cu3O8,5,107.0
Hg1Ba2Ca2Cu3O8,5,118.0
B0.7C0.3Ba1.5Sr0.5Ca2Cu3O,7,117.65
B0.65C0.35Ba1.4Sr0.6Ca2Cu3O,7,119.6
Bi2Sr2Ca1Cu2O,5,86.3
Bi2Sr2Ca0.65Pr0.35Cu2O,6,69.4
Bi2Sr2Ca0.55Pr0.45Cu2O,6,47.5
Bi2Sr2Ca0.46Pr0.54Cu2O,6,31.4
Bi2Sr2Ca0.4Pr0.6Cu2O,6,0.4
Ba0.63K0.37Bi1O3,4,29.0
Ba0.59K0.41Bi1O3,4,31.0
Ba0.6K0.4Bi1O3,4,31.4
Ba0.62K0.38Bi1O3.1,4,29.5
Ba0.63K0.37Bi1O3,4,32.0
Ba0.5K0.5Bi1O3,4,15.5
Ba0.54K0.46Bi1O3,4,18.0
Ba0.6K0.4Bi1O3,4,30.8
Ba0.51K0.49Bi1O3,4,17.2
Ba0.65K0.35Bi1O3,4,31.8
Eu1Ba1Sr1Cu3O6.95,5,84.0
Eu1Ba1Sr0.9Ca0.1Cu3O6.95,6,81.0
Eu1Ba1Sr0.8Ca0.2Cu3O6.95,6,75.0
Eu1Ba1Sr0.7Ca0.3Cu3O6.95,6,75.0
Gd1Ba2Cu4O8,4,77.0
Gd1Ba1.9Sr0.1Cu4O8,5,77.0
Gd1Ba1.8Sr0.2Cu4O8,5,77.0
Ho1Ba2Cu4O8,4,82.0
Ho1Ba1.8Sr0.2Cu4O8,5,82.0
Ho1Ba1.6Sr0.4Cu4O8,5,82.0
Y1Ba2Cu3Co0.1O,5,91.0
Y1Ba2Cu2.9O,4,74.0
Tl1Sr2Ba2Cu2C0.9N0.1O10,7,61.0
Tl1Sr2Ba2Cu2C0.9N0.1O10,7,43.0
Tl1Sr2Ba2Cu2C0.8N0.2O10,7,61.0
Tl1Sr2Ba2Cu2C0.8N0.2O10,7,49.0
Pb0.5Tl0.5Sr4Cu2C0.9N0.1O10,7,40.0
Pb0.5Tl0.5Sr4Cu2C0.9N0.1O10,7,76.0
Pb0.5Tl0.5Sr4Cu2C0.7N0.3O10,7,28.0
Pb0.5Tl0.5Sr4Cu2C0.7N0.3O10,7,70.0
Pb0.5Tl0.5Sr4Cu2C0.5N0.5O10,7,24.0
Pb0.5Tl0.5Sr4Cu2C0.5N0.5O10,7,70.0
Sr2.3Ca0.7Cu2Cl1.3O4,5,80.0
Y1Ba2Cu2.955Au0.045O7,5,91.5
La1Ba1Ca1Cu3O7,5,63.0
Ca0.27Sr0.63Cu1O2,4,110.0
Ca0.285Sr0.665Cu1O2,4,100.0
Ca0.285Sr0.665Cu1O2,4,40.0
Sr0.9Nd0.1Cu1O2,4,44.0
Sr0.9Gd0.1Cu1O2,4,44.0
Sr0.9Sm0.1Cu1O2,4,44.0
Sr2Ca1Cu2F2O4.6,5,99.0
Sr2Ca2Cu3F3.2O6.2,5,111.0
Sr2Ca1Cu2O5.5,4,77.0
Sr2Ca2Cu3O5.5,4,109.0
Sr2Ca1Cu2.8O7.5,4,83.0
Y0.6Pr0.2Cd0.2Ba2Cu3O7,6,49.0
Ba0.5K0.5Bi1O3,4,23.5
Ba0.6K0.4Bi1O3,4,28.6
La1Ba1Cu2.94Co0.06O7,5,57.0
La1Ba1Cu2.88Co0.12O7,5,40.0
La1Ba1Cu2.82Co0.18O7,5,14.0
Bi2Sr2Ca0.89Pr0.11Cu2O,6,87.8
Bi2Sr2Ca0.83Pr0.17Cu2O,6,84.3
Bi2Sr2Ca0.72Pr0.28Cu2O,6,73.0
Sr1Ca2Cu3O,4,109.0
Bi2Sr2Ca1Cu2O8.234,5,84.0
Bi2Sr2Ca1Cu2O8.248,5,86.0
Bi2Sr2Ca1Cu2O8.26,5,91.0
Bi2Sr2Ca1Cu2O8.272,5,92.2
Bi2Sr2Ca1Cu2O8.288,5,90.2
Bi2Sr2Ca1Cu2O8.291,5,89.1
Bi2Sr2Ca1Cu2O8.293,5,87.5
Y1Ba2Cu3O6.54,4,40.0
Y1Ba2Cu3O6.6,4,42.0
Y1Ba2Cu3O6.72,4,58.0
Y1Ba2Cu3O6.74,4,60.0
Y1Ba2Cu3O6.8,4,77.0
Y1Ba2Cu3O6.85,4,77.0
Y1Ba2Cu3O6.88,4,82.0
Pr0.5Ca0.5Ba2Cu3O7,5,52.0
Pr0.4Ca0.6Ba2Cu3O7,5,33.0
Pr0.6Ca0.4Ba2Cu3O7,5,39.0
Pr0.5Ca0.5Ba2Cu3O7,5,98.0
Pr0.4Ca0.6Ba2Cu3O7,5,75.0
La1.82Ca1.16Y0.02Cu2O6,5,40.0
Bi1.8Pb0.3Sr2Ca2Cu3O,6,106.35
Bi1.8Pb0.3Sr2Ca2Cu2.97V0.03O,7,106.6
Bi1.8Pb0.3Sr2Ca2Cu2.94V0.06O,7,106.95
Bi1.8Pb0.3Sr2Ca2Cu2.91V0.09O,7,105.55
La1.798Nd0.052Ca0.15Cu1O4,5,31.6
La1.736Nd0.117Ca0.138Ba0.012Cu1O4,6,29.4
La1.65Nd0.2Ca0.122Ba0.028Cu1O4,6,27.1
La1.562Nd0.288Ca0.106Ba0.044Cu1O4,6,23.0
La1.85Sr0.15Cu1O4,4,32.5
La1.85Sr0.12Ca0.016Ba0.014Cu1O4,6,30.0
La1.85Sr0.09Ca0.034Ba0.026Cu1O4,6,28.5
La1.85Sr0.06Ca0.05Ba0.04Cu1O4,6,27.0
La1.85Sr0.03Ca0.066Ba0.054Cu1O4,6,24.0
La1.85Sr0.016Ca0.074Ba0.06Cu1O4,6,23.5
La1.85Ca0.082Ba0.068Cu1O4,5,20.0
La1.8Nd0.05Ca0.074Ba0.076Cu1O4,6,2.05
La1.75Nd0.1Ca0.064Ba0.086Cu1O4,6,18.0
La1.7Nd0.15Ca0.056Ba0.094Cu1O4,6,16.0
La1.85Sr0.038Ba0.112Cu1O4,5,32.0
La1.842Nd0.008Sr0.036Ba0.114Cu1O4,6,31.7
La1.812Nd0.038Sr0.026Ba0.124Cu1O4,6,31.1
La1.776Nd0.074Sr0.014Ba0.136Cu1O4,6,30.0
La1.736Nd0.116Ba0.15Cu1O4,5,29.0
Al1Sr2Ho0.5Ca0.5Cu2O7.05,6,18.0
Al1Sr2Ho0.4Ca0.6Cu2O7,6,24.0
B1Sr2Ca4Cu5O13,5,85.0
Hg0.8Ba2Cu1.2O4,4,94.0
Y1Ba2Cu3O,4,83.0
Pb0.5V0.5Sr2Ca0.7Y0.3Cu2O,7,61.0
Sr2Ru1O4,3,2.7
Sr2Ru1O4,3,1.5
Ba1K1Bi1O4,4,23.0
Bi2Sr2Ca1Cu2O,5,95.0
Tl2Ba2Cu1O6,4,37.0
Sr0.86Nd0.14Cu1O2,4,40.0
Sr0.83Nd0.17Cu1O2,4,35.0
Sr0.81Nd0.19Cu1O2,4,18.0
Sr0.84Nd0.16Cu1O2.01,4,40.0
Ba0.54K0.46Bi1O3,4,23.0
Ba0.5K0.5Bi1O3,4,20.0
Cu4Ba2Ca2O8,4,67.0
Cu4Ba2Ca2O8,4,78.0
Cu4Ba2Ca2O8,4,82.0
Cu4Ba2Ca2O8,4,100.0
Cu4Ba2Ca2O8,4,110.0
Cu4Ba2Ca2O8,4,118.0
Hg0.9Re0.1Ba2Ca2Cu3O,6,135.0
Hg0.9Re0.1Ba2Ca2Cu3O,6,128.0
Hg0.8Re0.2Ba2Ca2Cu3O,6,133.0
Hg1Ba2Ca2Cu3O8,5,130.0
Hg1Ba2Ca2Cu3O8,5,120.0
Hg0.77Re0.23Ba2Ca2Cu3O8,6,130.0
Tl1Sr1.9Cr0.1Cu1O5,5,37.5
Tl1Sr1.8Cr0.2Cu1O5,5,43.0
Tl1Sr1.7Cr0.3Cu1O5,5,47.0
Tl1Sr1.6Cr0.4Cu1O5,5,48.0
Tl1Sr1.7Cr0.3Cu1O5,5,76.0
Bi2Sr2Ca1Cu2O,5,87.5
H1Bi2Sr2Ca1Cu2O,6,87.5
Tl0.6Pb0.4Sr1.7Ba0.3Ca1Cu2O,7,89.0
Y0.5Ca0.5Ba2Cu3O,5,77.0
Y0.984Ca0.016Ba2Cu3O6.986,5,89.5
Y0.899Ca0.101Ba2Cu3O6.943,5,83.0
Y0.868Ca0.132Ba2Cu3O6.928,5,75.0
Ba1K1Bi1O3,4,23.3
Cs1Sr1Bi0.25Pb0.75O3,5,7.5
I1Bi2Sr1.5Ca1.5Cu2O,6,63.2
Hg1I2Bi2Sr1.5Ca1.5Cu2O,7,68.0
I1Bi2Sr1.6La0.4Cu1O,6,22.1
Hg1I2Bi2Sr1.6La0.4Cu1O,7,22.1
Tl2Ba2Ca2Cu3O,5,122.5
Tl2Ba2Ca2Cd0.1Cu3O,6,123.5
Tl2Ba2Ca2Cd0.2Cu3O,6,125.5
Tl2Ba2Ca2Cd0.3Cu3O,6,124.0
Gd1.4Ce0.6Sr2Cu2Ti1O10,6,11.0
Nd1Ba2Cu3O6.98,4,91.0
Nd1Ba1.9La0.1O6.86,4,83.5
Nd1Ba1.8La0.2O6.81,4,78.5
Nd1Ba1.7La0.3O6.77,4,57.5
Nd1Ba1.65La0.35O6.69,4,36.5
Nd1Ba1.6La0.4O6.68,4,37.0
Nd0.9Ca0.1Ba0.6La0.4Cu3O6.7,6,54.5
Nd0.8Ca0.2Ba0.6La0.4Cu3O6.72,6,72.0
Nd0.7Ca0.3Ba0.6La0.4Cu3O6.79,6,75.0
Nd0.6Ca0.4Ba0.6La0.4Cu3O6.83,6,84.0
Nd0.5Ca0.5Ba0.6La0.4Cu3O6.77,6,80.5
Nd0.4Ca0.6Ba0.6La0.4Cu3O6.71,6,78.5
Ho1Ba2Cu3O7,4,90.7
Ho0.95Pr0.05Ba2Cu3O7,5,60.5
Ho0.9Pr0.1Ba2Cu3O7,5,86.7
Ho0.85Pr0.15Ba2Cu3O7,5,81.2
Ho0.8Pr0.2Ba2Cu3O7,5,75.6
Ho0.75Pr0.25Ba2Cu3O7,5,67.5
Ho0.7Pr0.3Ba2Cu3O7,5,60.0
Ho0.65Pr0.35Ba2Cu3O7,5,53.4
Ho0.6Pr0.4Ba2Cu3O7,5,44.0
Ho0.55Pr0.45Ba2Cu3O7,5,39.8
Ho0.5Pr0.5Ba2Cu3O7,5,28.3
Ho0.48Pr0.52Ba2Cu3O7,5,25.8
Ho0.45Pr0.55Ba2Cu3O7,5,20.7
Ho0.43Pr0.57Ba2Cu3O7,5,9.51
Y0.8Ca0.2Ba2Cu3O,5,75.1
Y0.8Ca0.2Ba0.95La0.05Cu3O,6,77.5
Y0.8Ca0.2Ba0.9La0.1Cu3O,6,80.7
Y0.8Ca0.2Ba0.85La0.15Cu3O,6,81.4
Y0.8Ca0.2Ba0.8La0.2Cu3O,6,82.1
Y0.8Ca0.2Ba0.75La0.25Cu3O,6,75.1
Y0.8Ca0.2Ba0.7La0.3Cu3O,6,74.1
Y0.8Ca0.2Ba0.6La0.4Cu3O,6,62.3
Y0.8Ca0.2Ba0.5La0.5Cu3O,6,59.8
Y1Cu2.99Zn0.01O7,4,86.6
Y1Cu2.98Zn0.02O7,4,84.5
Y1Cu2.97Zn0.03O7,4,81.5
Hg1.2Tl0.8Ba2Ca2Cu3O,6,52.0
Hg1.2Tl0.8Ba2Ca3Cu4O,6,110.0
Hg1Tl1Ba2Ca1Cu2O,6,35.0
Hg1Tl1Ba2Ca4Cu5O,6,90.0
La3.1Y0.2Ca0.4Ba3.3Cu7O16.529,6,55.0
La5.8Y0.4Ca0.8Ba3.1Cu7O16.548,6,74.0
La2.5Y0.5Ca1Ba3Cu7O16.552,6,80.0
La2.1Y0.7Ca1.4Ba2.8Cu7O16.433,6,79.0
Hg0.8Bi0.2Sr2Ca2Cu3O8.35,6,102.0
Hg0.7Bi0.3Sr2Ca2Cu3O8.35,6,107.0
Hg0.5Bi0.5Sr2Ca2Cu3O8.35,6,107.0
Hg0.7Bi0.3Sr2Ca2Cu3O8.15,6,108.0
Hg0.7Bi0.3Sr2Ca2Cu3O8.65,6,104.0
Hg0.7Bi0.3Sr2Ca2Cu3O8.15,6,112.0
Nd1Ba1Ca1Cu3O7,5,37.0
Nd0.9Pr0.1Ba1Ca1Cu3O7,6,35.0
Nd0.75Pr0.25Ba1Ca1Cu3O7,6,26.0
Nd0.65Pr0.35Ba1Ca1Cu3O7,6,10.0
Y1Ba2Cu3O6.41,4,10.1
La1.86K0.14Cu1O3.97,4,33.0
Bi2Sr2Ca0.9Tb0.1Cu2O,6,92.0
Bi2Sr2Ca0.8Tb0.2Cu2O,6,83.0
Bi2Sr2Ca0.6Tb0.4Cu2O,6,33.0
Y1Ba2Cu3O,4,91.8
Y1Ba1.95La0.05Cu3O,5,82.2
Y1Ba1.9La0.1Cu3O,5,91.0
Y1Ba1.85La0.15Cu3O,5,89.7
Y1Ba1.8La0.2Cu3O,5,89.2
Y1Ba1.75La0.25Cu3O,5,88.5
Y1Ba1.7La0.3Cu3O,5,83.2
Y1Ba1.6La0.4Cu3O,5,55.2
Y1Ba1.5La0.5Cu3O,5,36.8
Ca2Ba2Cu3O9,4,107.0
C1Ca3Cu2O7.1,4,47.0
Cu0.25C0.75Ca3Cu2O6.85,4,47.0
Cu0.5C0.5Ca3Cu2O6.6,4,57.0
Ge0.3Cu0.7Sr2Ca2.9Y0.1Cu4O11.1,6,89.0
Ge0.3Cu0.7Sr2Ca3Cu4O11.05,5,7.0
Cu0.5P0.5Sr2Ca2Cu3O9.25,5,82.0
Cu0.5P0.5Sr2Ca1.9Y0.1Cu3O9.3,6,84.0
Cu0.5P0.5Sr2Ca1.8Y0.2Cu3O9.35,6,70.0
Cu0.5P0.5Sr2Ca1.7Y0.3Cu3O9.4,6,50.0
Cu0.5P0.5Sr2Ca1.9Y0.1Cu3O9.4,6,84.0
Cu0.5P0.5Sr2Ca1.8Y0.2Cu3O9.25,6,72.0
Cu0.5P0.5Sr2Ca1.8Y0.2Cu3O9.45,6,74.0
Cu0.5P0.5Sr2Ca1.8Y0.2Cu3O9.55,6,80.0
Cu0.5P0.5Sr2Ca1.8Y0.2Cu3O9.25,6,68.0
Cu0.5P0.5Sr2Ca1.8Y0.2Cu3O9.35,6,72.0
Cu0.5P0.5Sr2Ca1.8Y0.2Cu3O9.45,6,76.0
B1Sr2Ca2Cu3O5,5,75.0
B1Sr2Ca3Cu4O5,5,110.0
B1Sr2Ca4Cu5O5,5,85.0
La2Cu1O4.03,3,34.0
La2Cu1O4.044,3,34.0
La2Cu1O4.065,3,34.0
La2Cu1O4.11,3,42.0
La2Cu1O4.032,3,30.0
Pb1Sr2Cu1O5,4,20.0
Pb1Sr2Cu1O5,4,40.0
Y1Ba2Cu3O,4,90.2
Y1Ba1.95Pr0.05Cu3O,5,88.1
Y1Ba1.9Pr0.1Cu3O,5,83.3
Y1Ba1.85Pr0.15Cu3O,5,76.1
Y1Ba1.8Pr0.2Cu3O,5,67.0
Y1Ba1.75Pr0.25Cu3O,5,51.9
Y0.14Tm0.85Ba2Cu3O7,5,91.0
La2.5Y0.5Ca1Ba3Cu7Fe7O16.574,7,80.0
La2.5Y0.5Ca1Ba3Cu6.86Fe0.14O16.578,7,77.0
La2.5Y0.5Ca1Ba3Cu6.72Fe0.28O16.592,7,70.0
La2.5Y0.5Ca1Ba3Cu6.58Fe0.42O16.599,7,68.0
La2.5Y0.5Ca1Ba3Cu6.44Fe0.56O16.617,7,58.0
La2.5Y0.5Ca1Ba3Cu6.3Fe0.7O16.627,7,51.0
La2.5Y0.5Ca1Ba3Cu6.16Fe0.84O16.634,7,41.0
Y1Ba1.8Nd0.2Cu3O,5,90.8
Y0.95Ca0.05Ba1.8Nd0.2Cu3O,6,87.0
Y0.9Ca0.1Ba1.8Nd0.2Cu3O,6,84.6
Y0.85Ca0.15Ba1.8Nd0.2Cu3O,6,84.5
Y0.8Ca0.2Ba1.8Nd0.2Cu3O,6,85.8
Y0.75Ca0.25Ba1.8Nd0.2Cu3O,6,81.5
Y0.7Ca0.3Ba1.8Nd0.2Cu3O,6,78.7
Y0.6Ca0.4Ba1.8Nd0.2Cu3O,6,81.5
Y0.5Ca0.5Ba1.8Nd0.2Cu3O,6,34.0
Y0.8Ca0.2Ba2Cu3O,5,74.0
Y0.8Ca0.2Ba1.95Nd0.05Cu3O,6,76.0
Y0.8Ca0.2Ba1.9Nd0.1Cu3O,6,79.0
Y0.8Ca0.2Ba1.85Nd0.15Cu3O,6,83.0
Y0.8Ca0.2Ba0.8Nd0.2Cu3O,6,73.0
Y0.8Ca0.2Ba1.75Nd0.25Cu3O,6,69.0
Y0.8Ca0.2Ba1.7Nd0.3Cu3O,6,63.0
Y0.8Ca0.2Ba1.6Nd0.4Cu3O,6,58.0
Y0.8Ca0.2Ba1.5Nd0.5Cu3O,6,32.0
Y0.95Ca0.05Ba2Cu2.95Co0.05O6.96,6,88.0
Y0.9Ca0.1Ba2Cu2.9Co0.1O6.95,6,88.0
Y0.85Ca0.15Ba2Cu2.85Co0.15O6.97,6,86.0
Y0.8Ca0.2Ba2Cu2.8Co0.2O6.98,6,82.5
Y0.75Ca0.25Ba2Cu2.75Co0.25O7,6,82.5
Y0.7Ca0.3Ba2Cu2.7Co0.3O7.02,6,82.0
Y1Ba2Cu3O6.82,4,85.0
Y0.95Ca0.05Ba2Cu2.95Co0.05O6.84,6,72.5
Y0.9Ca0.1Ba2Cu2.9Co0.1O6.84,6,69.5
Y0.85Ca0.15Ba2Cu2.85Co0.15O6.83,6,67.5
Y0.8Ca0.2Ba2Cu2.8Co0.2O6.83,6,69.0
Y0.75Ca0.25Ba2Cu2.75Co0.25O6.82,6,67.5
Y0.7Ca0.3Ba2Cu2.7Co0.3O6.84,6,70.0
Y1Ba2Cu3O6.74,4,79.5
Y0.95Ca0.05Ba2Cu2.95Co0.05O6.75,6,64.0
Y0.9Ca0.1Ba2Cu2.9Co0.1O6.76,6,57.5
Y0.85Ca0.15Ba2Cu2.85Co0.15O6.78,6,57.5
Y0.8Ca0.2Ba2Cu2.8Co0.2O6.78,6,55.5
Y0.75Ca0.25Ba2Cu2.75Co0.25O6.8,6,61.0
Y0.7Ca0.3Ba2Cu2.7Co0.3O6.78,6,59.0
Pr1.85Ce0.15Cu1O4,4,18.0
Sr2Cu1F2O2,4,46.0
Y1Ba2Cu3O4,4,92.0
Tl0.5Pb0.5Sr1.6Ba0.4Ca2Cu3O,7,120.0
Tl0.5Pb0.5Sr1.6Ba0.4Ca2Cu3F0.1O,8,120.5
Tl0.5Pb0.5Sr1.6Ba0.4Ca2Cu3F2.2O,8,121.0
Tl0.5Pb0.5Sr1.6Ba0.4Ca2Cu3F3O,8,123.5
Hg0.8Ba2Cu1.2O4,4,97.0
Hg0.8Ba2Cu1.2O4,4,80.0
Hg0.8Ba2Cu1.2O4,4,75.0
Hg0.8Ba2Cu1.2O4,4,55.0
Hg0.8Ba2Cu1.2O4,4,92.0
Hg0.8Ba2Cu1.2O4,4,85.0
Hg0.8Ba2Cu1.2O4,4,62.0
La1.89Ca1.1Cu2O6,4,47.0
Nd2Cu1FO4,4,21.0
Bi2Sr2Ca1Cu2O8,5,89.0
Bi2Sr2Ca1Cu2O8,5,79.0
Bi2Sr2Ca1Cu2O8,5,71.0
Dy1Ba2Cu3O7,4,91.05
Sm1La0.8Sr0.2Cu1O3.95,5,28.8
Sm1La0.8Sr0.2Cu1O3.945,5,26.0
Sm1La0.8Sr0.2Cu1O3.94,5,24.6
Sm1La0.8Sr0.2Cu1O3.925,5,19.6
Nd1.83Ce0.17Cu1O4,4,12.0
Nd1.82Ce0.18Cu1O4,4,6.0
Nd1.8Ce0.2Cu1O4,4,1.3
Y1Ba2Cu3O6.96,4,88.0
Y0.95Pr0.05Ba2Cu3O6.96,5,87.5
Y0.9Pr0.1Ba2Cu3O6.96,5,83.0
Y0.8Pr0.2Ba2Cu3O6.96,5,70.0
Y0.7Pr0.3Ba2Cu3O6.96,5,57.0
Y0.6Pr0.4Ba2Cu3O6.96,5,32.0
Y0.5Pr0.5Ba2Cu3O6.96,5,12.0
La1.35Ba1.5Ca0.15Cu3O6.67,5,43.0
La1.3Ba1.5Ca0.2Cu3O6.72,5,48.0
La1.25Ba1.5Ca0.25Cu3O6.74,5,70.0
La1.65Ba1.5Ca0.35Cu3O6.79,5,72.0
La1.1Ba1.5Ca0.4Cu3O6.82,5,72.0
La1.05Ba1.5Ca0.45Cu3O6.81,5,74.0
La1Ba1.5Ca0.5Cu3O6.85,5,76.0
La0.9Ba1.5Ca0.6Cu3O6.74,5,73.0
La1Ba1.4Ca0.6Cu3O6.9,5,74.0
La1Ba1.3Ca0.7Cu3O6.92,5,73.0
La1Ba1.2Ca0.8Cu3O6.95,5,74.0
La1Ba1.1Ca0.9Cu3O7.02,5,75.0
La1Ba1Ca1Cu3O6.99,5,75.0
La1Ba0.9Ca1.1Cu3O7.05,5,71.0
La1Ba0.8Ca1.2Cu3O7.11,5,60.0
Pr1.85Ce0.15Cu1O4,4,12.1
Y1Ba2Cu3O6.37,4,13.5
Y1Ba2Cu3O6.38,4,10.1
Y1Ba2Cu3O6.38,4,11.3
Y1Ba2Cu3O6.38,4,15.4
Y1Ba2Cu3O6.38,4,17.0
Y1Ba2Cu3O6.43,4,35.0
Y1Ba2Cu3O6.45,4,31.5
Y1Ba2Cu3O6.45,4,33.5
Y1Ba2Cu3O6.45,4,35.7
Y1Ba2Cu3O6.45,4,39.9
Y1Ba2Cu3O6.52,4,55.0
Pb0.5V0.5Sr2Ca0.7Er0.3Cu2O,7,56.5
Pb0.5V0.5Sr2Ca0.65Er0.35Cu2O,7,50.7
Pb0.5V0.5Sr2Ca0.6Er0.6Cu2O,7,43.8
Pb0.5V0.5Sr2Ca0.5Er0.5Cu2O,7,22.3
Pb0.6V0.4Sr2Ca0.7Er0.3Cu2O,7,58.8
Pb0.6V0.4Sr2Ca0.65Er0.35Cu2O,7,64.1
Pb0.6V0.4Sr2Ca0.6Er0.6Cu2O,7,62.0
Pb0.6V0.4Sr2Ca0.5Er0.5Cu2O,7,38.4
Pb0.7V0.3Sr2Ca0.7Er0.3Cu2O,7,58.8
Pb0.7V0.3Sr2Ca0.65Er0.35Cu2O,7,58.1
Pb0.7V0.3Sr2Ca0.6Er0.4Cu2O,7,58.8
Pb0.7V0.3Sr2Ca0.5Er0.5Cu2O,7,16.6
Pb0.6V0.4Sr2Ca0.65Lu0.35Cu2O,7,63.6
Pb0.6V0.4Sr2Ca0.65Dy0.35Cu2O,7,56.6
Pb0.6V0.4Sr2Ca0.65Gd0.35Cu2O,7,36.6
Pb0.6V0.4Sr2Ca0.65Sm0.35Cu2O,7,25.5
Pb0.6V0.4Sr2Ca0.6Lu0.4Cu2O,7,62.6
Pb0.6V0.4Sr2Ca0.6Dy0.4Cu2O,7,53.6
Pb0.6V0.4Sr2Ca0.6Gd0.4Cu2O,7,33.1
Pb0.6V0.4Sr2Ca0.6Sm0.4Cu2O,7,20.5
Ca0.1La0.9Ba1.65La0.35Cu3O7.15,5,57.0
Ca0.2La0.8Ba1.55La0.45Cu3O7.16,5,68.0
Ca0.3La0.7Ba1.45La0.55Cu3O7.16,5,76.0
Ca0.4La0.6Ba1.35La0.65Cu3O7.15,5,80.0
Ca0.4La0.6Ba1.35La0.65Cu2.955Ni0.045O,6,71.3
Ca0.4La0.6Ba1.35La0.65Cu2.925Ni0.075O,6,63.8
Ca0.4La0.6Ba1.35La0.65Cu2.85Ni0.15O,6,45.7
Ca0.4La0.6Ba1.35La0.65Cu2.76Ni0.24O,6,23.6
Ca0.4La0.6Ba1.35La0.65Cu2.7Ni0.3O,6,16.5
Hg0.7Cr0.3Sr2Ca1Cu2O,6,80.0
Hg0.7Cr0.3Sr2Ca2Cu3O,6,98.0
Hg0.7Cr0.3Sr2Ca3Cu4O,6,64.0
Hg0.7Cr0.3Sr2Ca4Cu5O,6,45.0
Tl1Sr2Ca2Cu3O9.4,5,86.0
Y1Ba2Cu3O,4,90.7
Y1Ba2Cu2.85Au0.15O,5,92.3
Y1Ba2Cu2.7Au0.3O,5,87.8
Y1Ba2Cu2.55Au0.45O,5,71.8
Bi2Sr2Ca1Cu2O,5,83.7
Bi2Sr2Ca1Cu1.54Au0.46O,6,74.7
Bi2Sr2Ca1Cu1.2Au0.8O,6,73.2
Bi2Sr2Ca1Cu0.2Au1.8O,6,70.1
Bi2Sr2Ca1Cu1.7Au3.7O,6,63.0
Bi2Sr2Ca1Cu2O8,5,85.6
Bi2Sr2Ca0.975La0.025Cu2O8,6,73.5
Bi2Sr2Ca0.95La0.05Cu2O8,6,64.4
Bi2Sr2Ca0.925La0.075Cu2O8,6,57.6
Bi2Sr2Ca0.8La0.2Cu2O8,6,29.6
Bi2Sr2Ca0.75La0.25Cu2O8,6,17.4
Hg0.75Mo0.25Ba2Cu1O4.59,5,12.0
Hg0.75Mo0.25Ba2Cu1O4.51,5,40.0
Sr3.1Ca5.9Bi0.4Y0.3Pb0.3Cu16.7O29,7,80.0
Nd1Ba2Cu3O7,4,95.65
La1.91Sr0.09Cu1O4,4,27.9
La1.88Sr0.12Cu1O4,4,32.0
La1.85Sr0.15Cu1O4,4,35.1
La1.82Sr0.18Cu1O4,4,32.2
La1.81Sr0.19Cu1O4,4,29.1
Hg0.75Re0.22Ba2Ca5Cu6O,6,100.0
Hg0.75Re0.22Ba2Ca6Cu7O,6,84.0
La1.8Nd0.05Ca1.15Cu2O6,5,19.0
La1.75Nd0.1Ca1.15Cu2O6,5,15.0
La1.7Nd0.15Ca1.15Cu2O6,5,11.0
La1.65Nd0.2Ca1.15Cu2O5.99,5,5.0
Tl1Sr3Ba1Cu2Co3O,6,52.2
Tl1Sr2.5Ba1.5Cu2Co3O,6,64.0
Tl1Sr2Ba2Cu2Co3O,6,69.0
Tl1Sr1.5Ba2.5Cu2Co3O,6,64.0
Tl1Ba2Ca2Cu3O9,5,103.0
Sr0.6Ca0.333Cu1O2.15,4,82.0
Sr0.6Ca0.333Cu1O2.2,4,98.0
Sr0.9La0.1Cu1O2,4,42.0
Sr0.7Ca0.3Cu1O2,4,110.0
Sr2Ru1O4,3,0.616
Sr2Ru1O4,3,0.954
Sr2Ru1O4,3,1.201
Sr2Ru1O4,3,1.242
Sr2Ru1O4,3,1.398
Sr2Ru1O4,3,1.489
Bi0.1485Mo0.1815Cu2.67Sr2Y1O7.21,6,20.6
Bi0.132Mo0.198Cu2.67Sr2Y1O7.2,6,29.0
Bi0.066Mo0.264Cu2.67Sr2Y1O7.32,6,31.0
Tl0.5Pb0.5Sr2Ca2Cu3O,6,119.0
Tl0.5Pb0.5Sr2Ca2Cu3Li0.2O,7,117.0
Y1Ba2Cu4O8,4,81.9
La1.88Sr0.12Cu1O4,4,16.4
La1.84Sr0.16Cu1O4,4,22.6
La1.83Sr0.17Cu1O4,4,21.0
La1.45Nd0.4Sr0.15Cu1O4,5,12.0
Y1Ba2Cu3.96Ni0.04O8,5,57.0
Nd1Ba2Cu3O7,4,95.56
Ru1Sr2Gd1Cu2O8,5,40.5
Sr2Ru1O4,3,1.2
Tl0.58Pb0.4Sr1.6Ba0.4Ca2Cu3O,7,110.0
Tl0.79Bi0.25Sr1.6Ba0.4Ca2Cu3O,7,115.0
Tl0.74Bi0.3Sr1.8Ba0.2Ca2Cu3O,7,120.0
Gd1Ba2Cu4O8,4,74.0
Bi1.8Pb0.3Sr1.9Cu1O,5,4.7
Bi1.8Pb0.2Sr2Ca1Cu2O8,6,80.0
Lu1Ba2Cu3O7,4,91.85
Ba2Ca2Cu3O,4,124.0
Ba2Ca2Cu3O,4,78.0
Ba2Ca2Cu3O,4,126.0
Ba2Ca2Cu3O,4,90.0
Bi2.12Sr1.71Ca1.22Cu1.95O,5,85.1
Hg1Ba2Cu1O4.02,4,72.0
Hg0.95Sb0.05Ba2Ca2Cu3O8,6,132.0
Y1Ba2Cu3O6.95,4,93.4
Tl2Ba2Cu1O6,4,10.0
Tl2Ba2Cu1O6.056,4,40.0
Tl2Ba2Cu1O6,4,75.0
Tl2Ba2Ca2Cu3O10,5,128.5
Hg1Ba2Cu1O4,4,92.5
Hg1Ba2Ca1Cu2O6,5,116.0
Hg1Ba2Ca2Cu3O8,5,123.0
Hg0.9Pb0.1Ba2Ca2Cu3O8,6,130.0
Hg0.8Pb0.2Ba2Ca2Cu3O8,6,132.0
Y1Ba2Cu4O8,4,77.5
Y0.9Tb0.1Ba2Cu4O8,5,78.0
Y0.9Ce0.1Ba2Cu4O8,5,38.0
Ba1Ca0.7Cd0.3La1Cu3O,6,55.4
Ba1Ca0.75Cd0.25La1Cu3O,6,60.6
Ba1Ca0.8Cd0.2La1Cu3O,6,65.3
Ba1Ca0.9Cd0.1La1Cu3O,6,74.0
Yb0.8Pr0.2Ba2Cu3O7,5,83.6
Tm0.8Pr0.2Ba2Cu3O7,5,80.9
Er0.8Pr0.2Ba2Cu3O7,5,78.5
Ho0.8Pr0.2Ba2Cu3O7,5,74.1
Dy0.8Pr0.2Ba2Cu3O7,5,69.1
Gd0.8Pr0.2Ba2Cu3O7,5,66.8
Eu0.8Pr0.2Ba2Cu3O7,5,64.0
Sm0.8Pr0.2Ba2Cu3O7,5,52.6
Nd0.8Pr0.2Ba2Cu3O7,5,40.9
Gd1Ba2Cu3O6.969,4,91.0
Gd0.95Mo0.05Ba2Cu3O6.948,5,82.4
Gd0.9Mo0.1Ba2Cu3O6.907,5,65.9
Gd0.85Mo0.15Ba2Cu3O6.855,5,59.2
Gd0.8Mo0.2Ba2Cu3O6.807,5,52.5
Gd0.8Ca0.05Mo0.15Ba2Cu3O6.651,6,66.1
Gd0.75Ca0.1Mo0.15Ba2Cu3O6.671,6,75.1
Gd0.7Ca0.15Mo0.15Ba2Cu3O6.716,6,86.3
Gd0.65Ca0.2Mo0.15Ba2Cu3O6.818,6,84.1
Gd0.6Ca0.25Mo0.15Ba2Cu3O6.761,6,83.7
Gd0.55Ca0.3Mo0.15Ba2Cu3O6.626,6,80.7
Gd0.5Ca0.35Mo0.15Ba2Cu3O6.586,6,77.7
Gd0.45Ca0.4Mo0.15Ba2Cu3O6.537,6,73.0
Pb0.7Sr2Ca0.5Y0.5Cu2.3O7,6,40.0
Pb0.5Cd0.5Sr2Ca0.5Y0.5Cu2O7,7,65.0
Bi2Sr2Ca1Cu2O,5,90.4
Bi2Sr2Ca0.95Pr0.05Cu2O,6,91.1
Bi2Sr2Ca0.87Pr0.13Cu2O,6,88.9
Bi2Sr2Ca0.78Pr0.22Cu2O,6,85.5
Bi2Sr2Ca0.6Pr0.4Cu2O,6,81.6
Bi2Sr2Ca0.89Y0.11Cu2O,6,87.6
Bi2Sr2Ca0.8Y0.2Cu2O,6,82.0
Bi2Sr2Ca0.69Y0.31Cu2O,6,70.8
Bi2Sr2Ca0.59Y0.41Cu2O,6,56.1
Eu1.5Ce0.5Ru1Sr2Cu2O10,6,32.0
Eu1.5Ce0.5Ru1Sr2Cu2O10,6,38.0
Eu1.5Ce0.5Ru1Sr2Cu2O10,6,46.0
Eu1.5Ce0.5Ru1Sr2Cu2O10,6,49.0
Sr2.5Ca11.5Cu24O41,4,5.0
Bi2Sr2Ca0.91Gd0.09Cu2O,6,87.0
Bi2Sr2Ca0.81Gd0.19Cu2O,6,83.0
Bi2Sr2Ca0.68Gd0.32Cu2O,6,78.0
Bi2Sr2Ca0.59Gd0.41Cu2O,6,63.1
Fe0.33Sr2Y1Cu2.67O,5,30.0
Ga0.33Sr2Y1Cu2.67O,5,25.0
Ti0.33Sr2Y1Cu2.67O,5,26.0
Mo0.33Sr2Y1Cu2.67O,5,35.0
W0.33Sr2Y1Cu2.67O,5,28.0
Re0.33Sr2Y1Cu2.67O,5,33.0
La2Cu1O4.093,3,45.0
La2Cu1O4.068,3,36.0
La1.9Sr0.1Cu1O3.997,4,32.0
La1.9Sr0.1Cu1O4.018,4,40.0
La1.9Sr0.1Cu1O4.023,4,40.0
Tl2Ba2Ca1Cu2O,5,105.0
Tl1.7Hg0.3Ba2Ca1Cu2O,6,108.0
Tl2Ba2Ca2Cu3O,5,123.0
Tl1.4Hg0.6Ba2Ca2Cu3O,6,118.0
La1.85Sr0.15Cu1O3.998,4,37.0
La1.85Sr0.15Cu1O4.022,4,40.0
La1.85Sr0.15Cu1O4.03,4,40.0
Pr1.8315Y0.0185Ce0.15Cu1O4,5,16.0
Pr1.7945Y0.0555Ce0.15Cu1O4,5,15.0
Pr1.7575Y0.0925Ce0.15Cu1O4,5,14.5
Pr1.665Y0.185Ce0.15Cu1O4,5,13.0
Pr1.5725Y0.2775Ce0.15Cu1O4,5,11.0
Pr1.48Y0.37Ce0.15Cu1O4,5,9.5
Nd1.85Y0.15Cu1O4,4,21.0
Nd1.8315Y0.0185Ce0.15Cu1O4,5,20.0
Nd1.7945Y0.0555Ce0.15Cu1O4,5,19.0
Nd1.7575Y0.0925Ce0.15Cu1O4,5,18.0
Nd1.665Y0.185Ce0.15Cu1O4,5,16.0
Nd1.5725Y0.2775Ce0.15Cu1O4,5,10.5
Sm1.85Ce0.15Cu1O4,4,17.0
Sm1.80375Y0.04625Ce0.15Cu1O4,5,15.0
Sm1.7575Y0.0925Ce0.15Cu1O4,5,14.0
Sm1.71125Y0.13875Ce0.15Cu1O4,5,12.0
Sm1.665Y0.185Ce0.15Cu1O4,5,10.0
Eu1.85Ce0.15Cu1O4,4,7.5
La1.85Sr0.15Cu1O,4,38.0
La1.845Sr0.155Cu0.995Fe0.005O,5,30.0
La1.84Sr0.16Cu0.99Fe0.01O,5,20.0
La1.837Sr0.163Cu0.987Fe0.013O,5,12.8
La1.845Sr0.155Cu0.995Ga0.005O,5,32.0
La1.84Sr0.16Cu0.99Ga0.01O,5,26.0
La1.83Sr0.17Cu0.98Ga0.02O,5,13.0
Bi1.8Pb0.2Sr1.6La0.4Cu1O,6,31.2
Bi1.8Pb0.2Sr1.62La0.38Cu0.98Fe0.02O,7,21.1
Bi1.8Pb0.2Sr1.63La0.37Cu0.97Fe0.03O,7,13.0
Bi1.8Pb0.2Sr1.61La0.39Cu0.99Ga0.01O,7,21.8
Bi1.8Pb0.2Sr1.62La0.38Cu0.98Ga0.02O,7,12.0
Bi1.6Pb0.8Sr2Ca1Cu1.99Cr0.01O,7,68.0
La1.92Sr0.08Cu1O4,4,19.6
La1.914Sr0.086Cu1O4,4,22.25
Ho1Ba2Cu4O8,4,79.0
Y1Ba1.96Sr0.04Cu3O6.98,5,91.8
Y1Ba1.8Sr0.2Cu3O6.98,5,89.0
Y1Ba1.5Sr0.5Cu3O6.98,5,86.0
Y1Ba1.3Sr0.7Cu3O6.98,5,84.5
Y1Ba1Sr1Cu3O6.98,5,83.6
Y1Ba0.74Sr1.26Cu3O6.98,5,80.5
Y1Ba0.5Sr1.5Cu3O6.98,5,78.0
Y1Ba2Cu3O6.72,4,64.6
Y1Ba2Cu3O6.75,4,76.6
Y1Ba2Cu3O6.8,4,88.3
Y1Ba2Cu3O6.93,4,93.1
Y1Ba2Cu3O6.96,4,91.4
Y1Ba1.5Sr0.5Cu3O6.75,5,49.9
Y1Ba1.5Sr0.5Cu3O6.85,5,72.9
Y1Ba1.5Sr0.5Cu3O6.9,5,86.3
Y1Ba1.5Sr0.5Cu3O6.91,5,86.3
Y1Ba1.5Sr0.5Cu3O6.95,5,85.9
Y1Ba1Sr1Cu3O6.83,5,58.5
Y1Ba1Sr1Cu3O6.88,5,75.6
Y1Ba1Sr1Cu3O6.93,5,80.8
Ru1Sr2Gd1Cu2O8,5,16.0
Ba2Yb1Cu3O6,4,90.1
Ba1.8Sr0.2Yb1Cu3O6,5,85.6
Ba1.6Sr0.4Yb1Cu3O6,5,79.5
Ba1.4Sr0.6Yb1Cu3O6,5,77.9
Ba1.2Sr0.8Yb1Cu3O6,5,78.5
Ba2Yb1Cu3O6.66,4,65.3
Ba1.8Sr0.2Yb1Cu3O6.61,5,56.7
Ba1.6Sr0.4Yb1Cu3O6.69,5,48.9
Ba1.4Sr0.6Yb1Cu3O6.66,5,43.1
Ba1.2Sr0.8Yb1Cu3O6.61,5,36.7
La1.934Ba0.066Cu1O4,4,22.6
La1.93Ba0.07Cu1O4,4,23.4
La1.92Ba0.08Cu1O4,4,26.0
La1.897Ba0.103Cu1O4,4,14.5
La1.892Ba0.108Cu1O4,4,10.7
La1.89Ba0.11Cu1O4,4,5.4
La1.86Ba0.14Cu1O4,4,12.7
La1.84Ba0.16Cu1O4,4,26.1
La1.82Ba0.18Cu1O4,4,24.2
La1.78Ba0.22Cu1O4,4,5.4
La1.92Ba0.08Cu1O4,4,30.9
La1.895Ba0.105Cu1O4,4,33.1
La1.89Ba0.11Cu1O4,4,32.3
La1.884Ba0.116Cu1O4,4,21.8
La1.881Ba0.119Cu1O4,4,9.3
La1.877Ba0.123Cu1O4,4,23.6
La1.86Ba0.14Cu1O4,4,30.1
La1.84Ba0.16Cu1O4,4,29.3
La1.92Sr0.08Cu1O4,4,27.1
La1.9Sr0.1Cu1O4,4,31.8
La1.883Sr0.117Cu1O4,4,31.6
La1.868Sr0.132Cu1O4,4,34.4
La1.847Sr0.153Cu1O4,4,37.6
La1.828Sr0.172Cu1O4,4,37.5
La1.8Sr0.2Cu1O4,4,33.0
La1.78Sr0.22Cu1O4,4,21.3
La1.92Sr0.08Cu1O4,4,29.6
La1.9Sr0.1Cu1O4,4,34.1
La1.883Sr0.117Cu1O4,4,34.4
La1.868Sr0.132Cu1O4,4,36.6
La1.847Sr0.153Cu1O4,4,40.9
La1.828Sr0.172Cu1O4,4,41.2
La1.8Sr0.2Cu1O4,4,33.3
La1.78Sr0.22Cu1O4,4,22.1
La1.89Ba0.11Cu1O4,4,11.9
La1.86Ba0.14Cu1O4,4,7.4
Bi2Sr2Ca1Cu2O,5,76.1
Bi2Sr2Ca0.9Ga0.1Cu2O,6,76.1
Bi2Sr2Ca0.8Ga0.2Cu2O,6,76.1
Bi2Sr2Ca0.7Ga0.3Cu2O,6,76.1
Bi2Sr2Ca0.5Ga0.5Cu2O,6,76.1
Nd1.75Sm0.1Ce0.15Cu1O3.972,5,22.2
Nd1.65Sm0.2Ce0.15Cu1O3.971,5,21.6
Nd1.55Sm0.3Ce0.15Cu1O3.972,5,21.8
Nd1.85Ce0.15Cu1O3.971,4,21.6
Nd1.55La0.3Ce0.15Cu1O,5,19.6
Nd1.05La0.8Ce0.15Cu1O,5,16.3
Nd0.85La1Ce0.15Cu1O,5,14.9
La1.52Nd0.4Sr0.08Cu1O4,5,6.62
La1.5Nd0.4Sr0.1Cu1O4,5,6.62
La1.48Nd0.4Sr0.12Cu1O4,5,2.65
La1.45Nd0.4Sr0.15Cu1O4,5,10.6
La1.4Nd0.4Sr0.2Cu1O4,5,13.9
Tl0.5Ba2Ca2Cu3.5O10,5,132.0
Y0.6Pr0.4Ba2Cu3O6.95,5,37.0
Y0.6Pr0.4Ba2Cu3O6.85,5,27.8
Y0.6Pr0.4Ba2Cu3O6.61,5,26.0
Y0.6Pr0.4Ba2Cu3O6.66,5,25.4
Y0.6Pr0.4Ba2Cu3O6.76,5,23.7
Y0.6Pr0.4Ba2Cu3O6.53,5,15.0
Y1Ba2Cu3O6.45,4,33.0
Y1Ba2Cu3O6.53,4,50.3
Y1Ba2Cu3O6.61,4,55.5
Y1Ba2Cu3O6.66,4,56.7
Y1Ba2Cu3O6.71,4,59.0
Y1Ba2Cu3O6.76,4,63.0
Y1Ba2Cu3O6.85,4,87.9
Y1Ba2Cu3O6.95,4,90.2
Y0.5Pr0.5Ba2Cu3O6.53,5,5.2
Y0.5Pr0.5Ba2Cu3O6.61,5,4.6
Y0.5Pr0.5Ba2Cu3O6.66,5,3.5
Y0.5Pr0.5Ba2Cu3O6.71,5,4.0
Y0.5Pr0.5Ba2Cu3O6.76,5,4.0
Y0.5Pr0.5Ba2Cu3O6.85,5,4.0
Y0.5Pr0.5Ba2Cu3O6.95,5,12.7
Sm0.8Pr0.2Ba2Cu3O6.65,5,21.0
Sm0.8Pr0.2Ba2Cu3O6.7,5,25.6
Sm0.8Pr0.2Ba2Cu3O6.75,5,23.4
Sm0.8Pr0.2Ba2Cu3O6.85,5,26.0
Sm0.8Pr0.2Ba2Cu3O6.95,5,41.0
Sm1Ba2Cu3O6.55,4,12.8
Sm1Ba2Cu3O6.65,4,32.8
Sm1Ba2Cu3O6.75,4,38.4
Sm1Ba2Cu3O6.85,4,54.7
Sm1Ba2Cu3O6.95,4,79.4
Sm0.9Pr0.1Ba2Cu3O6.55,5,12.2
Sm0.9Pr0.1Ba2Cu3O6.65,5,30.6
Sm0.9Pr0.1Ba2Cu3O6.75,5,36.3
Sm0.9Pr0.1Ba2Cu3O6.85,5,42.2
Sm0.9Pr0.1Ba2Cu3O6.95,5,57.5
Sm0.7Pr0.3Ba2Cu3O6.65,5,10.6
Sm0.7Pr0.3Ba2Cu3O6.75,5,6.6
Sm0.7Pr0.3Ba2Cu3O6.8,5,5.0
Sm0.7Pr0.3Ba2Cu3O6.85,5,4.4
Sm0.7Pr0.3Ba2Cu3O6.95,5,23.1
Bi3Pb1Sr3Ca3Cu4O,6,94.0
Bi3Pb1Sr3Ca3Cu3.8Cr0.2O,7,57.5
Bi3Pb1Sr3Ca3Cu3.6Cr0.4O,7,47.5
Bi3Pb1Sr3Ca3Cu3.2Cr0.8O,7,60.0
La1.92Ba0.08Cu1O4,4,25.0
La1.9Ba0.1Cu1O4,4,26.0
La1.89Ba0.11Cu1O4,4,18.8
La1.885Ba0.115Cu1O4,4,13.9
La1.875Ba0.125Cu1O4,4,8.9
La1.865Ba0.135Cu1O4,4,5.98
La1.86Ba0.14Cu1O4,4,9.96
La1.855Ba0.145Cu1O4,4,13.0
La1.845Ba0.155Cu1O4,4,26.0
La1.84Ba0.16Cu1O4,4,27.0
La1.83Ba0.17Cu1O4,4,26.9
La1.82Ba0.18Cu1O4,4,22.0
La1.8Ba0.2Cu1O4,4,17.9
La1.83Nd0.1Ba0.07Cu1O4,5,16.0
La1.8Nd0.1Ba0.1Cu1O4,5,22.0
La1.79Nd0.1Ba0.11Cu1O4,5,13.0
La1.75Nd0.1Ba0.15Cu1O4,5,12.0
La1.74Nd0.1Ba0.16Cu1O4,5,16.9
La1.72Nd0.1Ba0.18Cu1O4,5,19.8
La1.72Nd0.2Ba0.08Cu1O4,5,16.9
La1.7Nd0.2Ba0.1Cu1O4,5,15.0
La1.69Nd0.2Ba0.11Cu1O4,5,8.2
La1.64Nd0.2Ba0.16Cu1O4,5,12.0
La1.62Nd0.2Ba0.18Cu1O4,5,14.9
La1.6Nd0.2Ba0.2Cu1O4,5,11.0
La1.52Nd0.4Ba0.08Cu1O4,5,11.0
La1.5Nd0.4Ba0.1Cu1O4,5,9.95
La1.475Nd0.4Ba0.125Cu1O4,5,7.5
Tl1Sr2Ca1Cu2O6.8,5,68.0
Nd1Ba2Cu3O7,4,85.0
Nd1.04Ba1.96Cu3O7,4,86.0
Nd1.2Ba1.8Cu3O7,4,56.0
Bi2Sr1.77La0.23Cu1O6,5,28.0
Bi2Sr1.61La0.39Cu1O6,5,38.8
Bi2Sr1.34La0.66Cu1O6,5,22.0
Bi2Sr1.27La0.73Cu1O6,5,14.0
Bi2Sr1.24La0.76Cu1O6,5,12.1
Bi2Sr1.16La0.84Cu1O6,5,1.82
Tl1Sr2Ca1Cu2O6.825,5,40.0
Tl1Sr2Ca1Cu2O6.837,5,31.5
Tl1Sr2Ca1Cu2O6.85,5,24.0
Tl1Sr2Ca1Cu2O6.862,5,15.2
Sr1Nb2O,3,11.5
Sr0.9Nd0.1Nb2O,4,11.5
Ca1Nb2O,3,11.0
Bi1.75Pb0.25Sr2Ca1Cu2.3O,6,85.0
Bi1.75Pb0.25Sr2Ca1Cu2.25Sn0.05O,7,86.0
Bi1.75Pb0.25Sr2Ca1Cu2.15Sn0.15O,7,106.6
Bi1.75Pb0.25Sr2Ca1Cu2.1Sn0.2O,7,105.0
Bi1.75Pb0.25Sr2Ca1Cu1.9Sn0.4O,7,99.0
Nd1Ba2Cu3O6.82,4,95.0
Nd0.9Ca0.1Ba2Cu3O6.63,5,84.5
Nd0.8Pr0.2Ba2Cu3O6.81,5,50.0
Gd1Ba2Cu3O6.94,4,90.8
Gd0.95Hf0.05Ba2Cu3O6.91,5,86.9
Gd0.9Hf0.1Ba2Cu3O6.88,5,84.2
Gd0.85Hf0.15Ba2Cu3O6.84,5,81.8
Gd0.8Hf0.2Ba2Cu3O6.79,5,79.5
Gd0.8Ca0.05Hf0.15Ba2Cu3O6.86,6,80.6
Gd0.75Ca0.1Hf0.15Ba2Cu3O6.89,6,82.7
Gd0.7Ca0.15Hf0.15Ba2Cu3O6.93,6,83.8
Gd0.65Ca0.2Hf0.15Ba2Cu3O6.96,6,86.3
Gd0.6Ca0.25Hf0.15Ba2Cu3O7,6,81.3
Gd0.55Ca0.35Hf0.15Ba2Cu3O7.06,6,76.0
Gd0.45Ca0.4Hf0.15Ba2Cu3O7.08,6,71.9
Ba0.62K0.38Bi1O3,4,21.5
Ba0.57K0.43Bi1O3,4,21.2
Ba0.54K0.46Bi1O3,4,19.0
Ba0.52K0.48Bi1O3,4,18.7
Ba0.5K0.5Bi1O3,4,16.5
Ba0.6K0.4Bi1O3,4,31.2
Ba0.6K0.4Bi1O3,4,29.1
Hg1Ba2Cu1O4.01,4,61.0
Ba1Pb0.75Bi0.25O3,4,11.6
Y1Ba2Cu3O6.8,4,83.1
Y1Ba2Cu3O7,4,83.1
Y1Ba2Cu3O7,4,82.6
Y1Ba2Cu3O7,4,81.1
Tl2Ba2Ca1Cu2O8,5,111.0
Bi2Sr2Ca1Cu2O8,5,89.5
Sr0.4K0.6Bi1O3,4,12.0
Sr0.5Rb0.5Bi1O3,4,13.0
Sr0.4K0.6Bi1O3,4,11.18
Sr0.4K0.6Bi1O3,4,11.0
Sr0.4K0.6Bi1O3,4,11.5
La1.81Sr0.19Cu1O4,4,32.0
Bi2Sr1.6La0.4Cu1O,5,4.8
Bi2Sr1.6La0.4Cu1O,5,9.1
Bi2Sr1.6La0.4Cu1O,5,19.4
Bi2Sr1.6La0.4Cu1O,5,23.9
Bi2Sr1.6La0.4Cu1O,5,26.7
Bi2Sr1.6La0.4Cu1O,5,27.6
Bi2Sr1.6La0.4Cu1O,5,25.5
Bi2Sr1.6La0.4Cu1O,5,24.0
Bi2Sr1.6La0.4Cu1O,5,13.0
Bi2Sr2Ca1Cu2O,5,14.6
Bi2Sr2Ca1Cu2O,5,27.8
Bi2Sr2Ca1Cu2O,5,50.0
Bi2Sr2Ca1Cu2O,5,72.9
Bi2.1Sr1.9Ca1Cu2O8,5,71.5
Bi2.1Sr1.9Ca1Cu2O8,5,90.5
Bi2.2Sr1.8Ca1Cu2O8,5,80.5
Y1Ba1Sr1Cu3O7,5,81.0
Y1Ba1Sr1Cu2.95Mo0.05O7.07,6,85.0
Y1Ba1Sr1Cu2.9Mo0.1O7.16,6,86.0
Y1Ba1Sr1Cu2.8Mo0.2O7.3,6,68.0
Hg1Ba2Cu1O4.15,4,97.2
Hg0.95Re0.05Ba2Cu1O4.37,5,96.0
Hg0.9Re0.1Ba2Cu1O4.42,5,95.0
Hg0.85Re0.15Ba2Cu1O4.58,5,35.0
Hg1Ba2Cu1O4.162,4,97.4
Hg0.95Re0.05Ba2Cu1O4.372,5,97.0
Hg0.9Re0.1Ba2Cu1O4.425,5,96.8
Hg0.85Re0.15Ba2Cu1O4.525,5,96.3
Sr2Ru1O4,3,1.49
Bi2Sr2Ca1Cu1.988Ni0.012O8,6,92.55
Sm1La0.85Sr0.15Cu1O3.98,5,30.0
Sm1La0.8Sr0.2Cu1O3.94,5,25.0
Y1Ba2Cu3O6.4,4,35.8
Y1Ba2Cu3O6.45,4,47.3
Y1Ba2Cu3O6.5,4,58.8
La1.85Sr0.15Cu1O4,4,35.6
La1.75Nd0.1Sr0.15Cu1O4,5,31.7
La1.73Nd0.12Sr0.15Cu1O4,5,26.3
La1.65Nd0.2Sr0.15Cu1O4,5,20.0
La1.45Nd0.4Sr0.15Cu1O4,5,9.8
Ru1Sr2Y1Cu2O8,5,35.0
Y1Ba2Cu4O8,4,78.0
Bi2Sr2Ca1Cu2O8,5,75.5
Bi2Sr2Ca0.937Y0.063Cu2O8,6,78.0
Bi2Sr2Ca0.875Y0.125Cu2O8,6,77.1
Bi2Sr2Ca0.75Y0.25Cu2O8,6,71.3
Bi2Sr2Ca0.65Y0.35Cu2O8,6,45.2
Bi2Sr2Ca0.55Y0.45Cu2O8,6,22.1
Y0.975Ca0.025Ba2Cu4O8,5,79.5
Y0.95Ca0.05Ba2Cu4O8,5,82.2
Y0.925Ca0.075Ba2Cu4O8,5,83.8
Y0.9Ca0.1Ba2Cu4O8,5,88.9
Y0.8Ca0.2Ba2Cu4O8,5,85.6
Y0.75Ca0.25Ba2Cu4O8,5,82.9
Y0.7Ca0.3Ba2Cu4O8,5,79.5
Y1Ba2Cu3O6.5,4,55.0
Nd1Ba2Cu3O7,4,95.85
Tl0.52Pb0.5Sr0.8Ba0.2Ca2Cu3O,7,115.0
Bi1.64Pb0.36Sr2Ca0.79Y0.21Cu2O8,7,86.0
La2Cu1O4.0625,3,17.0
Bi1.6Pb0.4Sr1.8Ba0.2Ca1Cu3O,7,109.3
Bi1.6Pb0.4Sr1.8Ba0.2Ca1.99Er0.01Cu3O,8,107.6
Bi1.6Pb0.4Sr1.8Ba0.2Ca1.98Er0.02Cu3O,8,107.0
Bi1.6Pb0.4Sr1.8Ba0.2Ca1.97Er0.03Cu3O,8,106.0
Bi1.6Pb0.4Sr1.8Ba0.2Ca1.96Er0.04Cu3O,8,105.5
Y0.75Eu0.25Ba2Cu4O8,5,78.0
Y0.5Eu0.5Ba2Cu4O8,5,77.0
Y0.25Eu0.75Ba2Cu4O8,5,75.0
Eu1Ba2Cu4O8,4,74.0
Y1Ba2Cu3.96Fe0.04O8,5,73.0
Y1Ba2Cu3.92Fe0.08O8,5,70.0
Y1Ba2Cu3.88Fe0.12O8,5,65.0
Y1Ba2Cu3.84Fe0.16O8,5,61.0
Sr2Y1Ru0.96Cu0.04O6,5,5.1
Sr2Y1Ru0.95Cu0.05O6,5,11.9
Sr2Y1Ru0.92Cu0.08O6,5,17.6
Sr2Y1Ru0.9Cu0.1O6,5,20.4
Sr2Y1Ru0.8Cu0.2O6,5,23.0
Sr2Y1Ru0.5Cu0.5O6,5,61.5
Sr2Y1Ru0.5Cu0.5O6,5,45.0
Sr2Ru1O4,3,1.35
Bi1.8Pb0.38Sr2.01Cu1O6,5,19.0
Bi2Sr2Ca1Cu2O8,5,84.7
Sr2Y1Ru0.9Cu1O6,5,60.0
Ba2Y1Ru0.9Cu0.1O6,5,65.0
Pb2Sr2Eu0.95Ca0.05Cu3O8.1,6,59.0
Pb2Sr2Eu0.9Ca0.1Cu3O8.1,6,69.0
Pb2Sr2Eu0.85Ca0.15Cu3O8.1,6,71.0
Pb2Sr2Eu0.8Ca0.2Cu3O8.1,6,73.0
Pb2Sr2Eu0.75Ca0.25Cu3O8.1,6,74.0
Pb2Sr2Eu0.7Ca0.3Cu3O8.1,6,73.0
Pb2Sr2Eu0.65Ca0.35Cu3O8.1,6,71.0
Ru1Sr2Eu1Cu2O8,5,35.0
Ru1Sr2Gd1Cu2O8,5,48.0
Ru1Sr2Gd0.6Dy0.4Cu2O8,6,58.0
Ru1Sr1.6Ba0.4Gd1Cu2O8,6,39.0
Ru1Sr2Gd1Cu2O8,5,45.0
Ru0.9Sr2Gd1Cu2.1O8,5,65.0
Ru0.8Sr2Gd1Cu2.2O8,5,70.0
Ru0.7Sr2Gd1Cu2.3O8,5,72.0
Ru0.6Sr2Gd1Cu2.4O8,5,72.0
Ru0.25Sr2Gd1Cu2.75O8,5,62.0
Sm1.85Ce0.15Cu1O4,4,16.5
Ru1Sr2Gd1Cu2O,5,33.5
Ru0.95Ta0.05Sr2Gd1Cu2O,6,22.5
Ru1Sr2Gd1.4Ce0.6Cu2O,6,40.0
Tl1Sr1.5Gd0.5Ca1Cu2O7,6,79.0
Tl1Sr1.5Tb0.5Ca1Cu2O7,6,80.0
Tl1Sr1.5Dy0.5Ca1Cu2O7,6,80.0
Tl1Sr1.5Ho0.5Ca1Cu2O7,6,80.0
Tl1Sr1.5Er0.5Ca1Cu2O7,6,78.0
Tl1Sr1.5Tm0.5Ca1Cu2O7,6,84.0
Tl1Sr1.5Yb0.5Ca1Cu2O7,6,84.0
Tl1Sr1.5La0.5Ca1Cu2O7,6,90.0
Tl1Sr1.5Ce0.5Ca1Cu2O7,6,5.0
Tl1Sr1.5Pr0.5Ca1Cu2O7,6,88.0
Tl1Sr1.5Nd0.5Ca1Cu2O7,6,88.0
Tl1Sr1.5Sm0.5Ca1Cu2O7,6,86.0
Tl1Sr1.5Eu0.5Ca1Cu2O7,6,88.0
Tl1Sr1.5Lu0.5Ca1Cu2O7,6,82.0
Ca5.9Sr3.5Bi0.3Y0.1Pb0.1Al0.1Cu15.1O29,8,75.0
Ru0.92Ce0.58Sr1.7Eu1.8Cu2O10,6,26.0
Ru1Sr2Gd1Cu2O8,5,35.0
Ru1Sr2Gd0.98Ce0.02Cu2O8,6,13.0
Ru1Sr2Gd0.9Ca0.1Cu2O8,6,61.0
Eu1Ba2Cu3O7,4,84.4
Eu0.9Pr0.1Ba2Cu3O7,5,68.3
Eu0.8Pr0.2Ba2Cu3O7,5,63.0
Eu0.7Pr0.3Ba2Cu3O7,5,53.8
Eu0.6Pr0.4Ba2Cu3O7,5,37.8
Eu0.5Pr0.5Ba2Cu3O7,5,26.7
Hg1Ba2Cu1O4.09,4,98.0
Ho1Nb1O3,3,15.0
Eu1Nb1O3,3,6.0
Bi2Sr2Ca1Cu2O,5,90.38
Bi2Sr2Ca0.97Y0.03Cu2O,6,87.56
Bi2Sr2Ca0.95Y0.05Cu2O,6,82.0
Bi2Sr2Ca0.92Y0.08Cu2O,6,70.78
Bi2Sr2Ca0.89Y0.11Cu2O,6,56.1
Bi2Sr1.9La0.1Ca1Cu2O,6,88.67
Bi2Sr1.8La0.2Ca1Cu2O,6,85.3
Bi2Sr1.7La0.3Ca1Cu2O,6,76.3
Bi2Sr1.6La0.4Ca1Cu2O,6,60.73
Tl2Ba2Cu1O6,4,88.9
Tl2Ba2Cu1O6,4,40.0
Nd1Ba2Cu3O7,4,93.3
Nd0.95Pr0.05Ba2Cu3O7,5,84.4
Nd0.9Pr0.1Ba2Cu3O7,5,73.0
Nd0.85Pr0.15Ba2Cu3O7,5,59.7
Nd1Ba2Cu3O7,4,92.81
Nd0.97Ca0.03Ba2Cu3O7,5,90.36
Nd0.94Ca0.06Ba2Cu3O7,5,88.0
Nd0.9Ca0.1Ba2Cu3O7,5,85.34
Nd0.95La0.05Ba2Cu3O7,5,91.78
Nd0.9La0.1Ba2Cu3O7,5,91.09
Nd0.85La0.15Ba2Cu3O7,5,89.21
Tl1Sr2Ca2Cu3O,5,86.0
Tl0.8Sr2Ca2Cu3.2O,5,92.0
Tl0.6Sr2Ca2Cu3.4O,5,73.0
Tl0.4Sr2Ca2Cu3.6O,5,71.0
Tl0.6Sr2Ca2Cu3.4O,5,94.0
Bi2Sr2Ca1Cu2O,5,92.0
La1.5Pb0.5Cu1O,4,15.0
La1.5Pb0.47Sr0.03Cu1O,5,22.0
La1.5Pb0.45Sr0.05Cu1O,5,27.0
La1.5Pb0.42Sr0.08Cu1O,5,34.0
La1.5Pb0.4Sr0.1Cu1O,5,36.0
La1.5Pb0.35Sr0.15Cu1O,5,38.0
Bi2Sr2Ca1Cu2O8,5,85.05
Bi2Sr2Ca1Cu1.9Sn0.1O8,6,84.82
Bi2Sr2Ca1Cu1.8Sn0.2O8,6,84.5
Bi2Sr2Ca1Cu1.7Sn0.3O8,6,83.76
Bi2Sr2Ca1Cu1.6Sn0.4O8,6,82.34
Bi2Sr2Ca1Cu1.5Sn0.5O8,6,80.31
Cd0.67Bi0.23Pb0.1Sr2Y1Cu2O7,7,27.5
Bi2Sr2Ca0.8Pr0.2Cu2O8,6,69.4
Bi2Sr2Ca0.6Pr0.4Cu2O8,6,43.5
Bi2Sr2Ca0.4Pr0.6Cu2O8,6,4.8
Y1Ba1.95Na0.05Cu3O,5,91.4
Y1Ba1.9Na0.1Cu3O,5,88.4
Y1Ba1.85Na0.15Cu3O,5,90.3
Y1Ba1.8Na0.2Cu3O,5,90.8
Y1Ba1.95K0.05Cu3O,5,91.4
Y1Ba1.9K0.1Cu3O,5,77.3
Y1Ba1.85K0.15Cu3O,5,64.4
Y1Ba1.8K0.2Cu3O,5,71.0
La1.9Er0.1Ba2Ca0.2Cu4.2O9.85,6,18.0
La1.8Er0.2Ba2Ca0.4Cu4.4O10.371,6,40.0
La1.75Er0.25Ba2Ca0.5Cu4.5O10.662,6,66.0
La1.7Er0.3Ba2Ca0.6Cu4.6O10.92,6,70.0
La1.65Er0.35Ba2Ca0.7Cu4.7O11.166,6,71.0
La1.6Er0.4Ba2Ca0.8Cu4.8O11.424,6,76.0
La1.55Er0.45Ba2Ca0.9Cu4.9O11.664,6,76.0
La1.5Er0.5Ba2Ca1Cu5O11.907,6,78.0
La1Er1Ba2Ca2Cu6O14.122,6,79.0
La1.9Gd0.1Ba2Ca0.2Cu4.2O9.839,6,15.0
La1.8Gd0.2Ba2Ca0.4Cu4.4O10.344,6,39.0
La1.7Gd0.3Ba2Ca0.6Cu4.6O10.9,6,64.0
La1.6Gd0.4Ba2Ca0.8Cu4.8O11.401,6,76.0
La1.5Gd0.5Ba2Ca1Cu5O11.892,6,79.0
La1Gd1Ba2Ca2Cu6O14.1,6,79.0
Sr2Ru1O4,3,1.44
Ru1Sr2Gd1.6Ce0.4Cu2O10,6,30.9
Ru1Sr2Gd1.5Ce0.5Cu2O10,6,36.95
Ru1Sr2Gd1.4Ce0.6Cu2O10,6,42.3
Ru1Sr2Gd1.3Ce0.7Cu2O10,6,40.0
Ru1Sr2Gd1.2Ce0.8Cu2O10,6,33.15
Ru1Sr2Eu1.4Ce0.6Cu2O10,6,37.5
Ru1Sr2Eu1Cu2O8,5,32.0
Sr0.4K0.6Bi1O3,4,11.3
Sr0.4K0.6Bi1O3,4,11.55
Bi2.1Sr2.1Ca0.8Cu2O,5,88.0
Bi2.1Sr2.1Ca0.8Cu1.98Ni0.02S0.02O,7,80.0
Bi2.1Sr2.1Ca0.8Cu1.9Ni0.1S0.1O,7,78.0
Bi2.1Sr2.1Ca0.8Cu1.8Ni0.2S0.2O,7,78.0
Bi1.9Pb0.5Sr2Ca2Cu3O10,6,110.0
Y1Ba2Cu4O8,4,77.7
Y1Ba1.76Sr0.24Cu4O8,5,76.0
Y1Ba1.46Sr0.54Cu4O8,5,79.5
Y1Ba1.4Sr0.6Cu4O8,5,80.5
Y1Ba2Cu4O8,4,80.5
Y1Ba1.8Sr0.2Cu4O8,5,79.8
Y1Ba1.6Sr0.4Cu4O8,5,80.5
Y1Ba1.4Sr0.6Cu4O8,5,81.2
Sm1La0.8Sr0.2Cu1O4,5,24.0
Cd2Re2O7,3,1.31
Cd2Re2O7,3,1.0
Cd2Re2O7,3,1.1
Tl0.5Pb0.5Sr1.84Nd0.16Ca1Cu2O7,7,102.0
Tl1Ba2Ca2Cu3O,5,130.0
Ba0.5Nb1O2,3,19.75
Ba0.25Nb1O2,3,18.05
La1.7Nd0.3Ca0.6Ba2Cu4.6O11.892,6,78.0
La1.6Nd0.4Ca0.8Ba2Cu4.8O10,6,70.0
La1.5Nd0.5Ca1Ba2Cu5O11.872,6,78.0
La1.9Gd0.1Ca0.2Ba2Cu4.2O10,6,22.0
La1.7Gd0.3Ca0.6Ba2Cu4.6O10,6,64.0
La1.6Gd0.4Ca0.8Ba2Cu4.8O10,6,77.0
La1.5Gd0.5Ca1Ba2Cu5O10,6,80.0
La2.3Yb0.1Ba2.3Ca0.2Cu5O11.805,6,25.0
La2.1Yb0.2Ba2.1Ca0.4Cu5O11.802,6,47.0
La1.9Yb0.3Ba1.9Ca0.6Cu5O11.797,6,60.0
La1.7Yb0.4Ba1.7Ca0.8Cu5O11.795,6,76.0
La1.5Yb0.5Ba1.5Ca1Cu5O11.785,6,76.0
La1.3Yb0.6Ba1.3Ca1.2Cu5O11.74,6,73.0
La1.1Yb0.7Ba1.1Ca1.4Cu5O11.692,6,70.0
La1.9Y0.1Ba2Ca0.2Cu4.2O,6,21.0
La1.8Y0.2Ba2Ca0.4Cu4.4O,6,42.0
La1.7Y0.3Ba2Ca0.6Cu4.6O,6,65.0
La1.6Y0.4Ba2Ca0.8Cu4.8O,6,78.0
La1.5Y0.5Ba2Ca1Cu5O,6,78.0
La2.5Y0.5Ca1Ba3Cu7O16.574,6,80.0
La1Ba2Cu3O7,4,89.6
La0.9Pr0.1Ba2Cu3O7,5,68.3
La0.8Pr0.2Ba2Cu3O7,5,59.8
La0.7Pr0.3Ba2Cu3O7,5,57.1
La0.6Pr0.4Ba2Cu3O7,5,54.8
La0.5Pr0.5Ba2Cu3O7,5,51.7
Y1Ba2Cu3.964Ni0.036O8,5,63.0
Y1Ba2Cu3.98Zn0.02O8,5,68.0
Y1Ba2Cu3.96Zn0.04O8,5,56.0
Y0.625La0.375Ba2Cu3O7,5,85.2
Y0.5625La0.3375Pr0.1Ba2Cu3O7,6,63.7
Y0.5La0.3Pr0.2Ba2Cu3O7,6,44.8
Y0.4375La0.2625Pr0.3Ba2Cu3O7,6,28.9
Y0.625La0.375Ba2Cu3O7,5,50.0
Y0.5625La0.3375Pr0.1Ba2Cu3O7,6,40.0
Y0.5La0.3Pr0.2Ba2Cu3O7,6,21.0
Y0.9Pr0.1Ba2Cu3O6.95,5,78.5
Y0.8Pr0.2Ba2Cu3O6.95,5,58.5
Y0.7Pr0.3Ba2Cu3O6.95,5,39.3
Y0.65Pr0.35Ba2Cu3O6.95,5,33.0
Y0.6Pr0.4Ba2Cu3O6.95,5,20.4
Y1Ba2Cu3O6.85,4,84.4
Y0.9Pr0.1Ba2Cu3O6.85,5,61.5
Y0.8Pr0.2Ba2Cu3O6.85,5,45.2
Y0.7Pr0.3Ba2Cu3O6.85,5,27.4
Y0.65Pr0.35Ba2Cu3O6.85,5,16.3
Y1Ba2Cu3O6.75,4,61.1
Y0.9Pr0.1Ba2Cu3O6.75,5,52.2
Y0.8Pr0.2Ba2Cu3O6.75,5,41.5
Y0.7Pr0.3Ba2Cu3O6.75,5,25.2
Y0.65Pr0.35Ba2Cu3O6.75,5,6.3
Y1Ba2Cu3O6.6,4,49.6
Y0.9Pr0.1Ba2Cu3O6.6,5,44.1
Y0.8Pr0.2Ba2Cu3O6.6,5,37.0
Y0.7Pr0.3Ba2Cu3O6.6,5,28.5
Y0.65Pr0.35Ba2Cu3O6.6,5,21.5
Y1Ba2Cu3O6.5,4,31.1
Y0.9Pr0.1Ba2Cu3O6.5,5,21.1
Y0.8Pr0.2Ba2Cu3O6.5,5,11.1
La1.89Ba0.11Cu1O4,4,17.8
Hg0.75W0.25Sr2Gd1.5Ce0.5Cu2O,7,15.6
Hg0.75Mo0.25Sr2Gd1.5Ce0.5Cu2O,7,27.0
Sm1.5725Y0.2775Ce0.15Cu1O4,5,10.3
Eu1.84075Y0.00925Ce0.15Cu1O4,5,5.2
Eu1.8315Y0.0185Ce0.15Cu1O4,5,4.3
Pr1.665Gd0.185Ce0.15Cu1O4,5,15.5
Pr1.48Gd0.37Ce0.15Cu1O4,5,14.5
Pr1.295Gd0.555Ce0.15Cu1O4,5,13.5
Pr1.11Gd0.74Ce0.15Cu1O4,5,12.5
Pr0.925Gd0.925Ce0.15Cu1O4,5,9.5
Pr0.74Gd1.11Ce0.15Cu1O4,5,7.5
Bi2Sr2Ca2Cu3O10,5,109.0
Bi2Sr2Ca0.9Y0.1Cu2O8.23,6,85.0
Y1Ba2Cu3O6.98,4,89.8
Y1Ba2Cu3O6.96,4,90.75
Y1Ba2Cu3O6.52,4,52.8
Ho1Ba2Cu2.94O6.94,4,77.0
Ho1Ba2Cu2.94O6.48,4,20.0
Y1Ba2Cu3H0.08O7,5,88.0
Y1Ba2Cu3H0.21O7,5,86.0
Y1Ba2Cu3H0.34O7,5,66.0
Y1Ba2Cu3H0.48O7,5,48.0
Y1Ba2Cu2.985Fe0.015O7,5,91.5
Y1Ba2Cu2.96Fe0.04O7,5,90.0
Y1Ba2Cu2.87Fe0.13O7,5,78.0
Y1Ba2Cu2.83Fe0.17O7,5,72.0
Y1Ba2Cu2.78Fe0.22O7,5,64.0
Bi0.5Sr1.5Y1.15Ce0.85Cu2O8,6,34.0
Y1Ba2Cu2.88Co0.12O7,5,81.0
Y1Ba2Cu2.85Zn0.15O7,5,42.0
Bi2Sr2Ca1Cu2O,5,88.0
Bi2Sr2Ca1Cu2O,5,89.5
Bi2Sr2Ca1Cu2O,5,83.25
Bi2Sr2Ca1Cu2O,5,80.5
Bi2.1Sr1.93Ca0.97Cu2O8,5,76.2
Bi2.1Sr1.93Ca0.92Pr0.05Cu2O8,6,70.6
Bi2.1Sr1.93Ca0.87Pr0.1Cu2O8,6,70.0
Bi2.1Sr1.93Ca0.77Pr0.2Cu2O8,6,57.0
Bi2.1Sr1.93Ca0.72Pr0.25Cu2O8,6,47.4
Bi2.1Sr1.93Ca0.67Pr0.3Cu2O8,6,30.3
Bi2.1Sr1.93Ca0.57Pr0.4Cu2O8,6,0.1
Bi2.1Sr1.93Ca0.92Gd0.05Cu2O8,6,78.6
Bi2.1Sr1.93Ca0.87Gd0.1Cu2O8,6,63.3
Bi2.1Sr1.93Ca0.82Gd0.15Cu2O8,6,60.9
Bi2.1Sr1.93Ca0.77Gd0.2Cu2O8,6,49.6
Bi2.1Sr1.93Ca0.67Gd0.3Cu2O8,6,19.1
Bi2.1Sr1.93Ca0.92Er0.05Cu2O8,6,68.2
Bi2.1Sr1.93Ca0.87Er0.1Cu2O8,6,66.6
Bi2.1Sr1.93Ca0.82Er0.15Cu2O8,6,69.7
La1.925Sr0.075Cu1O4,4,18.0
La1.913Sr0.087Cu1O4,4,25.0
La1.9Sr0.1Cu1O4,4,27.0
La1.888Sr0.112Cu1O4,4,27.0
La1.875Sr0.125Cu1O4,4,27.0
La1.862Sr0.138Cu1O4,4,33.0
La1.837Sr0.162Cu1O4,4,36.0
La1.825Sr0.175Cu1O4,4,35.0
La1.812Sr0.188Cu1O4,4,33.0
La1.788Sr0.213Cu1O4,4,23.0
La1.775Sr0.225Cu1O4,4,20.0
La1.763Sr0.237Cu1O4,4,13.0
Pr0.5Y0.5Ba2Cu3O7,5,22.0
Pr0.6Ca0.4Ba2Cu3O7,5,17.5
Pr0.5Ca0.5Ba2Cu3O7,5,41.0
Ba0.64K0.36Bi1O3,4,28.5
Bi2.1Sr1.93Ca0.77Er0.2Cu2O8,6,61.9
Bi2.1Sr1.93Ca0.72Er0.25Cu2O8,6,51.7
Bi2.1Sr1.93Ca0.67Er0.3Cu2O8,6,36.4
Bi2.1Sr1.93Ca0.57Er0.4Cu2O8,6,0.1
Y1Ba2Cu2.85Fe0.024Zn0.126O7,6,47.2
Y1Ba2Cu2.85Fe0.049Zn0.101O7,6,46.6
Y1Ba2Cu2.85Fe0.075Zn0.075O7,6,50.0
Y1Ba2Cu2.85Fe0.097Zn0.052O7,6,59.0
Y1Ba2Cu2.85Fe0.126Zn0.024O7,6,67.9
Y1Ba2Cu2.85Fe0.15O7,5,73.1
Y1Ba2Cu2.85Ni0.15O7,5,73.7
Y1Ba2Cu2.85Ga0.025Ni0.124O7,6,74.4
Y1Ba2Cu2.85Ga0.049Ni0.101O7,6,70.7
Y1Ba2Cu2.85Ga0.075Ni0.075O7,6,65.0
Y1Ba2Cu2.85Ga0.097Ni0.052O7,6,66.6
Y1Ba2Cu2.85Ga0.126Ni0.024O7,6,74.4
Y1Ba2Cu2.85Ga0.15O7,5,76.4
Y1Ba2Cu2.85Zn0.15O7,5,44.4
Y1Ba2Cu2.85Ga0.025Zn0.124O7,6,54.2
Y1Ba2Cu2.85Ga0.049Zn0.101O7,6,63.0
Y1Ba2Cu2.85Ga0.075Zn0.075O7,6,66.3
Y1Ba2Cu2.85Ga0.101Zn0.049O7,6,63.7
Y1Ba2Cu2.85Ga0.126Zn0.024O7,6,66.3
Y1Ba2Cu2.85Ga0.15O7,5,75.7
Y1Ba2Cu2.85Zn0.15O7,5,41.6
Y1Ba2Cu2.85Ni0.025Zn0.124O7,6,47.9
Y1Ba2Cu2.85Ni0.051Zn0.099O7,6,52.5
I1Bi2.2Sr1.8Ca1Cu2O8,6,73.6
Bi2Sr2Ca1Cu2O8,5,90.7
Bi2Sr2Ca1Cu2O8,5,95.0
La1.82Sr0.18Cu1O4,4,34.6
La1.81Sr0.19Cu1O4,4,32.1
La1.8Sr0.2Cu1O4,4,30.5
La1.77Sr0.23Cu1O4,4,21.3
La1.76Sr0.24Cu1O4,4,20.0
La1.74Sr0.26Cu1O4,4,9.0
La1.73Sr0.27Cu1O4,4,12.0
Bi2Sr2Ca1Cu1.994Fe0.006O8,6,81.5
Bi2Sr2Ca1Cu1.982Fe0.018O8,6,71.5
Bi2Sr2Ca1Cu1.977Fe0.023O8,6,66.0
Bi2Sr2Ca1Cu1.954Fe0.046O8,6,69.5
Bi2Sr2Ca1Cu1.91Fe0.09O8,6,69.5
Bi2Sr2Ca1Cu1.991Ni0.009O8,6,79.5
Bi2Sr2Ca1Cu1.983Ni0.017O8,6,75.5
Bi2Sr2Ca1Cu1.982Ni0.018O8,6,74.0
Bi2Sr2Ca1Cu1.998Zn0.002O8,6,83.0
Bi2Sr2Ca1Cu1.996Zn0.004O8,6,82.5
Gd1Ba2Cu4O8,4,74.7
Er1Ba2Cu4O8,4,80.0
Tm1Ba2Cu4O8,4,79.9
La1.925Sr0.075Cu1O4,4,23.0
La1.07Pr0.85Sr0.08Cu1O4,5,9.0
La1.04Pr0.85Sr0.11Cu1O4,5,17.0
La1.03Pr0.85Sr0.12Cu1O4,5,18.0
La1.02Pr0.85Sr0.13Cu1O4,5,22.0
La1.01Pr0.85Sr0.14Cu1O4,5,25.0
La1Pr0.85Sr0.15Cu1O4,5,28.0
La0.97Pr0.85Sr0.18Cu1O4,5,28.0
La0.95Pr0.85Sr0.2Cu1O4,5,27.0
La0.92Pr0.85Sr0.23Cu1O4,5,17.0
La0.9Pr0.85Sr0.25Cu1O4,5,10.0
Y1Ba2Cu2.979Zn0.021O7,5,84.0
Y1Ba2Cu2.954Zn0.047O7,5,73.8
Y1Ba2Cu2.91Zn0.09O7,5,57.5
Y1Ba2Cu3O7,4,91.33
Y1Ba2Cu3O7,4,91.075
Y1Ba2Cu3O7,4,92.42
Y1Ba2Cu3O7,4,92.12
Y1Ba2Cu3O7,4,86.4
Bi2Sr2Ca1Cu2O8,5,85.7
Bi2Sr2Ca1Cu2O8,5,63.58
Bi2Sr2Ca1Cu2O8,5,50.33
Hg1Ba2Cu1O4,4,92.0
Tl1Ba0.6Sr0.4La1Cu1O5,6,20.0
Tl1Ba0.3Sr0.7La1Cu1O5,6,30.0
Tl1Sr1La1Cu1O5,5,32.0
Tl1Sr0.7Ca0.3La1Cu1O5,6,32.0
Tl1Sr0.4Ca0.6La1Cu1O5,6,26.0
Tl1Ba0.6Ca0.4La1Cu1O5,6,14.0
Tl1Ba0.4Ca0.6La1Cu1O5,6,16.0
Tl1Ba0.2Ca0.8La1Cu1O5,6,13.0
Ca0.4La1.25Ba1.35Cu3O6.99,5,38.0
Ca0.4La1.25Ba1.35Cu3O7.055,5,57.0
Ca0.4La1.25Ba1.35Cu3O7.135,5,76.0
Ca0.1La1.25Ba1.65Cu3O6.985,5,5.0
Ca0.1La1.25Ba1.65Cu3O7.06,5,38.0
La1.84Sr0.16Cu0.99Zn0.01O4,5,28.8
La1.84Sr0.16Cu0.98Zn0.02O4,5,18.6
La1.84Sr0.16Cu0.97Zn0.03O4,5,7.85
La1.84Sr0.16Cu1O4,4,39.3
La1.78Sr0.22Cu0.99Zn0.01O4,5,18.3
La1.78Sr0.22Cu0.98Zn0.02O4,5,9.6
La1.78Sr0.22Cu0.97Zn0.03O4,5,3.3
La1.78Sr0.22Cu1O4,4,25.9
Bi2Sr2Ca1Cu2O8,5,82.4
Y1Ba2Cu3O6.65,4,57.0
Y0.95Ca0.05Ba2Cu3O6.7,5,70.0
Y0.9Ca0.1Ba2Cu3O6.7,5,75.0
Y0.85Ca0.15Ba2Cu3O6.71,5,78.0
Y1Ba2Cu4O7.95,4,82.0
Y0.8Pr0.2Ba2Cu4O7.95,5,74.0
Y0.6Pr0.4Ba2Cu4O7.95,5,63.0
Y1Ba2Cu3.985Zn0.015O7.95,5,70.0
Y1Ba2Cu0.95Zn0.05O7.95,5,46.0
Y1Ba2Cu0.97Zn0.03O7.95,5,59.0
Y1Ba1.8Sr0.2Cu4O7.95,5,82.0
Y1Ba1.6Sr0.4Cu4O7.95,5,82.0
Y1Ba1.4Sr0.6Cu4O7.95,5,82.0
Yb1Ba2Cu3O7,4,90.0
Yb1Ba2Cu2.95Ga0.05O7,5,90.0
Yb1Ba2Cu2.9Ga0.1O7,5,90.0
Yb1Ba2Cu2.85Ga0.15O7,5,90.0
Yb1Ba2Cu2.8Ga0.2O7,5,90.0
Yb1Ba2Cu2.7Ga0.3O7,5,90.0
Nd1Ba2Cu3O6.76,4,94.0
Nd1Ba2Cu2.95Ga0.05O6.59,5,53.0
Nd1Ba2Cu2.9Ga0.1O6.61,5,38.0
Nd1Ba2Cu2.85Ga0.15O6.62,5,23.0
Er1Ba2Cu3O6.85,4,93.0
Er1Ba2Cu2.95Ga0.05O6.75,5,90.0
Er1Ba2Cu2.9Ga0.1O6.78,5,86.0
Er1Ba2Cu2.85Ga0.15O6.69,5,82.0
Er1Ba2Cu2.8Ga0.2O7,5,81.0
Er1Ba2Cu2.7Ga0.3O7,5,80.0
Y1Ba2Cu3O6.82,4,93.0
Y1Ba2Cu2.95Ga0.05O6.69,5,88.0
Y1Ba2Cu2.9Ga0.1O6.8,5,81.0
Y1Ba2Cu2.85Ga0.15O7,5,78.0
Y1Ba2Cu2.8Ga0.2O7,5,68.0
Y1Ba2Cu2.7Ga0.3O7,5,70.0
Dy1Ba2Cu3O6.75,4,94.0
Dy1Ba2Cu2.95Ga0.05O6.69,5,83.0
Dy1Ba2Cu2.9Ga0.1O6.7,5,68.0
Dy1Ba2Cu2.8Ga0.2O6.78,5,50.0
Dy1Ba2Cu2.7Ga0.3O6.77,5,39.0
Gd1Ba2Cu2.9Ga0.1O7,5,62.0
Gd1Ba2Cu2.7Ga0.3O7,5,21.0
Eu1Ba2Cu3O6.82,4,94.0
Eu1Ba2Cu2.95Ga0.05O6.78,5,79.0
Eu1Ba2Cu2.9Ga0.1O6.74,5,52.0
Eu1Ba2Cu2.85Ga0.15O6.76,5,43.0
Eu1Ba2Cu2.8Ga0.2O6.63,5,14.0
Bi1.65Pb0.35Sr2Ca2Cu3O10,6,108.6
Bi1.65Pb0.35Sr2Ca2Cu3FO,7,117.2
Y2Ba4Cu7O15.1,4,92.8
Y1Ba2Cu3F0.1O7,5,91.0
Y1Ba2Cu3F0.2O7,5,91.0
Y1Ba2Cu3O6.7,4,62.5
Y1Ba2Cu3F0.1O6.7,5,71.0
La2Cu1O4.017,3,34.7
La2Cu1O4.034,3,30.7
La2Cu1O4.047,3,29.7
La2Cu1O4.054,3,29.1
La2Cu1O4.066,3,38.0
La2Cu1O4.07,3,40.4
La2Cu1O4.095,3,37.8
Hg1Ba2Ca1Cu2O6,5,125.0
Y1Ba2Cu3O6.95,4,93.05
Bi2Sr2Ca1Cu2O8,5,90.4
Bi2Sr2Ca1Cu2O8.197,5,74.0
Bi2Sr2Ca0.9Pr0.1Cu2O8.234,6,75.8
Bi2Sr2Ca0.8Pr0.2Cu2O8.282,6,70.0
Bi2Sr2Ca0.7Pr0.3Cu2O8.299,6,60.8
Bi2Sr2Ca0.6Pr0.4Cu2O8.316,6,57.0
Bi2Sr2Ca0.5Pr0.5Cu2O8.329,6,5.1
Pr1.85Ce0.15Cu1O4,4,20.5
Bi1.7Pb0.3Sr2Ca2Cu3O10,6,106.5
Bi1.7Pb0.3Sr2Ca2Cu3F0.2O9.8,7,111.0
Bi1.7Pb0.3Sr2Ca2Cu3F0.5O9.5,7,113.0
Bi1.7Pb0.3Sr2Ca2Cu3F0.8O9.2,7,117.6
Hg1Ba2Ca1Cu2O6,5,124.0
Y1Ba2Cu3O7,4,88.3
Y1Ba2Cu3O7,4,86.7
Nd1.85Ce0.15Cu1O4,4,18.2
Tl1Sr1La1Cu1O5.09,5,30.0
Tl1Ba0.3Sr0.7La1Cu1O5.11,6,25.0
Tl1Ba0.6Sr0.4La1Cu1O5.16,6,22.0
Nd1.85Ce0.15Cu1O4,4,22.5
Nd1.85Ce0.15Cu0.999Ni0.001O4,5,20.0
Nd1.85Ce0.15Cu0.997Ni0.003O4,5,16.0
Nd1.85Ce0.15Cu0.995Ni0.005O4,5,12.0
Nd1.85Ce0.15Cu0.993Ni0.007O4,5,8.0
Nd1.85Ce0.15Cu0.993Ni0.007O4,5,5.5
Nd1.85Ce0.15Cu0.998Fe0.002O4,5,19.5
Nd1.85Ce0.15Cu0.995Fe0.005O4,5,16.5
Nd1.85Ce0.15Cu0.99Fe0.01O4,5,13.0
Nd1.85Ce0.15Cu0.985Fe0.015O4,5,6.5
Nd1.85Ce0.15Cu0.995Zn0.005O4,5,18.0
Nd1.85Ce0.15Cu0.99Zn0.01O4,5,15.5
Nd1.85Ce0.15Cu0.987Zn0.013O4,5,14.5
Nd1.85Ce0.15Cu0.985Zn0.015O4,5,14.0
Nd1.85Ce0.15Cu0.98Zn0.02O4,5,13.0
Nd1.85Ce0.15Cu0.975Zn0.025O4,5,12.0
Nd1.85Ce0.15Cu0.97Zn0.03O4,5,11.0
Nd1.85Ce0.15Cu0.96Zn0.04O4,5,9.5
Nd1.85Ce0.15Cu0.95Zn0.05O4,5,8.0
Y1Ba2Cu3O6.63,4,62.0
Y1Ba2Cu2.97Zn0.03O6.63,5,40.0
Y1Ba2Cu2.94Zn0.06O6.63,5,20.0
Y1Ba2Cu3O6.03,4,92.0
Y1Ba2Cu3O6.78,4,82.0
Y1Ba2Cu3O6.88,4,92.0
Tl1Ba1.1La0.9Cu1O5,5,38.4
Tl1Ba1.2La0.8Cu1O5,5,45.0
Tl1Ba1.3La0.7Cu1O5,5,38.8
Tl1Ba1.4La0.6Cu1O5,5,24.0
Eu1Ba2Cu4O8,4,70.5
Eu0.8Pr0.2Ba2Cu4O8,5,63.5
Eu0.6Pr0.4Ba2Cu4O8,5,40.0
Eu0.5Pr0.5Ba2Cu4O8,5,27.5
Y0.9Pr0.1Ba2Cu4O8,5,72.5
Y0.8Pr0.2Ba2Cu4O8,5,70.5
Y0.7Pr0.3Ba2Cu4O8,5,66.5
Y0.6Pr0.4Ba2Cu4O8,5,60.0
Y0.5Pr0.5Ba2Cu4O8,5,52.5
Y0.4Pr0.6Ba2Cu4O8,5,40.5
Y0.3Pr0.7Ba2Cu4O8,5,29.0
Tl1Ba1.6La0.4Cu1O5,5,34.0
Tl1Ba1.5La0.5Cu1O5,5,35.0
Tl1Ba1.4La0.6Cu1O5,5,38.0
Tl1Ba1.3La0.7Cu1O5,5,40.0
Tl1Ba1.2La0.8Cu1O5,5,30.0
Tl1Sr1.2La0.8Cu1O5,5,27.0
Tl1Sr1La1Cu1O8,5,32.0
Tl1Ba2Ca0.7Gd0.3Cu2O7,6,78.0
Tl1Sr2Ca0.6Gd0.4Cu2O7,6,65.0
Tl1Sr2Ca0.4Gd0.6Cu2O7,6,60.0
Y0.8Pr0.2Ba2Cu3O7,5,68.0
Y0.7Pr0.3Ba2Cu3O7,5,53.0
Y0.6Pr0.4Ba2Cu3O7,5,40.0
Pb2Sr2Y0.7Ca0.3Cu3O8,6,79.0
Pb2Sr2Y0.1Cu3O8,5,70.0
Pb2Sr2Sm0.5Eu0.5Cu3O8,6,45.0
Sr0.875Nd0.125Cu1O2,4,20.0
Sr0.9Nd0.1Cu1O2,4,10.0
Hg1Ba2Cu1O4.03,4,1.0
Hg1Ba2Cu1O4.09,4,50.0
Hg1Ba2Cu1O4.17,4,78.0
Hg1Ba2Cu1O4.18,4,97.0
Hg1Ba2Cu1O4.28,4,80.0
Hg1Ba2Cu1O4.28,4,87.0
Hg1Ba2Cu1O4.39,4,22.0
Sm1.85Ce0.15Cu1O4,4,20.5
Sm1.84Ce0.16Cu1O4,4,21.0
Sm1.83Ce0.17Cu1O4,4,18.3
Sm1.82Ce0.18Cu1O4,4,16.8
Sm1.85Ce0.15Cu1O4,4,23.3
Sm1.84Ce0.16Cu1O4,4,22.9
Sm1.83Ce0.17Cu1O4,4,21.4
Sm1.82Ce0.18Cu1O4,4,18.8
Sr0.7Ca0.3Cu1O2,4,99.0
Hg1Ba2Ca1.73Pb0.17Cu2.86O8,6,131.5
Bi2Sr2Ca1Cu2O8,5,81.8
Hg1Ba2Ca1.73Pb0.17Cu2.86O8,6,133.0
Nd1.85Ce0.15Cu1O4,4,15.9
Sm1.85Ce0.15Cu1O4,4,13.5
Y1Ba2Cu3O7,4,90.8
Y1Ba2Cu3O7,4,88.6
Tl2Ba2Cu1O6,4,60.0
Tl1Sr2Ca1Cu2O7,5,65.0
Y1Ba2Cu0.97Co0.03O7,5,90.7
Y1Ba2Cu0.94Co0.06O7,5,88.7
Y1Ba2Cu0.925Co0.075O7,5,81.2
Y1Ba2Cu0.91Co0.09O7,5,76.1
Y1Ba2Cu0.88Co0.12O7,5,66.3
Y1Ba2Cu0.94Co0.06O7,5,89.7
Y1Ba2Cu0.925Co0.075O7,5,86.8
Y1Ba2Cu0.91Co0.09O7,5,86.4
Y1Ba2Cu0.88Co0.12O7,5,77.1
Cu0.68C0.32Ba2Ca3Cu4O11,5,117.0
Y1Ba2Cu3O7,4,65.0
Y1Ba2Cu3O7,4,63.0
Bi1.8Pb0.4Sr2Ca2Cu3O10,6,104.0
Pr1.85Ce0.15Cu1O4,4,22.1
Nd1.85Ce0.15Cu1O4,4,24.2
Sm1.85Ce0.15Cu1O4,4,18.3
Eu1.85Ce0.15Cu1O4,4,10.0
Pb0.17Hg1.22Ba2Ca1.44Cu2.79O,6,133.6
Y1Ba2Cu3O6.95,4,86.0
Y1Ba2Cu3O6.7,4,70.0
Y1Ba2Cu3O6.96,4,90.0
Y0.9Ca0.1Ba1.9La0.1Cu3O6.96,6,82.0
Y0.8Ca0.2Ba1.8La0.2Cu3O6.96,6,78.0
Y0.7Ca0.3Ba1.7La0.3Cu3O6.96,6,78.0
Y0.6Ca0.4Ba1.6La0.4Cu3O6.96,6,78.0
Y1Ba2Cu3O6.91,4,90.0
Y1Ba2Cu3O7,4,78.0
Y1Ba2Cu3O7,4,60.0
Y1Ba2Cu3O7,4,52.0
Y1Ba2Cu3O6.54,4,50.0
Hg1Ba2Ca2Cu3O8,5,135.7
Bi3.9Sr3.3Ca1.3Cu2.883Fe0.117O,6,78.5
Bi2.03Sr2Ca0.9Cu2O,5,85.5
Tl1Sr2Ca0.8Pr0.2Cu2O7,6,58.0
Tl1Sr2Ca0.6Pr0.4Cu2O7,6,70.0
Tl1Sr2Ca0.4Pr0.6Cu2O7,6,74.0
Tl1Sr2Ca0.2Pr0.8Cu2O7,6,38.0
Tl1Sr2Ca0.4Tb0.6Cu2O7,6,62.0
Bi2Sr1.9Ca1Cu2O8,5,88.75
Bi2Sr1.9Ca1Cu2O8,5,94.0
Er1Ba2Cu3O6.6,4,75.0
Dy1Ba2Cu3O6,4,90.0
Dy1Ba2Cu3O7,4,50.0
Nd1Ba2Cu3O6.94,4,90.0
Nd1Ba2Cu3O6.78,4,63.0
Y1Ba2Cu3O6.9,4,90.565
Y1Ba2Cu3O6.9,4,90.815
Y1Ba2Cu3O6.9,4,88.55
Y1Ba2Cu3O6.9,4,89.935
Hg1Ba2Ca2Cu3O8.27,5,135.0
Hg1Ba2Ca2Cu3O8.22,5,107.0
Hg1Ba2Ca2Cu3O8.18,5,94.0
Y1Ba2Cu3O6.95,4,92.8
Y1Ba2Cu3O6.88,4,91.5
Y1Ba2Cu3O6.62,4,34.0
Y2Ba4Cu7O14.97,4,93.1
Y1Ba2Cu3O6.95,4,92.0
Y1Ba2Cu3O6.77,4,80.0
Y1Ba2Cu2.97Zn0.03O6.95,5,81.0
Y1Ba2Cu2.97Zn0.03O6.77,5,67.0
Y1Ba2Cu2.97Zn0.03O6.75,5,58.0
Y1Ba2Cu2.97Zn0.03O6.7,5,50.0
Y1Ba2Cu2.97Zn0.03O6.68,5,41.0
Y1Ba2Cu2.94Zn0.06O6.95,5,65.0
Y1Ba2Cu2.94Zn0.06O6.77,5,44.0
Y1Ba2Cu2.94Zn0.06O6.75,5,37.0
Y1Ba2Cu2.94Zn0.06O6.7,5,23.0
Y1Ba2Cu2.94Zn0.06O6.68,5,20.0
Y1Ba2Cu2.91Zn0.09O6.95,5,56.0
Y1Ba2Cu2.91Zn0.09O6.77,5,30.0
Y1Ba2Cu2.91Zn0.09O6.75,5,23.0
Y1Ba2Cu2.91Zn0.09O6.7,5,20.0
Y1Ba2Cu2.91Zn0.09O6.68,5,10.0
Y1Ba2Cu2.91Zn0.09O6.65,5,10.0
Y1Ba2Cu2.91Zn0.09O6.6,5,6.0
Y1Ba2Cu2.79Zn0.21O6.95,5,20.0
Bi2Sr2Cu1O,4,5.0
Bi2Sr2Cu1O,4,8.0
Y1Ba2Cu3O6.94,4,92.6
Y1Ba2Cu3O6.94,4,92.9
Y0.6Pr0.4Ba2Cu3O6.88,5,47.0
Y0.6Pr0.4Ba1.8Sr0.2Cu3O6.85,6,47.0
Y0.6Pr0.4Ba1.6Sr0.4Cu3O6.87,6,44.0
Y0.6Pr0.4Ba1.4Sr0.6Cu3O6.83,6,45.0
Y0.6Pr0.4Ba1.2Sr0.8Cu3O6.89,6,52.0
Y0.6Pr0.4Ba1Sr1Cu3O6.89,6,53.0
Y0.6Pr0.4Ba0.8Sr1.2Cu3O6.89,6,49.0
Y0.6Pr0.4Ba0.6Sr1.4Cu3O6.89,6,49.0
Y0.6Pr0.4Ba0.4Sr1.6Cu3O7,6,50.0
Y0.6Pr0.4Ba0.2Sr1.8Cu3O7,6,44.0
Y1Ba2Cu3.976Zn0.024O8,5,63.0
Y1Ba2Cu3.95Zn0.05O8,5,47.0
Y1Ba2Cu3.928Zn0.072O8,5,31.0
Y1Ba2Cu3.9Zn0.1O8,5,12.0
La2Cu1O4.06,3,45.0
La2Cu1O4.065,3,45.0
La2Cu1O4.075,3,45.0
La2Cu1O4.08,3,45.0
La2Cu1O4.04,3,32.0
La2Cu1O4.05,3,32.0
La2Cu1O4.06,3,42.0
La2Cu1O4.08,3,42.0
La2Cu1O4.09,3,42.0
Y1Ba2Cu4O8,4,81.4
Bi2Sr2Ca1Cu2O8,5,87.5
Nd1Ba2Cu3O7,4,89.7
Nd1Ba2Cu2.99Ga0.01O7,5,81.2
Nb1Ba2Cu2.98Ga0.02O7,5,80.2
Nd1Ba2Cu2.97Ga0.03O7,5,70.5
Nb1Ba2Cu2.96Ga0.04O7,5,60.6
Nb1Ba2Cu2.95Ga0.05O7,5,60.0
Nb1Ba2Cu2.94Ga0.06O7,5,56.2
Nb1Ba2Cu2.93Ga0.07O7,5,52.0
Nb1Ba2Cu2.92Ga0.08O7,5,52.4
Nd1Ba2Cu2.91Ga0.09O7,5,50.1
Nb1Ba2Cu2.9Ga0.1O7,5,42.6
Bi1.8Pb0.3Sr2Ca2Cu3O10,6,109.0
Bi1.8Pb0.3Sr2Ca2Cu3O10,6,108.0
Bi1.8Pb0.3Sr2Ca2Cu3O10,6,107.0
Y1Ba2Cu2.94Ni0.06O7,5,79.0
Y1Ba2Cu2.88Ni0.12O7,5,70.0
Y1Ba2Cu2.82Ni0.18O7,5,68.0
Y1Ba2Cu2.94Ni0.06O7,5,62.0
Y1Ba2Cu2.88Ni0.12O7,5,43.0
Y1Ba2Cu2.895Fe0.105O7,5,70.0
Y1Ba2Cu2.805Fe0.195O7,5,51.0
La1.89Sr0.11Cu0.995Fe0.005O4,5,14.7
H0.1La1.89Sr0.11Cu0.995Fe0.005O4,6,14.0
H0.27La1.89Sr0.11Cu0.995Fe0.005O4,6,13.8
H0.4La1.89Sr0.11Cu0.995Fe0.005O4,6,13.5
H0.55La0.89Sr0.11Cu0.995Fe0.005O4,6,13.2
La1.8Sr0.2Cu0.995Fe0.005O4,5,25.5
H0.19La1.8Sr0.2Cu0.995Fe0.005O4,6,27.2
H0.55La1.8Sr0.2Cu0.995Fe0.005O4,6,26.0
Y0.9Pr0.1Sr2Cu2.7Mo0.3O7,6,33.1
Y0.8Pr0.2Sr2Cu2.7Mo0.3O7,6,31.6
Y0.7Pr0.3Sr2Cu2.7Mo0.3O7,6,29.7
Y0.6Pr0.4Sr2Cu2.7Mo0.3O7,6,25.9
Y0.5Pr0.5Sr2Cu2.7Mo0.3O7,6,22.2
Y0.4Pr0.6Sr2Cu2.7Mo0.3O7,6,17.3
Y0.3Pr0.7Sr2Cu2.7Mo0.3O7,6,12.2
Y1Ba2Cu3O6.98,4,83.3
Y0.9Ca0.1Ba2Cu3O6.96,5,81.5
Y0.8Ca0.2Ba2Cu3O6.9,5,73.9
Y0.7Ca0.3Ba2Cu3O6.87,5,88.7
Tl0.5Pb0.5Sr2Ca1Cu2O,6,77.7
Tl1Ba2Ca2Cu3O,5,111.7
Tl2Ba2Ca2Cu3O,5,123.6
Tl2Ba2Ca1Cu2O,5,103.1
Ca1.9Na0.1Cu1Cl2O2,5,26.0
Yb1Ba2Cu3O7,4,87.9
Tm1Ba2Cu3O7,4,90.4
Ho1Ba2Cu3O7,4,91.5
Dy1Ba2Cu3O7,4,91.7
Gd1Ba2Cu3O7,4,93.6
Sm1Ba2Cu3O7,4,93.1
Nd1Ba2Cu3O7,4,94.4
Tl1.75Ba2Cu1.2O5.98,4,26.0
Tl1.63Ba2Ca1.3Cu2O7.94,5,91.0
Tl1.62Ba2Ca2.3Cu3O9.92,5,113.0
Tl1.6Ba2Ca3.3Cu4O11.89,5,103.0
Tl1.89Ba2Cu1.11O6.18,4,49.0
Y1Ba2Cu3O6.93,4,93.2
Y1Ba2Cu3O6.93,4,93.5
La1.83Sr0.17Cu1O4,4,38.7
Y0.8Pr0.2Ba2Cu3O7,5,75.0
Y0.7Pr0.3Ba2Cu3O7,5,60.5
Y0.6Pr0.4Ba2Cu3O7,5,47.0
Y0.5Pr0.5Ba2Cu3O7,5,32.7
Y0.8Pr0.2Ba2Cu3O7,5,67.7
Y0.7Pr0.2Ca0.1Ba2Cu3O7,6,58.0
Y0.65Pr0.2Ca0.15Ba2Cu3O7,6,39.3
Y0.6Pr0.2Ca0.2Ba2Cu3O7,6,29.9
Y1.55Pr0.2Ca0.25Ba2Cu3O7,6,20.2
Y1Ba2Cu2.94Zn0.06O7,5,67.7
Y1Ba2Cu2.925Zn0.075O7,5,60.2
Y1Ba2Cu2.88Zn0.12O7,5,58.0
Y1Ba2Cu2.85Zn0.15O7,5,39.3
Y1Ba2Cu2.82Zn0.06O7,5,29.9
Y1Ba2Cu2.79Zn0.21O7,5,20.2
Y1Ba2Cu2.775Zn0.225O7,5,13.4
Y1Ba2Cu2.76Zn0.24O7,5,9.6
Y1Ba2Cu2.745Zn0.255O7,5,5.7
Y1Ba2Cu2.737Zn0.262O7,5,8.0
La1.8Sr0.2Ca1Cu2O6,5,26.5
La1.8Sr0.2Ca1Cu2O6,5,52.0
Y1Ba2Cu3O6.97,4,91.3
Y1Ba2Cu3O6.962,4,92.1
Y1Ba2Cu3O6.955,4,91.8
Y1Ba2Cu3O6.906,4,92.4
Y1Ba2Cu3O6.828,4,88.0
Y1Ba2Cu3O6.773,4,71.2
Y1Ba2Cu3O6.702,4,69.0
Y1Ba2Cu3O6.666,4,60.5
Y1Ba2Cu3O6.602,4,59.4
Y1Ba2Cu3O6.556,4,58.5
Y1Ba2Cu3O6.546,4,59.4
Y1Ba2Cu3O6.516,4,58.7
Bi2Sr2Ca1Cu2O8,5,83.5
Lu0.9Ce0.05Ca0.05Ba2Cu3O7,6,81.0
Lu0.8Ce0.1Ca0.1Ba2Cu3O7,6,74.0
Lu0.8Ce0.15Ca0.05Ba2Cu3O7,6,63.0
Lu0.75Ce0.15Ca0.1Ba2Cu3O7,6,69.0
Lu0.7Ce0.15Ca0.15Ba2Cu3O7,6,58.0
Lu1Ba2Cu3O7,4,88.0
Lu0.93Pr0.07Ba2Cu3O7,5,85.0
Lu0.9Pr0.05Ca0.05Ba2Cu3O7,6,82.0
Lu0.9Pr0.1Ba2Cu3O7,5,83.0
Lu0.8Pr0.2Ba2Cu3O7,5,79.0
Lu0.7Pr0.2Ca0.1Ba2Cu3O7,6,76.0
Lu0.7Pr0.3Ba2Cu3O7,5,70.0
Lu0.6Pr0.3Ca0.1Ba2Cu3O7,6,74.0
Lu0.6Pr0.4Ba2Cu3O7,5,54.0
Lu0.5Pr0.4Ca0.1Ba2Cu3O7,6,57.0
Lu0.5Pr0.5Ba2Cu3O7,5,37.0
Lu0.55Pr0.45Ba2Cu3O7,5,24.0
Er1Ba2Cu2.985Fe0.015O7,5,88.7
Er1Ba2Cu2.985Co0.015O7,5,89.0
Er1Ba2Cu2.985Ni0.015O7,5,89.8
Er1Ba2Cu2.985Ga0.015O7,5,89.5
Y0.9Tb0.1Ba2Cu3O7,5,91.0
Y0.68Tb0.32Ba2Cu3O7,5,91.0
Hg1Ba2Cu1O4.18,4,95.0
Hg1Ba2Cu1O4.08,4,53.0
Hg1Ba2Cu1O4.18,4,94.0
Hg1Ba2Cu1O4.23,4,30.0
Hg1Ba2Cu1O4.21,4,80.0
Dy1Ba2Cu3O7,4,76.3
Gd1Ba2Cu3O7,4,73.1
Eu1Ba2Cu3O7,4,68.0
La1.895Sr0.105Cu1O4,4,26.3
La1.89Sr0.11Cu1O4,4,24.5
La1.885Sr0.115Cu1O4,4,24.7
Tl2Ba2Ca1Cu2O8,5,104.0
Y1Ba2Cu3F0.76O6,5,35.0
Y1Ba2Cu3F1.11O6,5,45.0
Y1Ba2Cu3F1.26O6,5,55.0
Y1Ba2Cu3F1.46O6,5,55.0
Y1Ba2Cu3.972Zn0.028O8,5,63.0
Y1Ba2Cu3.95Zn0.05O8,5,47.5
Y1Ba2Cu3.924Zn0.076O8,5,30.1
Y1Ba2Cu3.9Zn0.1O8,5,11.5
Y1Ba1.9La0.1Cu3O8,5,64.0
Y1Ba1.9La0.1Cu3.972Zn0.028O8,6,48.7
Y1Ba1.9La0.1Cu3.95Zn0.05O8,6,33.3
Y1Ba1.9La0.1Cu3.93Zn0.07O8,6,17.8
Y1Ba1.8La0.2Cu4O8,5,44.0
Y1Ba1.8La0.2Cu3.97Zn0.03O8,6,16.2
Hg1Ba2Cu1O4.07,4,45.0
Hg1Ba2Cu1O4.12,4,74.0
Hg1Ba2Cu1O4.19,4,95.0
Hg1Ba2Cu1O4.22,4,97.0
Hg1Ba2Cu1O4.27,4,91.0
Hg1Ba2Cu1O4.3,4,81.0
Hg1Ba2Cu1O4.31,4,78.0
Hg1Ba2Cu1O4.34,4,59.0
Hg1Ba2Cu1O4.36,4,56.0
Hg1Ba2Cu1O4.37,4,40.0
Hg1Ba2Cu1O4.39,4,26.0
Yb1Ba1.7Sr0.3Cu3O6.9,5,81.0
Yb0.95Pr0.05Ba1.7Sr0.3Cu3O6.91,6,81.0
Yb0.9Pr0.1Ba1.7Sr0.3Cu3O6.9,6,81.0
Yb0.85Pr0.15Ba1.7Sr0.3Cu3O6.91,6,80.0
Yb0.8Pr0.2Ba1.7Sr0.3Cu3O6.92,6,76.0
Yb0.75Pr0.25Ba1.7Sr0.3Cu3O6.92,6,71.0
Yb0.7Pr0.3Ba1.7Sr0.3Cu3O6.93,6,63.0
Yb0.65Pr0.35Ba1.7Sr0.3Cu3O6.95,6,55.0
Yb0.6Pr0.4Ba1.7Sr0.3Cu3O6.93,6,46.0
Yb0.55Pr0.45Ba1.7Sr0.3Cu3O6.88,6,41.0
Yb0.5Pr0.5Ba1.7Sr0.3Cu3O6.93,6,30.0
Yb0.45Pr0.55Ba1.7Sr0.3Cu3O6.91,6,15.0
Lu1Ba1.7Sr0.3Cu3O7,5,79.0
Lu0.9Pr0.1Ba1.7Sr0.3Cu3O6.95,6,79.0
Lu0.85Pr0.15Ba1.7Sr0.3Cu3O6.91,6,77.0
Lu0.8Pr0.2Ba1.7Sr0.3Cu3O6.93,6,75.0
Lu0.75Pr0.25Ba1.7Sr0.3Cu3O6.9,6,66.0
Lu0.7Pr0.3Ba1.7Sr0.3Cu3O6.89,6,61.0
Lu0.65Pr0.35Ba1.7Sr0.3Cu3O6.93,6,52.0
Lu0.6Pr0.4Ba1.7Sr0.3Cu3O6.91,6,47.0
Lu0.55Pr0.45Ba1.7Sr0.3Cu3O6.92,6,35.0
Lu0.5Pr0.5Ba1.7Sr0.3Cu3O6.92,6,20.0
Y1Ba2Cu2.94Zn0.06O7,5,64.9
Y1Ba2Cu2.91Zn0.09O7,5,56.9
Y1Ba2Cu2.85Zn0.15O7,5,43.2
Y1Ba2Cu2.76Zn0.24O7,5,13.0
Y1Ba2Cu2.979Zn0.021O7,5,80.2
Y1Ba2Cu2.97Zn0.03O7,5,77.0
Y1Ba2Cu2.88Zn0.12O7,5,52.0
Y1Ba2Cu2.993Zn0.007O7,5,84.0
Y1Ba2Cu2.985Zn0.015O7,5,80.0
Y1Ba2Cu2.97Zn0.03O7,5,76.0
Y1Ba2Cu2.955Zn0.045O7,5,70.1
Y1Ba2Cu2.82Zn0.18O7,5,38.4
Y1Ba2Cu2.79Zn0.21O7,5,24.2
Ca0.1Ba1.65La1.25Cu3O6.98,5,8.0
Ca0.1Ba1.65La1.25Cu3O7.06,5,41.9
Ca0.4Ba1.25La1.25Cu3O6.98,5,40.1
Ca0.4Ba1.25La1.25Cu3O7.05,5,60.0
Ca0.4Ba1.25La1.25Cu3O7.14,5,78.8
Ca0.4Ba1.15La1.45Cu3O7.12,5,7.6
Ca0.4Ba1.15La1.45Cu3O7.21,5,43.9
Ca0.4Ba1.15La1.45Cu3O7.23,5,52.8
Ce1Ir1In5,3,0.4
Ce1Co1In5,3,2.3
Ce1Co1In4.97Sn0.03,4,1.86
Ce1Co1In4.94Sn0.06,4,1.57
Ce1Co1In4.88Sn0.12,4,0.93
Y1Ni2B2C1,4,14.6
Rb1Os2O6,3,6.3
Na0.35Co1H2.6O3.3,4,4.8
Bi2Sr2Cu1O6.36,4,8.0
Bi2Sr1.6La0.4Cu1O6,5,32.0
Pr0.5Ca0.5Ba2Cu3O7,5,37.0
La1.84Sr0.16Cu0.99Co0.01O4,5,29.0
La1.83Sr0.17Cu0.98Co0.02O4,5,16.0
La1.82Sr0.18Cu0.97Co0.03O4,5,3.0
Pr0.88La1Ce0.12Cu1O4,5,24.0
Pr0.88La1Ce0.12Cu1O4,5,21.0
Pr0.88La1Ce0.12Cu1O4,5,16.0
Y1Ba2Cu2.94Fe0.06O6.929,5,85.0
Y1Ba2Cu2.9Fe0.1O6.929,5,71.0
Y1Ba2Cu2.84Fe0.16O6.959,5,53.0
Y1Ba2Cu2.68Fe0.32O6.999,5,26.0
Y1Ba2Cu3O7.19,4,89.0
Y1Ba2Cu2.94Fe0.06O7.254,5,91.0
Y1Ba2Cu2.9Fe0.1O7.293,5,87.0
Y1Ba2Cu2.84Fe0.16O7.303,5,85.0
Y1Ba2Cu2.68Fe0.32O7.343,5,82.0
Y1Ba2Cu2.6Fe0.4O7.401,5,82.0
Y1Ba2Cu2.5Fe0.5O7.413,5,80.0
Y1Ba2Cu2.4Fe0.6O7.453,5,62.0
Y1Ba2Cu2.3Fe0.7O7.484,5,60.0
La1.48Nd0.4Sr0.12Cu1O4,5,3.5
La1.48Nd0.4Sr0.12Cu1O4,5,10.0
Y1Ba2Cu3O6.94,4,91.4
Y1Ba2Cu3O6.98,4,89.4
Y1Ba2Cu3O6.99,4,87.8
Hg0.73Cr0.38Sr2Cu1.04O4,5,60.0
Bi2Sr2Ca1Cu2O8,5,86.0
Bi2Sr2Ca1Cu2I1O8,6,80.7
Sr0.9Gd0.1Cu1O2,4,43.0
Y1Ba2Cu3O6.35,4,8.9
Y1Ba2Cu3O6,4,13.7
Y1Ba2Cu3O6,4,15.3
Y1Ba2Cu3O6,4,17.6
Y1Ba2Cu3O6,4,22.0
Y1Ba2Cu3O6.5,4,56.0
Y1Ba2Cu3O6.52,4,56.0
Y1Ba2Cu3O6.77,4,75.0
Y1Ba2Cu3O6.995,4,89.0
Y1Ba2Cu3O6.6,4,59.0
Cd2Re2O7,3,0.96
Sr2Cu1Cl0.8O2,4,33.0
Sr2Cu1Cl1O2,4,20.0
Sr2Cu1Cl1.2O2,4,30.0
Sr2Cu1Cl1.4O2,4,30.0
La1.82Sr0.18Cu0.98Mn0.02O4,5,37.0
La1.79Sr0.21Cu0.96Mn0.04O4,5,37.0
La1.76Sr0.24Cu0.94Mn0.06O4,5,37.0
La1.73Sr0.27Cu0.92Mn0.08O4,5,37.0
La1.7Sr0.3Cu0.9Mn0.1O4,5,37.0
Y1Ba2Cu2.99C0.01O,5,93.0
Y1Ba2Cu2.98C0.02O,5,92.0
Y1Ba2Cu2.96C0.04O,5,80.0
Y1Ba2Cu2.92C0.08O,5,65.0
Hg1.4Tl0.6Ba2Y1Cu2O7.92,6,11.7
Hg1.4Tl0.6Ba2Y0.9Ca0.1Cu2O7.88,7,37.0
Hg1.4Tl0.6Ba2Y0.8Ca0.2Cu2O7.83,7,50.0
Hg1.4Tl0.6Ba2Y0.7Ca0.3Cu2O7.81,7,74.5
Hg1.4Tl0.6Ba2Y0.6Ca0.4Cu2O7.78,7,84.6
Hg1.4Tl0.6Ba2Y0.5Ca0.5Cu2O7.74,7,84.0
Hg1.4Tl0.6Ba2Y0.4Ca0.6Cu2O7.71,7,68.6
Hg1.4Tl0.6Ba2Y0.3Ca0.7Cu2O7.68,7,66.4
Hg1.4Tl0.6Ba2Y0.2Ca0.8Cu2O7.66,7,35.3
Hg1.4Tl0.6Ba2Y0.9Ca0.1Cu2O,7,20.3
Hg1.4Tl0.6Ba2Y0.8Ca0.2Cu2O,7,45.1
Hg1.4Tl0.6Ba2Y0.7Ca0.3Cu2O,7,60.1
Hg1.4Tl0.6Ba2Y0.6Ca0.4Cu2O,7,75.5
Hg1.4Tl0.6Ba2Y0.5Ca0.5Cu2O,7,81.4
Hg1.4Tl0.6Ba2Y0.4Ca0.6Cu2O,7,90.5
Hg1.4Tl0.6Ba2Y0.3Ca0.7Cu2O,7,65.4
Hg1.4Tl0.6Ba2Y0.2Ca0.8Cu2O,7,60.5
Hg1.4Tl0.6Ba2Ca1Cu2O,6,34.0
Hg1.4Tl0.6Ba2Ca2Cu3O,6,85.1
Hg1.2Tl0.8Ba2Ca2Cu3O,6,88.1
Hg1Tl1Ba2Ca2Cu3O,6,88.6
Hg0.8Tl1.2Ba2Ca2Cu3O,6,90.7
Hg1.4Tl0.6Ba2Ca3Cu4O,6,116.0
Hg1.2Tl0.8Ba2Ca3Cu4O,6,114.0
Hg1Tl1Ba2Ca3Cu4O,6,112.0
Hg0.8Tl1.2Ba2Ca3Cu4O,6,107.6
Hg1Tl1Ba2Ca1Cu2O8,6,35.0
Hg1Tl1Ba2Ca2Cu3O10,6,76.0
Hg1Tl1Ba2Ca3Cu4O12,6,110.0
Hg1Tl1Ba2Ca4Cu5O14,6,90.0
Tl0.64Pb0.2Bi0.16Sr2Ca3Cu4O,7,122.5
Y1Ba2Cu3O,4,84.0
Hg1Ba2Cu1O4,4,52.0
Y0.8Ca0.2Ba2Cu3O7,5,84.6
Y0.8Ca0.2Ba2Cu2.955Zn0.045O7,6,64.2
Y0.8Ca0.2Ba2Cu2.91Zn0.09O7,6,51.4
Y0.8Ca0.2Ba2Cu2.82Zn0.18O7,6,27.6
Y1Ba2Cu3O6.99,4,90.0
Hg1Tl1Ba2Ca1Cu2O8,6,53.0
Hg0.5Tl1.5Ba2Ca1Cu2O8,6,80.0
Fe0.5Ba1Sr1Yb1Cu2.5O7.432,6,29.7
Fe0.5Ba1Sr1Tm1Cu2.5O7.432,6,40.0
Fe0.5Ba1Sr1Er1Cu2.5O7.439,6,47.8
Fe0.5Ba1Sr1Y1Cu2.5O7.424,6,52.5
Fe0.5Ba1Sr1Ho1Cu2.5O7.462,6,45.2
Fe0.5Ba1Sr1Dy1Cu2.5O7.447,6,37.9
Hg0.5Fe0.5Sr2Y0.8Ca0.2Cu2O6.72,7,30.0
Hg0.5Fe0.5Sr2Y0.7Ca0.3Cu2O6.7,7,24.0
Hg0.5Fe0.5Sr2Y0.6Ca0.4Cu2O6.7,7,46.0
Hg0.5Fe0.5Sr2Y0.5Ca0.5Cu2O6.68,7,66.5
Hg0.5Fe0.5Sr2Y0.4Ca0.6Cu2O6.67,7,77.5
Hg0.5Fe0.5Sr2Y0.3Ca0.7Cu2O6.65,7,72.5
Hg0.5Fe0.5Sr2Y0.2Ca0.8Cu2O6.63,7,63.5
Bi1.74Pb0.38Sr1.88Cu1O6,5,7.0
Bi1.74Pb0.38Sr1.88Cu1O6,5,21.0
Bi1.35Pb0.85Sr1.47La0.38Cu1O6,6,35.0
Bi1.35Pb0.85Sr1.4La0.45Cu1O6,6,27.0
Mo0.2Sr2Y1.2Ce0.8Cu2.8O,6,50.0
Mo0.3Sr2Y1.2Ce0.8Cu2.7O,6,45.0
Mo0.2Sr2Y1Cu2.8O,5,72.0
Mo0.25Sr2Ce2.01Yb0.99Cu2.75O11,6,36.8
Mo0.25Sr2Ce2.01Ho0.99Cu2.75O11,6,51.4
Mo0.25Sr2Ce2.01Y0.99Cu2.75O11,6,53.0
Mo0.25Sr2Ce2.01Dy0.99Cu2.75O11,6,48.6
Mo0.25Sr2Ce2.01Gd0.99Cu2.75O11,6,47.3
Mo0.25Sr2Ce2.01Eu0.99Cu2.75O11,6,37.1
Mo0.25Sr2Ce2.01Nd0.99Cu2.75O11,6,31.7
Mo0.25Sr2Ce2.01La0.99Cu2.75O11,6,25.8
K1Os2O6,3,9.53
Bi1.6Pb0.4Sr2Ca2Cu3O,6,106.8
Bi1.6Pb0.4Sr2Ca1.9995Sm0.0005Cu3O,7,102.0
Bi1.6Pb0.4Sr2Ca1.999Sm0.001Cu3O,7,97.1
Bi1.6Pb0.4Sr2Ca1.995Sm0.005Cu3O,7,93.3
Bi1.6Pb0.4Sr2Ca1.99Sm0.01Cu3O,7,84.8
Bi1.6Pb0.4Sr2Ca1.9Sm0.1Cu3O,7,70.0
Bi1.6Pb0.4Sr2Ca1.5Sm0.5Cu3O,7,28.0
Bi1.95Sr1.92La0.1Cu1.03O6,5,8.5
Bi2.02Sr1.82La0.15Cu1.02O6,5,11.0
Bi1.93Sr1.85La0.23Cu0.99O6,5,15.0
Bi1.96Sr1.66La0.31Cu1.01O6,5,17.0
Bi1.99Sr1.66La0.33Cu1.01O6,5,18.5
Bi1.91Sr1.69La0.4Cu0.98O6,5,16.0
Bi1.97Sr1.56La0.45Cu1.02O6,5,13.0
Bi1.97Sr1.44La0.56Cu1.04O6,5,8.0
Bi2.03Sr1.72Cu1.25O6,4,6.0
Yb1Ba2Cu3O7,4,91.3
Yb1Ba2Cu2.99Zn0.01O7,5,87.8
Yb1Ba2Cu2.96Zn0.04O7,5,73.9
Yb1Ba2Cu2.94Zn0.06O7,5,72.1
Yb1Ba2Cu2.92Zn0.08O7,5,70.6
Er1Ba2Cu3O7,4,93.1
Er1Ba2Cu2.99Zn0.01O7,5,89.8
Er1Ba2Cu2.98Zn0.02O7,5,84.8
Er1Ba2Cu2.96Zn0.04O7,5,76.3
Er1Ba2Cu2.94Zn0.06O7,5,68.3
Er1Ba2Cu2.92Zn0.08O7,5,62.7
Er1Ba2Cu2.9Zn0.1O7,5,60.4
Er1Ba2Cu2.85Zn0.15O7,5,52.4
Y1Ba2Cu2.99Zn0.01O7,5,88.6
Y1Ba2Cu2.98Zn0.02O7,5,84.8
Y1Ba2Cu2.96Zn0.04O7,5,75.1
Y1Ba2Cu2.94Zn0.06O7,5,69.2
Y1Ba2Cu2.92Zn0.08O7,5,62.1
Y1Ba2Cu2.9Zn0.1O7,5,60.1
Y1Ba2Cu2.85Zn0.15O7,5,55.1
Dy1Ba2Cu2.99Zn0.01O7,5,89.5
Dy1Ba2Cu2.96Zn0.04O7,5,76.8
Dy1Ba2Cu2.94Zn0.06O7,5,68.8
Dy1Ba2Cu2.92Zn0.08O7,5,60.6
Dy1Ba2Cu2.9Zn0.1O7,5,56.3
Dy1Ba2Cu2.85Zn0.15O7,5,51.5
Gd1Ba2Cu3O7,4,94.8
Gd1Ba2Cu2.99Zn0.01O7,5,89.8
Gd1Ba2Cu2.98Zn0.02O7,5,86.3
Gd1Ba2Cu2.96Zn0.04O7,5,72.7
Gd1Ba2Cu2.94Zn0.06O7,5,65.9
Gd1Ba2Cu2.92Zn0.08O7,5,55.9
Gd1Ba2Cu2.9Zn0.1O7,5,49.2
Gd1Ba2Cu2.85Zn0.15O7,5,42.4
Eu1Ba2Cu2.99Zn0.01O7,5,91.3
Eu1Ba2Cu2.98Zn0.02O7,5,86.3
Eu1Ba2Cu2.96Zn0.04O7,5,74.8
Eu1Ba2Cu2.94Zn0.06O7,5,65.9
Eu1Ba2Cu2.92Zn0.08O7,5,54.1
Eu1Ba2Cu2.9Zn0.1O7,5,47.4
Eu1Ba2Cu2.85Zn0.15O7,5,33.6
Sm1Ba2Cu3O7,4,95.1
Sm1Ba2Cu2.99Zn0.01O7,5,91.3
Sm1Ba2Cu2.96Zn0.04O7,5,74.5
Sm1Ba2Cu2.94Zn0.06O7,5,65.6
Sm1Ba2Cu2.92Zn0.08O7,5,52.1
Sm1Ba2Cu2.9Zn0.1O7,5,43.6
Sm1Ba2Cu2.85Zn0.15O7,5,31.8
Nd1Ba2Cu3O7,4,95.1
Nd1Ba2Cu2.99Zn0.01O7,5,94.5
Nd1Ba2Cu2.98Zn0.02O7,5,86.0
Nd1Ba2Cu2.96Zn0.04O7,5,72.7
Nd1Ba2Cu2.94Zn0.06O7,5,64.1
Nd1Ba2Cu2.92Zn0.08O7,5,36.6
Nd1Ba2Cu2.9Zn0.1O7,5,25.0
Bi2Sr2Ca1Cu2O8,5,99.0
Sm1Ba2Cu3O6.92,4,90.0
Sm1Ba2Cu2.98Fe0.02O6.76,5,84.0
Sm1Ba2Cu2.96Fe0.04O6.81,5,78.0
Sm1Ba2Cu2.94Fe0.06O7,5,71.0
Sm1Ba2Cu2.92Fe0.08O7,5,68.0
Sm1Ba2Cu2.9Fe0.1O6.89,5,66.0
Sm1Ba2Cu2.8Fe0.2O6.96,5,47.0
Sm1Ba2Cu2.7Fe0.3O7,5,23.0
Dy1Ba2Cu3O6.84,4,90.0
Dy1Ba2Cu2.98Fe0.02O6.88,5,88.0
Dy1Ba2Cu2.96Fe0.04O6.89,5,82.0
Dy1Ba2Cu2.94Fe0.06O6.88,5,78.0
Dy1Ba2Cu2.92Fe0.08O7,5,74.0
Dy1Ba2Cu2.9Fe0.1O6.84,5,70.0
Dy1Ba2Cu2.8Fe0.2O6.93,5,58.0
Dy1Ba2Cu2.7Fe0.3O6.96,5,10.0
Sm1Ba2Cu3O6.89,4,90.0
Sm1Ba2Cu2.98Ni0.02O7,5,83.0
Sm12Cu2.96Ni0.04O6.88,4,83.0
Sm1Ba2Cu2.94Ni0.06O7,5,76.0
Sm1Ba2Cu2.9Ni0.1O7,5,72.0
Sm1Ba2Cu2.8Ni0.2O7,5,50.0
Sm1Ba2Cu2.7Ni0.3O6.97,5,24.0
Dy1Ba2Cu3O6.68,4,90.0
Dy1Ba2Cu2.98Ni0.02O6.72,5,83.0
Dy1Ba2Cu2.96Ni0.04O6.73,5,82.0
Dy1Ba2Cu2.94Ni0.06O6.72,5,81.0
Dy1Ba2Cu2.92Ni0.08O7,5,77.0
Dy1Ba2Cu2.9Ni0.1O6.74,5,67.0
Dy1Ba2Cu2.8Ni0.2O6.83,5,63.0
Dy1Ba2Cu2.7Ni0.3O7,5,54.0
Dy1Ba2Cu2.6Ni0.4O6.83,5,31.0
Sm1Ba2Cu3O6.82,4,90.0
Sm1Ba2Cu2.98Zn0.02O6.82,5,81.0
Sm1Ba2Cu2.96Zn0.04O6.83,5,70.0
Sm1Ba2Cu2.94Zn0.06O6.85,5,59.0
Sm1Ba2Cu2.92Zn0.08O6.85,5,49.0
Sm1Ba2Cu2.9Zn0.1O6.83,5,29.0
Dy1Ba2Cu3O6.79,4,90.0
Dy1Ba2Cu2.98Zn0.02O6.87,5,81.0
Dy1Ba2Cu2.96Zn0.04O6.9,5,70.0
Dy1Ba2Cu2.94Zn0.06O6.9,5,62.0
Dy1Ba2Cu2.9Zn0.1O6.96,5,44.0
Dy1Ba2Cu2.8Zn0.2O6.95,5,13.0
Sm0.9Ca0.1Ba2Cu2.8Zn0.2O6.85,6,42.0
Sm0.8Ca0.2Ba2Cu2.8Zn0.2O6.87,6,45.0
Dy0.9Ca0.1Ba2Cu2.7Zn0.3O6.72,6,21.0
Dy0.8Ca0.2Ba2Cu2.7Zn0.3O6.78,6,28.0
Bi1.83Pb0.19Sr1.92Cu1.06O6,5,12.0
Bi1.69Pb0.3Sr1.92La0.16Cu1.08O6,6,24.0
Bi1.61Pb0.3Sr1.65La0.36Cu1.08O6,6,34.0
Bi1.66Pb0.34Sr1.52La0.4Cu1.1O6,6,21.0
Bi1.63Pb0.34Sr1.53La0.41Cu1.01O6,6,31.0
Bi1.6Pb0.43Sr1.39La0.5Cu1.09O6,6,5.0
Bi2Sr2Ca0.9Ce0.1Cu2O8,6,52.0
Bi2Sr2Ca0.8Ce0.2Cu2O8,6,25.0
Sm1Ba2Cu3O6.95,4,95.0
Sm1Ba2Cu3O7,4,96.0
Hg1Ba2Cu1O4.16,4,88.0
Hg1Ba2Cu1O4.23,4,97.0
Hg1Ba2Cu1O4.28,4,88.0
Hg1Ba2Ca2Cu3O,5,134.5
Nd1.665Tb0.185Ce0.15Cu1O4,5,13.5
Nd1.48Tb0.38Ce0.15Cu1O4,5,8.0
Y1Ba2Cu0.27Zn0.03O,5,85.6
Y1Ba2Cu2.895Zn0.105O,5,70.0
Y1Ba2Cu3O7,4,92.7
Ba2Ca3Cu5O11,4,115.9
Tl2Ba2Cu1O6,4,11.0
Nd1Ba2Cu3O7,4,90.0
Nd1Ba2Cu2.925Ni0.075O7,5,80.0
Nd1Ba2Cu2.85Ni0.15O7,5,75.0
Nd1Ba2Cu2.775Ni0.225O7,5,72.0
Nd1Ba2Cu2.7Ni0.3O7,5,62.0
Nd1Ba2Cu2.55Ni0.45O7,5,46.0
Y1Ba2Cu2.925Ni0.075O7,5,80.0
Y1Ba2Cu2.85Ni0.15O7,5,73.0
Y1Ba2Cu2.775Ni0.225O7,5,68.0
Y1Ba2Cu2.7Ni0.3O7,5,60.0
Y1Ba2Cu2.55Ni0.45O7,5,45.0
Ho1Ba2Cu3O7,4,90.0
Ho1Ba2Cu2.925Ni0.075O7,5,90.0
Ho1Ba2Cu2.775Ni0.225O7,5,84.0
Ho1Ba2Cu2.7Ni0.3O7,5,78.0
Ho1Ba2Cu2.55Ni0.45O7,5,75.0
Tm1Ba2Cu2.925Ni0.075O7,5,86.0
Tm1Ba2Cu2.85Ni0.15O7,5,84.0
Tm1Ba2Cu2.775Ni0.225O7,5,82.0
Tm1Ba2Cu2.7Ni0.3O7,5,80.0
Tm1Ba2Cu2.55Ni0.45O7,5,80.0
Nd1Ba2Cu2.925Fe0.075O7,5,66.0
Nd1Ba2Cu2.85Fe0.15O7,5,57.0
Nd1Ba2Cu2.775Fe0.225O7,5,46.0
Nd1Ba2Cu2.7Fe0.3O7,5,24.0
Y1Ba2Cu2.925Fe0.075O7,5,88.0
Y1Ba2Cu2.775Fe0.225O7,5,63.0
Y1Ba2Cu2.7Fe0.3O7,5,35.0
Ho1Ba2Cu2.925Fe0.075O7,5,88.0
Ho1Ba2Cu2.85Fe0.15O7,5,85.0
Ho1Ba2Cu2.775Fe0.225O7,5,64.0
Ho1Ba2Cu2.7Fe0.3O7,5,41.0
Tm1Ba2Cu2.925Fe0.075O7,5,89.0
Tm1Ba2Cu2.85Fe0.15O7,5,86.0
Tm1Ba2Cu2.7Fe0.3O7,5,77.0
Tm1Ba2Cu2.55Fe0.45O7,5,55.0
Yb0.8Pr0.2Ba2Cu3O7,5,84.0
Er0.8Pr0.2Ba2Cu3O7,5,78.0
Dy0.8Pr0.2Ba2Cu3O7,5,72.0
Gd0.8Pr0.2Ba2Cu3O7,5,67.0
Eu0.8Pr0.2Ba2Cu3O7,5,59.0
Nd0.8Pr0.2Ba2Cu3O7,5,49.0
Er1Sr2Cu2.85Re0.15O,5,47.0
Hg1Ba2Ca0.86Sr0.14Cu2O6,6,116.0
Y1Ba2Cu3O6.96,4,88.9
Y1Ba2Cu4O8,4,62.0
Hg0.5I1Bi2Sr2Ca1Cu2O,7,82.0
Yb1Ba2Cu3O6.97,4,88.0
Yb0.995Pr0.05Ba2Cu3O6.97,5,89.5
Yb0.925Pr0.075Ba2Cu3O6.97,5,89.0
Yb0.9Pr0.1Ba2Cu3O6.97,5,88.5
Yb0.85Pr0.15Ba2Cu3O6.97,5,86.5
Yb0.8Pr0.2Ba2Cu3O6.97,5,82.0
Yb0.7Pr0.3Ba2Cu3O6.97,5,73.5
Pr0.95Ca0.05Sr2Cu2.7Mo0.3O7,6,17.0
Pr0.9Ca0.1Sr2Cu2.7Mo0.3O7,6,17.0
Pr0.85Ca0.15Sr2Cu2.7Mo0.3O7,6,16.0
Pr0.95Sr2.05Cu2.7Mo0.3O7,5,13.0
Pr0.9Sr2.1Cu2.7Mo0.3O7,5,17.0
Pr0.85Sr2.15Cu2.7Mo0.3O7,5,17.0
Pr0.8Sr2.2Cu2.7Mo0.3O7,5,21.0
Pb0.26Bi1.74Sr1.85Ca0.9Cu1.95O,6,68.0
Pb0.38Bi1.75Sr1.75Ca1.1Cu2O,6,89.0
Pb0.38Bi1.75Sr1.75Ca1.1Cu2O,6,87.0
Pb0.38Bi1.75Sr1.75Ca1.1Cu2O,6,71.5
Bi2.1Sr1.9Ca0.74Cu2O,5,88.0
Bi2.1Sr1.9Ca0.74Cu2O,5,80.0
Bi2.1Sr1.7Ca1.1Cu2O,5,94.0
Bi2.1Sr1.7Ca1.1Cu2O,5,80.0
Bi2.1Sr1.7Ca1.1Cu2O,5,85.5
La1.885Sr0.115Cu1O4,4,29.5
La1.845Nd0.04Sr0.115Cu1O4,5,28.5
La1.805Nd0.08Sr0.115Cu1O4,5,27.5
La1.785Nd0.1Sr0.115Cu1O4,5,27.0
La1.76Nd0.125Sr0.115Cu1O4,5,25.5
La1.745Nd0.14Sr0.115Cu1O4,5,17.5
La1.735Nd0.15Sr0.115Cu1O4,5,16.5
La1.685Nd0.2Sr0.115Cu1O4,5,11.0
La1.835Nd0.04Sr0.125Cu1O4,5,32.0
La1.795Nd0.08Sr0.125Cu1O4,5,29.5
La1.775Nd0.1Sr0.125Cu1O4,5,27.0
La1.75Nd0.125Sr0.125Cu1O4,5,17.5
La1.735Nd0.14Sr0.125Cu1O4,5,15.0
La1.725Nd0.15Sr0.125Cu1O4,5,12.5
La1.675Nd0.2Sr0.125Cu1O4,5,10.5
La1.575Nd0.3Sr0.125Cu1O4,5,9.0
La1.775Nd0.125Sr0.1Cu1O4,5,26.0
La1.765Nd0.125Sr0.11Cu1O4,5,26.0
La1.74Nd0.125Sr0.135Cu1O4,5,21.0
La1.725Nd0.125Sr0.15Cu1O4,5,33.5
La1.715Nd0.125Sr0.16Cu1O4,5,35.0
Bi2Sr1.9Ca1Cu1.8O8,5,85.0
Bi2Sr1.95Ca0.95Cu2.01Ni0.04O8,6,75.0
Bi2Sr2Ca1Cu1.98Zn0.02O8,6,79.0
Y0.87Pr0.13Ba2Cu3O7,5,85.0
Y0.78Pr0.22Ba2Cu3O7,5,70.0
Y0.58Pr0.42Ba2Cu3O7,5,40.0
Y0.47Pr0.53Ba2Cu3O7,5,8.0
Eu1.4Ce0.6Ru1Sr2Cu2O10,6,32.0
Gd1.4Ce0.6Ru1Sr2Cu2O10,6,42.0
Tl2Ba2Ca1Cu2O8,5,103.0
Tl1Bi1Sr2Ca1Cu2O7,6,86.0
Y1Ba2Cu3O7,4,93.1
Hg1Ba2Cu1O4.06,4,71.0
Hg1Ba2Cu1O4.19,4,83.0
Hg1Ba2Cu1O4.12,4,98.0
Nd1.65La0.2Ce0.15Cu1O4,5,23.0
Nd1.35La0.5Ce0.15Cu1O4,5,18.0
Nd1.15La0.7Ce0.15Cu1O4,5,18.0
Nd0.9La0.95Ce0.15Cu1O4,5,26.0
Nd0.75La1.1Ce0.15Cu1O4,5,10.0
Nd0.8La1.1Ce0.1Cu1O4,5,23.0
Nd0.78La1.1Ce0.12Cu1O4,5,17.0
Nd0.65La1.2Ce0.15Cu1O4,5,26.0
Nd1.66La0.2Ce0.14Cu1O4,5,23.0
Nd1.47La0.4Ce0.13Cu1O4,5,22.0
Nd1.22La0.6Ce0.12Cu1O4,5,23.0
Nd1.09La0.8Ce0.11Cu1O4,5,24.0
Nd0.9La1Ce0.1Cu1O4,5,23.0
Hg1Ba2Ca1Cu2O6.1,5,93.0
Hg1Ba2Ca1Cu2O6.1,5,92.0
Hg1Ba2Ca1Cu2O6.13,5,102.0
Hg1Ba2Ca1Cu2O6.14,5,105.0
Hg1Ba2Ca1Cu2O6.16,5,121.0
Hg1Ba2Ca1Cu2O6.19,5,122.0
Hg1Ba2Ca1Cu2O6.21,5,127.0
Hg1Ba2Ca1Cu2O6.24,5,122.0
Hg1Ba2Ca1Cu2O6.24,5,121.0
Hg1Ba2Ca1Cu2O6.27,5,110.0
Hg1Ba2Ca1Cu2O6.3,5,100.0
Hg1Ba2Ca1Cu2O6.31,5,98.0
Hg1Ba2Ca2Cu3O8.17,5,94.0
Hg1Ba2Ca2Cu3O8.17,5,98.0
Hg1Ba2Ca2Cu3O8.16,5,101.0
Hg1Ba2Ca2Cu3O8.2,5,105.0
Hg1Ba2Ca2Cu3O8.2,5,104.0
Hg1Ba2Ca2Cu3O8.25,5,132.0
Hg1Ba2Ca2Cu3O8.29,5,135.0
Hg1Ba2Ca2Cu3O8.3,5,134.0
Hg1Ba2Ca2Cu3O8.3,5,133.0
Bi2Sr2Ca1Cu2O8,5,89.9
Hg1Ba2Ca2Cu3O8,5,110.4
Er2Ba4Cu7O14.92,4,89.0
Hg0.95Ba2Cu1O4,4,89.5
Hg0.95Ba2Cu1.05O4,4,95.2
Hg0.9Ba2Cu1O4,4,96.0
Hg0.9Ba2Cu1.05O4,4,96.0
Hg0.9Ba2Cu1.1O4,4,95.3
Hg0.85Ba2Cu1O4,4,93.0
Hg0.85Ba2Cu1.05O4,4,95.5
Hg0.85Ba2Cu1.1O4,4,94.5
Hg0.85Ba2Cu1.15O4,4,95.5
Hg0.8Ba2Cu1O4,4,94.5
Hg0.8Ba2Cu1.05O4,4,95.8
Hg0.8Ba2Cu1.1O4,4,94.3
Hg0.8Ba2Cu1.15O4,4,93.2
Hg0.8Ba2Cu1.2O4,4,95.4
Tl0.5Pb0.5Sr2Ca1Cu2O7,6,78.4
Tl0.5Pb0.5Sr2Ca0.9Y0.1Cu2O7,7,99.3
Tl0.5Pb0.5Sr2Ca0.8Y0.2Cu2O7,7,105.2
Tl0.5Pb0.5Sr2Ca0.65Y0.35Cu2O7,7,92.0
Bi2Sr2Cu1O6,4,7.5
Bi1.8Pb0.2Sr2Cu1O6,5,20.0
Bi1.8Pb0.2Sr2Cu1O6,5,14.0
Y1Ba2Cu3O6.92,4,90.0
La1Ba1.5Ca0.5Cu3O6.79,5,40.0
La1Ba1.5Ca0.5Cu3O7.011,5,78.0
La1Ba1.5Ca0.5Cu3O7.079,5,76.0
La1Ba1.5Ca0.5Cu3O7.112,5,72.0
La1Ba1.5Ca0.5Cu3O7.16,5,56.0
La1.1Ba1.5Ca0.4Cu3O6.76,5,34.0
La1.1Ba1.5Ca0.4Cu3O6.97,5,70.0
La1.1Ba1.5Ca0.4Cu3O7.06,5,79.0
La1.1Ba1.5Ca0.4Cu3O7.11,5,77.0
La1.1Ba1.5Ca0.4Cu3O7.123,5,76.0
La1.1Ba1.5Ca0.4Cu3O7.17,5,70.0
La1.1Ba1.5Ca0.4Cu3O7.25,5,35.0
La1.2Ba1.5Ca0.3Cu3O6.72,5,27.0
La1.2Ba1.5Ca0.3Cu3O6.93,5,60.0
La1.2Ba1.5Ca0.3Cu3O7.06,5,75.2
La1.3Ba1.5Ca0.2Cu3O6.7,5,20.0
La1.3Ba1.5Ca0.2Cu3O6.92,5,45.0
La1.3Ba1.5Ca0.2Cu3O6.94,5,52.0
La1.4Ba1.5Ca0.1Cu3O6.903,5,25.0
La1.4Ba1.5Ca0.1Cu3O6.943,5,40.0
La1.4Ba1.5Ca0.1Cu3O6.982,5,51.0
La1.5Ba1.4Ca0.1Cu3O6.912,5,11.0
La1.5Ba1.4Ca0.1Cu3O6.912,5,16.0
La1.5Ba1.4Ca0.1Cu3O6.932,5,25.0
La1.5Ba1.4Ca0.1Cu3O6.964,5,35.0
La1.5Ba1.3Ca0.2Cu3O6.897,5,16.0
La1.5Ba1.3Ca0.2Cu3O6.918,5,25.0
La1.5Ba1.3Ca0.2Cu3O6.957,5,35.0
La1.5Ba1.3Ca0.2Cu3O7.002,5,16.0
La1.5Ba1.1Ca0.4Cu3O6.764,5,25.0
La1.5Ba1.1Ca0.4Cu3O6.969,5,40.0
La1.5Ba1.1Ca0.4Cu3O7.05,5,55.0
La1.5Ba1.1Ca0.4Cu3O7.082,5,62.0
La1.5Ba1Ca0.5Cu3O6.801,5,30.0
La1.5Ba1Ca0.5Cu3O6.981,5,50.0
La1.5Ba1Ca0.5Cu3O7.126,5,67.0
La1.5Ba1Ca0.5Cu3O7.195,5,74.0
Hg1Ba2Ca1Cu2O6,5,123.0
Sm1.85Ce0.15Cu1O4,4,21.0
Sm1.84Ce0.16Cu1O4,4,18.2
Sm1.83Ce0.17Cu1O4,4,12.0
Sm1.82Ce0.18Cu1O4,4,8.8
Tl2Ba2Cu1O6,4,91.0
Hg1Ba2Ca3Cu4O10,5,125.0
Pb2Sr2Y0.5Ca0.5Cu3O8,6,70.0
Bi2Sr2Ca1Cu2O8,5,78.6
Bi2Sr2Ca1Cu2O8,5,71.4
Bi2Sr2Ca0.8Pr0.2Cu2O8,6,83.0
Bi2Sr2Ca0.8Pr0.2Cu2O8,6,87.1
Bi2Sr2Ca0.6Pr0.4Cu2O8,6,58.0
Bi2Sr2Ca0.6Pr0.4Cu2O8,6,62.5
Bi2Sr2Ca0.55Pr0.45Cu2O8,6,9.8
Bi2Sr2Ca0.5Pr0.5Cu2O8,6,25.9
La1.94Sr0.06Cu1O4,4,14.0
La1.92Sr0.08Cu1O4,4,24.0
La1.9Sr0.1Cu1O4,4,29.0
La1.88Sr0.12Cu1O4,4,34.0
La1.75Sr0.25Cu1O4,4,16.0
La1.85Sr0.15Cu1O3.993,4,20.0
La1.85Sr0.15Cu1O3.987,4,12.0
Y1Ba2Cu3O6.95,4,92.4
B0.6C0.4Sr0.5Ba1.5Ca2Cu3O9,7,119.0
Nd1.85Ce0.15Cu1O4,4,17.5
Bi2Sr2Ca0.45Y0.55Cu2O8,6,9.91
Bi2Sr2Ca0.5Y0.5Cu2O8,6,34.9
Bi2Sr2Ca0.55Y0.45Cu2O8,6,50.4
Bi2Sr2Ca0.6Y0.4Cu2O8,6,65.5
Bi2Sr2Ca0.62Y0.38Cu2O8,6,72.4
Bi2Sr2Ca0.65Y0.35Cu2O8,6,80.0
Bi2Sr2Ca0.68Y0.32Cu2O8,6,81.9
Bi2Sr2Ca0.7Y0.3Cu2O8,6,87.5
Bi2Sr2Ca0.75Y0.25Cu2O8,6,87.9
Bi2Sr2Ca0.8Y0.2Cu2O8,6,86.6
Bi2Sr2Ca0.85Y0.15Cu2O8,6,84.0
Bi2Sr2Ca0.5Y0.5Cu1.98Zn0.02O8,7,16.4
Bi2Sr2Ca0.55Y0.45Cu1.98Zn0.02O8,7,34.5
Bi2Sr2Ca0.6Y0.4Cu1.98Zn0.02O8,7,53.0
Bi2Sr2Ca0.62Y0.38Cu1.98Zn0.02O8,7,58.2
Bi2Sr2Ca0.65Y0.35Cu1.98Zn0.02O8,7,65.5
Bi2Sr2Ca0.67Y0.33Cu1.98Zn0.02O8,7,71.1
Bi2Sr2Ca0.7Y0.3Cu1.98Zn0.02O8,7,74.6
Bi2Sr2Ca0.75Y0.25Cu1.98Zn0.02O8,7,78.5
Bi2Sr2Ca0.8Y0.2Cu1.98Zn0.02O8,7,77.6
Bi2Sr2Ca0.85Y0.15Cu1.98Zn0.02O8,7,77.2
Bi2Sr2Ca0.55Y0.45Cu1.96Zn0.04O8,7,19.0
Bi2Sr2Ca0.6Y0.4Cu1.96Zn0.04O8,7,33.6
Bi2Sr2Ca0.65Y0.35Cu1.96Zn0.04O8,7,47.8
Bi2Sr2Ca0.66Y0.34Cu1.96Zn0.04O8,7,51.3
Bi2Sr2Ca0.67Y0.33Cu1.96Zn0.04O8,7,51.7
Bi2Sr2Ca0.69Y0.31Cu1.96Zn0.04O8,7,52.6
Bi2Sr2Ca0.7Y0.3Cu1.96Zn0.04O8,7,54.3
Bi2Sr2Ca0.72Y0.28Cu1.96Zn0.04O8,7,70.3
Bi2Sr2Ca0.75Y0.25Cu1.96Zn0.04O8,7,75.4
Bi2Sr2Ca0.8Y0.2Cu1.96Zn0.04O8,7,75.0
Bi2Sr2Ca0.85Y0.15Cu1.96Zn0.04O8,7,71.6
Bi2Sr2Ca0.55Y0.45Cu1.95Zn0.05O8,7,19.0
Bi2Sr2Ca0.6Y0.4Cu1.95Zn0.05O8,7,29.3
Bi2Sr2Ca0.65Y0.35Cu1.95Zn0.05O8,7,42.7
Bi2Sr2Ca0.66Y0.34Cu1.95Zn0.05O8,7,43.1
Bi2Sr2Ca0.67Y0.33Cu1.95Zn0.05O8,7,37.5
Bi2Sr2Ca0.69Y0.31Cu1.95Zn0.05O8,7,32.8
Bi2Sr2Ca0.7Y0.3Cu1.95Zn0.05O8,7,48.7
Bi2Sr2Ca0.73Y0.27Cu1.95Zn0.05O8,7,45.7
Bi2Sr2Ca0.75Y0.25Cu1.95Zn0.05O8,7,49.1
Bi2Sr2Ca0.8Y0.2Cu1.95Zn0.05O8,7,75.0
Bi2Sr2Ca0.85Y0.15Cu1.95Zn0.05O8,7,65.1
Bi2Sr2Ca0.55Y0.45Cu1.94Zn0.06O8,7,11.6
Bi2Sr2Ca0.6Y0.4Cu1.94Zn0.06O8,7,26.3
Bi2Sr2Ca0.62Y0.38Cu1.94Zn0.06O8,7,41.8
Bi2Sr2Ca0.65Y0.35Cu1.94Zn0.06O8,7,31.0
Bi2Sr2Ca0.66Y0.34Cu1.94Zn0.06O8,7,18.1
Bi2Sr2Ca0.68Y0.32Cu1.94Zn0.06O8,7,29.3
Bi2Sr2Ca0.7Y0.3Cu1.94Zn0.06O8,7,29.3
Bi2Sr2Ca0.73Y0.27Cu1.94Zn0.06O8,7,40.1
Bi2Sr2Ca0.75Y0.25Cu1.94Zn0.06O8,7,36.6
Bi2Sr2Ca0.8Y0.2Cu1.94Zn0.06O8,7,70.2
Bi2Sr2Ca0.85Y0.15Cu1.94Zn0.06O8,7,59.5
Y1Ba2Cu3O7,4,72.0
Y1Ba2Cu3O7,4,53.0
Y1Ba2Cu3O7,4,39.0
Y1Ba2Cu3O7,4,57.0
La1.86Sr0.14Cu1O4,4,40.0
La1.85Sr0.15Cu1O4,4,42.0
La1.75Sr0.25Cu1O4,4,6.0
Pr1Ba2Cu3O6.6,4,60.0
Pr1Ba2Cu3O6.8,4,81.0
Bi2Sr2Ca0.89Pr0.11Cu2O8,6,88.0
Bi2Sr2Ca0.83Pr0.17Cu2O8,6,84.0
Bi2Sr2Ca0.72Pr0.28Cu2O8,6,71.0
La2Cu1O4.012,3,32.0
La2Cu1O4.022,3,42.0
Tl2Ba2Cu1O6,4,24.0
Tl2Ba2Cu1O6,4,25.0
La1.86Sr0.14Cu1O4,4,37.0
La1.835Sr0.165Cu0.995Ni0.005O4,5,33.0
La1.83Sr0.17Cu0.99Ni0.01O4,5,29.0
La1.825Sr0.175Cu0.985Ni0.015O4,5,25.0
La1.8Sr0.2Cu1O4,4,22.0
La1.78Sr0.22Cu0.92Ni0.08O4,5,21.0
La1.775Sr0.225Cu0.995Ni0.005O4,5,21.0
La1.77Sr0.23Cu0.99Ni0.01O4,5,18.0
La1.78Sr0.22Cu1O4,4,22.0
La1.78Sr0.22Cu0.9975Zn0.0025O4,5,20.0
La1.78Sr0.22Cu0.995Zn0.005O4,5,19.0
La1.78Sr0.22Cu0.993Zn0.007O4,5,18.0
La1.78Sr0.22Cu0.99Zn0.01O4,5,15.0
La1.78Sr0.22Cu0.985Zn0.015O4,5,10.0
Bi2Sr2Ca1Cu2O8,5,77.0
Tl2Ba2Cu1O6,4,38.0
Tl2Ba2Cu1O6,4,68.0
Tl2Ba2Cu1O6,4,79.0
Tl2Ba2Cu1O6,4,90.0
Tl2Ba2Ca1Cu2O,5,100.0
Y1Ba2Cu3.925Zn0.075O8,5,25.0
Bi2Sr2Ca1Cu2O,5,70.0
Ba2Ca2.85Mg0.15Cu5O12,5,116.6
Ba2Ca2.7Mg0.3Cu5O12,5,116.4
Ba2Ca2.4Mg0.6Cu5O12,5,116.8
Ba2Ca2.01Mg0.99Cu5O12,5,116.6
Ba2Ca3Cu5O12,4,117.5
Y1Sr2Cu3O7.5,4,62.5
Bi3Pb1Sr3Ca3Cu4O,6,80.0
Bi3Pb1Sr3Ca3Cu3.98Fe0.02O,7,69.0
Bi3Pb1Sr3Ca3Cu3.96Fe0.04O,7,46.5
Bi3Pb1Sr3Ca3Cu3.95Fe0.05O,7,37.5
La1.85Sr0.15Cu0.99Ni0.01O4,5,29.0
La1.85Sr0.15Cu0.98Ni0.02O4,5,31.0
La1.85Sr0.15Cu0.97Ni0.03O4,5,28.0
Bi2Sr2Ca1Cu2O8,5,78.0
Bi2Sr2Ca1Cu2O8,5,76.0
La1.84Sr0.16Cu1O4,4,39.0
La1.78Sr0.22Cu1O4,4,29.0
Bi2Sr2Ca1Cu2O8,5,73.0
Bi2Sr2Ca0.79Y0.21Cu2O8,6,90.0
Bi2Sr2Ca0.79Y0.21Cu2O8,6,77.0
Bi2Sr2Ca0.72Y0.28Cu2O8,6,91.0
Bi2Sr2Ca0.72Y0.28Cu2O8,6,81.0
Bi2Sr2Ca0.57Y0.43Cu2O8,6,86.0
La0.5Lu0.5Ba2Cu3O,5,87.0
La0.5Yb0.5Ba2Cu3O,5,81.0
La0.5Tm0.5Ba2Cu3O,5,84.0
La0.5Er0.5Ba2Cu3O,5,87.0
La0.5Ho0.5Ba2Cu3O,5,87.0
La0.5Y0.5Ba2Cu3O,5,84.0
La0.5Dy0.5Ba2Cu3O,5,90.0
La0.5Gd0.5Ba2Cu3O,5,88.0
La0.5Eu0.5Ba2Cu3O,5,88.0
La0.5Sm0.5Ba2Cu3O,5,90.0
La0.5Nd0.5Ba2Cu3O,5,90.0
La0.5Pr0.5Ba2Cu3O,5,94.0
Y1Ba2Cu3O6.93,4,93.0
Y1Ba2Cu3O6.91,4,93.0
Y1Ba2Cu3O6.94,4,90.5
Y1Ba2Cu3O6.87,4,93.5
Y1Ba2Cu3O6.9,4,92.6
Y1Ba1.5Sr0.5Cu3O6.96,5,89.0
Y1Ba1Sr1Cu3O6.98,5,82.0
Y1Ba1Sr1Cu3O6.96,5,83.5
Y1Ba1Sr1Cu3O6.8,5,51.5
Y1Ba1Sr1Cu3O6.685,5,34.0
Y1Ba0.75Sr1.25Cu3O6.91,5,80.0
Y1Ba0.75Sr1.25Cu3O6.94,5,74.0
Y1Ba0.5Sr1.5Cu3O,5,80.0
Y1Ba0.5Sr1.5Cu3O,5,75.0
Y1Ba0.5Sr1.5Cu3O,5,78.0
La1.865Sr0.135Cu1O4,4,31.0
La1.85Sr0.15Cu1O4,4,30.5
La1.85Sr0.15Cu1O4,4,27.5
La1.85Sr0.15Cu1O4,4,27.0
La1.85Sr0.15Cu1O4,4,23.0
La1.85Sr0.15Cu1O4,4,25.0
La1.825Sr0.175Cu1O4,4,24.0
La1.825Sr0.175Cu1O4,4,27.5
Bi2Sr1.9La0.1Cu1O6,5,8.0
Bi2Sr1.8La0.2Cu1O6,5,12.0
Bi2Sr1.7La0.3Cu1O6,5,19.0
Bi2Sr1.6La0.4Cu1O6,5,20.0
Bi2Sr1.5La0.5Cu1O6,5,21.0
Bi2Sr1.4La0.6Cu1O6,5,11.0
Bi2Sr1.3La0.7Cu1O6,5,10.0
Tl1Ba2Ca1Cu2O7,5,93.0
Tl1Ba2Ca1Cu2O7,5,92.0
Hg1Ba2Ca1Cu2O6,5,122.0
La1.79Sr0.21Cu1O4,4,27.0
La1.78Sr0.22Cu1O4,4,21.0
La1.77Sr0.23Cu1O4,4,21.0
La1.76Sr0.24Cu1O4,4,16.0
La1.74Sr0.26Cu1O4,4,13.0
La1.82Sr0.18Cu0.995Zn0.005O4,5,30.0
La1.81Sr0.19Cu0.995Zn0.005O4,5,29.0
La1.8Sr0.2Cu0.995Zn0.005O4,5,19.5
La1.79Sr0.21Cu0.995Zn0.005O4,5,20.0
La1.78Sr0.22Cu0.995Zn0.005O4,5,20.0
La1.77Sr0.23Cu0.995Zn0.005O4,5,18.0
La1.76Sr0.24Cu0.995Zn0.005O4,5,13.0
La1.83Sr0.17Cu0.99Zn0.01O4,5,25.0
La1.82Sr0.18Cu0.99Zn0.01O4,5,25.0
La1.815Sr0.185Cu0.99Zn0.01O4,5,24.0
La1.81Sr0.19Cu0.99Zn0.01O4,5,19.0
La1.805Sr0.195Cu0.99Zn0.01O4,5,20.0
La1.8Sr0.2Cu0.99Zn0.01O4,5,21.0
La1.79Sr0.21Cu0.99Zn0.01O4,5,20.0
La1.78Sr0.22Cu0.99Zn0.01O4,5,17.0
Er0.8Pr0.2Ba2Cu3O7,5,80.0
Er0.75Pr0.2Ca0.05Ba2Cu3O7,6,80.0
Er0.7Pr0.2Ca0.1Ba2Cu3O7,6,78.0
Er0.6Pr0.2Ca0.2Ba2Cu3O7,6,74.0
Er0.5Pr0.2Ca0.3Ba2Cu3O7,6,71.0
Er0.9Pr0.1Ba2Cu3O7,5,80.0
Er0.85Pr0.1Ca0.05Ba2Cu3O7,6,82.0
Er0.8Pr0.1Ca0.1Ba2Cu3O7,6,77.0
Er0.7Pr0.1Ca0.2Ba2Cu3O7,6,73.0
La1.85Sr0.15Cu1O4,4,43.0
Y1Ba2Cu2.919Zn0.081O6.7,5,17.0
Y1Ba2Cu2.931Zn0.069O6.7,5,28.0
Y1Ba2Cu2.961Zn0.039O6.7,5,38.0
Y1Ba2Cu2.931Zn0.069O6.6,5,20.0
Y1Ba2Cu2.919Zn0.081O6.75,5,20.0
Y1Ba2Cu2.919Zn0.081O6.8,5,24.0
Y1Ba2Cu2.919Zn0.081O6.83,5,28.0
Nd1Ba2Cu3O6.09,4,90.5
Nd1Ba2Cu3O6.23,4,60.5
Nd1.08Ba1.92Cu3O6.17,4,77.5
Hg1Ba2Cu1O4.06,4,75.0
Hg1Ba2Cu1O4.13,4,97.0
Hg1Ba2Cu1O4.19,4,70.0
Y0.95Ca0.05Ba1.95La0.05Cu3O,6,89.5
Y0.9Ca0.1Ba1.9La0.1Cu3O,6,86.0
Y0.8Ca0.2Ba1.8La0.2Cu3O,6,85.5
Y0.7Ca0.3Ba1.7La0.3Cu3O,6,84.5
Y0.6Ca0.4Ba1.6La0.4Cu3O,6,83.0
Y0.95Ca0.05Ba2Cu2.95Co0.05O,6,88.0
Y0.9Ca0.1Ba2Cu2.9Co0.1O,6,88.5
Y0.85Ca0.15Ba2Cu2.85Co0.15O,6,87.0
Y0.8Ca0.2Ba2Cu2.8Co0.2O,6,84.0
Y0.75Ca0.25Ba2Cu2.75Co0.25O,6,85.0
Y0.7Ca0.3Ba2Cu2.7Co0.3O,6,83.0
Y0.95Ca0.05Ba1.95La0.05Cu3O,6,82.0
Y0.9Ca0.1Ba1.9La0.1Cu3O,6,77.5
Y0.8Ca0.2Ba1.8La0.2Cu3O,6,76.0
Y0.7Ca0.3Ba1.7La0.3Cu3O,6,68.0
Y0.6Ca0.4Ba1.6La0.4Cu3O,6,67.5
Y1Ba2Cu3O,4,84.5
Y0.95Ca0.05Ba2Cu2.95Co0.05O,6,74.5
Y0.9Ca0.1Ba2Cu2.9Co0.1O,6,70.0
Y0.85Ca0.15Ba2Cu2.85Co0.15O,6,57.0
Y0.8Ca0.2Ba2Cu2.8Co0.2O,6,55.0
Y0.75Ca0.25Ba2Cu2.75Co0.25O,6,68.0
Y0.7Ca0.3Ba2Cu2.7Co0.3O,6,72.0
La1.7575Pr0.0925Sr0.15Cu1O4,5,37.0
La1.665Pr0.185Sr0.15Cu1O4,5,35.0
La1.48Pr0.37Sr0.15Cu1O4,5,34.0
La1.295Pr0.555Sr0.15Cu1O4,5,33.0
La1.13Pr0.72Sr0.15Cu1O4,5,32.0
La0.925Pr0.925Sr0.15Cu1O4,5,32.0
Tl2Ba2Ca2Cu3O10,5,119.0
La1.87Sr0.13Cu1O4,4,32.0
La1.86Sr0.14Cu1O4,4,36.0
Y1Ba2Cu2.97Mn0.03O7,5,91.0
Y1Ba2Cu2.955Mn0.045O7,5,91.0
Y1Ba2Cu2.94Mn0.06O7,5,91.0
Y1Ba2Cu2.925Mn0.075O7,5,85.0
Y1Ba2Cu2.895Mn0.105O7,5,83.0
Y1Ba2Cu2.85Mn0.15O7,5,82.0
Y1Ba2Cu2.925Fe0.075O7,5,80.0
La1.87Sr0.13Cu1O4,4,35.0
La1.78Sr0.22Cu1O4,4,30.0
Bi2Sr2Ca0.89Pr0.11Cu2O,6,73.0
Bi2Sr2Ca0.83Pr0.17Cu2O,6,51.6
Bi2Sr2Ca0.72Pr0.28Cu2O,6,54.3
Bi2Sr2Ca0.65Pr0.35Cu2O,6,30.0
Bi2Sr2Ca1Cu2O,5,85.5
Bi2Sr2Ca0.83Pr0.17Cu2O,6,84.2
Bi2Sr2Ca0.72Pr0.28Cu2O,6,72.4
Bi2Sr2Ca0.65Pr0.35Cu2O,6,68.8
Bi2Sr2Ca0.55Pr0.45Cu2O,6,46.6
Bi2Sr2Ca0.47Pr0.53Cu2O,6,30.8
I1Bi1.9Pb0.1Sr2Ca1Cu2O8,7,80.0
Y0.8Pr0.2Ba2Cu4O8,5,66.0
Y0.6Pr0.4Ba2Cu4O8,5,49.0
Y0.4Pr0.6Ba2Cu4O8,5,32.0
Y1Ba2Cu2.99Zn0.01O7,5,86.5
Y1Ba2Cu2.98Zn0.02O7,5,85.0
Y1Ba2Cu2.97Zn0.03O7,5,83.5
La1.84Sr0.16Cu0.99Co0.01O4,5,30.0
La1.83Sr0.17Cu0.98Co0.02O4,5,18.0
La1.85Sr0.15Cu1O4,4,38.9
La1.85Sr0.15Cu0.995Ni0.005O4,5,36.1
La1.85Sr0.15Cu0.99Ni0.01O4,5,33.6
La1.85Sr0.15Cu0.985Ni0.015O4,5,31.7
La1.85Sr0.15Cu0.975Ni0.025O4,5,26.8
La1.85Sr0.15Cu0.965Ni0.035O4,5,23.8
La1.85Sr0.15Cu0.995Zn0.005O4,5,31.9
La1.85Sr0.15Cu0.99Zn0.01O4,5,27.9
La1.85Sr0.15Cu0.98Zn0.02O4,5,17.5
Bi2.1Sr1.7Ca0.9Cu2O,5,79.1
Bi1.9Sr1.7Ca0.9Cu2O,5,73.3
Bi2Pb0.1Sr1.8Ca0.9Cu2O,6,70.0
Bi1.8Pb0.2Sr1.8Ca0.9Cu2O,6,67.2
Bi1.6Pb0.4Sr1.8Ca0.9Cu2O,6,65.1
Bi2.1Sr1.7Ca0.9Cu2O,5,85.0
Bi1.6Pb0.4Sr1.8Ca0.9Cu2O,6,85.5
La1.905Ba0.095Cu1O4,4,31.0
Y1Ba2Cu2.988Zn0.012O,5,85.0
Y1Ba2Cu2.982Zn0.018O,5,82.0
Y1Ba2Cu2.97Ni0.03O,5,87.0
Bi2Sr2Ca1Cu1.2Li0.8O,6,89.0
Bi2Sr2Ca1Cu1.2Li0.2O,6,50.0
Bi2Sr2Ca1Cu1.2Li0.8O,6,82.0
Bi2Sr2Ca1Cu1.2Li0.8O,6,80.0
Bi2Sr2Ca1Cu2O,5,40.0
Bi2Sr2Ca1Cu1.2Li0.8O,6,74.2
Bi2Sr2Ca1Cu2O8.24,5,80.0
Bi2Sr2Ca1Cu2O8.17,5,85.5
Bi2Sr2Ca1Cu2O8,5,82.5
Bi2Sr2Ca1Cu2O8.14,5,81.0
Bi2Sr2Ca1Cu2O8.16,5,86.0
Y1Ba2Cu3O,4,88.4
Bi4Sr3Ca3Cu4O,5,80.0
Bi4Sr3Ca3Cu3.96Fe0.4O,6,72.0
Bi4Sr3Ca3Cu3.88Fe0.12O,6,66.0
Bi4Sr3Ca3Cu3.6Fe0.4O,6,70.0
Y1Ba2Cu3O7,4,86.6
Lu1Ba2Cu3O7,4,87.0
Lu1Ba2Cu3O7,4,85.0
Lu1Ba2Cu3O7,4,86.0
Nd1.86Ce0.14Cu1O4,4,22.0
Nd1.83Ce0.17Cu1O4,4,14.0
Nd1.82Ce0.18Cu1O4,4,9.0
La2Cu1O4.03,3,25.8
La2Cu1O4.04,3,28.0
Eu1Ba2Cu3O6.5,4,92.0
Gd1Ba2Cu3O7,4,92.65
Gd1.1Ba1.9Cu3O7,4,80.6
Gd0.8Ba1.8Cu3O7,4,48.55
Gd0.7Ba1.7Cu3O7,4,36.55
Gd0.62Ba1.62Cu3O7,4,34.8
La2Cu1O4.08,3,30.0
La1.85Sr0.15Cu1O4,4,37.43
La1.85Sr0.15Cu0.995Ni0.005O4,5,34.41
La1.85Sr0.15Cu0.99Ni0.01O4,5,30.0
La1.85Sr0.15Cu0.985Ni0.015O4,5,25.9
La1.85Sr0.15Cu0.98Ni0.02O4,5,21.96
La1.85Sr0.15Cu0.975Ni0.025O4,5,16.6
La1.85Sr0.15Cu0.97Ni0.03O4,5,12.7
La1.85Sr0.15Cu0.997Fe0.003O4,5,33.6
La1.85Sr0.15Cu0.995Fe0.005O4,5,30.82
La1.85Sr0.15Cu0.993Fe0.007O4,5,26.25
La1.85Sr0.15Cu0.992Fe0.008O4,5,24.73
La1.85Sr0.15Cu0.991Fe0.009O4,5,19.85
La1.85Sr0.15Cu0.989Fe0.011O4,5,17.7
La1.85Sr0.15Cu0.996Zn0.004O4,5,37.5
La1.85Sr0.15Cu0.992Zn0.008O4,5,28.5
La1.85Sr0.15Cu0.988Zn0.012O4,5,23.7
La1.85Sr0.15Cu0.984Zn0.016O4,5,19.0
La1.85Sr0.15Cu0.978Zn0.022O4,5,13.6
La1.85Sr0.15Cu1O4,4,37.57
La1.85Sr0.15Cu0.998Co0.002O4,5,34.61
La1.85Sr0.15Cu0.995Co0.005O4,5,32.17
La1.85Sr0.15Cu0.993Co0.007O4,5,29.57
La1.85Sr0.15Cu0.99Co0.01O4,5,24.86
La1.85Sr0.15Cu0.988Co0.013O4,5,23.21
La1.85Sr0.15Cu0.985Co0.015O4,5,13.82
La1.85Sr0.15Cu0.983Co0.018O4,5,13.05
La1.8Sr0.2Cu1O4,4,34.62
La1.8Sr0.2Cu0.995Ni0.005O4,5,31.47
La1.8Sr0.2Cu0.99Ni0.01O4,5,28.26
La1.8Sr0.2Cu0.985Ni0.015O4,5,25.77
La0.8Sr0.2Cu0.98Ni0.02O4,5,22.36
La1.8Sr0.2Cu0.975Ni0.025O4,5,19.61
La1.8Sr0.2Cu0.97Ni0.03O4,5,17.22
La1.8Sr0.2Cu0.965Ni0.035O4,5,14.03
La1.8Sr0.2Cu1O4,4,34.44
La1.8Sr0.2Cu0.997Fe0.003O4,5,32.28
La1.8Sr0.2Cu0.995Fe0.005O4,5,29.3
La1.8Sr0.2Cu0.993Fe0.007O4,5,27.86
La1.8Sr0.2Cu0.99Fe0.01O4,5,23.81
La1.8Sr0.2Cu0.988Fe0.012O4,5,20.65
La1.8Sr0.2Cu0.985Fe0.015O4,5,16.04
La1.8Sr0.2Cu0.983Fe0.017O4,5,13.02
Hg1Sr2La0.333Ce0.667Cu2O6,6,40.0
Hg1Sr2La0.3Ca0.5Ce0.2Cu2O6,7,81.0
Hg1Sr2La0.5Ca0.5Cu2O6,6,54.0
Hg1Sr2La1Cu2O6,5,28.0
Hg1Sr2La0.5Ca0.5Cu2O6,6,51.0
Hg1Sr2Pr0.333Ce0.667Cu2O6,6,40.0
Hg1Sr2Nd0.925Ca0.075Cu2O6,6,56.0
Hg1Sr2Sm0.333Ce0.667Cu2O6,6,40.0
Hg1Sr2Ho0.333Ce0.667Cu2O6,6,72.0
Y0.19Ba1.99Cu2.85O7,4,94.5
Hg0.8Mn0.2Ba2Cu1O4.2,5,91.0
Hg0.8Nd0.2Ba2Cu1O4.3,5,77.0
Hg0.8Mn0.2Ba2Ca1Cu2O6.2,6,114.0
Hg0.8Ge0.2Ba2Ca1Cu2O6.2,6,124.0
Hg0.8Nd0.2Ba2Ca2Cu3O8.3,6,128.0
Y1Sr2Cu2.8Al0.1Mo0.1O6,6,18.0
Y1Sr2Cu2.8Al0.1W0.1O6,6,17.0
Y1Sr2Cu2.8Mo0.1W0.1O6,6,32.0
Y0.9Eu0.1Ba2Cu3O7,5,92.0
Ho1Ba2Cu3O,4,92.0
Ho1Ba2Cu3O,4,50.0
Nd2Cu1F0.1O4,4,6.0
Nd2Cu1F0.2O4,4,13.0
Nd2Cu1F0.3O4,4,19.0
Nd2Cu1F0.4O4,4,23.0
Nd2Cu1F0.5O4,4,18.0
Bi2Sr2Ca1Cu2.3O8,5,60.0
Bi2Sr2Ca1.2Cu3.22O8,5,70.0
Bi2.13Sr1.21Ca1.32Cu2.22O8,5,90.0
Bi2Sr1.37Ca1.31Cu2.22O8,5,93.5
Bi1.99Sr1.52Ca1.34Cu1.86Pb0.15O8,6,60.0
Bi2.1Sr1.45Ca1.21Cu2Pb0.09O8,6,60.0
Bi2Ba1.8In1.2Cu1O6,5,95.0
Bi2Ba1.8Pb0.2Cu1O6,5,95.0
Bi2Ba1.8Ru0.2Cu1O6,5,95.0
Y1Ba1.5Sr0.5Cu3O,5,11.0
Y1Ba1.5Sr0.5Cu3O,5,42.0
Y1Ba1.5Sr0.5Cu3O,5,47.0
YBa1.5Sr0.5Cu3O,5,90.0
Gd1Ba1.5Sr0.5Cu3O6.63,5,18.0
Gd1Ba1.5Sr0.5Cu3O6.72,5,32.0
Gd1Ba1.5Sr0.5Cu3O6.93,5,82.0
Gd1Ba1Sr1Cu3O6.77,5,4.0
Gd1Ba1Sr1Cu3O6.93,5,83.0
Y1Ba1.5La0.5Cu3O7.22,5,36.6
Y0.9Ca0.1Ba1.5La0.5Cu3O7.19,6,57.9
Y0.8Ca0.2Ba1.5La0.5Cu3O7.13,6,73.0
Y0.6Ca0.4Ba1.5La0.5Cu3O7.01,6,82.4
Y0.5Ca0.5Ba1.5La0.5Cu3O6.96,6,82.5
Y1Ba2Cu2.75Co0.25O7.06,5,66.2
Y0.95Ca0.05Ba2Cu2.75Co0.25O7.06,6,75.1
Y0.9Ca0.1Ba2Cu2.75Co0.25O7.03,6,76.9
Y0.85Ca0.15Ba2Cu2.75Co0.25O7.01,6,80.6
Y0.8Ca0.2Ba2Cu2.75Co0.25O7.01,6,82.2
Y0.75Ca0.25Ba2Cu2.75Co0.25O6.98,6,82.4
Bi2Sr2Ca1Cu2O,5,61.0
Bi1.34Pb0.66Sr2Ca1Cu2O,6,72.2
Bi1.86Pb0.14Sr2Ca1Cu2O,6,65.0
Bi1.8Pb0.2Sr2Ca1Cu2O,6,60.7
Bi1.34Pb0.66Sr2Ca2Cu3O,6,108.9
Bi2Sr2Ca0.9Nd0.1Cu2O,6,83.3
Bi2Sr2Ca0.8Nd0.2Cu2O,6,82.0
Bi2Sr2Ca0.7Nd0.3Cu2O,6,80.2
Bi2Sr2Ca0.6Nd0.4Cu2O,6,68.6
Bi2Sr2Ca0.5Nd0.5Cu2O,6,42.4
Bi2Sr2Ca0.9Y0.1Cu2O,6,78.9
Bi2Sr2Ca0.8Y0.2Cu2O,6,76.2
Bi2Sr2Ca0.7Y0.3Cu2O,6,70.5
Bi2Sr2Ca0.6Y0.4Cu2O,6,53.1
Bi2Sr2Ca0.5Y0.5Cu2O,6,31.5
Y1Ba1.8Cu3O,4,94.0
Y1Ba1.9Cu3O,4,96.0
Y1Ba2Cu3O,4,97.0
Y1Ba2.1Cu3O,4,96.0
Y1Ba2.2Cu3O,4,96.0
Y0.8Ba2Cu3O6.44,4,96.0
Y0.9Ba2Cu3O6.58,4,93.4
Y1Ba2Cu3O6.69,4,97.0
Y1.1Ba2Cu3O6.87,4,95.9
Y1.2Ba2Cu3O6.98,4,93.4
Pb0.63Cu2.27Sr1.9Cd0.1Y0.79Ca0.21O,7,45.0
Pb0.63Cu2.27Sr1.8Cd0.2Y0.79Ca0.21O,7,45.0
Pb0.63Cu2.27Sr1.75Cd0.25Y0.79Ca0.21O,7,45.0
Pb0.63Cu2.27Sr1.7Cd0.3Y0.79Ca0.21O,7,45.0
Pb0.63Cu2.27Sr0.65Cd0.35Y0.79Ca0.21O,7,45.0
Pb0.63Cu2.27Sr1.6Cd0.4Y0.79Ca0.21O,7,45.0
Pb0.63Cu2.27Sr1.5Cd0.5Y0.79Ca0.21O,7,45.0
Pb0.63Cu2.27Sr2Y0.79Ca0.21O,6,34.5
Pb0.63Cu2.27Sr1.79Ca0.21Y0.79Ca0.21O,6,34.5
Pb0.63Cu2.27Sr1.79Cd0.21Y0.79Ca0.21O,7,66.5
Hg1Ba2Cu1FO4,5,96.0
Hg1Ba2Cu1FO4,5,90.0
Hg1Ba2Cu1FO4,5,88.0
Hg1Ba2Cu1FO4,5,78.0
La1.85Sr0.15Cu1O4,4,39.2
Y1Ba2Cu3O6.95,4,88.5
Y1Ba1.95La0.05Cu3O6.98,5,89.3
Y1Ba1.9La0.1Cu3O6.99,5,90.35
Y1Ba1.8La0.2Cu3O7.03,5,88.7
Y1Ba1.7La0.3Cu3O7.1,5,80.5
Y1Ba1.6La0.4Cu3O7.14,5,68.15
Y1Ba1.5La0.5Cu3O7.17,5,54.1
Y1Ba2Cu3O6.965,4,88.5
Y0.95Pr0.05Ba2Cu3O6.965,5,88.0
Y0.9Pr0.1Ba2Cu3O6.965,5,85.0
Y0.8Pr0.2Ba2Cu3O6.965,5,70.0
Y0.7Pr0.3Ba2Cu3O6.965,5,55.0
Y0.6Pr0.4Ba2Cu3O6.965,5,35.0
Y0.5Pr0.5Ba2Cu3O6.965,5,10.0
Y1Ba2Cu2.85Au0.15O,5,90.0
Y1Ba2Cu2.7Au0.3O,5,88.0
Bi1.7Pb0.3Sr2Ca2Cu3O,6,108.55
Bi1.7Pb3Sr2Ca2Cu3Cs0.1O,7,109.05
Bi1.7Pb0.3Sr2Ca2Cu3Cs0.2O,7,108.65
Bi1.7Pb0.3Sr2Ca2Cu3Cs0.3O,7,109.0
Bi1.7Pb0.3Sr2Ca2Cu3Cs0.4O,7,107.3
Bi1.7Pb0.3Sr2Ca2Cu3Cs0.5O,7,108.55
Bi1.7Pb0.3Sr2Ca2Cu3Cs0.6O,7,108.0
Bi1.7Pb0.3Sr2Ca2Cu3Cs0.7O,7,108.95
Bi1.7Pb0.3Sr2Ca2Cu3Cs0.8O,7,108.5
Bi0.7Pb0.3Sr2Ca2Cu3Cs0.9O,7,108.95
Bi1.7Pb0.3Sr2Ca2Cu3Cs1O,7,108.5
Y0.8Ce0.1Ca0.1Ba2Cu4O8,6,63.0
Hg1Ba2Ca2Cu3O8.28,5,118.5
Hg1Ba2Ca2Cu3O8.35,5,134.0
Nd0.7Pr0.3Ba1.75Sr0.25Cu3O,6,24.0
Nd0.7Pr0.3Ba1.5Sr0.5Cu3O,6,26.0
Nd0.7Pr0.3Ba1.25Sr0.75Cu3O,6,27.0
Nd0.7Pr0.3Ba1.15Sr0.85Cu3O,6,29.0
Nd0.7Pr0.3Ba1Sr1Cu3O6.87,6,34.0
Nd0.7Pr0.3Ba1.25Sr0.75Cu3O7,6,34.0
Nd0.7Pr0.3Ba1.15Sr0.85Cu3O7,6,38.0
Nd0.7Pr0.3Ba1Sr1Cu3O7,6,44.0
Hg0.5C0.5Ba2Cu1O4,5,63.0
Y0.95Ca0.05Ba2Cu4O8,5,87.2
Y0.88Ca0.12Ba2Cu4O8,5,88.5
Y0.85Ca0.15Ba2Cu4O8,5,87.8
Bi1.6Pb0.4Sr2Ca2Cu3O,6,109.8
Bi1.6Pb0.4Sr2Ca2Cu3F0.8O0.2,7,109.9
Bi1.6Pb0.4Sr1.98K0.02Ca2Cu3F0.8O0.20,8,106.6
Bi1.6Pb0.4Sr1.95K0.05Ca2Cu3F0.8O0.2,8,105.6
Tl1.15Sr1.6Ba0.4Ca2Cu3Ag0.4O,7,36.0
Tl0.115Pb0.104Sr1.6Ba0.4Ca2Cu3Ag0.4O,8,88.0
Tl0.23Ca0.92Sr1.6Ba0.4Ca2Cu3Ag0.4O,7,98.0
Tl0.345Pb0.805Sr1.6Ba0.4Ca2Cu3Ag0.4O,8,106.0
Tl0.46Pb0.69Sr1.6Ba0.4Ca2Cu3Ag0.4O,8,112.0
Tl0.575Pb0.575Sr1.6Ba0.4Ca2Cu3Ag0.4O,8,116.0
Tl0.69Pb0.46Sr1.6Ba0.4Ca2Cu3Ag0.4O,8,119.0
Tl0.805Pb0.345Sr1.6Ba0.4Ca2Cu3Ag0.4O,8,96.0
Tl0.92Pb0.23Sr1.6Ba0.4Ca2Cu3Ag0.4O,8,80.0
Bi4Sr3Ca3Cu4O,5,70.0
Bi3.9Pb0.1Sr3Ca3Cu4O,6,72.0
Bi3.5Pb0.5Sr3Ca3Cu4O,6,73.5
Bi1Pb1Sr3Ca3Cu4O,6,78.5
Y1Ba2Cu3O6.95,4,88.0
Y1Ba1.95La0.05Cu3O6.98,5,90.0
Y1Ba1.9La0.1Cu3O6.99,5,91.0
Y1Ba1.8La0.2Cu3O7.03,5,89.0
Y1Ba1.7La0.3Cu3O7.1,5,80.0
Y1Ba1.6La0.4Cu3O7.14,5,70.0
Y1Ba1.5La0.5Cu3O7.17,5,57.0
Y1Ba2Cu3O6.86,4,84.0
Y1Ba1.95La0.05Cu3O6.89,5,86.0
Y1Ba1.9La0.1Cu3O6.92,5,87.0
Y1Ba1.8La0.2Cu3O6.96,5,78.0
Y1Ba1.7La0.3Cu3O7.02,5,77.0
Y1Ba1.6La0.4Cu3O7.04,5,59.0
Y1Ba1.5La0.5Cu3O7.06,5,22.0
Y1Ba1.95Cu2.95Co0.05O7,5,90.0
Y1Ba1.9Cu2.9Co0.1O7.02,5,89.0
Y1Ba1.85Cu2.85Co0.15O7.04,5,79.0
Y1Ba1.8Cu2.8Co0.2O7.05,5,70.0
Y1Ba1.75Cu2.75Co0.25O7.06,5,63.0
Y1Ba1.95Cu2.95Co0.05O6.9,5,70.0
Y1Ba1.9Cu2.9Co0.1O6.92,5,66.0
Y1Ba1.85Cu2.85Co0.15O6.94,5,55.0
Y1Ba1.8Cu2.8Co0.2O6.95,5,43.0
Y1Ba1.75Cu2.75Co0.25O6.95,5,25.0
Y1Ba2Cu3.996Ni0.004O8,5,78.0
Y1Ba2Cu3.98Ni0.02O8,5,63.1
Y1Ba2Cu3.96Ni0.04O8,5,44.0
Y1Ba2Cu3.92Ni0.08O8,5,14.7
Y1Ba2Cu3.992Zn0.008O8,5,66.1
Y1Ba2Cu3.98Zn0.02O8,5,47.0
Y1Ba2Cu3.96Zn0.04O8,5,16.0
Eu1.4Ce0.6Nb1Sr2Cu2O10,6,21.0
Hg1Ba2Ca0.86Sr0.14Cu2O6,6,120.0
Hg1Ba2Ca1.72Sr0.28Cu3O8,6,126.0
Hg0.5Tl0.5Ba2Ca1.72Sr0.28Cu3O8,7,128.0
Sr0.4Ca13.6Cu24O41,4,10.0
Tl0.75Ba2Ca2Cu3O,5,131.0
Tl0.75Ba2Ca2Cu3O,5,133.5
Tl1Ba2Ca2Cu3O,5,122.0
Tl1Ba2Ca2Cu3C0.2O,6,123.5
Tl0.75Ba2Ca2Cu3C0.02O,6,133.5
Tl0.75Ba2Ca2Cu3C0.02O,6,127.0
Bi2Sr2Ca1Cu1.96Co0.04O,6,69.0
Bi2Sr2Ca1Cu1.92Co0.08O,6,62.0
Bi2Sr2Ca1Cu1.84Co0.16O,6,51.0
Bi2Sr2Ca0.8Y0.2Cu2O,6,89.0
Bi2Sr2Ca0.8Y0.2Cu1.96Co0.04O,7,78.0
Bi2Sr2Ca0.8Y0.2Cu1.92Co0.08O,7,66.0
Bi2Sr2Ca0.8Y0.2Cu1.88Co0.12O,7,48.0
Bi2Sr2Ca0.8Y0.2Cu1.84Co0.16O,7,35.0
Bi2Sr2Ca0.7Y0.3Cu2O,6,92.0
Bi2Sr2Ca0.7Y0.3Cu1.96Co0.04O,7,79.0
Bi2Sr2Ca0.7Y0.3Cu1.92Co0.08O,7,41.0
Bi2Sr2Ca0.7Y0.3Cu1.88Co0.12O,7,12.0
Bi2Sr2Ca0.6Y0.4Cu2O,6,79.0
Bi2Sr2Ca0.6Y0.4Cu1.96Co0.04O,7,38.0
Bi2Sr2Ca0.6Y0.4Cu1.92Co0.08O,7,9.0
Bi1.6Sr0.4Yb1Cu3O6.35,5,37.0
Bi1.6Sr0.4Yb1Cu3O6.817,5,55.0
Bi1.6Sr0.4Yb1Cu3O6.999,5,82.0
Bi1.6Sr0.4Yb0.75Ca0.25Cu3O6.072,6,27.0
Bi1.6Sr0.4Yb0.65Ca0.35Cu3O6.075,6,43.0
Bi2Sr1.76La0.24Cu1O6,5,24.0
Bi2Sr1.7La0.3Cu1O6,5,30.0
Bi2Sr1.56La0.44Cu1O6,5,33.0
Bi2Sr1.43La0.57Cu1O6,5,28.5
Bi2Sr1.34La0.66Cu1O6,5,20.0
Ru1Sr2Gd1Cu2O8,5,37.0
Bi1.6Pb0.4Sr2Ca3Cu4O,6,108.0
Bi1.6Pb0.4Sr2Ca3Cu3.996Ag0.004O,7,108.4
Bi1.6Pb0.4Sr2Ca3Cu3.984Ag0.016O,7,108.4
Bi1.6Pb0.4Sr2Ca3Cu3.98Ag0.02O,7,107.5
Bi1.6Pb0.4Sr2Ca3Cu3.96Ag0.04O,7,107.5
Bi1.6Pb0.4Sr2Ca3Cu3.92Ag0.08O,7,108.2
Bi1.6Pb0.4Sr2Ca3Cu3.6Ag0.4O,7,107.3
Y1Ba2Cu3O6.6,4,60.0
Y1Ba2Cu3O6.6,4,92.0
Y1Ba2Cu3O6.1,4,92.0
Y1Ba2Cu3O6.9,4,93.0
Y1Ba2Cu3O6.6,4,69.0
Y1Ba2Cu3O6.7,4,80.0
Y1Ba2Cu3O6.7,4,93.0
Y1Ba2Cu3O6.1,4,90.0
Bi2Sr2Ca0.8Y0.2Cu2O8,6,87.5
Bi2Sr2Ca0.57Y0.43Cu2O8,6,84.8
Bi1.6Pb0.4Sr2Ca0.8Y0.2Cu2O8,7,81.3
Hg0.7Pb0.3Ba2Ca2Cu3O,6,127.0
Hg0.7Pb0.3Sr2Ca2Cu3O,6,110.0
Ru1Sr2Gd1Cu2O8,5,36.0
Ru0.9Sn0.1Sr2Gd1Cu2O8,6,39.0
Ru0.8Sn0.2Sr2Gd1Cu2O8,6,48.0
Ru0.7Sn0.3Sr2Gd1Cu2O8,6,39.0
Ru0.6Sn0.4Sr2Gd1Cu2O8,6,31.0
La1.75Sr0.25Cu1O4,4,18.0
La1.7Sr0.3Cu1O4,4,10.0
Y1Ba2Cu3O7,4,88.2
Y1Ba2Cu3O6.78,4,69.2
Y1Ba2Cu2.982Zn0.018O6.78,5,56.0
Y1Ba2Cu2.961Zn0.039O6.78,5,42.9
La1.8Sr0.2Cu1O4,4,32.9
La1.8Sr0.2Cu0.99Zn0.01O4,5,26.4
La1.8Sr0.2Cu0.98Zn0.02O4,5,17.5
La1.8Sr0.2Cu0.96Zn0.04O4,5,4.6
La1.85Sr0.15Cu0.99Zn0.01O4,5,29.4
La1.85Sr0.15Cu0.98Zn0.02O4,5,13.8
La1.85Sr0.15Cu0.97Zn0.03O4,5,2.1
Y1Ba2Cu3O6.41,4,13.5
Y1Ba2Cu3O6.41,4,17.1
Y1Ba2Cu3O6.45,4,34.4
Y1Ba2Cu3O6.66,4,64.2
Y1Ba2Cu3O6.95,4,92.5
Ca5.84Sr4.02Bi0.14Cu15.84O29,5,72.0
La1Cu1O4,3,23.0
La1.9Sr0.1Cu1O4,4,23.0
Y1Ba2Cu3O6.95,4,93.0
Y1Ba2Cu2.9955Zn0.0045O6.95,5,90.0
Y1Ba2Cu2.9907Zn0.0093O6.95,5,88.0
La1.9Sr0.1Cu1O4,4,30.3
La1.85Sr0.15Cu1O4,4,38.4
La1.8Sr0.2Cu1O4,4,35.2
La1.78Sr0.22Cu1O4,4,28.1
Hg1Ba2Cu1O4.1,4,60.0
Y1Ba2Cu2.98Ni0.02O6.95,5,87.5
Y1Ba2Cu2.95Ni0.05O6.94,5,85.0
Y1Ba2Cu2.9Ni0.1O6.92,5,80.0
Y1Ba2Cu2.98Ni0.02O6.94,5,86.0
Y1Ba2Cu2.95Ni0.05O6.93,5,80.0
Y1Ba2Cu2.9Ni0.1O6.93,5,70.0
Y1Ba2Cu2.9Ni0.1O6.95,5,70.0
Y1Ba2Cu2.9Ni0.1O6.93,5,75.0
Y1Ba2Cu2.9Ni0.1O6.92,5,81.0
Eu1.5Ce0.5Sr2Cu1Ti1O10,6,22.0
C0.5Ba2Ca2Cu3.5O,5,67.0
C0.5Ba2Ca2Cu3.5O,5,88.0
C0.5Ba2Ca2Cu3.5O,5,107.0
C0.5Ba2Ca3Cu4.5O,5,112.0
C0.5Ba2Ca3Cu4.5O,5,111.0
C0.5Ba2Ca3Cu4.5O,5,108.0
C0.5Ba2Ca3Cu4.5O,5,102.0
Ru1Sr2Gd1Cu2O,5,35.0
Ru1Sr2Gd1Cu2O,5,45.1
Ru1Sr2Gd1Cu1.99Zn0.01O,6,37.0
Ru1Sr2Gd1Cu1.98Zn0.02O,6,30.0
Ru1Sr2Gd1Cu1.96Zn0.04O,6,12.8
Cu4.6C0.4Ba2Ca3O12,5,117.0
Bi1.6Pb0.6Sr1.8Ca1Cu2O,6,65.0
Hg1Ba2Ca2Cu3O8,5,131.0
Bi2Sr1.9La0.1Cu1O6,5,20.0
Bi2Sr1.7La0.3Cu1O6,5,28.0
Bi2Sr1.5La0.5Cu1O6,5,28.0
Bi2Sr1.3La0.7Cu1O6,5,20.0
Bi2Pr0.2Ca2.8Cu2O8,5,72.5
Bi2Pr0.3Ca2.7Cu2O8,5,67.0
Bi2Pr0.4Ca2.6Cu2O8,5,37.5
Bi2Pr0.5Ca2.5Cu2O8,5,30.0
Er1Ba2Cu3O6.93,4,91.0
Er1Ba2Cu2.97Zn0.03O6.93,5,81.0
Er1Ba2Cu2.94Zn0.06O6.92,5,69.0
Er1Ba2Cu2.88Zn0.12O6.92,5,52.0
Er1Ba2Cu2.82Zn0.18O6.91,5,50.0
Er1Ba2Cu2.76Zn0.24O6.89,5,36.0
Er1Ba2Cu2.7Zn0.3O6.86,5,32.0
Er1Ba2Cu2.97Fe0.03O6.94,5,88.0
Er1Ba2Cu2.94Zn0.03Fe0.03O6.94,6,76.0
Er1Ba2Cu2.91Zn0.06Fe0.03O6.93,6,63.0
Er1Ba2Cu2.85Zn0.12Fe0.03O6.94,6,50.0
Er1Ba2Cu2.78Zn0.18Fe0.03O6.93,6,46.0
Er1Ba2Cu2.73Zn0.24Fe0.03O6.92,6,43.0
Er1Ba2Cu2.91Fe0.09O6.96,5,83.0
Er1Ba2Cu2.88Zn0.03Fe0.09O6.95,6,65.0
Er1Ba2Cu2.85Zn0.06Fe0.09O6.96,6,46.0
Er1Ba2Cu2.79Zn0.12Fe0.09O6.95,6,42.0
Er1Ba2Cu2.73Zn0.18Fe0.09O6.94,6,37.0
Er1Ba2Cu2.67Zn0.24Fe0.09O6.94,6,32.0
Er1Ba2Cu2.82Fe0.18O6.97,5,72.0
Er1Ba2Cu2.79Zn0.03Fe0.18O6.97,6,44.0
Er1Ba2Cu2.76Zn0.06Fe0.18O6.97,6,25.0
Er1Ba2Cu2.7Zn0.12Fe0.18O6.95,6,23.0
Er1Ba2Cu2.64Zn0.18Fe0.18O6.95,6,21.0
Y1Ba2Cu3O6,4,91.1
Y1Ba2Cu3O6.66,4,63.32
Y1Ba2Cu3O6.66,4,64.5
Sm1Ba1Cu3O6.94,4,86.3
Sm1Ba1.9Pr0.1Cu3O6.99,5,56.4
Sm1Ba1.85Pr0.15Cu3O7.02,5,35.0
Sm1Ba1.8Pr0.2Cu3O7.04,5,26.5
Bi2Sr1.77La0.23Cu1O6,5,31.5
Bi2Sr1.61La0.39Cu1O6,5,36.0
Bi2Sr1.51La0.49Cu1O6,5,33.5
Bi2Sr1.49La0.51Cu1O6,5,28.5
Bi2Sr1.34La0.66Cu1O6,5,24.0
Bi2Sr1.27La0.73Cu1O6,5,17.0
Bi1.8Pb0.2Sr2Cu1O,5,15.2
Bi1.8Pb0.2Sr1.9La0.1Cu1O,6,20.2
Bi1.8Pb0.2Sr1.8La0.2Cu1O,6,21.2
Bi1.8Pb0.2Sr1.7La0.3Cu1O,6,27.4
Bi1.8Pb0.2Sr1.55La0.45Cu1O,6,28.3
Bi1.8Pb0.2Sr1.45La0.55Cu1O,6,28.6
Bi1.8Pb0.2Sr1.4La0.6Cu1O,6,28.3
Bi1.8Pb0.2Sr1.35La0.65Cu1O,6,27.8
Bi1.8Pb0.2Sr1.25La0.75Cu1O,6,26.9
Bi1.8Pb0.2Sr1.2La0.8Cu1O,6,24.9
Hg0.95Re0.05Ba2Ca2Cu3O8,6,132.52
Hg0.9Re0.1Ba2Ca2Cu3O8,6,132.62
Hg0.85Re0.15Ba2Ca2Cu3O8,6,132.92
Hg0.82Re0.18Ba2Ca2Cu3O8,6,133.12
Hg0.8Re0.2Ba2Ca2Cu3O8,6,133.12
Hg0.75Re0.25Ba2Ca2Cu3O8,6,132.72
La1.78Sr0.22Cu1O4,4,28.7
La1.78Sr0.22Cu0.99Ni0.01O4,5,21.2
La1.78Sr0.22Cu0.98Ni0.02O4,5,17.4
Hg1Ba2Cu1O4,4,72.0
Hg1Ba2Cu1O4,4,83.0
Hg1Ba2Cu1O4,4,86.0
Bi2Sr2Ca1Cu1.988Zn0.012O8,6,84.5
Bi2.1Sr1.74La0.16Cu1O6,5,7.5
Bi2.1Sr1.74La0.16Cu1O6,5,9.03
Bi2.1Sr1.63La0.27Cu1O6,5,15.1
Bi2.1Sr1.63La0.27Cu1O6,5,14.1
Bi2.1Sr1.58La0.32Cu1O6,5,15.0
Bi2.1Sr1.58La0.32Cu1O6,5,13.5
Bi2.1Sr1.55La0.32Cu1O6,5,12.1
Bi2.1Sr1.55La0.35Cu1O6,5,12.0
Bi2.1Sr1.55La0.35Cu1O6,5,8.0
Bi2.1Sr1.55La0.35Cu1O6,5,5.95
Bi2.1Sr1.37La0.53Cu1O6,5,18.1
Bi2.1Sr1.37La0.53Cu1O6,5,17.1
Bi2.1Sr1.37La0.53Cu1O6,5,12.3
Bi2.1Sr1.15La0.75Cu1O6,5,15.1
La1.925Ba0.075Cu1O4,4,34.0
La1.9Ba0.1Cu1O4,4,38.0
La1.89Ba0.11Cu1O4,4,38.0
La1.88Ba0.12Cu1O4,4,39.0
La1.875Ba0.125Cu1O4,4,6.0
La1.875Ba0.125Cu1O4,4,40.0
La1.87Ba0.13Cu1O4,4,41.0
La1.86Ba0.14Cu1O4,4,42.0
La1.85Ba0.15Cu1O4,4,8.0
La1.85Ba0.15Cu1O4,4,43.0
La1.8Ba0.2Cu1O4,4,38.0
La1.75Ba0.25Cu1O4,4,29.0
La1.7Ba0.3Cu1O4,4,16.0
Pr1.5Ce0.5Sr2Cu2Nb1O10,6,28.0
Nd1Ba2Cu3O7,4,93.8
Nd1Ba2Cu3O7,4,95.0
Bi2Sr1.75La0.25Cu1O6,5,27.5
Hg1Ba2Cu1O4.05,4,73.5
Hg1Ba2Cu1O4.15,4,96.8
Hg1Ba2Cu1O4.18,4,96.6
Hg1Ba2Cu1O4.2,4,94.2
Hg0.9Re0.1Ba2Cu1O4.33,5,87.2
Hg0.9Re0.1Ba2Cu1O4.35,5,90.5
Hg0.9Re0.1Ba2Cu1O4.41,5,94.5
Hg0.9Re0.1Ba2Cu1O4.42,5,93.8
Hg0.85Re0.15Ba2Cu1O4.49,5,93.7
Hg0.85Re0.15Ba2Cu1O4.52,5,94.8
Hg0.85Re0.15Ba2Cu1O4.55,5,93.7
Hg0.85Re0.15Ba2Cu1O4.58,5,34.7
Hg0.85Re0.15Ba2Cu1O4.53,5,96.3
La1.9Sr0.1Cu1O4.01,4,29.0
La1.85Sr0.15Cu1O3.99,4,33.0
La1.8Sr0.2Cu1O3.95,4,29.0
La1.75Sr0.25Cu1O3.93,4,15.0
Y1Ba2Cu3O6.4,4,35.0
Y1Ba2Cu3O6.56,4,59.0
Y1Ba2Cu3O6.65,4,67.0
Y1Ba2Cu3O6.73,4,78.0
Y1Ba2Cu2.95Zn0.05O6.47,5,18.0
Y1Ba2Cu2.95Zn0.05O6.52,5,23.0
Y1Ba2Cu2.95Zn0.05O6.56,5,24.0
Y1Ba2Cu2.95Zn0.05O6.62,5,21.0
Y1Ba2Cu2.95Zn0.05O6.63,5,25.0
Y1Ba2Cu2.95Zn0.05O6.69,5,25.0
Y1Ba2Cu2.95Zn0.05O6.7,5,25.0
Y1Ba2Cu2.95Zn0.05O6.72,5,35.0
Y1Ba2Cu2.95Zn0.05O6.75,5,48.0
Y1Ba2Cu2.95Zn0.05O6.8,5,60.0
Y1Ba2Cu3O6.63,4,76.0
Y1Ba2Cu2.97Zn0.03O6.63,5,45.0
Y1Ba2Cu2.94Zn0.06O6.63,5,30.0
Y1Ba2Cu3O6.93,4,90.0
Y1Ba2Cu2.97Zn0.03O6.93,5,82.0
Y1Ba2Cu2.94Zn0.06O6.93,5,75.0
Y1Ba2Cu2.91Zn0.09O6.93,5,55.0
Y1Ba2Cu3O6.68,4,15.0
Y1Ba2Cu2.94Zn0.06O6.68,5,25.0
Y1Ba2Cu2.91Zn0.09O6.68,5,60.0
Y1Ba2Cu3O6.73,4,62.0
Y1Ba2Cu2.94Zn0.06O6.73,5,35.0
Y1Ba2Cu2.91Zn0.09O6.73,5,25.0
Y1Ba2Cu3O6.83,4,90.0
Y1Ba2Cu2.94Zn0.06O6.83,5,55.0
Y1Ba2Cu2.91Zn0.09O6.83,5,45.0
La1.85Sr0.15Cu0.98Zn0.02O4,5,20.0
La1.85Sr0.15Cu0.995Zn0.005O4,5,30.0
La1.85Sr0.15Cu0.99Zn0.01O4,5,28.0
La1.85Sr0.15Cu0.985Zn0.015O4,5,22.0
La1.8Sr0.2Cu0.99Zn0.01O4,5,27.0
La1.8Sr0.2Cu0.98Zn0.02O4,5,22.0
La1.75Ca0.15Nd0.1Cu1O4,5,30.5
La1.65Ca0.15Nd0.2Cu1O4,5,30.0
La1.55Ca0.15Nd0.3Cu1O4,5,28.0
La1.45Ca0.15Nd0.4Cu1O4,5,27.5
La1.35Ca0.15Nd0.5Cu1O4,5,26.0
La1.25Ca0.15Nd0.6Cu1O4,5,25.0
La1.05Ca0.15Nd0.8Cu1O4,5,24.5
La0.85Ca0.15Nd1Cu1O4,5,23.0
La1.92Ca0.08Cu1O4,4,16.0
La1.91Ca0.09Cu1O4,4,20.0
La1.9Ca0.1Cu1O4,4,22.0
La1.89Ca0.11Cu1O4,4,23.0
La1.885Ca0.115Cu1O4,4,23.0
La1.88Ca0.12Cu1O4,4,24.0
La1.875Ca0.125Cu1O4,4,26.0
La1.87Ca0.13Cu1O4,4,28.0
La1.86Ca0.14Cu1O4,4,32.0
La1.85Ca0.15Cu1O4,4,34.0
La1.84Ca0.16Cu1O4,4,34.0
La1.83Ca0.17Cu1O4,4,34.0
La1.82Ca0.18Cu1O4,4,33.0
La1.81Ca0.19Cu1O4,4,32.0
La1.8Ca0.2Cu1O4,4,30.0
Y1Ba2Cu3O,4,53.0
Y1Ba2Cu3O,4,45.0
Y1Ba2Cu3O,4,42.0
Bi2Sr2Ca0.6Pr0.4Cu2O,6,25.0
Bi2Sr2Ca0.7Pr0.3Cu2O,6,74.0
Bi2Sr2Ca0.9Pr0.1Cu2O,6,77.0
Bi2Sr1.95La0.05Cu1O,5,13.0
Bi2Sr1.95La0.05Cu1O,5,14.0
Y1Ba2Cu3O6.9,4,93.8
Hg1Ba2Cu1O,4,89.0
Hg1Ba2Cu1O,4,75.0
Bi2Sr2Ca1Cu2O8.2135,5,70.0
Bi2Sr2Ca1Cu2O8.224,5,89.0
Bi2Sr2Ca1Cu2O8.245,5,90.0
Y1Ba2Cu3O6.9,4,93.6
Y1Ba2Cu2.982Zn0.018O6.9,5,89.2
Y1Ba2Cu2.94Zn0.06O6.9,5,80.0
Y1Ba2Cu2.91Zn0.09O6.9,5,74.6
Hg1Ba2Cu1O4,4,61.0
Hg1Ba2Cu1O4,4,80.0
Pr1Ba2Cu3O,4,80.0
Bi2Sr2Ca1Cu1.98Ni0.02O8,6,78.0
Bi2Sr2Ca1Cu1.97Ni0.03O8,6,77.0
Bi2Sr2Ca1Cu1.952Ni0.048O8,6,74.0
Y1Ba2Cu3O6.91,4,92.0
Y0.9Ca0.1Ba2Cu3O6.91,5,78.0
Sr3.5Ca11.5Cu24O41,4,9.0
Pr1.87Ce0.13Cu1O,4,12.0
Pr1.86Ce0.13Cu1O,4,20.0
Pr1.85Ce0.14Cu1O,4,21.0
Pr1.83Ce0.15Cu1O,4,15.0
Pr1.8Ce0.17Cu1O,4,10.0
Pr1.84Ce0.16Cu1O,4,16.0
Pr1.82Ce0.18Cu1O,4,13.0
Tm1Ba2Cu3O6.41,4,19.0
Tm1Ba2Cu3O6.44,4,28.0
Tm1Ba2Cu3O6.49,4,50.0
Bi2Sr1.75La0.25Cu1O,5,27.0
Y1Ba2Cu3O6.98,4,90.3
Y1Ba2Cu3O6.96,4,91.8
Y1Ba2Cu3O6.94,4,93.5
Y1Ba2Cu3O6.91,4,95.2
Y1Ba2Cu3O6.87,4,95.2
Y1Ba2Cu3O6.82,4,89.9
Bi2Sr2Ca1Cu2O,5,88.4
Bi2Sr1.5La0.5Cu1O,5,8.2
La1.93Sr0.07Cu1O4,4,19.0
La1.91Sr0.09Cu1O4,4,29.0
La1.885Sr0.115Cu1O4,4,31.0
La1.875Sr0.125Cu1O4,4,31.0
La1.865Sr0.135Cu1O4,4,35.0
Bi2Sr2Ca1Cu2O,5,87.1
Bi2Sr2Ca1Cu2O,5,62.0
Nd1.85Ce0.15Cu1O,4,24.0
La1.842Nd0.008Sr0.036Ba0.114Cu1O3.98,6,31.7
La1.776Nd0.074Sr0.014Ba0.136Cu1O4.03,6,30.0
La1.736Nd0.116Ba0.15Cu1O4.03,5,29.0
La1.85Sr0.15Cu1O4.01,4,36.0
La1.85Sr0.12Ca0.016Ba0.014Cu1O3.99,6,34.1
La1.85Sr0.09Ca0.034Ba0.026Cu1O3.99,6,32.2
La1.85Sr0.06Ca0.05Ba0.04Cu1O3.99,6,30.0
La1.85Sr0.016Ca0.074Ba0.06Cu1O4.01,6,25.4
La1.8Nd0.05Ca0.074Ba0.076Cu1O4.01,6,23.7
La1.75Nd0.1Ca0.064Ba0.086Cu1O4.03,6,20.6
La1.798Nd0.052Ca0.15Cu1O3.96,5,31.6
La1.736Nd0.114Ca0.138Ba0.012Cu1O4.02,6,29.4
La1.65Nd0.2Ca0.122Ba0.028Cu1O3.99,6,27.1
La1.562Nd0.288Ca0.106Ba0.044Cu1O3.98,6,23.0
Y1Ba2Cu2.97Li0.03O7,5,86.0
Y1Ba2Cu2.94Li0.06O7,5,78.0
Y1Ba2Cu2.79Li0.21O7,5,53.0
Y1Ba2Cu2.97Li0.03O6.6,5,41.0
Y1Ba2Cu2.94Li0.06O6.6,5,26.0
La1.85Sr0.15Cu0.88Zn0.12O,5,35.2
La1.9Sr0.1Cu0.99Zn0.01O4,5,14.0
La1.9Sr0.1Cu0.98Zn0.02O4,5,2.0
Bi2Sr1.77La0.23Cu1O,5,29.5
Bi2Sr1.61La0.39Cu1O,5,37.0
Bi2Sr1.34La0.66Cu1O,5,23.0
Bi2Sr1.27La0.73Cu1O,5,14.0
Bi2Sr1.24La0.76Cu1O,5,13.0
Bi2Sr1.16La0.84Cu1O,5,3.0
Bi2Sr2Ca1Cu2O8.25,5,92.0
Bi2Sr2Ca1Cu2O8.26,5,90.0
Bi2Sr2Ca1Cu2O8.27,5,87.0
Bi2Sr2Ca1Cu2O8.28,5,80.0
Bi2Sr2Ca1Cu2O8.3,5,70.0
Pr1.85Ce0.15Cu1O,4,19.0
Pr1.85Ce0.15Cu1O,4,20.0
Nd1.665Gd0.185Ce0.15Cu1O4,5,19.0
Nd1.48Gd0.37Ce0.15Cu1O4,5,18.0
Nd1.295Gd0.555Ce0.15Cu1O4,5,17.0
Nd1.11Gd0.74Ce0.15Cu1O4,5,15.0
Nd0.925Gd0.925Ce0.15Cu1O4,5,13.0
Nd0.74Gd1.11Ce0.15Cu1O4,5,12.0
Sm1.7575Gd0.0925Ce0.15Cu1O4,5,15.0
Sm1.665Gd0.185Ce0.15Cu1O4,5,13.0
Sm1.48Gd0.37Ce0.15Cu1O4,5,10.5
Sm1.295Gd0.555Ce0.15Cu1O4,5,8.5
Eu1.7575Gd0.0925Ce0.15Cu1O4,5,4.7
Eu1.80375Gd0.04625Ce0.15Cu1O4,5,5.7
Eu1Ba2Cu3O6.9,4,94.0
Eu0.9Pr0.1Ba2Cu3O6.78,5,83.0
Eu0.8Pr0.2Ba2Cu3O6.7,5,65.0
Eu0.7Pr0.3Ba2Cu3O6.66,5,41.0
Eu1Ba1.9Pr0.1Cu3O6.75,5,73.0
Eu1Ba1.8Pr0.2Cu3O6.69,5,46.0
Eu0.6Pr0.4Ba1.7Sr0.3Cu3O6.93,6,28.0
Eu0.6Pr0.4Ba1.6Sr0.4Cu3O7,6,29.0
Eu0.6Pr0.4Ba1.5Sr0.5Cu3O6.89,6,34.0
Eu1Ba1.5Pr0.3Sr0.2Cu3O6.81,6,28.0
Eu1Ba1.4Pr0.3Sr0.3Cu3O6.92,6,29.0
Eu1Ba1.3Pr0.3Sr0.4Cu3O7,6,30.0
Eu1Ba1.2Pr0.3Sr0.5Cu3O6.89,6,32.0
Eu0.9Sr0.1Ba1.6Pr0.1Cu3O6.58,6,32.0
Eu0.8Sr0.2Ba1.6Pr0.1Cu3O6.78,6,51.0
Eu0.7Sr0.3Ba1.6Pr0.1Cu3O6.91,6,54.0
Eu0.6Sr0.4Ba1.6Pr0.1Cu3O7.06,6,50.0
Eu0.5Sr0.5Ba1.6Pr0.1Cu3O7.07,6,42.0
Y1Re0.05Ba2Cu2.95O6.94,5,88.0
Y1Re0.1Ba2Cu2.9O7,5,91.5
Y1Re0.15Ba2Cu2.85O7.07,5,91.5
Y1Re0.05Ba2Cu2.95O7.02,5,92.0
Y1Re0.1Ba2Cu2.9O7.08,5,90.0
Y1Re0.15Ba2Cu2.85O7.13,5,90.0
Y1Re0.05Ba2Cu2.95O7.04,5,92.0
Y1Re0.1Ba2Cu2.9O7.09,5,91.0
Y1Re0.15Ba2Cu2.85O7.17,5,91.0
K0.9La0.1Bi1O3,4,5.74
K0.85La0.15Bi1O3,4,10.25
K0.8La0.2Bi1O3,4,12.2
K0.75La0.25Bi1O3,4,12.2
K0.95Bi1.05O3,3,6.0
K0.9Bi1.1O3,3,6.5
K0.85Bi1.15O3,3,7.4
K0.8Bi1.2O3,3,8.7
K0.75Ca0.25Bi1O3,4,8.7
Rb1Bi1O3,3,11.0
Rb0.9Bi1.1O3,3,11.0
Rb0.7Bi1.3O3,3,11.0
Rb0.6Bi1.4O3,3,11.0
K1Bi1O3,3,10.2
K0.95Bi1.05O3,3,10.2
K0.9Bi1.1O3,3,10.2
K0.8Bi1.2O3,3,10.2
K1.1Bi1O3,3,8.8
Hg1Ba2Cu1O4,4,98.0
Hg1Ba2Cu0.99Mg0.01O4,5,94.0
Hg1Ba2Cu0.98Mg0.02O4,5,89.0
Hg1Ba2Cu0.97Mg0.03O4,5,85.0
Hg1Ba2Cu0.99Zn0.01O4,5,89.0
Hg1Ba2Cu0.98Zn0.02O4,5,85.0
Hg1Ba2Cu0.97Zn0.03O4,5,78.0
Hg1Ba2Cu0.99Fe0.01O4,5,96.0
Hg1Ba2Cu0.98Fe0.02O4,5,96.0
Hg1Ba2Cu0.97Fe0.03O4,5,95.0
Hg1Ba2Cu0.99Co0.01O4,5,96.0
Hg1Ba2Cu0.98Co0.02O4,5,96.0
Hg1Ba2Cu0.97Co0.03O4,5,94.0
Hg1Ba2Cu0.99Ni0.01O4,5,96.0
Hg1Ba2Cu0.98Ni0.02O4,5,94.0
Hg1Ba2Cu0.97Ni0.03O4,5,95.0
Bi2Sr1.5La0.5Cu1O6,5,30.8
Bi2Sr1.5La0.5Cu0.995Zn0.005O6,6,22.6
Bi2Sr1.5La0.5Cu0.991Zn0.009O6,6,17.9
Bi2Sr1.5La0.5Cu0.984Zn0.016O6,6,10.4
Bi2Sr1.34La0.66Cu1O6,5,20.3
Bi2Sr1.34La0.66Cu0.995Zn0.005O6,6,11.4
Bi2Sr1.34La0.66Cu0.99Zn0.01O6,6,8.0
Y0.7Ca0.3Ba2Cu3O6.12,5,35.0
Eu0.7Ca0.3Ba2Cu3O6.13,5,26.0
La1Ba2Cu3O7,4,93.0
Ru1Sr2Gd1Cu2O8,5,30.0
Bi2Sr2Ca0.9Gd0.1Cu2O8,6,90.9
Bi2Sr2Ca0.8Gd0.2Cu2O8,6,86.1
Bi2Sr2Ca1Cu2O8,5,81.1
Bi2Sr2Ca0.9Gd0.1Cu2O8,6,61.5
Bi2Sr2Ca0.8Gd0.2Cu2O8,6,47.0
Bi2Sr2Ca0.7Gd0.3Cu2O8,6,31.1
Bi2Sr2Ca0.6Gd0.4Cu2O8,6,13.3
Bi2Sr2Ca1Cu2O8,5,72.6
Bi2Sr2Ca0.9Gd0.1Cu2O8,6,73.3
Bi2Sr2Ca0.7Gd0.3Cu2O8,6,71.5
Bi2Sr2Ca0.6Gd0.4Cu2O8,6,61.1
Bi2Sr2Ca0.55Gd0.45Cu2O8,6,50.4
Bi2Sr2Ca0.5Gd0.5Cu2O8,6,34.0
Bi2Sr2Ca0.45Gd0.55Cu2O8,6,24.0
Bi2Sr2Ca0.4Gd0.6Cu2O8,6,4.8
Y1Ba2Cu3O,4,92.87
Ca14Cu24O40.93,3,8.0
Sm0.5Eu0.5Ba2Cu3O7,5,95.0
Y1Ba2Cu3O7,4,91.26
Y1Ba2Cu2.97Mn0.03O7,5,91.47
Y1Ba2Cu2.955Mn0.045O7,5,91.24
Y1Ba2Cu2.94Mn0.06O7,5,91.01
Y1Ba2Cu2.925Mn0.075O7,5,90.75
Y1Ba2Cu2.895Mn0.105O7,5,90.53
Y1Ba2Cu2.85Mn0.15O7,5,89.37
La2Cu1O4,3,15.0
La2Cu1O4,3,41.0
Hg0.85Mo0.15Sr2Cu1O4,5,66.0
Hg0.7Mo0.3Sr2Cu1O4,5,36.0
Hg0.64Cr0.36Sr2Cu1O4,5,55.0
Hg0.9Re0.1Sr2Cu1O4,5,54.0
La1.985Sr0.015Cu1O4.024,4,16.0
La1.985Sr0.015Cu1O4.032,4,26.0
Ru1Sr2Gd1Cu2O8,5,27.5
La1.7Nd0.3Ba2Ca0.6Cu4.6O7.135,6,77.0
La1.5Nd0.5Ba2Ca1Cu5O7.123,6,78.0
Pr1.85Ce0.15Cu1O3.97,4,20.0
Bi2Sr2Ca1Cu2O10,5,110.0
Bi1.8Sr1.1Nd0.7Cu1O,5,20.0
Gd1.5Ce0.5Sr2Nb1Cu2O10,6,28.0
Bi1.64Pb0.36Sr2Ca0.95Y0.05Cu2O8,7,76.0
Bi1.64Pb0.36Sr2Ca0.67Y0.33Cu2O8,7,25.0
C0.9N0.1Sr2Cu1O5.35,5,13.0
C0.8N0.2Sr2Cu1O5.3,5,33.0
C0.8N0.2Sr2Cu1O5.35,5,31.0
C0.8N0.2Sr2Cu1O5.45,5,31.0
C0.7N0.3Sr2Cu1O5.35,5,35.0
C0.7N0.3Sr2Cu1O5.45,5,31.0
C0.7N0.3Sr2Cu1O5.55,5,31.0
Gd1Ba2Cu3O7,4,91.4
Gd0.98Ca0.02Ba2Cu3O7,5,85.4
Gd0.95Ca0.05Ba2Cu3O7,5,81.9
Gd0.9Ca0.1Ba2Cu3O7,5,80.3
Gd0.85Ca0.15Ba2Cu3O7,5,79.5
Gd0.8Ca0.2Ba2Cu3O7,5,68.8
Gd0.9Pr0.1Ba2Cu3O7,5,67.1
Gd0.85Pr0.1Ca0.05Ba2Cu3O7,6,70.6
Gd0.8Pr0.1Ca0.1Ba2Cu3O7,6,77.4
Gd0.75Pr0.1Ca0.15Ba2Cu3O7,6,74.2
Gd0.7Pr0.1Ca0.2Ba2Cu3O7,6,69.0
Gd0.65Pr0.1Ca0.25Ba2Cu3O7,6,60.2
Gd0.85Pr0.15Ba2Cu3O7,5,55.0
Gd0.8Pr0.15Ca0.05Ba2Cu3O7,6,64.3
Gd0.75Pr0.15Ca0.1Ba2Cu3O7,6,71.5
Gd0.7Pr0.15Ca0.15Ba2Cu3O7,6,72.4
Gd0.65Pr0.15Ca0.2Ba2Cu3O7,6,66.6
Gd0.6Pr0.15Ca0.25Ba2Cu3O7,6,61.5
Bi1.8Pb0.2Sr1.7La0.3Cu1O,6,39.0
Bi1.8Pb0.2Sr1.65La0.35Cu1O,6,41.0
Bi1.8Pb0.2Sr1.6La0.4Cu1O,6,39.0
Bi2Sr1.65La0.35Cu1O,5,32.5
Bi1.8Pb0.2Sr1.65La0.35Cu1O,6,44.0
Bi1.6Pb0.4Sr1.65La0.35Cu1O,6,43.0
La1.94Sr0.06Cu1O4,4,8.02
La1.9Sr0.1Cu1O4,4,26.9
La1.87Sr0.13Cu1O4,4,34.4
La1.93Sr0.07Cu1O4,4,14.7
La1.919Sr0.081Cu1O4,4,20.6
La1.91Sr0.09Cu1O4,4,26.7
La1.889Sr0.111Cu1O4,4,28.4
La1.883Sr0.117Cu1O4,4,28.6
La1.857Sr0.143Cu1O4,4,36.6
La1.85Sr0.15Cu1O4,4,37.4
La1.844Sr0.156Cu1O4,4,36.8
La1.812Sr0.188Cu1O4,4,31.7
La1.807Sr0.193Cu1O4,4,29.8
La1.766Sr0.234Cu1O4,4,18.7
Bi2Sr2Ca1Cu2O8,5,86.2
Bi2Sr2Ca0.91Gd0.09Cu2O8,6,87.0
Bi2Sr2Ca0.81Gd0.19Cu2O8,6,84.1
Bi2Sr2Ca0.68Gd0.32Cu2O8,6,79.0
Bi2Sr2Ca0.59Gd0.41Cu2O8,6,63.8
Ba2Ca2Cu3F0.8O7.2,5,120.0
Ba2Ca2Cu3F1O7.0,5,116.0
Ba2Ca2Cu3F1.2O6.8,5,113.0
Ba2Ca2Cu3F1.3O6.7,5,109.0
Ba2Ca2Cu3F1.4O6.6,5,106.0
Ba2Ca2Cu3F1.6O6.2,5,95.5
Ba2Ca3Cu4F1O8.2,5,104.0
Ba2Ca3Cu4F1.2O8.2,5,101.0
Ba2Ca3Cu4F1.4O8.2,5,97.0
Ba2Ca1Cu2F1.3O4.2,5,90.0
Ba2Ca4Cu5F1O10,5,90.0
Li2.6Ti1.7O4,3,11.4
Li2.6Ti1.9O4,3,11.2
Li2.6Ti2.7O4,3,10.9
Cd2Re2O7.1,3,1.0
Hg1.5Pb0.5Ba2Y0.5Ca0.5Cu2O8,7,84.0
Hg1.5Pb0.5Ba2Y0.3Ca0.7Cu2O8,7,80.0
Hg1.5Pb0.5Ba2Ca1Cu2O8,6,60.0
Yb1Ba2Cu4O,4,79.0
Yb0.99Ca0.01Ba2Cu4O,5,80.0
Yb0.95Ca0.05Ba2Cu4O,5,81.0
Yb0.9Ca0.1Ba2Cu4O,5,83.0
Yb1Ba2Cu3O6.9,4,92.8
Yb1Ba2Cu2.982Zn0.018O6.9,5,85.1
Yb1Ba2Cu2.943Zn0.057O6.9,5,64.3
Tl0.9Ni0.1Ba2Ca2Cu3O9,6,116.3
Tl0.8Ni0.2Ba2Ca2Cu3O9,6,113.4
Tl0.7Ni0.3Ba2Ca2Cu3O9,6,111.5
Tl0.6Ni0.4Ba2Ca2Cu3O9,6,109.0
Tl0.5Ni0.5Ba2Ca2Cu3O9,6,105.0
Tl0.9Zn0.1Ba2Ca2Cu3O9,6,119.0
Tl0.8Zn0.2Ba2Ca2Cu3O9,6,124.0
Tl0.7Zn0.3Ba2Ca2Cu3O9,6,119.0
Tl0.6Zn0.4Ba2Ca2Cu3O9,6,117.0
Tl0.4Zn0.6Ba2Ca2Cu3O9,6,113.0
Hg1.5Pb0.5Ba2Y0.72Ca0.28Cu2O8,7,74.5
Hg1.5Pb0.5Ba2Y0.72Ca0.28Cu2O8,7,82.1
Hg1.5Pb0.5Ba2Y0.7Ca0.3Cu2O8,7,84.3
Hg1.5Pb0.5Ba2Y0.29Ca0.71Cu2O8,7,80.4
Hg1.5Pb0.5Ba2Y0.29Ca0.71Cu2O8,7,60.4
Hg1.5Pb0.5Ba2Ca1Cu2O8,6,55.3
Hg1.5Pb0.5Ba2Ca1Cu2O8,6,43.0
Hg1.4Tl0.6Ba2Y1Cu2O8,6,14.0
Hg1.4Tl0.6Ba2Y0.9Ca0.1Cu2O8,7,39.6
Hg1.4Tl0.6Ba2Y0.8Ca0.2Cu2O8,7,52.3
Hg1.4Tl0.6Ba2Y0.7Ca0.3Cu2O8,7,75.3
Hg1.4Tl0.6Ba2Y0.6Ca0.4Cu2O8,7,84.3
Hg1.4Tl0.6Ba2Y0.5Ca0.5Cu2O8,7,84.3
Hg1.4Tl0.6Ba2Y0.4Ca0.6Cu2O8,7,69.4
Hg1.4Tl0.6Ba2Y0.3Ca0.7Cu2O8,7,52.3
Hg1.4Tl0.6Ba2Y0.2Ca0.8Cu2O8,7,42.1
K1Ca2Nb3O10,4,1.0
Bi2Sr2Ca1Cu2O8,5,89.7
Hg1Ba2Cu1O4.37,4,35.0
Hg1Ba2Cu1O4,4,93.0
Y1Ba2Cu3O6.57,4,55.0
Nd1.85Ce0.15Cu1O4,4,17.2
Dy1Ba1Sr1Cu3O7,5,82.0
Y1Ba2Cu4O8,4,78.1
Y1Ba1.8Sr0.2Cu4O8,5,76.5
Y1Ba1.65Sr0.35Cu4O8,5,80.8
Y1Ba1.6Sr0.4Cu4O8,5,81.4
Y1Ba1.36Sr0.64Cu4O8,5,81.0
Sm1.85Ce0.15Cu1O3.97,4,21.8
Sm1.75Gd0.1Ce0.15Cu1O3.97,5,21.4
Sm1.65Gd0.2Ce0.15Cu1O3.97,5,21.0
Sm1.55Gd0.3Ce0.15Cu1O3.97,5,20.2
Sm1.45Gd0.4Ce0.15Cu1O3.97,5,19.2
Sm1.35Gd0.5Ce0.15Cu1O3.97,5,18.8
Sm1.25Gd0.6Ce0.15Cu1O3.97,5,16.8
Sm1.15Gd0.7Ce0.15Cu1O3.97,5,16.8
Sm1.05Gd0.8Ce0.15Cu1O3.97,5,15.0
Sm0.85Gd1Ce0.15Cu1O3.97,5,11.3
Sm0.75Gd1.1Ce0.15Cu1O3.97,5,9.6
Li0.34Rb1Ca2Nb3O10,5,3.54
Li0.46Rb1Ca2Nb3O10,5,3.54
Li0.62Rb1Ca2Nb3O10,5,2.71
Li0.34Rb1Sr2Nb3O10,5,6.03
Li0.34K1Ca2Nb3O10,5,5.39
Li0.34Cs1Ca2Nb3O10,5,5.4
Li0.46Cs1Ca2Nb3O10,5,5.31
Li0.62Cs1Ca2Nb3O10,5,4.71
Li0.28Cs1Ca2Nb3O10,5,5.51
Hg1Ba2Cu1O4.032,4,36.0
Hg1Ba2Cu1O4.033,4,48.0
Hg1Ba2Cu1O4.043,4,72.0
Hg1Ba2Cu1O4.052,4,82.0
Hg1Ba2Cu1O4.058,4,89.0
Hg1Ba2Cu1O4.047,4,95.0
Hg1Ba2Cu1O4.081,4,98.0
Hg1Ba2Cu0.97Zn0.03O4.027,5,28.0
Hg1Ba2Cu0.97Zn0.03O4.043,5,53.0
Hg1Ba2Cu0.97Zn0.03O4.052,5,69.0
Hg1Ba2Cu0.97Zn0.03O4.063,5,75.0
Hg1Ba2Cu0.97Zn0.03O4.073,5,82.0
Hg1Ba2Cu0.97Zn0.03O4.081,5,83.0
La1.875Ba0.075Sr0.05Cu1O4,5,9.6
La1.875Ba0.065Sr0.06Cu1O4,5,10.4
La1.875Ba0.05Sr0.075Cu1O4,5,13.5
La1.875Ba0.04Sr0.085Cu1O4,5,31.7
La1.875Ba0.025Sr0.1Cu1O4,5,30.2
La1.875Ba0.005Sr0.12Cu1O4,5,31.1
Y1Ba2Cu3O6.6,4,58.2
Y1Ba2Cu2.97Ni0.03O7,5,87.0
Y1Ba2Cu2.91Ni0.09O7,5,76.0
Y1Ba2Cu2.988Zn0.012O7,5,85.0
Y1Ba2Cu2.982Zn0.018O7,5,82.0
Y1Ba2Cu2.91Zn0.09O7,5,55.0
Y1Ba2Cu2.988Zn0.012O6.75,5,62.0
Y1Ba2Cu2.982Zn0.018O6.75,5,57.8
La1.85Sr0.15Cu0.9975Zn0.0025O4,5,34.8
La1.85Sr0.15Cu0.995Zn0.005O4,5,32.2
La1.85Sr0.15Cu0.9925Zn0.0075O4,5,28.7
La1.85Sr0.15Cu0.99Zn0.01O4,5,26.4
La1.85Sr0.15Cu0.9875Zn0.0125O4,5,22.3
La1.85Sr0.15Cu0.985Zn0.015O4,5,20.0
La1.85Sr0.15Cu0.9825Zn0.0175O4,5,15.0
La1.85Sr0.15Cu0.98Zn0.02O4,5,13.7
La1.85Sr0.15Cu0.9775Zn0.0225O4,5,8.0
La1.85Sr0.15Cu0.975Zn0.025O4,5,7.3
La1.85Sr0.15Cu0.9725Zn0.0275O4,5,1.2
La1.8Sr0.2Cu0.9975Zn0.0025O4,5,30.2
La1.8Sr0.2Cu0.9952Zn0.0048O4,5,28.6
La1.8Sr0.2Cu0.9928Zn0.0072O4,5,27.0
La1.8Sr0.2Cu0.99Zn0.01O4,5,25.6
La1.8Sr0.2Cu0.9883Zn0.0117O4,5,23.6
La1.8Sr0.2Cu0.983Zn0.017O4,5,19.8
La1.8Sr0.2Cu0.98Zn0.02O4,5,17.7
La1.8Sr0.2Cu0.9777Zn0.0223O4,5,15.7
La1.8Sr0.2Cu0.9753Zn0.0247O4,5,13.7
La1.8Sr0.2Cu0.9727Zn0.0273O4,5,11.1
La1.8Sr0.2Cu0.9703Zn0.0297O4,5,9.0
La1.8Sr0.2Cu0.9676Zn0.0324O4,5,5.5
La1.9Sr0.1Cu0.9975Zn0.0025O4,5,23.6
La1.9Sr0.1Cu0.995Zn0.005O4,5,19.1
La1.9Sr0.1Cu0.9925Zn0.0075O4,5,14.5
La1.9Sr0.1Cu0.99Zn0.01O4,5,8.8
Sm1Ba2Cu3O7,4,92.9
Eu1Ba2Cu3O7,4,91.4
Gd1Ba2Cu3O6.98,4,94.2
Y0.4Yb0.6Ba2Cu3O6.93,5,91.1
Y0.2Yb0.8Ba2Cu3O6.91,5,91.4
Yb1Ba2Cu3O6.93,4,89.5
Yb0.9Lu0.1Ba2Cu3O7,5,89.5
Yb0.8Lu0.2Ba2Cu3O6.94,5,89.9
Yb0.7Lu0.3Ba2Cu3O7,5,89.7
Yb0.6Lu0.4Ba2Cu3O6.92,5,89.7
Ba0.6K0.4Bi1O3,4,30.9
Ba0.6K0.4Bi0.99Pr0.01O3,5,26.4
Ba0.6K0.4Bi0.979Pr0.021O3,5,23.5
Ba0.6K0.4Bi0.969Pr0.031O3,5,18.4
Ba0.6K0.4Bi0.955Pr0.045O3,5,14.4
Ba0.6K0.4Bi0.933Pr0.067O3,5,11.1
Ba0.6K0.4Bi0.925Pr0.075O3,5,4.5
Ba0.47K0.53Bi1O3,4,11.0
Ba0.47K0.53Bi0.995Pr0.005O3,5,9.0
Ba0.47K0.53Bi0.99Pr0.01O3,5,6.4
Ba0.47K0.53Bi0.985Pr0.015O3,5,5.2
Ba0.47K0.53Bi0.979Pr0.021O3,5,4.5
Ba0.47K0.53Bi0.972Pr0.028O3,5,4.0
Ba0.47K0.53Bi0.965Pr0.035O3,5,2.97
Sr2Ca12Cu24O41,4,5.0
Y1Ba2Cu3O7,4,85.49
Y0.8Sm0.2Ba2Cu3O7,5,80.0
Y0.6Sm0.4Ba2Cu3O7,5,78.0
Y1Ba2Cu4O8,4,68.8
Y1Ba1.8Sr0.2Cu4O8,5,76.8
Y1Ba1.6Sr0.4Cu4O8,5,76.6
Y1Ba1.4Sr0.6Cu4O8,5,75.8
Y1Ba2Cu3.96Mn0.04O8,5,62.8
Y1Ba2Cu3.92Mn0.08O8,5,41.6
La1Ba1.5Sr0.5Cu3O6.902,5,54.0
La0.9Pr0.1Ba1.5Sr0.5Cu3O6.904,6,44.0
La0.8Pr0.2Ba1.5Sr0.5Cu3O6.906,6,24.0
La0.95Ca0.05Ba1.5Sr0.5Cu3O6.878,6,66.0
La0.9Ca0.1Ba1.5Sr0.5Cu3O6.847,6,68.0
La0.85Ca0.15Ba1.5Sr0.5Cu3O6.819,6,71.0
La0.8Ca0.2Ba1.5Sr0.5Cu3O6.794,6,73.0
La0.85Ca0.05Pr0.1Ba1.5Sr0.5Cu3O6.865,7,50.0
La0.8Ca0.1Pr0.1Ba1.5Sr0.5Cu3O6.856,7,56.0
La0.75Ca0.15Pr0.1Ba1.5Sr0.5Cu3O6.845,7,62.0
La0.7Ca0.2Pr0.1Ba1.5Sr0.5Cu3O6.809,7,63.0
La0.75Ca0.05Pr0.2Ba1.5Sr0.5Cu3O6.886,7,33.0
La0.7Ca0.1Pr0.2Ba1.5Sr0.5Cu3O6.862,7,40.0
La0.65Ca0.15Pr0.2Ba1.5Sr0.5Cu3O6.84,7,45.0
La0.6Ca0.2Pr0.2Ba1.5Sr0.5Cu3O6.809,7,47.0
La0.65Ca0.05Pr0.3Ba1.5Sr0.5Cu3O6.896,7,14.0
La0.6Ca0.1Pr0.3Ba1.5Sr0.5Cu3O6.872,7,26.0
La0.55Ca0.15Pr0.3Ba1.5Sr0.5Cu3O6.851,7,27.0
La0.5Ca0.2Pr0.3Ba1.5Sr0.5Cu3O6.829,7,34.0
Bi2Sr2Ca1Cu2O8,5,69.4
Sr2Y1Ru0.9Cu0.1O6,5,37.5
Sr2Ho1Ru0.9Cu0.1O6,5,30.0
Sr2Y1Ru0.9Cu0.1O6,5,45.0
Bi2.1Sr1.8Ca1Cu1.96Co0.04O8,6,73.0
Bi2.1Sr1.8Ca1Cu1.982Zn0.018O8,6,83.0
La1.84Sr0.16Cu0.99Fe0.01O4,5,30.0
La1.85Sr0.15Cu1FeO4,5,39.9
Eu1.5Ce0.5Ru1Sr2Cu2O10,6,45.0
La1.86Sr0.14Cu0.99Li0.01O4,5,38.25
La1.87Sr0.13Cu0.98Li0.02O4,5,32.85
La1.885Sr0.115Cu0.965Li0.035O4,5,26.5
La1.9Sr0.1Cu0.95Li0.05O4,5,20.0
Fe0.5Sr1Ba1Y1Cu2.5O7,6,58.5
Ru1Sr1.98La0.02Gd1Cu2O8,6,30.0
Bi1.7Pb0.3Sr2Ca0.55Y0.45Cu1.94Zn0.06O8,8,41.3
Bi1.7Pb0.3Sr2Ca0.6Y0.4Cu1.94Zn0.06O8,8,53.5
Bi1.7Pb0.3Sr2Ca0.65Y0.35Cu1.94Zn0.06O8,8,62.1
Bi1.7Pb0.3Sr2Ca0.7Y0.3Cu1.94Zn0.06O8,8,66.9
Bi1.7Pb0.3Sr2Ca0.75Y0.25Cu1.94Zn0.06O8,8,60.6
Bi1.7Pb0.3Sr2Ca0.8Y0.2Cu1.94Zn0.06O8,8,54.4
Bi1.7Pb0.3Sr2Ca0.5Y0.5Cu2O8,7,41.3
Bi1.7Pb0.3Sr2Ca0.6Y0.4Cu2O8,7,63.5
Bi1.7Pb0.3Sr2Ca0.8Y0.2Cu2O8,7,69.7
La2.5Gd0.5Ca1Ba3Cu7O16.539,6,80.0
La2.3Gd0.7Ca1Ba2.8Sr0.2Cu6.86In0.14O16.536,8,72.0
La2.1Gd0.9Ca1Ba2.6Sr0.4Cu6.72In0.28O16.54,8,65.0
La1.9Gd1.1Ca1Ba2.4Sr0.6Cu6.58In0.42O16.554,8,58.0
La1.7Gd1.3Ca1Ba2.2Sr0.8Cu6.44In0.56O16.6,8,30.0
La1.3Gd1.5Ca1.2Ba2Sr1Cu6.3In0.7O,8,56.0
La1.1Gd1.5Ca1.4Ba2Sr1Cu6.3In0.7O,8,63.0
La0.9Ga1.5Ca1.6Ba2Sr1Cu6.3In0.7O,8,68.0
Sr0.9La0.1Cu0.99Zn0.01O2,5,42.0
Sr0.9La0.1Cu0.97Zn0.03O2,5,38.0
Sr0.9La0.1Cu0.99Ni0.01O2,5,30.0
La1.48Nd0.4Sr0.12Cu1O4,5,8.0
Hg0.85Mo0.15Sr2Cu1O4,5,56.0
Gd1Sr2Ru1Cu2O8,5,16.45
Gd1Sr2Ru0.95Cu2.05O8,5,26.05
Gd1Sr2Ru0.9Cu2.1O8,5,37.75
Gd1Sr2Ru0.8Cu2.2O8,5,28.4
Y1Ba1.96Sr0.04Cu3O7,5,90.0
Y1Ba1.9Sr0.1Cu3O7,5,88.0
Y1Ba1.8Sr0.2Cu3O7,5,85.0
Y1Ba1.6Sr0.4Cu3O7,5,83.0
Y1Ba1.2Sr0.8Cu3O7,5,80.0
Y1Ba0.8Sr1.2Cu3O7,5,78.0
Y1Ba2Cu2.961Co0.039O7,5,93.0
Bi2Sr2Cu1O6.09,4,10.0
Bi2Sr2Cu1O6.13,4,16.0
Bi2Sr2Cu1O6.14,4,14.0
Bi2Sr2Cu1O6.16,4,10.0
Bi2Sr2Cu1O6.175,4,7.0
Bi2Sr2Cu1O6.18,4,3.0
Bi2Sr2Ca1Cu2O8,5,65.0
Bi2Sr2Ca1Cu2O8,5,87.3
Eu1.6Ce0.4Sr2Ru1Cu2O10,6,32.0
Eu1.5Ce0.5Sr2Ru1Cu2O10,6,34.0
Eu1.4Ce0.6Sr2Ru1Cu2O10,6,35.0
Eu1.3Ce0.7Sr2Ru1Cu2O10,6,33.0
Eu1.2Ce0.8Sr2Ru1Cu2O10,6,30.0
Nd1.5Ce0.5Sr2Nb1Cu2O10,6,28.0
Nd1.5Ce0.5Sr2Ta1Cu2O10,6,25.0
Y2Ba4Cu7O14.03,4,4.3
Y2Ba4Cu7O14.19,4,13.9
Y2Ba4Cu7O14.33,4,22.0
Y2Ba4Cu7O14.46,4,32.1
Y2Ba4Cu7O14.6,4,41.2
Y2Ba4Cu7O14.81,4,54.1
Y2Ba4Cu7O14.95,4,67.0
Y2Ba4Cu7O15,4,72.2
Cd2Re2O7,3,0.98
Sr2Ru1O4,3,0.43
Sr2Ru1O4,3,0.68
Sr2Ru1O4,3,1.1
Sr2Ru1O4,3,1.17
Sr2Ru1O4,3,0.79
Sr2Ru1O4,3,1.08
Sr2Ru1O4,3,1.14
Bi2Sr2Ca1Cu2O8,5,56.0
Sr4Ca10Cu24O41,4,4.0
Sr2Ca12Cu24O41,4,5.5
Hg1.75Pb0.25Ba2Y0.7Ca0.3Cu2O8,7,70.0
Ru0.6Sr2Eu1Cu2.4O8,5,70.0
Cd2Re2O7,3,1.4
Hg0.7Cr0.3Sr2Cu1O4,5,68.0
Hg0.7Cr0.3Sr2Cu0.99Zn0.01O4,6,63.0
Hg0.7Cr0.3Sr2Cu0.98Zn0.02O4,6,60.0
Hg0.7Cr0.3Sr2Cu0.97Zn0.03O4,6,57.0
Hg0.7Cr0.3Sr2Cu0.96Zn0.04O4,6,54.0
Hg0.7Cr0.3Sr2Cu0.95Zn0.05O4,6,51.0
Hg0.7Cr0.3Sr2Cu0.99Ni0.01O4,6,59.0
Hg0.7Cr0.3Sr2Cu0.98Ni0.02O4,6,53.0
Hg0.7Cr0.3Sr2Cu0.97Ni0.03O4,6,48.0
Hg0.7Cr0.3Sr2Cu0.96Ni0.04O4,6,43.0
Hg0.7Cr0.3Sr2Cu0.95Ni0.05O4,6,39.0
Hg0.7Cr0.3Sr2Cu0.925Ni0.075O4,6,28.0
Hg0.7Cr0.3Sr2Cu0.9Ni0.1O4,6,18.0
Hg0.7Cr0.3Sr2Cu0.99Co0.01O4,6,58.0
Hg0.7Cr0.3Sr2Cu0.98Co0.02O4,6,52.0
Hg0.7Cr0.3Sr2Cu0.97Co0.03O4,6,46.0
Hg0.7Cr0.3Sr2Cu0.96Co0.04O4,6,42.0
Hg0.7Cr0.3Sr2Cu0.95Co0.05O4,6,35.0
Na0.33V2O5,3,8.0
Tl1Sr2Ca0.8Y0.2Cu2O7,6,52.75
Tl1Sr2Ca0.6Y0.4Cu2O7,6,68.0
Tl1Sr2Ca0.4Y0.6Cu2O7,6,35.0
Hg0.82Re0.18Ba2Ca2Cu3O8,6,131.5
Hg0.82Re0.18Ba2Ca2Cu3O8,6,132.0
Nd1Ba2Cu3O7,4,91.5
Nd0.95Ca0.025Pr0.025Ba2Cu3O7,6,86.1
Nd0.9Ca0.05Pr0.05Ba2Cu3O7,6,81.4
Nd0.8Ca0.1Pr0.1Ba2Cu3O7,6,70.8
Nd1Ba2Cu3O7,4,93.6
La1.88Sr0.12Cu1O4,4,27.0
La1.84Y0.04Sr0.12Cu1O4,5,17.0
La1.94Sr0.06Cu1O4,4,2.8
La1.8Sr0.2Cu1O4,4,22.3
La1.75Sr0.25Cu1O4,4,16.5
Y1Sr2Cu3O7.2,4,64.0
Y1Sr2Cu3O6.92,4,68.0
Ru1Gd1.4Ce0.6Sr2Cu2O10,6,36.0
Y1Ba2Cu3O6.45,4,20.0
Y1Ba2Cu3O6.5,4,35.5
Y1Ba2Cu3O6.65,4,56.3
Y1Ba2Cu3O6.7,4,59.1
Y1Ba2Cu3O6.75,4,62.1
Y1Ba2Cu3O6.8,4,69.2
Y1Ba2Cu3O6.85,4,83.2
Y0.98Pr0.02Ba2Cu3O7,5,92.2
Y0.96Pr0.04Ba2Cu3O7,5,92.0
Y0.94Pr0.06Ba2Cu3O7,5,91.5
Y0.92Pr0.08Ba2Cu3O7,5,90.5
Y0.9Pr0.1Ba2Cu3O7,5,89.2
Y0.85Pr0.15Ba2Cu3O7,5,84.5
Y0.8Pr0.2Ba2Cu3O7,5,79.5
Y0.75Pr0.25Ba2Cu3O7,5,72.0
Bi2Sr2Ca1Cu1.9Mn0.1O8,6,66.0
Bi2Sr2Ca1Cu1.8Mn0.2O8,6,53.0
Bi2Sr2Ca1Cu1.7Mn0.3O8,6,40.0
Sr0.9La0.1Cu1O2,4,42.7
La1.81Ho0.04Sr0.15Cu1O4,5,32.0
Ru1Sr2Gd1Cu2O8,5,42.4
Ba0.635K0.365Bi1O3,4,30.4
Ba0.557K0.443Bi1O3,4,25.0
Ba0.445K0.555Bi1O3,4,14.0
Ba0.34K0.66Bi1O3,4,7.0
K0.915Bi1.085O3,3,9.0
Ba0.33K0.67Bi1O3,4,0.77
Ba0.35K0.65Bi1O3,4,1.88
Ba0.4K0.6Bi1O3,4,7.2
Ba0.45K0.55Bi1O3,4,12.7
Ba0.5K0.5Bi1O3,4,18.6
Ba0.644K0.356Bi1O3,4,29.0
Ba0.613K0.387Bi1O3,4,30.7
Ba0.584K0.416Bi1O3,4,28.8
Ba0.553K0.447Bi1O3,4,25.5
Ba0.542K0.458Bi1O3,4,23.1
Ba0.595K0.405Bi1O3,4,31.2
Ba0.665K0.335Bi1O2.985,4,27.3
Ba0.66K0.34Bi1O3,4,26.2
Ba0.63K0.37Bi1O3,4,28.3
Ba0.6K0.4Bi1O2.977,4,29.0
Ba0.57K0.43Bi1O2.983,4,25.6
Ba0.51K0.49Bi1O2.974,4,22.2
Ba0.46K0.56Bi1O2.965,4,14.8
Ba0.37K0.63Bi1O2.952,4,8.71
Ru1Sr2Nd1.4Ce0.6Cu2O10,6,40.0
Hg0.85Re0.15Ba2Ca2Cu3O8,6,132.9
Hg0.85Re0.15Ba1.66Sr0.34Ca2Cu3O8,7,131.3
Hg0.85Re0.15Ba1.6Sr0.4Ca2Cu3O8,7,130.3
Hg0.85Re0.15Ba1.44Sr0.56Ca2Cu3O8,7,128.7
Bi2.2Sr1.72La0.08Ca1Cu2O8,6,60.5
Bi2.2Sr1.72La0.08Ca1Cu2O8,6,69.1
Bi2.2Sr1.72La0.08Ca1Cu2O8,6,78.2
Bi2.2Sr1.72La0.08Ca1Cu2O8,6,83.1
Bi2.2Sr1.72La0.08Ca1Cu2O8,6,84.7
Bi2.2Sr1.72La0.08Ca1Cu2O8,6,84.1
Bi2.2Sr1.72La0.08Ca1Cu2O8,6,82.5
Ru0.99Sb0.01Sr2Gd1.4Ce0.6Cu2O10,7,39.1
Ru0.98Sb0.02Sr2Gd1.4Ce0.6Cu2O10,7,33.0
Ru0.95Sb0.05Sr2Gd1.4Ce0.6Cu2O10,7,29.0
Ru0.93Sb0.07Sr2Gd1.4Ce0.6Cu2O10,7,17.0
Bi1.7Pb0.3Ag0.1Sr2Ca2Cu3O,7,105.0
Bi1.7Pb0.3Ag0.2Sr2Ca2Cu3O,7,97.0
Bi1.7Pb0.3Ag0.3Sr2Ca2Cu3O,7,96.0
Bi1.7Pb0.3Ag0.4Sr2Ca2Cu3O,7,106.0
Bi2Sr2Ca1Cu2O8,5,74.0
Bi1.7Pb0.3Sr2Ca1Cu2O8,6,80.0
Bi1.7Pb0.3Sr2Ca2Cu3O10,6,108.0
Bi1.7Pb0.3Sr2Ca1Cu2O8,6,81.0
La1.85Sr0.15Cu1O4,4,37.9
La1.85Sr0.15Cu0.995V0.005O4,5,36.9
La1.85Sr0.15Cu0.9875V0.0125O4,5,35.9
La1.85Sr0.15Cu0.9825V0.0175O4,5,35.0
La1.85Sr0.15Cu0.98V0.02O4,5,30.9
La1.85Sr0.15Cu0.975V0.025O4,5,29.9
La1.85Sr0.15Cu0.95V0.05O4,5,28.0
La1.85Sr0.15Cu0.925V0.075O4,5,23.9
La1.85Sr0.15Cu0.9V0.1O4,5,15.0
La1.85Sr0.15Cu0.875V0.125O4,5,9.11
Tl0.5Pb0.5Ba1.6Sr0.4Ca2Cu3O,7,120.2
La1.7Sr0.3Cu1O3.997,4,10.2
Y1Ba2Cu3O6.957,4,91.0
Sm1Ba2Cu3O6.858,4,90.0
Gd1Ba2Cu3O6.758,4,92.0
Dy1Ba2Cu3O6.879,4,86.0
Tm1Ba2Cu3O6.71,4,78.0
Nd1.86Ce0.14Cu1O4,4,22.9
Nd1.85Ce0.15Cu1O4,4,24.3
Nd1.84Ce0.16Cu1O4,4,22.6
Nd1.83Ce0.17Cu1O4,4,15.7
Pr0.91La1Ce0.09Cu1O4,5,25.2
Pr0.89La1Ce0.11Cu1O4,5,24.6
Pr0.85La1Ce0.15Cu1O4,5,24.0
Pr0.83La1Ce0.17Cu1O4,5,19.8
Pr0.82La1Ce0.18Cu1O4,5,16.2
Pr0.8La1Ce0.2Cu1O4,5,15.6
Ba0.61K0.39Bi1O3,4,31.5
Y0.8Pr0.2Ba2Cu4O8,5,62.0
Y0.8Pr0.2Ba2Cu3.975Fe0.025O8,6,46.0
Y0.8Pr0.2Ba2Cu3.95Fe0.05O8,6,33.0
Y0.8Pr0.2Ba2Cu3.925Fe0.075O8,6,10.0
Ba0.6K0.4O3,3,30.8
Sr0.6Ca0.2Cu1O2,4,26.5
La1.937Sr0.063Cu1O4,4,11.7
La1.93Sr0.07Cu1O4,4,15.4
La1.91Sr0.09Cu1O4,4,27.3
La1.9Sr0.1Cu1O4,4,29.2
La1.889Sr0.111Cu1O4,4,29.2
Na0.35Co1H2.6O3.3,4,5.0
Pr1.85Ce0.15Cu1O4,4,22.0
Ru1Sr2Eu1Cu2O8,5,11.0
Ru0.9Sn0.1Sr2Eu1Cu2O8,6,16.0
Ru0.7Sn0.3Sr2Eu1Cu2O8,6,20.0
Bi2Sr2Ca1Cu2O8,5,93.1
Bi2Sr2.08Ca0.92Cu2O8,5,95.3
Bi2Sr2.2Ca0.8Cu2O8,5,89.9
Bi2Sr2.4Ca0.6Cu2O8,5,94.2
Bi2Sr2.65Ca0.35Cu2O8,5,93.6
Bi2Sr3Cu2O8,4,91.5
La0.2Pr0.3Ca0.5Ba2Cu3O7,6,100.0
Pr0.5Ca0.5Ba2Cu3O7,5,105.0
Nd0.2Pr0.3Ca0.5Ba2Cu3O7,6,100.0
Sm0.2Pr0.3Ca0.5Ba2Cu3O7,6,98.0
Eu0.2Pr0.3Ca0.5Ba2Cu3O7,6,96.0
Gd0.2Pr0.3Ca0.5Ba2Cu3O7,6,96.0
Y0.2Pr0.3Ca0.5Ba2Cu3O7,6,105.0
Ru1Sr2Gd1Cu2O8,5,40.75
Bi0.8Pb0.1S0.1Sr2Ca0.7Nd0.3Cu2O6.95,8,75.0
Bi0.6Pb0.2S0.2Sr2Ca0.7Nd0.3Cu2O6.95,8,80.0
Bi0.5Pb0.25S0.25Sr2Ca0.7Nd0.3Cu2O6.97,8,75.0
Bi0.2Pb0.4S0.4Sr2Ca0.7Nd0.3Cu2O6.99,8,78.0
La1.75Pr0.1Sr0.15Cu1O4,5,37.4
La1.35Pr0.5Sr0.15Cu1O4,5,34.3
La0.85Pr1Sr0.15Cu1O4,5,32.6
La0.65Pr1.2Sr0.15Cu1O4,5,31.4
La0.55Pr1.3Sr0.15Cu1O4,5,29.6
La1.85Sr0.15Cu0.99Fe0.01O4,5,33.0
La1.84Sr0.16Cu0.99Fe0.01O4,5,35.0
La1.83Sr0.17Cu0.98Fe0.02O4,5,31.0
La1.82Sr0.18Cu0.97Fe0.03O4,5,29.0
Sr11Ca10Cu24O41,4,3.0
Sr11Ca12Cu24O41,4,5.0
Sr2Ca12Cu24O41,4,4.8
Y0.7Pr0.3Ba2Cu3O6.942,5,60.6
Y0.6Pr0.4Ba2Cu3O6.929,5,45.3
Y0.9Pr0.05Ca0.05Ba2Cu3O7,6,86.2
Y0.8Pr0.1Ca0.1Ba2Cu3O7,6,83.0
Y0.7Pr0.15Ca0.15Ba2Cu3O7,6,75.8
Y0.98Ca0.02Ba2Cu3O7,5,90.5
Y0.95Ca0.05Ba2Cu3O7,5,88.6
Y0.92Ca0.08Ba2Cu3O7,5,87.0
Y0.95Pr0.05Ba2Cu3O7,5,91.8
Y0.93Pr0.05Ca0.02Ba2Cu3O7,6,89.4
Y0.91Pr0.05Ca0.04Ba2Cu3O7,6,87.3
Y0.89Pr0.05Ca0.06Ba2Cu3O7,6,85.9
Y0.9Pr0.1Ba2Cu3O7,5,88.8
Y0.88Pr0.1Ca0.02Ba2Cu3O7,6,87.0
Y0.86Pr0.1Ca0.04Ba2Cu3O7,6,85.5
Y0.84Pr0.1Ca0.06Ba2Cu3O7,6,84.6
Y0.82Pr0.1Ca0.08Ba2Cu3O7,6,83.4
Bi1.6Pb0.4Sr1.6La0.4Cu1O,6,34.8
Bi1.6Pb0.4Sr1.6La0.4Cu0.99Mn0.01O,7,30.9
Bi1.6Pb0.4Sr1.6La0.4Cu0.98Mn0.02O,7,26.1
Bi1.6Pb0.4Sr1.6La0.4Cu0.97Mn0.03O,7,20.1
La1.84Sr0.16Cu0.99Mn0.01O4,5,30.4
La1.83Sr0.17Cu0.98Mn0.02O4,5,18.1
Tl2Ba2Ca1Cu2O8,5,108.0
Tl2Ba2Ca1Cu1.96Co0.04O8,6,101.3
Tl2Ba2Ca1Cu1.92Co0.08O8,6,94.2
Tl2Ba2Ca1Cu1.88Co0.12O8,6,88.5
Tl2Ba2Ca0.95Y0.05Cu2O8,6,106.5
Tl2Ba2Ca0.95Y0.05Cu1.96Co0.04O8,7,102.4
Tl2Ba2Ca0.95Y0.05Cu1.92Co0.08O8,7,92.6
Tl2Ba2Ca0.95Y0.05Cu1.88Co0.12O8,7,85.5
Tl2Ba2Ca0.9Y0.1Cu2O8,6,105.8
Tl2Ba2Ca0.9Y0.1Cu1.96Co0.04O8,7,97.9
Tl2Ba2Ca0.9Y0.1Cu1.92Co0.08O8,7,88.5
Tl2Ba2Ca0.9Y0.1Cu1.88Co0.12O8,7,78.0
Tl2Ba2Ca0.85Y0.15Cu2O8,6,102.8
Tl2Ba2Ca0.85Y0.15Cu1.96Co0.04O8,7,86.7
Tl2Ba2Ca0.85Y0.15Cu1.92Co0.08O8,7,76.2
Tl2Ba2Ca0.85Y0.15Cu1.88Co0.12O8,7,61.6
Tl2Ba2Ca0.8Y0.2Cu2O8,6,77.7
Tl2Ba2Ca0.8Y0.2Cu1.96Co0.04O8,7,66.8
Tl2Ba2Ca0.8Y0.2Cu1.92Co0.08O8,7,60.1
Tl2Ba2Ca0.8Y0.2Cu1.88Co0.12O8,7,45.1
Tl2Ba2Ca0.75Y0.25Cu2O8,6,54.8
Tl2Ba2Ca0.75Y0.25Cu1.96Co0.04O8,7,39.9
Tl2Ba2Ca0.75Y0.25Cu1.92Co0.08O8,7,29.7
Tl2Ba2Ca0.75Y0.25Cu1.88Co0.12O8,7,19.3
Tl2Ba2Ca0.7Y0.3Cu2O8,6,31.6
Tl2Ba2Ca0.7Y0.3Cu1.96Co0.04O8,7,21.5
Na0.31Co1H2.6O3.3,4,4.3
Y1Ba2Cu2.75Al0.25O7,5,80.8
Y0.9Eu0.13Ba1.97Cu2.87Al0.29O7,6,72.6
Y0.88Eu0.17Ba1.95Cu2.82Al0.32O7,6,67.5
Y0.74Eu0.35Ba1.91Cu2.81Al0.3O7,6,59.9
Y0.68Eu0.39Ba1.93Cu2.73Al0.32O7,6,47.5
Y0.52Eu0.58Ba1.9Cu2.69Al0.42O7,6,42.4
Bi2Sr2Ca0.9Er0.1Cu2O8,6,87.0
Bi2Sr2Ca0.9Pr0.1Cu2O8,6,86.0
Bi2Sr2Ca0.75Pr0.25Cu2O8,6,88.0
Bi2Sr2Ca0.57Pr0.43Cu2O8,6,48.0
Ru0.9Sr2Y1Cu2.1O7.9,5,30.0
La0.68Eu0.2Sr0.12Cu1O4,5,5.0
Y1Ba2.98La0.02Cu3O7,5,94.0
Y1Ba2.95La0.05Cu3O7,5,94.5
Y1Ba2.92La0.08Cu3O7,5,94.2
Y1Ba2.88La0.12Cu3O7,5,93.3
Y1Ba2.85La0.15Cu3O7,5,89.9
Y1Ba2.98Pr0.02Cu3O7,5,93.3
Y1Ba2.95Pr0.05Cu3O7,5,92.7
Y1Ba2.92Pr0.08Cu3O7,5,91.2
Y1Ba2.88Pr0.12Cu3O7,5,88.2
Y1Ba2.85Pr0.15Cu3O7,5,83.6
Y1Ba2.95Nd0.05Cu3O7,5,93.7
Y1Ba2.92Nd0.08Cu3O7,5,93.5
Y1Ba2.88Nd0.12Cu3O7,5,93.2
Y1Ba2.85Nd0.15Cu3O7,5,93.2
Yb0.98Pr0.02Ba2Cu3O7,5,91.3
Yb0.96Pr0.04Ba2Cu3O7,5,91.6
Yb0.94Pr0.06Ba2Cu3O7,5,91.5
Yb0.92Pr0.08Ba2Cu3O7,5,91.2
Yb0.9Pr0.1Ba2Cu3O7,5,89.9
Yb0.85Pr0.15Ba2Cu3O7,5,87.5
Yb0.8Pr0.2Ba2Cu3O7,5,82.9
Yb0.75Pr0.25Ba2Cu3O7,5,76.1
Yb0.7Pr0.3Ba2Cu3O7,5,68.0
Li0.34Rb1Ca2Nb3O10,5,3.5
Li0.46Rb1Ca2Nb3O10,5,3.51
Li0.62Rb1Ca2Nb3O10,5,2.7
Li0.46Cs1Ca2Nb3O10,5,5.29
Li0.34Rb1Sr2Nb3O10,5,6.01
Li0.34K1Ca2Nb3O10,5,5.42
Ru1Sr2Sm1Cu2O8,5,12.0
Ru1Sr2Eu1Cu2O8,5,17.0
Ba0.445K0.555Bi1O3,4,17.0
Ba0.19K0.81Bi1O3,4,8.4
K1Bi1O3,3,9.0
Ba0.6Rb0.4Bi1O3,4,29.0
Ru1Sr2Gd1Cu2O8,5,38.0
Ru1Sr2Gd0.91Nd0.09Cu2O8,6,23.5
Ru1Sr2Gd0.82Nd0.18Cu2O8,6,21.0
Pb0.5Eu1.75Sr1.75Ce0.5Cu2.5O,6,17.5
Tl0.5Pb0.5Sr2Eu1.8Ce0.2Cu2O9,7,40.0
Pb0.5Sr1.75Nd0.25Eu1.5Ce0.5Cu2.5O9,7,32.0
Pb0.5Cd0.5Sr1.8Eu1.6Ce0.6Cu2O9,7,39.0
Pb0.5Cd0.5Sr1.8Eu1.6Ce0.6Cu2O9,7,15.5
Pb0.5Sr1.45Gd1.95La0.6Cu2.5O,6,20.0
La1.52Nd0.4Sr0.08Cu1O4,5,9.34
La1.5Nd0.4Sr0.1Cu1O4,5,9.1
La1.48Nd0.4Sr0.12Cu1O4,5,6.06
La1.45Nd0.4Sr0.15Cu1O4,5,13.6
La1.42Nd0.4Sr0.18Cu1O4,5,17.2
La1.4Nd0.4Sr0.2Cu1O4,5,17.7
La1.35Nd0.4Sr0.25Cu1O4,5,8.33
Hg0.65V0.35Sr2.4Nd0.6Cu2O6,6,67.0
Hg0.65V0.35Sr2.5Nd0.5Cu2O6,6,82.0
Hg0.6V0.4Sr2.47Nd0.53Cu2O6,6,67.0
La1.5Nd0.5Ca1Ba2Cu5O11.583,6,79.0
La1.5Nd0.5Ca1Ba2Cu4.95Mo0.05O11.345,7,76.0
La1.5Nd0.5Ca1Ba2Cu4.85Mo0.15O11.322,7,70.0
La1.5Nd0.5Ca1Ba2Cu4.75Mo0.25O11.143,7,70.0
La1.5Nd0.5Ca1Ba2Cu4.5Mo0.5O11.119,7,50.0
Hg1Ba2Ca1Cu2O6,5,121.0
Hg0.8Tl0.2Ba2Ca1Cu2O6,6,124.0
La1.8Nd0.2Cu1O4.025,4,15.9
La1.8Nd0.2Cu1O4.04,4,26.3
La1.8Nd0.2Cu1O4.059,4,26.7
La1.8Nd0.2Cu1O4.07,4,35.3
La1.8Nd0.2Cu1O4.071,4,34.8
La1.8Nd0.2Cu1O4.086,4,35.9
La1.8Nd0.2Cu1O4.093,4,25.6
La1.8Nd0.2Cu0.99Zn0.01O4.086,5,35.6
La1.95Bi0.05Cu1O4.075,4,25.7
La1.95Bi0.05Cu0.99Zn0.01O4.093,5,22.7
La1.81Sr0.19Cu0.98Mn0.02O4,5,37.0
La1.77Sr0.23Cu0.96Mn0.04O4,5,37.0
La1.73Sr0.27Cu0.94Mn0.06O4,5,37.0
Tl0.54Pb0.5Sr1.7Ba0.3Ca2Cu3O,7,120.6
Tl0.54Pb0.49Te0.01Sr1.7Ba0.3Ca2Cu3O,8,120.6
Tl0.54Pb0.45Te0.05Sr1.7Ba0.3Ca2Cu3O,8,120.2
Tl0.54Pb0.4Te0.1Sr1.7Ba0.3Ca2Cu3O,8,119.0
Bi2Sr2Ca1Cu2O8,5,57.0
Bi2Sr2Ca1Cu2O8,5,74.3
Bi2Sr2Ca1Cu2O8,5,92.2
Y0.99La0.01Ba2Cu3O7.07,5,91.0
Y0.9La0.1Ba2Cu3O6.97,5,91.0
Y0.8La0.2Ba2Cu3O6.9,5,84.0
Y0.7La0.3Ba2Cu3O6.92,5,83.0
Y0.6La0.4Ba2Cu3O6.92,5,85.0
Y0.5La0.5Ba2Cu3O7.01,5,86.0
Y0.4La0.6Ba2Cu3O6.99,5,85.0
Y0.3La0.7Ba2Cu3O6.98,5,82.0
Y0.2La0.8Ba2Cu3O7,5,81.0
Y0.1La0.9Ba2Cu3O7.05,5,79.0
La1Ba2Cu3O6.95,4,74.0
Mo1Sr2Sm1.5Ce1Cu2O10,6,18.0
Mo1Sr2Eu1.5Ce1Cu2O10,6,23.0
Ru1Sr2Gd1Cu2O8,5,36.7
Ru0.6Sn0.4Sr2Gd1Cu2O8,6,18.05
Ru0.8Sn0.2Sr2Gd1Cu2O8,6,38.2
Ru0.925Sn0.075Sr2Gd1Cu2O8,6,37.8
Ru0.975Sn0.025Sr2Gd1Cu2O8,6,36.9
Ru0.9Nb0.1Sr2Gd1Cu2O8,6,11.65
Ru1Sr2Eu1Cu2O8,5,30.0
Ru1Sr2Gd0.6Dy0.4Cu2O8,6,43.25
Ru1Sr2Gd0.9Y0.1Cu2O8,6,32.2
Ru1Sr2Gd1Cu1.9Li0.1O8,6,19.0
Pr1.87Ce0.13Cu1O4,4,10.0
Pr1.86Ce0.14Cu1O4,4,21.0
Pr1.83Ce0.17Cu1O4,4,13.0
Pr1.8Ce0.2Cu1O4,4,6.0
La1.48Nd0.4Sr0.12Cu1O4,5,11.0
La1.45Nd0.4Sr0.15Cu1O4,5,15.0
Gd1Ba2Cu3O6.99,4,90.9
Gd1Ba1.95Pr0.05Cu3O7.03,5,86.8
Gd1Ba1.9Pr0.1Cu3O7.03,5,63.3
Gd1Ba1.85Pr0.15Cu3O7.09,5,55.8
Gd1Ba1.8Pr0.2Cu3O7.01,5,44.5
Gd1Ba1.75Pr0.25Cu3O7.06,5,39.2
Gd1Ba1.7Pr0.3Cu3O7.06,5,22.9
Gd1Ba1.65Pr0.35Cu3O6.97,5,10.0
Nd1.85Ce0.15Cu1O4.014,4,25.0
Nd1.85Ce0.15Cu1O4.026,4,21.1
Nd1.85Ce0.15Cu1O4.028,4,21.1
Nd1.85Ce0.15Cu1O4.034,4,18.1
Nd1.85Ce0.15Cu1O4.037,4,9.1
La1.8Nd0.2Cu1O4.0641,4,25.1
La1.8Nd0.2Cu0.99Zn0.01O4.0631,5,4.87
La1.95Bi0.05Cu1O4.0635,4,34.9
La1.95Bi0.05Cu0.99Zn0.01O4.0628,5,24.2
La1.8Pr0.2Cu1O4.0631,4,20.2
Ru0.8Sr2Y1Cu2.2O7.8,5,43.0
Ru0.8Sr2Y1Cu2.2O8.1,5,65.0
Ru0.9Sr2Er1Cu2O7.8,5,23.0
Sr2Ru1O4,3,1.0
Na0.75Co1H2.6O3.3,4,4.5
Ru0.95Sn0.05Sr2Gd1Cu2O8,6,30.0
Na0.35Co1H2.6O3.3,4,4.6
Na0.35Co1H2.6O3.3,4,4.7
Ru1Sr2Sm1.4Ce0.6Cu2O10,6,28.0
Ru1Sr2Sm1.4Ce0.6Cu2O10,6,32.0
Y1Ba2Cu2.5Fe0.5O7.35,5,80.0
Fe1Sr2Y1Cu2O7.66,5,43.5
Fe1Sr2Y1Cu2O7.68,5,50.0
Y1Ba1.9Nd0.1Cu3O,5,91.6
Y0.95Ca0.05Ba1.9Nd0.1Cu3O,6,87.2
Y0.9Ca0.1Ba1.9Nd0.1Cu3O,6,83.7
Y0.85Ca0.15Ba1.9Nd0.1Cu3O,6,84.2
Y0.8Ca0.2Ba1.9Nd0.1Cu3O,6,82.7
Y0.75Ca0.25Ba1.9Nd0.1Cu3O,6,80.1
Y0.7Ca0.3Ba1.9Nd0.1Cu3O,6,80.6
Y0.6Ca0.4Ba1.9Nd0.1Cu3O,6,80.3
Ru1Sr2Gd1Cu2O8,5,43.0
Ru1Sr1.98La0.02Gd1Cu2O8,6,20.6
Ru1Sr2Eu1Cu2O8,5,23.5
Ru1Sr1.98La0.02Eu1Cu2O8,6,14.0
Ru1Sr1.94La0.06Eu1Cu2O8,6,7.0
Ru0.7Sn0.3Sr2Gd1Cu2O8,6,11.0
Ru1Sr2Gd1.4Ce0.6Cu2O10,6,45.0
Ru0.97Pb0.03Sr2Gd1.4Ce0.6Cu2O10,7,38.0
Ru0.8Pb0.2Sr2Gd1.4Ce0.6Cu2O10,7,21.0
Ru0.6Pb0.4Sr2Gd1.4Ce0.6Cu2O10,7,9.76
Fe1Sr2Y1Cu2O6,5,50.0
Fe1Sr2Er1Cu2O6,5,50.0
Ru0.75Mo0.25Sr2Gd1.4Ce0.6Cu2O10,7,17.5
Ru0.5Mo0.5Sr2Gd1.4Ce0.6Cu2O10,7,13.5
Ru1Sr2Gd1Cu2O8,5,41.0
Ru0.99Ti0.01Sr2Gd1Cu2O8,6,36.3
Ru0.97Ti0.03Sr2Gd1Cu2O8,6,40.3
Ru0.95Ti0.05Sr2Gd1Cu2O8,6,32.2
Ru0.925Ti0.075Sr2Gd1Cu2O8,6,29.2
Ru0.95Rh0.05Sr2Gd1Cu2O8,6,36.3
Ru0.925Rh0.075Sr2Gd1Cu2O8,6,29.8
Ru0.9Rh0.1Sr2Gd1Cu2O8,6,19.3
Ru0.8Rh0.2Sr2Gd1Cu2O8,6,12.9
Ru0.9Pb0.1Sr2Gd1.4Ce0.6Cu2O10,7,29.1
La1.83Sr0.15Na0.02Cu1O4,5,37.0
La1.8Sr0.15Na0.05Cu1O4,5,37.0
La1.75Sr0.15Na0.1Cu1O4,5,37.0
La1.7Sr0.15Na0.15Cu1O4,5,37.0
La1.55Sr0.15Na0.3Cu1O4,5,37.0
Na0.3Co1H2.6O3.3,4,4.8
Na0.3Co1H2.8O3.4,4,4.5
Na0.3Co1H2.6O3.3,4,5.0
Na0.3Co1H2.6O3.3,4,4.7
Ru1Sr2Eu1.4Ce0.6Cu2O10,6,44.0
La1.85Sr0.15Cu0.99Ru0.01O4,5,20.5
La1.85Sr0.15Cu0.98Ru0.02O4,5,10.8
La1.85Sr0.15Cu0.97Ru0.03O4,5,10.8
La1.83Sr0.17Cu0.99Ru0.01O4,5,31.1
La1.825Sr0.175Cu0.99Ru0.01O4,5,29.6
La1.82Sr0.18Cu0.99Ru0.01O4,5,28.3
La1.81Sr0.19Cu0.99Ru0.01O4,5,26.5
La1.79Sr0.21Cu0.99Ru0.01O4,5,22.1
La1.81Sr0.19Cu0.98Ru0.02O4,5,13.5
La1.805Sr0.195Cu0.98Ru0.02O4,5,14.1
La1.8Sr0.2Cu0.98Ru0.02O4,5,15.6
La1.795Sr0.205Cu0.98Ru0.02O4,5,15.5
La1.79Sr0.21Cu0.98Ru0.02O4,5,11.2
La1.79Sr0.21Cu0.97Ru0.03O4,5,14.8
La1.78Sr0.22Cu0.97Ru0.03O4,5,15.6
La1.76Sr0.24Cu0.97Ru0.03O4,5,16.1
La1.75Sr0.25Cu0.97Ru0.03O4,5,15.3
La1.73Sr0.27Cu0.97Ru0.03O4,5,14.1
Co1Sr2Y0.9Ca0.1Cu2O7,6,15.0
Co1Sr2Y0.8Ca0.2Cu2O7,6,20.0
Co1Sr2Y0.75Ca0.25Cu2O7,6,30.0
Co1Sr2Y0.7Ca0.3Cu2O7,6,40.0
Co1Sr2Y0.65Ca0.35Cu2O7,6,38.0
Co1Sr2Y0.6Ca0.4Cu2O7,6,34.0
Co1Sr2Y0.55Ca0.45Cu2O7,6,25.0
Co1Sr2Y0.5Ca0.5Cu2O7,6,15.0
La1.9Pr0.1Ca0.2Ba2Cu4.2O9.8786,6,25.5
La1.8Pr0.2Ca0.4Ba2Cu4.4O10.7348,6,35.4
La1.7Pr0.3Ca0.6Ba2Cu4.6O10.8862,6,47.6
La1.6Pr0.4Ca0.8Ba2Cu4.8O11.1064,6,54.0
La1.5Pr0.5Ca1Ba2Cu5O11.782,6,57.7
Sr1Ti1O3,3,0.58
Sr1Ti1O3,3,0.133
Sr1Ti1O3,3,0.214
Sr2Ru1O4,3,1.42
Sr2Ru0.9995Ti0.0005O4,4,1.13
Sr2Ru0.999Ti0.001O4,4,0.6
Sr2Ru0.99875Ti0.00125O4,4,0.46
Ba1Sr1Y1Cu3O7,5,82.7
Fe0.1Ba1Sr1Y1Cu2.9O7,6,46.6
Fe0.2Ba1Sr1Y1Cu2.8O7,6,36.1
Fe0.3Ba1Sr1Y1Cu2.7O7,6,7.8
Fe0.5Ba2Y1Cu2.5O7,5,73.0
Fe0.5Sr2Y1Cu2.5O7,5,77.0
Fe0.5Ba1Sr1Y1Cu2.5O7.35,6,60.0
Mo1Sr2Y1Cu2O7,5,18.0
Mo1Sr2Y1Cu2O7,5,32.0
Eu1.4Ce0.6Ru1Sr2Cu2O10,6,40.0
Sr0.9Pr0.1Cu1O2,4,41.5
Sr0.9La0.1Cu1O2,4,41.9
Na0.3Co1H2.6O3.3,4,4.2
Na0.45Co1H2.6O3.3,4,2.0
Na0.4Co1H2.6O3.3,4,2.0
Na0.32Co1H2.6O3.3,4,2.1
Na0.33Co1H2.6O3.3,4,2.2
Na0.32Co1H2.6O3.3,4,3.0
Na0.3Co1H2.6O3.3,4,4.3
Na0.29Co1H2.6O3.3,4,4.0
Na0.26Co1H2.6O3.3,4,2.4
Hg2Ba1Sr1Y1Cu2O8,6,32.0
Hg2Sr2Y1Cu2O8,5,42.0
Hg2Ba2Y0.8Ca0.2Cu2O8,6,21.0
Hg2Ba1.9Sr0.1Y0.8Ca0.2Cu2O8,7,27.0
Hg2Ba1.8Sr0.2Y0.8Ca0.2Cu2O8,7,32.5
Hg2Ba1.7Sr0.3Y0.8Ca0.2Cu2O8,7,39.5
Hg2Ba1.6Sr0.4Y0.8Ca0.2Cu2O8,7,38.5
Hg2Ba1.5Sr0.5Y0.8Ca0.2Cu2O8,7,41.0
Hg2Ba1.2Sr0.8Y0.8Ca0.2Cu2O8,7,51.0
Hg2Ba0.6Sr1.4Y0.8Ca0.2Cu2O8,7,60.0
Hg2Sr2Y0.8Ca0.2Cu2O8,6,58.0
Sm1.85Ce0.15Cu1O4,4,18.6
Sm1.85Ce0.15Cu1O4,4,15.7
Bi0.8Nd0.1Tb0.1Pb1Sr2Ca2Cu3O10,8,115.0
Ru0.99Co0.01Sr2Gd1Cu2O8,6,25.5
Ru0.97Co0.03Sr2Gd1CuO8,6,13.0
Ru0.95Co0.05Sr2Gd1CuO8,6,5.5
Ba0.63K0.37Bi1O3,4,31.0
Y1Ba2Cu2.96Co0.04O7,5,91.5
Y1Ba2Cu2.94Co0.06O7,5,78.3
Y1Ba2Cu2.88Co0.12O7,5,71.0
Y1Ba2Cu2.76Co0.24O6.999,5,50.7
Y1Ba2Cu2.64Co0.36O7.03,5,22.0
Pr1.885Ce0.115Cu1O4,4,13.0
Pr1.876Ce0.124Cu1O4,4,21.3
Pr1.873Ce0.127Cu1O4,4,23.1
Pr1.869Ce0.131Cu1O4,4,23.6
Pr1.867Ce0.133Cu1O4,4,23.3
Pr1.863Ce0.137Cu1O4,4,23.2
Pr1.856Ce0.144Cu1O4,4,21.2
Pr1.848Ce0.152Cu1O4,4,19.8
Pr1.85Ce0.15Cu1O4,4,15.9
La1.913Ce0.087Cu1O4,4,28.7
La1.888Ce0.112Cu1O4,4,29.3
La1.865Ce0.135Cu1O4,4,21.7
La1.875Ce0.125Cu1O4,4,22.5
La1.855Ce0.145Cu1O4,4,24.2
La1.844Ce0.156Cu1O4,4,21.5
Pr1.85Ce0.15Cu1O4,4,24.0
Nd1.85Ce0.15Cu1O4,4,19.0
Pr1.85Ce0.15Cu1O4,4,24.2
Pr1.85Ce0.15Cu1O4,4,23.9
Pr1.85Ce0.15Cu1O4,4,23.6
La1.87Ce0.13Cu1O4,4,23.5
La1.909Ce0.091Cu1O4,4,30.3
La1.89Ce0.11Cu1O4,4,29.75
La1.92Ce0.08Cu1O4,4,15.0
La1.91Ce0.09Cu1O4,4,18.2
La1.89Ce0.11Cu1O4,4,25.0
La1.87Ce0.13Cu1O4,4,20.0
La1.85Ce0.15Cu1O4,4,8.5
La1.84Ce0.16Cu1O4,4,3.0
Gd1Sr0.8Ba1.2Cu3O,5,84.0
Gd0.8Pr0.1Ca0.1Sr0.8Ba1.2Cu3O,7,69.8
Gd0.6Pr0.2Ca0.2Sr0.8Ba1.2Cu3O,7,44.9
Er1Sr0.8Ba1.2Cu3O,5,83.9
Er0.8Pr0.1Ca0.1Sr0.8Ba1.2Cu3O,7,78.0
Er0.6Pr0.2Ca0.2Sr0.8Ba1.2Cu3O,7,72.5
Sm1Ba2Cu3O,4,88.0
La2Cu1O4.086,3,45.2
La2Cu0.99Zn0.01O4.099,4,29.3
La2Cu0.98Zn0.02O4.099,4,19.2
La2Cu0.97Zn0.03O4.1,4,7.3
K1Os2O6,3,9.5
Nd1Sr1.5Ba0.5Cu2.85Mo0.15O,6,34.25
Nd1Sr1.5Ba0.5Cu2.7Mo0.3O,6,22.5
Nd1Sr1.65Ba0.35Cu2.8Mo0.2O,6,26.0
Nd1Sr1.5Ba0.5Cu2.8Mo0.2O,6,31.0
Ru1Sr2Eu1.5Ce0.5Cu2O,6,36.0
Ru0.75Nb0.25Sr2Eu1.5Ce0.5Cu2O,7,33.5
Ru0.5Nb0.5Sr2Eu1.5Ce0.5Cu2O,7,32.0
La1.64Eu0.2Sr0.16Cu1O4,5,10.0
Na0.35Co1H2.6O3.3,4,4.2
Na0.75Co1H2.6O3.3,4,4.61
Na0.75Co0.9995Ir0.0005H2.6O3.3,5,4.59
Na0.75Co0.995Ir0.005H2.6O3.3,5,3.94
Na0.75Co0.99Ir0.01H2.6O3.3,5,3.54
Na0.75Co1H2.6O3.3,4,4.49
Na0.75Co0.9995Ga0.0005H2.6O3.3,5,4.38
Na0.75Co0.999Ga0.001H2.6O3.3,5,4.19
Na0.75Co0.9975Ga0.0025H2.6O3.3,5,3.98
Na0.75Co0.995Ga0.005H2.6O3.3,5,2.99
Bi2Sr2.1Y0.1Ca0.8Cu2O8.26,6,96.0
Bi2Sr1.9Y0.1Ca1Cu2O8.24,6,94.0
Bi2Sr1.8Y0.1Ca1.1Cu2O8.23,6,93.0
Bi2Sr1.6Y0.1Ca1.3Cu2O8.23,6,89.0
K1Os2O6,3,9.8
Cs1Os2O6,3,3.3
Na0.22Co1H1.8O2.85,4,4.5
Na0.22Co1H1.8O2.85,4,4.4
Tb1Sr2Cu2.7Mo0.3O7.15,5,37.0
Tb1Sr2Cu2.7Mo0.3O7,5,80.0
La1.9Sr0.1Cu1O4,4,29.3
La1.9Sr0.1Cu0.9975Zn0.0025O4,5,23.71
La1.9Sr0.1Cu0.995Zn0.005O4,5,20.19
La1.9Sr0.1Cu0.9925Zn0.0075O4,5,15.23
La1.9Sr0.1Cu0.99Zn0.01O4,5,11.97
La1.885Sr0.115Cu1O4,4,27.57
La1.885Sr0.115Cu0.9975Zn0.0025O4,5,22.46
La1.885Sr0.115Cu0.995Zn0.005O4,5,17.64
La1.885Sr0.115Cu0.9925Zn0.0075O4,5,12.45
La1.885Sr0.115Cu0.99Zn0.01O4,5,8.56
La1.87Sr0.13Cu1O4,4,33.54
La1.87Sr0.13Cu0.9975Zn0.0025O4,5,28.92
La1.87Sr0.13Cu0.995Zn0.005O4,5,26.44
La1.87Sr0.13Cu0.9925Zn0.0075O4,5,21.02
La1.87Sr0.13Cu0.99Zn0.01O4,5,18.83
Rb1Os2O6,3,6.4
Na0.23W1O3,3,2.16
Rb0.27W1O3,3,1.9
Rb0.33W1O3,3,1.76
Rb0.33W1O3,3,2.89
Rb0.33W1O3,3,2.45
Na0.2W1O3,3,3.05
Ba1Pb0.9Bi0.1O3,4,2.91
Ba1Pb0.85Bi0.15O3,4,8.7
Ba1Pb0.8Bi0.2O3,4,10.25
Ba1Pb0.75Bi0.25O3,4,11.7
Ba1Pb0.7Bi0.3O3,4,11.23
Ba1Pb0.65Bi0.35O3,4,3.93
Li1Ti2O4,3,11.4
Na0.28Co1H2.6O3.3,4,4.21
Na0.29Co1H2.6O3.3,4,3.91
Na0.31Co1H2.6O3.3,4,4.81
Na0.24Co1H2.6O3.3,4,3.51
Na0.26Co1H2.6O3.3,4,2.71
Li1Ti2O4,3,11.7
Li1.05Ti1.95O4,3,12.0
Li1.1Ti1.9O4,3,9.6
Ca1La1Ba1Cu2.8P0.2O7,6,90.0
Y0.8Ca0.2Sr1Ba1Cu2.8B0.2O7,7,45.0
Ru1Sr2Y1Cu2O8,5,45.0
Gd1.05Ba1.95Cu3O6.94,4,85.0
Gd1.15Ba1.85Cu3O6.99,4,48.0
Gd1.2Ba1.8Cu3O7.03,4,42.0
Gd1.25Ba1.75Cu3O6.98,4,28.0
Li1Ti2O4,3,12.9
Li1Ti2O4,3,12.4
Li1.04Ti1.96O4,3,12.1
Li1.08Ti1.92O4,3,11.8
Li1.12Ti1.88O4,3,10.4
Li1.16Ti1.84O4,3,8.3
Li0.98Mg0.02Ti2O4,4,11.9
La2Cu0.985V0.015O4.021,4,40.0
La2Cu0.975V0.025O4.032,4,40.0
La2Cu0.965V0.035O4.045,4,40.0
La2Cu0.955V0.045O4.056,4,40.0
Ba2Ca2Cu3F2O6,5,90.0
Ba2Ca3Cu4F2O8,5,70.0
Bi1Pb1Sr2Ca2Cu3O10,6,103.5
Bi0.9Nd0.05Tb0.05Pb1Sr2Ca2Cu3O10,8,111.0
Bi0.8Nd0.1Tb0.1Pb1Sr2Ca2Cu3O10,8,115.5
Bi0.6Nd0.2Tb0.2Pb1Sr2Ca2Cu3O10,8,107.5
Y1Ba2Cu2.9925Zn0.0075O6.92,5,88.0
Y1Ba2Cu2.985Zn0.015O6.95,5,86.0
Y1Ba2Cu2.9775Zn0.0225O6.93,5,83.0
Y1Ba2Cu2.97Zn0.03O6.98,5,80.0
Y1Ba2Cu2.94Zn0.06O6.96,5,71.0
Y1Ba2Cu2.88Zn0.12O6.95,5,64.0
Tl1Ba2Ca3Cu4O,5,128.0
Ti1Sr2Sm1.6Ce0.4Cu2O10,6,25.0
Ti1Sr2Eu1.6Ce0.4Cu2O10,6,20.0
Ca2Cu1Cl2.25O2,4,31.0
Ca2Cu1Cl2.3O2,4,36.0
Ca2Cu1Cl2.4O2,4,38.0
Ca2Cu1Cl2.5O2,4,38.0
Ca2Cu1Cl2.18O2,4,24.0
Ca2Cu1Cl2.2O2,4,30.0
Fe0.5Ba2Y1Cu2.5O7.41,5,80.0
Fe0.5Ba2Sm1Cu2.5O7.54,5,8.0
Fe0.5Ba2Eu1Cu2.5O7.51,5,60.0
Fe0.5Ba2Gd1Cu2.5O7.45,5,72.0
Fe0.5Ba2Dy1Cu2.5O7.52,5,75.0
Fe0.5Ba2Ho1Cu2.5O7.49,5,76.0
Fe0.5Ba2Er1Cu2.5O7.46,5,72.0
Fe0.5Ba2Tm1Cu2.5O7.43,5,60.0
Fe0.5Ba2Yb1Cu2.5O7.45,5,72.0
Ga0.65Cd0.4Sr2Y1Cu2O7,6,38.0
Ga0.65Cd0.5Sr2Y1Cu2O7,6,44.0
Ga0.65Cd0.6Sr2Y1Cu2O7,6,50.0
Ga0.65Sr2Y0.7Ca0.3Cu2O7,6,23.5
Ga0.95Cd0.05Sr2Y0.7Ca0.3Cu2O7,7,27.5
Ga0.9Cd0.1Sr2Y0.7Ca0.3Cu2O7,7,32.5
Ga0.85Cd0.15Sr2Y0.7Ca0.3Cu2O7,7,37.0
Ga0.8Cd0.2Sr2Y0.7Ca0.3Cu2O7,7,41.5
Ga0.75Cd0.25Sr2Y0.7Ca0.3Cu2O7,7,45.0
Ga0.7Cd0.3Sr2Y0.7Ca0.3Cu2O7,7,47.5
Ga0.65Cd0.35Sr2Y0.7Ca0.3Cu2O7,7,51.0
Ga0.6Cd0.4Sr2Y0.7Ca0.3Cu2O7,7,52.5
Ga0.5Cd0.5Sr2Y0.7Ca0.3Cu2O7,7,58.5
Ga0.4Cd0.6Sr2Y0.7Ca0.3Cu2O7,7,61.5
Ru1Sr2Gd1.4Ce0.6Cu2O9.54,6,34.0
Ru0.875Nb0.125Sr2Gd1.4Ce0.6Cu2O,7,34.0
Ru0.75Nb0.25Sr2Gd1.4Ce0.6Cu2O,7,29.5
Ru0.625Nb0.375Sr2Gd1.4Ce0.6Cu2O,7,29.5
Ru0.5Nb0.5Sr2Gd1.4Ce0.6Cu2O9.64,7,30.0
Ga1Sr2Tm0.75Ca0.25Cu2O7,6,28.0
Ga1Sr2Tm0.7Ca0.3Cu2O7,6,40.0
Ga1Sr2Tm0.65Ca0.35Cu2O7,6,47.0
Ga1Sr2Tm0.6Ca0.4Cu2O7,6,51.0
Ga1Sr2Y0.8Ca0.2Cu2O7,6,35.0
Ga1Sr2Y0.7Ca0.3Cu2O7,6,35.0
Ga1Sr2Y0.7Ca0.3Cu2O7,6,25.0
Ga1Sr2Y0.6Ca0.4Cu2O7,6,38.0
Ga1Sr2Y0.5Ca0.5Cu2O7,6,35.0
Ga0.9Sr2Y0.6Ca0.4Cu2.1O7,6,41.0
Ga0.8Sr2Y0.6Ca0.4Cu2.2O7,6,42.0
Fe1Sr2Y1Cu2O6,5,42.0
Fe1Sr2Y1Cu2O6,5,48.0
Fe1Sr2Y1Cu2O7.68,5,56.0
Y0.4Pr0.6Ba1.2Sr0.8Cu3O7,6,15.5
Y0.4Pr0.6Ba1Sr1Cu3O7,6,23.0
Y1Ba2Cu3O7,4,44.7
Y1Ba2Cu2.99Gd0.01O7,5,44.4
Y1Ba2Cu2.98Gd0.02O7,5,42.5
Y1Ba2Cu2.97Gd0.03O7,5,40.4
Y1Ba2Cu2.95Gd0.05O7,5,44.8
Y1Ba2Cu2.9Gd0.1O7,5,33.7
Y1Ba2Cu2.85Gd0.15O7,5,44.1
Hg0.75Ti0.25Sr2Gd1.5Ce0.5Cu2O,7,38.0
Hg0.75V0.25Sr2Gd1.5Ce0.5Cu2O,7,47.0
Hg0.75Mo0.25Sr2Gd1.5Ce0.5Cu2O,7,70.0
Hg0.75W0.25Sr2Gd1.5Ce0.5Cu2O,7,75.0
Hg0.75Re0.25Sr2Gd1.5Ce0.5Cu2O,7,50.0
Hg0.75W0.25Sr2Sm1.5Ce0.5Cu2O,7,56.0
Hg0.75W0.25Sr2Eu1.5Ce0.5Cu2O,7,65.0
Hg0.75W0.25Sr2Dy1.5Ce0.5Cu2O,7,71.0
Hg0.75W0.25Sr2Ho1.5Ce0.5Cu2O,7,64.0
Hg0.75W0.25Sr2Er1.5Ce0.5Cu2O,7,60.0
Hg0.7W0.3Sr2Ce2.01Eu0.99Cu2O11,7,26.0
Hg0.7W0.3Sr2Ce1.74Eu1.26Cu2O11,7,33.0
Hg0.7W0.3Sr2Ce1.5Eu1.5Cu2O11,7,45.0
Mo0.25Sr2Ce2.01Y0.99Cu2.75O11,6,12.1
Mo0.25Sr2Ce2.01Y0.99Cu2.75O11,6,33.4
Mo0.25Sr2Ce2.01Y0.99Cu2.75O11,6,50.9
Mo0.25Sr2Ce2.01Y0.99Cu2.75O11,6,51.7
Mo0.25Sr2Ce2.01Y0.99Cu2.75O11,6,52.9
Mo0.25Sr2Y1Cu2.75O7,5,87.6
Mo0.25Sr2Y1.5Ce0.5Cu2.75O9,6,35.2
Ag5Pb2O6,3,0.048
Bi1.6Pb0.6Sr2Ca1Cu2O8,6,91.0
Bi1.2Pb0.8Sr2Ca1Cu2O8,6,93.0
K1Os2O6,3,9.62
Rb1Os2O6,3,6.29
Cs1Os2O6,3,3.26
Bi2Sr2Ca1Cu2O8,5,48.0
La1.78Sr0.22Cu1O4,4,27.4
La1.85Sr0.15Cu1O4,4,36.1
La1.89Sr0.11Cu1O4,4,29.3
La1.91Sr0.09Cu1O4,4,24.4
La1.925Sr0.075Cu1O4,4,15.6
La1.931Sr0.069Cu1O4,4,12.0
Gd1.1Ba1.9Cu3O7,4,93.0
Y0.8Ca0.2Ba2Cu3O6.84,5,82.0
Y0.8Ca0.2Ba2Cu3O6.78,5,84.2
Y0.8Ca0.2Ba2Cu3O6.59,5,67.3
Y0.8Ca0.2Ba2Cu3O6.51,5,62.6
Y0.8Ca0.2Ba2Cu3O6.49,5,61.0
Y0.8Ca0.2Ba2Cu3O6.41,5,32.4
Y0.8Ca0.2Ba2Cu3O6.32,5,25.8
Ca1.85Na0.15Cu1Br2O2,5,10.0
Ca1.825Na0.175Cu1Br2O2,5,10.5
Ca1.8Na0.2Cu1Br2O2,5,11.0
Ca1.75Na0.25Cu1Br2O2,5,18.0
Ca1.7Na0.3Cu1Br2O2,5,16.5
Ca1.65Na0.35Cu1Br2O2,5,18.0
Ca1.875Na0.125Cu1Br1Cl1O2,6,15.0
Ca1.85Na0.15Cu1Br1Cl1O2,6,19.0
Ca1.825Na0.175Cu1Br1Cl1O2,6,23.0
Ca1.8Na0.2Cu1Br1Cl1O2,6,19.0
Ca1.75Na0.25Cu1Br1Cl1O2,6,19.0
Ca1.7Na0.3Cu1Br1Cl1O2,6,23.5
Ca1.65Na0.35Cu1Br1Cl1O2,6,24.0
Ca1.9Na0.1Cu1Cl2O2,5,13.0
Ca1.875Na0.125Cu1Cl2O2,5,25.0
Ca1.85Na0.15Cu1Cl2O2,5,25.0
Ca1.825Na0.175Cu1Cl2O2,5,26.0
Ca1.8Na0.2Cu1Cl2O2,5,27.5
Ca1.75Na0.25Cu1Cl2O2,5,26.5
Ca1.7Na0.3Cu1Cl2O2,5,27.7
Ca1.65Na0.35Cu1Cl2O2,5,28.0
Cd2Re2O7,3,0.97
Bi1.4Pb0.6Sr2Ca1Cu2O8,6,91.0
Sn1,1,3.809
Sn1,1,3.7452
Sn1,1,3.6657
Tl1,1,2.3917
Tl1,1,2.3861
Tl1,1,2.3956
In1,1,3.4178
Hg1,1,4.1596
Pb1,1,7.22
Sn1,1,3.8082
Sn1,1,3.7419
Sn1,1,3.7444
Hg1,1,4.173
Be22Mo1,2,2.51
Be22W1,2,4.12
Be22Tc1,2,5.21
Be22Re1,2,9.65
Mo1,1,0.902
Tc1,1,7.79
Tc1,1,8.035
Tc1,1,7.77
Tc1,1,7.71
Ga1,1,6.07
H0.965Pd1,2,6.45
Cd1,1,0.5173
Cd1,1,0.5218
Cd1,1,0.5148
Cd1,1,0.5115
C3La2,2,13.5
C3Y2,2,17.3
Y2C2.9B0.1,3,16.4
C3La2,2,11.1
La1.8Sr0.2Cu1O4,4,29.0
La1.76Sr0.24Cu1O4,4,14.2
La1.74Sr0.26Cu1O4,4,9.95
La1.72Sr0.28Cu1O4,4,4.98
La1.8Sr0.2Cu0.995Zn0.005O4,5,26.1
La1.8Sr0.2Cu0.99Zn0.01O4,5,11.0
La1.78Sr0.22Cu0.9975Zn0.0025O4,5,18.5
La1.78Sr0.22Cu0.995Zn0.005O4,5,9.88
Bi2Sr2Ca1Cu2O8,5,72.0
Bi2Sr2Ca0.9Y0.1Cu2O8,6,84.0
Bi2Sr2Ca0.8Y0.2Cu2O8,6,91.7
Bi2Sr2Ca0.75Y0.25Cu2O8,6,92.8
Bi2Sr2Ca0.7Y0.3Cu2O8,6,89.0
Bi2Sr2Ca0.6Y0.4Cu2O8,6,67.8
B2Mg1,2,38.0
Mg1B0.96C0.04,3,35.5
Mg1B0.9C0.1,3,30.0
Mg1B0.85C0.15,3,24.0
B2Mg1,2,38.73
Rb1Os2O6,3,6.32
Li2Pd3B1,3,7.5
Li2Pt3B1,3,2.17
Ba24Si100,2,1.4
Y1Ba2Cu4O8,4,80.05
B2Mg1,2,39.0
C2Na1,2,5.0
C3Na1,2,2.3
Ru1Sr2Gd1Cu2O8,5,47.5
Ag5Pb2O6,3,0.0524
Ag7N1O11,3,1.04
Ag7F1O8,3,0.3
Ag7B4F4O8,4,0.15
Sb2Yb1,2,1.3
C8.1K1,2,0.152
Si2Ta1,2,0.345
Pr1Ru4Sb12,3,0.97
Nb1Se2,2,7.1
K1Os2O6,3,9.6
Ce1Rh1Si3,3,0.9
Ce1Co1In5,3,2.27
Ce1Pt3Si1,3,0.8
Ba24Si100,2,1.55
Ce1Rh1In5,3,2.2
Ce2Ni3Ge5,3,0.22
C2Y1,2,3.838
La0.6Rh4P12,3,17.0
Te3Zr1,2,2.95
Ce1Cu2Si2,3,0.73
Ce1Cu2Si2,3,0.61
Y1Ru4P12,3,8.5
Hg0.4Pr0.8Sr2.4Ca0.4Cu2O6,6,74.0
Hg0.4Pr1.1Sr2Ca0.5Cu2O7.9,6,76.0
Hg0.4Pr1.1Sr2Ca0.5Cu2O6.9,6,60.0
Hg0.5Bi0.5Sr2Ca0.65Nd0.35Cu2O,7,94.0
Hg0.5Bi0.5Sr2Ca0.65Y0.35Cu2O,7,93.0
Hg0.5Bi0.5Sr2Ca0.65Pr0.35Cu2O,7,95.0
Hg0.75Ti0.25Sr2Ca0.65Y0.35Cu2O,7,75.0
Hg0.4Pr0.6Sr2.7Pr0.3Cu2O6,5,85.0
Hg0.4Pr0.6Sr2.5Pr0.5Cu2O6,5,74.0
Ba6Ge25,2,0.24
La3Pd4Ge4,3,2.75
Zn2Zr1,2,0.6
B2Mg1,2,38.7
B12Zr1,2,6.0
Ca1.82Na0.18Cu1Cl2O2,5,27.0
Ce1Ni1Ge3,3,0.48
Cu0.5Tl0.5Ba2Ca2Cu3O10,5,108.0
Cu0.5Tl0.5Ba2Ca1.6Mg0.4Cu3O10,6,115.0
Cu0.5Tl0.5Ba2Ca1.2Mg0.8Cu3O10,6,117.0
Cu0.5Tl0.5Ba2Ca0.8Mg1.2Cu3O10,6,130.0
Cu0.5Tl0.5Ba2Ca1.9Pr0.1Cu3O10,6,110.5
Cu0.5Tl0.5Ba2Ca1.8Pr0.2Cu3O10,6,100.0
Cu0.5Tl0.5Ba2Ca1.6Pr0.4Cu3O10,6,80.0
Mg1.9Cu0.1B12,3,37.3
Mg1.8Cu0.2B12,3,36.5
Ca1.9Cu1Cl2O2,4,15.0
Ca1.85Cu1Cl2O2,4,30.0
Ca1.8Cu1Cl2O2,4,39.0
Ca1.8Cu1Cl2O2,4,43.0
Li1Ti2O4,3,12.1
C1,1,0.38
C1,1,2.5
C1,1,2.62
Mg1B1.95C0.05,3,34.0
Mg1B1.9C0.1,3,27.5
Mg1B1.9C0.1,3,34.2
Mg1B1.9C0.1,3,35.4
Ga0.5Co0.5Sr2Tm0.6Ca0.4Cu2O,7,35.0
Ga0.5Co0.5Sr2Tm0.5Ca0.5Cu2O,7,34.0
Ga0.4Co0.6Sr2Tm0.6Ca0.4Cu2O,7,30.0
Lu1Ni1B1C1,4,2.5
Lu1Ni1B0.9C1,4,2.6
Lu1Ni1B0.8C1,4,2.6
Lu1Ni1B0.9C1.1,4,2.9
Lu1Ni1B0.8C1.2,4,3.2
Lu1Ni1B1.1C0.9,4,2.4
Lu1Ni1B1C0.85,4,2.4
Lu1Ni1B0.95C0.95,4,2.5
Li2Pd3B1,3,8.2
Li2Pd2.94Ni0.06B1,4,7.7
Li2Pd2.85Ni0.15B1,4,7.5
Li2Pd2.7Ni0.3B1,4,7.3
Li2Pd2.4Ni0.6B1,4,7.69
Li1Ti2O4,3,11.0
Li1.05Ti1.95O4,3,10.5
Li1.07Ti1.93O4,3,10.4
Li1.1Ti1.9O4,3,10.3
Li1.12Ti1.88O4,3,9.4
Na0.34Co1H2.6O3.3,4,2.65
Na0.32Co1H2.6O3.3,4,3.6
Na0.31Co1H2.6O3.3,4,3.7
Na0.28Co1H2.6O3.3,4,4.75
Na0.25Co1H2.6O3.3,4,4.7
Na0.26Co1H2.6O3.3,4,4.6
Zr1,1,0.49
Re1,1,1.703
Zn1,1,0.855
Ru1,1,0.509
Os1,1,0.671
Pb1,1,7.172
Pb1,1,7.175
Hg0.75W0.25Sr2Sm1.5Ce0.5Cu2O,7,45.5
Hg0.75W0.25Sr2Eu1.5Ce0.5Cu2O,7,52.0
Hg0.75W0.25Sr2Gd1.5Ce0.5Cu2O,7,61.5
Hg0.75W0.25Sr2Dy1.5Ce0.5Cu2O,7,60.0
Hg0.75W0.25Sr2Ho1.5Ce0.5Cu2O,7,53.0
Hg0.75W0.25Sr2Er1.5Ce0.5Cu2O,7,48.0
Hg0.75Re0.25Sr2Gd1.5Ce0.5Cu2O,7,39.0
Hg0.75Re0.25Sr2Gd1.5Ce0.5Cu2O,7,70.0
Y2C2I2,3,10.0
Y2C2Br2,3,5.03
Y2C2Br1I1,4,5.08
Y2C2Br0.5I1.5,4,11.6
Y2C2I2,3,9.97
La2C2Br2,3,7.03
Ba1.34Eu2Ce0.66Cu3O8.96,5,15.0
Ba1.34Eu2Ce0.66Cu3O9.02,5,25.0
Ba1.34Eu2Ce0.66Cu3O9,5,62.0
V0.5Sr2.25Ca1.75Cu3.5O9.7,5,98.0
V0.5Sr2.7Ca2.3Cu4.5O11.6,5,107.0
V0.5Sr2.4Ca3.6Cu5.5O13.55,5,75.0
V0.5Sr2.3Ca4.7Cu6.5O15.5,5,75.0
V0.5Sr2.6Ca5.4Cu7.5O17.3,5,73.0
Mo0.25Sr2Y1Cu2.75O7,5,88.0
Mo0.25Sr2Ce0.9Y1.1Cu2.75O9,6,61.0
La1.875Sr0.125Cu1O4,4,27.84
La1.85Sr0.15Cu1O4,4,37.94
Y1Ba2Cu4O8,4,81.6
Y1Ba2Cu3O6.85,4,89.3
Y0.8Pr0.2Ba2Cu3O7,5,73.2
Y0.7Pr0.3Ba2Cu3O7,5,59.7
Y0.6Pr0.4Ba2Cu3O7,5,45.3
Y0.8Pr0.2Ba2Cu4O8,5,70.2
Y0.7Pr0.3Ba2Cu4O8,5,63.5
Y1La0.3Ba1.7Cu3O7,5,57.45
Y1La0.3Ba1.7Cu4O8,5,52.6
Y0.6Pr0.4Ba2Cu3O7,5,44.62
Hg0.82Re0.18Ba2Ca2Cu3O8,6,132.6
Hg0.82Re0.18Ba2Ca2Cu3O8,6,133.2
Hg0.82Re0.18Ba2Ca2Cu3O8,6,132.7
Ca1Cu0.25Si1.7,3,3.2
Ca1Cu0.25Si1.75,3,3.1
Ca1Cu0.33Si1.67,3,2.3
Ca1Cu0.25Si1.55,3,2.9
Ca1Cu0.25Si1.6,3,3.0
Pr1Os4Sb12,3,1.81
Pr0.98La0.02Os4Sb12,4,1.8
Pr0.95La0.05Os4Sb12,4,1.79
Pr0.9La0.1Os4Sb12,4,1.7
Pr0.8La0.2Os4Sb12,4,1.645
Pr0.7La0.3Os4Sb12,4,1.528
Pr0.6La0.4Os4Sb12,4,1.414
Pr0.4La0.6Os4Sb12,4,1.172
Pr0.2La0.8Os4Sb12,4,0.903
La1Os4Sb12,3,0.741
Ru1Sr2Eu1.5Ce0.5Cu2O10,6,33.0
Ru0.8Mo0.2Sr2Eu1.5Ce0.5Cu2O10,7,37.5
Ru0.8Mo0.4Sr2Eu1.5Ce0.5Cu2O10,7,40.0
Ru0.8Mo0.6Sr2Eu1.5Ce0.5Cu2O10,7,23.0
B6Y1,2,7.15
Ce1Cu2Si2,3,0.63
Sc5Ir4Si10,3,8.5
Sc4.5Dy0.5Ir4Si10,4,6.95
Sc4Dy1Ir4Si10,4,5.95
Sc3.5Dy1.5Ir4Si10,4,3.93
Y2Dy3Os4Ge10,4,2.86
Y2.5Dy2.5Os4Ge10,4,3.8
Y3Dy2Os4Ge10,4,4.8
Y3.25Dy1.75Os4Ge10,4,5.2
Y4Dy1Os4Ge10,4,6.9
Y5Os4Ge10,3,9.1
Bi1K1,2,3.6
Bi3Ca1,2,1.7
Ba1Bi3,2,5.69
Bi2Rh1,2,2.2
Bi4Rh1,2,2.75
Bi3Ni1,2,3.6
N1Zr1,2,9.05
N1V1,2,7.5
C1Mo2,2,2.78
C1W2,2,2.74
B1Mo2,2,4.74
Mo2N1,2,5.0
Mo1N1,2,12.0
Mo2N1,2,5.2
Mo1N1,2,4.2
Sr0.2Ta1S2,3,2.8
Sr0.2Mo1S2,3,5.1
Sr0.2W1S2,3,3.5
Ca0.2Mo1S2,3,3.6
Ba0.2Mo1S2,3,5.7
Yb0.2Mo1S2,3,2.4
Sr0.2Mo1Se2,3,5.0
Sr0.2W1Se2,3,1.4
Pb1.14Ta2S5.14,3,3.3
Sb1.16Ta2S5.16,3,3.0
Bi1.08Ta2S5.08,3,2.7
Na0.6Sn1Ta2S5,4,4.0
Na0.3Pb1Ta2S5,4,3.7
Na0.3Sb1Ta2S5,4,3.5
Ge1,1,5.35
Si1,1,6.7
Ce1Cu2Ge2,3,2.0
Ce1Cu2Si2,3,0.7
C1,1,12.0
Ca1.9Na0.1Cu1Cl2O2,5,8.0
Ca1.88Na0.12Cu1Cl2O2,5,16.8
Ca1.8Na0.2Cu1Cl2O2,5,26.4
Zr1N1Cl0.7,3,14.0
Pr0.89La1Ce0.11Cu1O3.98,5,26.0
Pr0.85La1Ce0.15Cu1O3.95,5,19.0
La1Fe4P12,3,4.1
Mg1C1Ni3,3,7.1
Mg1C1Ni2.995Ru0.005,4,6.93
Mg1C1Ni2.99Ru0.01,4,6.71
Mg1C1Ni2.98Ru0.02,4,6.52
Mg1C1Ni2.967Ru0.033,4,6.1
Mg1C1Ni2.934Ru0.066,4,5.6
Mg1C1Ni2.9Ru0.1,4,4.72
Mg1C1Ni2.8Ru0.2,4,3.47
Mg1C1Ni2.999Fe0.001,4,6.93
Mg1C1Ni2.995Fe0.005,4,6.44
Mg1C1Ni2.99Fe0.01,4,6.25
Mg1C1Ni2.985Fe0.015,4,5.96
Mg1C1Ni2.98Fe0.02,4,5.46
Mg1C1Ni2.975Fe0.025,4,5.17
Mg1C1Ni2.967Fe0.033,4,4.9
Mg1C1Ni2.95Fe0.05,4,3.72
B2Mg1,2,36.6
Mg0.99Pb0.01B2,3,35.9
Mg0.98Pb0.02B2,3,35.5
Mg0.94Pb0.06B2,3,35.0
Mg0.9Pb0.1B2,3,34.0
La1.77Sr0.23Cu0.94Mn0.06O4,5,34.0
Tl0.5Pb0.5Sr2Ca1Cu2.98Co0.02O7,7,65.0
Tl0.5Pb0.5Sr2Ca1Cu2.95Co0.05O7,7,53.0
Tl0.5Pb0.5Sr2Ca1Cu2.98Ni0.02O7,7,63.5
Tl0.5Pb0.5Sr2Ca1Cu2.95Ni0.05O7,7,50.0
Tl0.5Pb0.5Sr2Ca1Cu2.98Zn0.02O7,7,71.0
Tl0.5Pb0.5Sr2Ca1Cu2.95Zn0.05O7,7,73.0
La1Fe4P12,3,4.2
Sn1.17Nb1S3.17,3,2.75
Pb1.14Nb1S3.14,3,2.72
Sn1.15Ta1S3.15,3,2.85
Pb1.13Ta1S3.13,3,3.08
Bi1.08Ta1S3.08,3,0.76
La1Ba1Ca1Cu2.9P0.1O7.4,6,20.0
La1Ba1Ca1Cu2.7P0.3O8.2,6,14.0
La1Ba1Ca1Cu2.5P0.5O9,6,20.0
Y0.8Ca0.2Sr1Ba1Cu2.9B0.1O7.3,7,35.0
Y0.8Ca0.2Sr1Ba1Cu2.8B0.2O7.6,7,37.0
Y0.8Ca0.2Sr1Ba1Cu2.7B0.3O7.9,7,38.0
Y0.8Ca0.2Sr1Ba1Cu2.6B0.4O8.2,7,31.0
Y0.8Ca0.2Sr1Ba1Cu2.5B0.5O8.5,7,28.0
La1.85Ca1.15Cu2O6,4,28.0
Mg1B1.89C0.11,3,34.7
Mg1B1.834C0.166,3,32.0
Mg1B1.8C0.2,3,28.8
Mg1B1.736C0.264,3,17.6
Mg0.98Al0.02B2,3,35.9
Mg0.92Al0.08B2,3,31.6
Mg0.82Al0.18B2,3,25.7
Mg0.79Al0.21B2,3,27.1
Sn3Yb1,2,3.6
La1Rh1Bi1,3,2.36
Mo0.05Sr2Ce2.01Y0.99Cu2.95O11,6,34.0
Mo0.1Sr2Ce2.01Y0.99Cu2.9O11,6,34.0
Mo0.15Sr2Ce2.01Y0.99Cu2.85O11,6,41.0
Mo0.2Sr2Ce2.01Y0.99Cu2.8O11,6,47.0
W0.25Sr2Ce2.01Y0.99Cu2.75O11,6,53.0
Re0.25Sr2Ce2.01Y0.99Cu2.75O11,6,56.0
Pr0.91La1Ce0.09Cu1O4,5,24.0
Eu0.8Ca0.2Ba2Cu3O,5,80.1
Eu0.75Ca0.25Ba2Cu3O,5,79.7
Eu0.7Ca0.3Ba2Cu3O,5,79.7
Gd1Ba2Cu3O,4,91.7
Gd0.8Ca0.2Ba2Cu3O,5,81.0
Gd0.75Ca0.25Ba2Cu3O,5,80.0
Gd0.7Ca0.3Ba2Cu3O,5,79.0
Er1Ba2Cu3O,4,90.9
Er0.8Ca0.2Ba2Cu3O,5,78.5
Er0.75Ca0.25Ba2Cu3O,5,71.6
Er0.7Ca0.3Ba2Cu3O,5,75.7
Tl0.5Ba2Ca1.3Be0.7Cu3.5O7.886,6,95.0
Tl0.5Ba2Ca0.3Be1.7Cu3.5O7.685,6,115.0
Tl0.5Ba2Ca1.5Be1.5Cu4.5O9.887,6,115.0
Tl0.5Ba2Ca1Be2Cu4.5O9.948,6,110.0
Pr1.85Ce0.15Cu1O3.98,4,21.2
Pr1.85Ce0.15Cu0.99V0.01O3.98,5,22.0
Pr1.85Ce0.15Cu0.98V0.02O3.98,5,22.3
Pr1.85Ce0.15Cu0.97V0.03O3.98,5,21.2
Pr1.85Ce0.15Cu0.96V0.04O3.98,5,22.4
Pr1.85Ce0.15Cu0.94V0.06O4,5,15.4
Pr1.85Ce0.15Cu0.995Ni0.005O4,5,17.5
Ce1Cu2Si1.8Ge0.2,4,0.12
La3Ca1Ba3Cu7O16.678,5,80.5
La3Ca0.9Cd0.1Ba3Cu7O16.611,6,77.5
La3Ca0.8Cd0.2Ba3Cu7O16.536,6,76.0
La3Ca0.7Cd0.3Ba3Cu7O16.459,6,71.5
La3Ca0.6Cd0.4Ba3Cu7O16.41,6,67.5
La3Ca0.5Cd0.5Ba3Cu7O16.375,6,59.0
La3Ca0.4Cd0.6Ba3Cu7O16.336,6,48.5
La3Ca0.3Cd0.7Ba3Cu7O16.303,6,36.0
Nd1Ba1.8Sr0.2Cu3O6.96,5,91.1
Nd1Ba1.6Sr0.4Cu3O6.94,5,86.0
Nd1Ba1.4Sr0.6Cu3O6.94,5,75.0
Nd1Ba1.2Sr0.8Cu3O6.97,5,66.9
Nd1Ba1Sr1Cu3O7.02,5,49.9
La1.92Ce0.08Cu1O4,4,13.9
La1.89Ce0.11Cu1O4,4,24.9
La1.87Ce0.13Cu1O4,4,22.0
La1.85Ce0.15Cu1O4,4,10.0
Pr1.96Ce0.04Cu1O4,4,23.6
Pr1.91Ce0.09Cu1O4,4,21.5
Pr1.83Ce0.17Cu1O4,4,20.3
Ce1Pt3.03Si0.97,3,0.37
Ce1Pt2.97Si1,3,0.72
Ce1.01Pt3Si1,3,0.75
Ce1Ni2Ge2,3,0.23
Ce1Pd2Si2,3,0.39
Ce1Ni2Ge2,3,0.2
Ce1Ir1Si3,3,1.6
Ce1Ni1Ge3,3,0.43
C60Yb3.5,2,6.0
B12Zr1,2,5.97
Y1,1,17.0
Mo6Se7.6,2,6.28
Hf1V2,2,9.67
Hf1V2H0.5,3,7.33
Hf1V2H0.4,3,8.42
Hf1V2H1,3,4.87
Hf1V2H1.6,3,2.2
H0.9Pd1,2,4.11
V2Zr1,2,8.85
Zr1V1.85Fe0.15,3,6.41
Zr1V1.7Fe0.3,3,4.49
Hf1V2,2,9.34
Hf1V1.85Fe0.15,3,7.04
Hf1V1.7Fe0.3,3,5.0
V2Zr1,2,8.54
Zr0.87Hf0.13V2,3,9.45
Zr0.7Hf0.3V2,3,9.9
Zr0.5Hf0.5V2,3,10.1
Zr0.3Hf0.7V2,3,9.96
Zr0.13Hf0.87V2,3,9.76
Hf1V2,2,9.26
Pd0.55Cu0.45H0.7,3,16.6
Pd0.7Ag0.3H0.8,3,15.6
Pd0.84Au0.16H0.9,3,13.6
C6Ca1,2,11.46
Ce1Rh0.4Ir0.6In5,4,0.91
Ce1Rh0.3Ir0.7In5,4,1.2
Ce1Rh0.2Ir0.8In5,4,0.67
Ce1Rh0.1Ir0.9In5,4,0.35
Ce1Ir1In5,3,0.41
Ce1.005Ni2.02Ge1.98,3,0.03
Ce1.005Ni2.025Ge1.975,3,0.035
Ca1Al1Si1,3,6.0
C6Ca1,2,11.3
Mg1C1Ni3,3,6.5
Mg0.9Zn0.1C1Ni3,4,4.5
Mg0.8Zn0.2C1Ni3,4,2.82
Mg0.7Zn0.3C1Ni3,4,2.5
Cd1C1Ni3,3,3.4
Y1Ba2Cu3O6.375,4,19.0
Y0.54Pr0.46Ba2Cu3O7,5,38.0
La1.85Sr0.15Cu0.98Ti0.02O4,5,32.3
La1.85Sr0.15Cu0.96Ti0.04O4,5,26.1
La1.81Sr0.19Cu0.98Ti0.02O4,5,33.0
La1.77Sr0.23Cu0.96Ti0.04O4,5,32.8
La1.73Sr0.27Cu0.94Ti0.06O4,5,30.0
La1.69Sr0.31Cu0.92Ti0.08O4,5,30.0
La1.65Sr0.35Cu0.9Ti0.1O4,5,29.9
La1.83Sr0.17Cu0.99Ru0.01O4,5,30.0
La1.81Sr0.19Cu0.98Ru0.02O4,5,30.0
La1.79Sr0.21Cu0.97Ru0.03O4,5,24.0
Y0.95Ca0.05Ba2Cu3O,5,84.8
Y0.95Ca0.05Ba2Cu2.94Zn0.06O,6,66.0
Y0.95Ca0.05Ba2Cu2.88Zn0.12O,6,33.9
Y0.9Ca0.1Ba2Cu3O,5,79.5
Li1Ti2O4,3,12.3
Ca1Al1Si1,3,6.2
Ca1Al1Si1,3,7.3
Ca1Al1Si1,3,7.7
Ba8Si46,2,8.0
Ba6Sr2Si46,3,7.2
Ba4Sr4Si46,3,5.3
Ba2Sr6Si46,3,4.1
Ba7Ca1Si46,3,7.65
Ba6Ca2Si46,3,5.2
Ba4Ca4Si46,3,3.7
La1Ru4P12,3,7.2
B2Mg1,2,38.5
Mg0.997Fe0.003B2,3,37.7
Mg0.994Fe0.006B2,3,34.2
Mg0.988Fe0.012B2,3,32.0
Mg0.97Fe0.03B2,3,30.0
B2Mg1,2,38.8
Mg0.95Al0.025Li0.025B2,4,37.0
Mg0.9Al0.05Li0.05B2,4,36.4
Mg0.8Al0.1Li0.1B2,4,32.9
Mg0.7Al0.15Li0.15B2,4,32.0
Mg0.65Al0.175Li0.175B2,4,30.7
Mg0.6Al0.2Li0.2B2,4,26.1
Mg0.55Al0.225Li0.225B2,4,25.6
Li2Pd3B1,3,7.6
B2Nb1,2,2.73
B2Nb0.9,2,3.64
B2Nb0.8,2,4.55
B2Nb0.7,2,7.96
B2Nb0.6,2,8.04
B2Nb0.5,2,7.56
B2Nb0.4,2,6.57
B2Nb0.3,2,6.1
Y1Ba2Cu3O6.35,4,20.0
Tl1Ba2Ca2Cu3O,5,128.0
Bi1.6Pb0.4Sr2Ca2Cu3O,6,111.5
Bi1.6Pb0.4Sr2Ca2.9995Sm0.0005Cu3O,7,109.0
Bi1.6Pb0.4Sr2Ca2.999Sm0.001Cu3O,7,104.5
Bi1.6Pb0.4Sr2Ca2.995Sm0.005Cu3O,7,100.0
Bi1.6Pb0.4Sr2Ca2.99Sm0.01Cu3O,7,93.5
Bi1.6Pb0.4Sr2Ca2.9Sm0.1Cu3O,7,79.0
Bi1.6Pb0.4Sr2Ca2.5Sm0.5Cu3O,7,53.0
Nb2Sn1C1,3,4.0
Nb2Sn1C1,3,7.8
C1Ta1,2,10.16
C1Nb1,2,9.0
Nb0.4Ta0.6C1,3,11.8
C1Ta1,2,10.2
C0.44Mo0.56,2,13.0
Mo3Al2C1,3,10.0
La1Fe1P1O1,4,4.1
La1Fe1P1F0.06O0.94,5,7.5
Na0.32Co1H2.6O3.3,4,2.6
C1,1,15.0
Ru1Sr2Eu1.5Ce0.5Cu2O9.6,6,33.0
Bi2Ni3S2,3,0.79
Bi2Ni3Se2,3,0.73
Tl2Ba2Ca1Cu1.98Fe0.02O8,6,106.0
Tl2Ba2Ca1Cu1.98Fe0.02F0.1O7.95,7,110.0
Tl2Ba2Ca1Cu1.98Fe0.02F0.2O7.9,7,109.0
Tl2Ba2Ca1Cu1.98Fe0.02F0.3O7.85,7,101.0
Tl2Ba2Ca0.9Ce0.1Cu1.98Fe0.02O8,7,99.0
Tl2Ba2Ca0.9Ce0.1Cu1.98Fe0.02F0.2O7.9,8,103.0
Tl2Ba2Ca0.9Ce0.1Cu2O8,6,100.0
Tl2Ba2Ca0.8Ce0.2Cu2O8,6,103.0
Y1Ba2Cu3O7,4,84.4
Y1Ba2Cu3O7,4,78.6
Y1Ba2Cu3O7,4,68.0
Y1Ba2Cu3O7,4,58.4
Y1Ba2Cu3O7,4,30.3
Ce1Rh0.9Ir0.1In5,4,2.04
Ce1Rh0.75Ir0.25In5,4,1.84
Ce1Rh0.5Ir0.5In5,4,0.79
Li0.68Nb1O2,3,5.15
Ce1Rh1In5,3,2.24
C6Yb1,2,6.5
C6Ca1,2,11.1
K1Tl1.5C4,3,2.7
K1Tl1.5C8,3,2.45
C8K1,2,0.134
C8K1,2,0.145
K1Hg1C4,3,0.86
K1Hg1C4,3,0.73
Rb1Hg1C4,3,0.99
K1Hg1C8,3,1.9
K1Hg1C8,3,1.94
Rb1Hg1C8,3,1.4
K1Tl1.5C4,3,2.56
K1Hg1C8,3,1.7
K1Hg1C4,3,1.135
K1Hg1C8,3,1.93
Rb1Hg1C8,3,1.46
Nb1Se2,2,7.15
S2Ta1,2,0.65
Ta1S1.8Se0.2,3,2.75
Ta1S1.6Se0.4,3,3.84
Ta1S1.2Se0.8,3,3.7
Ta1S1Se1,3,3.36
Ta1S0.4Se1.6,3,3.04
Se2Ta1,2,0.14
K1Hg1C8,3,1.85
N0.3S0.7,2,0.26
Ce1Ru2,2,6.1
Cr0.74Re0.26,2,3.12
Co3Y4,2,2.1
Co3Y4,2,1.5
C8Rb1,2,0.0252
Bi3In5,2,4.14
Nb1S2,2,5.84
Cu1La1,2,6.15
C60K3,2,19.7
C2Li1,2,1.9
Ge1Nb3,2,19.09
Ge1Nb3,2,20.46
Sb1Ti3,2,5.5
Sb1Ti3,2,6.5
Ga0.205V0.795,2,9.7
Ga0.222V0.778,2,12.3
Ga0.236V0.764,2,14.6
Ga0.248V0.752,2,15.1
Ga0.253V0.747,2,14.9
Ga0.265V0.735,2,13.6
Ga0.281V0.719,2,12.2
Ga0.296V0.704,2,12.1
Ga0.25V0.75,2,15.3
Nb3Sn1,2,17.6
Nb3Sn1,2,17.4
Nb3Sn1,2,18.0
Nb3Pt1,2,8.7
Nb3Pt1,2,10.9
Au1Nb3,2,10.7
Nb3Au0.7Pt0.3,3,13.0
Nb3Au0.7Pt0.3,3,10.0
N0.3S0.7,2,0.29
La1Os2,2,8.9
Si1V3,2,17.0
Si1V3,2,16.8
C6Ca1,2,10.0
Li0.06Zr1N1Cl1,4,15.2
Tl0.5Pb0.5Ba0.1Sr1.9Ca0.8Gd0.2Cu2O,8,98.0
Mg0.99Al0.01B2,3,38.0
Mg0.98Al0.02B2,3,37.5
Mg0.95Al0.05B2,3,36.5
Mg0.92Al0.08B2,3,35.5
Na0.346Co1H2.6O3.3,4,4.81
Na0.38Co1H2.6O3.3,4,2.8
Na0.3Co1H2.6O3.3,4,4.345
Na0.35Co1H1.4O2,4,4.7
Na0.35Co1H1.3O3.3,4,3.7
Sr2Cu1O3.4,3,75.0
Sr2Cu1O3.4,3,95.0
Y0.38Ba1.74La0.88Cu3O6.95,5,25.0
Sr3Cu2Cl1O5,4,70.0
Sr0.8Ba1.2Cu1O3.35,4,50.0
S2Ta1,2,3.2
Ta1S1.6Se0.4,3,4.1
Ru1Sr2Eu1.2Ce0.8Cu2O10,6,38.0
Ru0.9Sn0.1Sr2Eu1.2Ce0.8Cu2O10,7,34.6
Ru0.8Sn0.2Sr2Eu1.2Ce0.8Cu2O10,7,37.0
Bi2Sr1.6La0.4Cu1O,5,33.0
Bi2Sr1.6Sm0.4Cu1O,5,23.0
Bi2Sr1.6Eu0.4Cu1O,5,15.5
Ce1Ru2,2,6.3
Ce0.91La0.09Ru2,3,5.25
Ce1Ru2,2,6.17
Ce0.97La0.03Ru2,3,6.45
Ce0.94La0.06Ru2,3,6.55
Ce0.91La0.09Ru2,3,6.57
Ce0.88La0.12Ru2,3,6.14
Ce0.85La0.15Ru2,3,5.35
Ce0.8La0.2Ru2,3,4.77
Ce0.25La0.75Ru2,3,1.42
Ce1Ru2,2,6.2
Ce1Ru2,2,6.28
Ce0.97La0.03Ru2,3,5.89
Ce1Ru2,2,6.23
Pb0.989Tl0.011Te1,3,1.16
Pb0.986Tl0.014Te1,3,1.38
Pr1Pt2B2C1,4,6.0
Mg1B1.924C0.076,3,35.4
Mg1B1.868C0.132,3,33.15
Mg1B1.81C0.19,3,30.57
Sm1.86Ce0.14Cu1O4,4,22.7
Sm1.857Ce0.143Cu1O4,4,22.3
Sm1.85Ce0.15Cu1O4,4,19.7
Sm1.844Ce0.156Cu1O4,4,16.4
Ho0.75Y0.25Ni2B2C1,5,7.6
La3Pd4Si4,3,2.15
H1Pd1,2,51.6
Pd2Y1Sn1,3,4.55
Pd2Y0.98Gd0.02Sn1,4,3.24
Pd2Y0.95Gd0.05Sn1,4,2.41
Pd2Y0.9Dy0.1Sn1,4,3.46
Pd2Y0.85Dy0.15Sn1,4,2.8
Pd2Y0.8Dy0.2Sn1,4,1.4
Pd2Y0.9Ho0.1Sn1,4,4.06
Pd2Y0.9Er0.1Sn1,4,3.87
Pd2Y0.8Er0.2Sn1,4,3.73
Pd2Y0.7Er0.3Sn1,4,3.8
Pd2Y0.6Er0.4Sn1,4,2.77
Pd2Y0.95Tm0.05Sn1,4,4.12
Pd2Y0.9Tm0.1Sn1,4,4.12
Pd2Y0.75Tm0.25Sn1,4,3.73
Pd2Y0.5Tm0.5Sn1,4,3.65
Pd2Y0.25Tm0.75Sn1,4,3.06
Pd2Tm1Sn1,3,2.82
Pd2Y0.9Yb0.1Sn1,4,4.37
Pd2Y0.7Yb0.3Sn1,4,4.03
Pd2Yb1Sn1,3,2.42
Pd2Sc1Sn1,3,2.05
Pd2Lu1Sn1,3,3.05
Pd2Sc1Pb1,3,2.4
Pd2Y1Pb1,3,2.3
Pd2Tm1Pb1,3,2.1
Pd2Yb1Pb1,3,2.8
Pd2Lu1Pb1,3,2.4
C2Mo3,2,7.4
La1.85Sr0.11Ho0.04Cu1O4,5,13.9
La1.81Sr0.15Ho0.04Cu1O4,5,32.5
La1.76Sr0.2Ho0.04Cu1O4,5,28.4
La1.71Sr0.25Ho0.04Cu1O4,5,10.1
La1.85Sr0.11Ho0.04Cu1O4,5,11.7
La1.81Sr0.15Ho0.04Cu1O4,5,30.8
La1.76Sr0.2Ho0.04Cu1O4,5,27.3
La1.71Sr0.25Ho0.04Cu1O4,5,9.8
Mg0.983Al0.017B1,3,35.9
Mg0.927Al0.073B1,3,33.0
Ca0.2Ba1.55La1.25Cu3O7.159,5,68.7
Ca0.3Ba1.45La1.25Cu3O7.172,5,76.9
La1.925Ce0.075Cu1O4,4,3.92
La1.91Ce0.09Cu1O4,4,22.5
La1.895Ce0.105Cu1O4,4,24.3
La1.88Ce0.12Cu1O4,4,24.3
La2Cu1O4,3,37.8
La1.97Ce0.03Cu1O4,4,31.1
La1.94Ce0.06Cu1O4,4,7.97
La1.936Ce0.064Cu1O4,4,13.8
La1.891Ce0.109Cu1O4,4,28.5
La1.821Ce0.179Cu1O4,4,7.225
La1.87Ce0.13Cu1O,4,23.5
W0.474O0.106C0.42,3,3.85
Cu3.5V0.5Sr2Ca1O,5,98.0
Cu4.5V0.5Sr2Ca1O,5,98.0
Cu4.5V0.5Sr2Ca1O,5,107.0
Cu5.5V0.5Sr2Ca1O,5,75.0
Cu6.5V0.5Sr2Ca1O,5,73.0
Cu7.5V0.5Sr2Ca1O,5,73.0
Cu5.5V0.5Sr2.4Ca3.6O,5,75.0
Cu6.5V0.5Sr3.75Ca3.25O,5,75.0
Cu7.5V0.5Sr3.94Ca4.06O,5,75.0
Ba1Pb0.75Bi0.25O3,4,12.5
Mo1B0.01C0.82,3,12.2
Mo1B0.03C0.82,3,11.8
Mo1B0.05C0.82,3,11.5
Mo0.95Hf0.05C0.65,3,8.81
Mo0.95Hf0.05C0.68,3,9.87
Mo0.95Hf0.05C0.7,3,10.9
Mo0.95Hf0.05C0.73,3,12.0
Mo0.95Hf0.05C0.74,3,12.4
C1Mo2,2,2.8
C1Mo2,2,4.1
C0.64Mo1,2,8.9
C0.75Mo1,2,14.7
C6Ca1,2,11.4
Pr1.85Ce0.15Cu1O4,4,20.0
Pr1.85Ce0.15Cu1O4,4,21.0
Pr1.83Ce0.17Cu1O4,4,15.0
Mg10Ir19B16,3,4.4
K1Os2O6,3,9.73
Hg0.8Sb0.2Ba2Ca2Cu3O8,6,126.0
Hg0.8Sb0.15Pb0.05Ba2Ca2Cu3O8,7,127.0
Hg0.8Sb0.1Pb0.1Ba2Ca2Cu3O8,7,129.0
Hg0.8Sb0.05Pb0.15Ba2Ca2Cu3O8,7,133.0
Hg0.8Pb0.2Ba2Ca2Cu3O8,6,130.0
Ba1Al0.95Si1.05,3,2.8
Pd2Yb1Pb1,3,2.5
La1Ni1C2,3,2.9
Pr1Os4Sb12,3,1.85
Pr0.95La0.05Os4Sb12,4,1.84
Pr0.8La0.2Os4Sb12,4,1.8
Pr0.6La0.4Os4Sb12,4,1.67
Pr0.2La0.8Os4Sb12,4,1.07
La1Os4Sb12,3,0.74
C3Y2,2,15.7
Ce2Rh1In8,3,0.6
C60Ca5,2,8.4
Ba4C60,2,6.7
C60Sr4,2,4.4
Hg1Pb1.8,2,5.7
Hg1Pb2,2,5.8
Hg1Pb2.1,2,5.85
Hg1Pb2.3,2,6.0
C6Ca1,2,11.62
C6Ca1,2,11.57
Hg1Sm0.5Pb2,3,5.7
Hg1Sm1Pb2,3,5.9
Hg1Sm0.5In0.5Pb2,4,6.9
Y1,1,19.5
Ca1,1,25.0
Ce2Rh1In8,3,0.65
Ce0.15Ru0.85,2,3.9
Lu5Ir4Si10,3,3.9
Na0.33V2O5,3,6.0
Ce1Co1Ge3,3,0.7
Lu5Ir4Si9.95Ge0.05,4,4.1
Lu5Ir4Si9.9Ge0.1,4,4.7
Lu5Ir4Si9.8Ge0.2,4,5.8
Lu5Ir4Si9.5Ge0.5,4,6.0
Lu5Ir4Si9Ge1,4,6.38
Hg1Ba2Cu1O4,4,26.0
Hg1Ba2Cu1O4,4,46.0
Hg1Ba2Cu1O4,4,62.0
Hg1Ba2Cu1O4,4,77.0
Al1,1,1.159
Ga1,1,1.061
Cd1,1,0.541
Ba8Si40Ga6,3,3.3
Bi2Rh3Se2,3,0.84
Nb2Se3,2,2.3
Ce0.147Ru0.853,2,3.6
Ca0.1La1.15Ba1.75Cu3O7.148,5,57.1
Lu5Ir4Si8Ge2,4,6.6
Lu5Ir4Si6Ge4,4,5.1
Lu5Ir4Ge10,3,2.5
Ba8Si42Cu4,3,2.9
Mg0.95Cu0.05B2,3,37.75
Ba8Si46,2,8.4
Ba8Ge46,2,10.0
Ba8Ge42Co4,3,7.0
Cu0.07Ti1Se2,3,3.9
Tl2Ba2Cu1O6,4,84.0
Tl2Ba2Cu1O6,4,76.0
Tl2Ba2Cu1O6,4,72.0
Tl2Ba2Cu1O6,4,27.0
Tl2Ba2Cu1O6,4,26.0
Cu0.045Ti1Se2,3,0.95
Cu0.05Ti1Se2,3,1.4
Cu0.06Ti1Se2,3,2.39
Cu0.08Ti1Se2,3,4.15
Cu0.1Ti1Se2,3,2.68
Ru1Sr2Gd1Cu2O8,5,39.0
Ru0.98Ir0.02Sr2Gd1Cu2O8,6,38.0
Ru0.95Ir0.05Sr2Gd1Cu2O8,6,32.5
Ru0.9Ir0.1Sr2Gd1Cu2O8,6,22.0
Li2Pd3B1,3,6.87
Cd1C1Ni3,3,3.2
Cd1C1Ni3,3,2.8
La1Ir1Si3,3,0.77
Ce1Ir1Si3,3,1.59
Ce1Ir0.8Co0.2Si3,4,0.62
Ce1Ir0.65Co0.35Si3,4,0.75
Rb0.19W1O3.001,3,5.02
Rb0.23W1O3.05,3,5.01
Rb0.27W1O2.93,3,3.0
La6Zn1Sb15,3,3.74
Cu0.06Ti2Se2,3,2.0
Cu0.08Ti2Se2,3,3.95
Cu0.1Ti2Se2,3,2.95
Ru1Sr2Gd1.5Ce0.5Cu2O10,6,25.0
Ru0.9Nb0.1Sr2Gd1.5Ce0.5Cu2O10,7,26.8
Ru0.8Nb0.2Sr2Gd1.5Ce0.5Cu2O10,7,28.0
Ru0.7Nb0.3Sr2Gd1.5Ce0.5Cu2O10,7,27.4
Ru0.6Nb0.4Sr2Gd1.5Ce0.5Cu2O10,7,27.0
Ru0.5Nb0.5Sr2Gd1.5Ce0.5Cu2O10,7,25.7
C0.3Ba2Ca4Cu5.7O12.8,5,99.0
C0.3Ba2Ca4Cu5.7O12.965,5,93.3
Na0.33Ta1S2,3,4.7
K0.33Ta1S2,3,3.8
Rb0.33Ta1S2,3,3.0
Cs0.33Ta1S2,3,3.8
Na0.5Nb1S2,3,1.3
K0.5Nb1S2,3,1.7
Rb0.5Nb1S2,3,1.8
Cs0.5Nb1S2,3,2.8
H0.1Ta1S2,3,3.9
Ca0.6Mo1S2,3,4.0
Sr0.8Mo1S2,3,5.6
Be30Zr70,2,2.8
Be35Zr65,2,2.6
Be40Zr60,2,2.1
Mo64Ru16P20,3,7.31
Mo48Ru32P20,3,6.18
Mo32Ru48P20,3,4.68
Mo16Ru64P20,3,3.43
Mo80P10B10,3,9.0
Mo64Re16P10B10,4,8.71
Al0.2La0.8,2,4.43
Al0.22La0.78,2,4.3
Al0.25La0.75,2,3.98
Al0.27La0.73,2,3.82
Al0.32La0.68,2,3.23
Al0.18La0.82,2,4.65
Au0.2La0.8,2,4.23
Ge0.2La0.8,2,5.1
Pd0.3Zr0.7,2,2.53
Au0.2La0.8,2,3.71
Au0.24La0.76,2,3.28
Zr41.2Ti13.8Cu12.5Ni10Be22.5,5,1.1
Zr41.2Ti13.8Cu12.5Ni10Be22.5,5,0.9
Sn1,1,4.46
Cu20Sn80,2,5.71
Cu30Sn70,2,4.91
Cu40Sn60,2,4.19
Cu50Sn50,2,3.26
Cu60Sn40,2,2.26
Cu70Sn30,2,1.2
B0.69Mg0.31,2,5.7
Ti70Nb15Si15,3,4.6
Ti55Nb30Si15,3,4.9
Ti60Nb25Si15,3,4.8
Ti50Nb35Si15,3,5.0
Ti45Nb40Si15,3,5.1
Ti56Nb30Si14,3,5.0
Ti54Nb30Si16,3,4.8
Ti52Nb30Si18,3,4.7
Au22La78,2,3.934
La75Au15Cu10,3,3.795
Mo30Re70,2,7.62
Ge1Nb3,2,3.342
Cu40Zr60,2,1.6
Cu40Zr60,2,1.14
Cu40Zr60,2,0.78
Cu50Zr50,2,0.74
Cu50Zr50,2,0.54
Cu50Zr50,2,0.35
Ti55Nb30Si12B3,4,5.0
Ti45Nb40Si12B3,4,5.4
Nb55Rh45,2,5.13
Ir45Nb55,2,4.88
Rh45Ta55,2,3.37
Ir45Ta55,2,3.39
Nb41.25Ta13.75Rh45,3,4.615
Nb27.5Ta27.5Rh45,3,3.965
Nb13.75Ta41.25Rh45,3,3.56
Nb41.25Ta13.75Ir45,3,4.35
Nb27.5Ta27.5Ir45,3,3.935
Nb13.75Ta41.25Ir45,3,3.315
Rh43Zr57,2,2.18
Rh41Zr59,2,2.44
Rh37Zr63,2,2.86
Rh27Zr73,2,3.57
Rh24Zr76,2,3.67
Rh23Zr77,2,3.66
Rh20Zr80,2,3.72
Ru28Zr72,2,3.76
Ru27Zr73,2,3.11
Ru22Zr78,2,3.73
Ru18Zr82,2,3.78
Ru18Zr82,2,3.33
Ru13Zr87,2,3.57
Ru11Zr89,2,3.84
Ru11Zr89,2,3.9
Ru8Zr92,2,3.79
Re30Zr70,2,2.69
Re16Zr84,2,3.32
Re10Zr90,2,4.12
Co1Zr2,2,3.0
Ni1Zr2,2,2.77
Pd1Zr2,2,2.36
Ni1Zr3,2,3.35
Pd1Zr3,2,2.96
Rh1Zr3,2,4.3
Co21Zr79,2,3.78
Co25Zr75,2,3.47
Co28Zr72,2,3.12
Co35Zr65,2,2.48
Ni22Zr78,2,3.47
Ni24Zr76,2,3.29
Ni27Zr73,2,3.1
Zr70.2Ti7.8Ni22,3,3.32
Zr62.4Ti15.6Ni22,3,3.09
Zr54.6Ti23.4Ni22,3,2.78
Zr74.1Ti3.9Ni22,3,3.65
Zr66.3Ti11.7Ni22,3,3.56
Zr62.4Ti15.6Ni22,3,3.34
Ni19.75Zr79Mn1.25,3,1.92
Ni19.5Zr78Mn2.5,3,1.41
Cu19.8Zr79.2Mn1,3,2.11
Cu19.6Zr78.4Mn2,3,1.14
Pd35Zr65,2,1.98
Pd34Zr66,2,2.1
Pd32Zr68,2,2.24
Pd31Zr69,2,2.34
Pd29Zr71,2,2.49
Pd27Zr73,2,2.6
Pd23Zr77,2,2.84
Pd22Zr78,2,2.88
Pd20Zr80,2,2.91
Ni31Zr69,2,2.44
Ni30Zr70,2,2.58
Ni29Zr71,2,2.64
Ni24Zr76,2,2.94
Ni21Zr79,2,3.06
Ni20Zr80,2,3.17
Ni18Zr82,2,2.98
Ni17Zr83,2,3.0
Ni16Zr84,2,3.06
Co35.38Zr64.62,2,2.67
Co25Zr75,2,3.18
Fe30Zr70,2,0.5
Si,1,5.0
Si,1,6.8
Ni20Zr80,2,3.77
Ni29Zr71,2,2.92
Ni33Zr67,2,2.6
Ni36.5Zr63.5,2,2.44
Ni40Zr60,2,2.31
Ni45Zr55,2,2.0
Nb82Si18,2,4.4
Nb81Si19,2,4.35
Nb80Si20,2,4.23
Nb70Mo10Si20,3,4.8
Nb60Mo20Si20,3,5.0
Nb55Mo25Si20,3,5.3
Nb80Si16C4,3,4.5
Nb80Si16Ge4,3,4.7
Nb80Si16B4,3,4.7
Li2Pd3B1,3,8.0
Pr1Os4Sb12,3,1.86
La9Br5B3C6,4,6.0
Ce1Pt3Si1,3,0.68
Ce0.99La0.01Pt3Si1,4,0.57
Ce0.985La0.015Pt3Si1,4,0.15
Ce0.98La0.02Pt3Si1,4,0.03
C1,1,3.95
Cu1.3K0.2Co1.5S4,4,4.4
B12Zr1,2,6.2
Pr1Os4Sb12,3,1.77
Pr1Os3.8Ru0.2Sb12,4,1.63
Pr1Os3.6Ru0.4Sb12,4,1.62
Pr1Os3.2Ru0.8Sb12,4,1.54
Pr1Os2.4Ru1.6Sb12,4,1.21
Pr1Os1.6Ru2.4Sb12,4,0.75
Pr1Os0.6Ru3.4Sb12,4,0.94
Pr1Ru4Sb12,3,1.11
Lu4Co6Sn19,3,1.5
Sc4Rh6Sn19,3,4.5
Y4Rh6Sn19,3,3.2
Er4Rh6Sn19,3,1.2
Tm4Rh6Sn19,3,2.3
Lu4Rh6Sn19,3,4.0
Sc4Ir6Sn19,3,1.1
Lu4Ir6Sn19,3,3.2
Tl1Mo3Te3,3,5.84
Te2Mo6Se6,3,3.0
La3Ir2Ge2,3,4.7
B2Mg1,2,38.6
Mg0.9Al0.1B2,3,37.5
Mg0.8Al0.2B2,3,33.4
Mg0.7Al0.3B2,3,26.7
Ba1,1,0.5
Ba1,1,4.8
Sr1,1,3.55
La1,1,5.9
La1,1,4.86
Ce0.0007La0.9993,2,4.65
Ce0.013La0.987,2,3.7
Ce0.013La0.987,2,3.1
Ce0.02La0.98,2,2.56
Sc1,1,0.34
Zr1,1,0.52
Nb1,1,9.2
Ta1,1,4.4
Sn1,1,3.732
In1,1,3.403
Ta1,1,4.301
Tl1,1,2.38
Hg1,1,4.156
Hg1,1,4.017
Al1,1,1.18
Te1,1,6.3
P1,1,10.7
As0.1P0.9,2,9.9
As1,1,2.4
Si1,1,8.4
Si1,1,5.2
Te1,1,4.3
Te3Zr1,2,2.1
Mg0.95Al0.05B2,3,36.6
Mg0.93Al0.07B2,3,35.8
Mg0.9Al0.1B2,3,33.4
Mg0.85Al0.15B2,3,31.5
Mg0.8Al0.2B2,3,29.1
Mg0.9Al0.1B2,3,32.1
Mg0.8Al0.2B2,3,25.6
Mg0.7Al0.3B2,3,7.9
Mg1B1.924C0.076,3,36.0
Mg1B1.8C0.2,3,21.0
Mg1C1.6Ni3,3,6.9
Mg1C1Ni3,3,6.4
Pb0.996Tl0.004Te1,3,0.061
Pb0.9922Tl0.0078Te1,3,0.51
Pb0.987Tl0.013Te1,3,1.32
Sn0.87Ag0.1Te1,3,1.88
Sn0.97Te1,2,0.189
Sn0.97Te1,2,0.087
P3Sn4,2,1.24
As3Sn4,2,1.23
Te3Tl5,2,2.21
Nb1N1.34O0.27,3,11.3
Nb1N1.25O0.25,3,11.9
Nb1N1.22O0.18,3,12.3
Nb1N1.08O0.27,3,12.8
Nb1N0.9O0.02,3,14.7
In0.95Te1,2,2.7
In0.91Te1,2,2.04
In0.87Te1,2,1.55
In0.83Te1,2,1.15
In0.82Te1,2,1.06
In1.15Te1,2,2.6
In1.1Te1,2,2.8
In1.05Te1,2,3.41
In1.015Te1,2,3.51
In1Te1,2,3.45
Sr0.925Ba0.075Ti1O3,4,0.5
As1Ga1,2,4.8
Al1Sb1,2,2.8
Ga1Sb1,2,4.2
In1Te1,2,2.18
Bi1Sn1,2,7.88
Bi2Te3,2,2.8
Sr1Ti1O3,3,0.43
Sr1Ti1O3,3,0.33
Sr1Ti1O3,3,0.3
Sr0.95Ba0.05Ti1O3,4,0.5
Sr0.7Ca0.3Ti1O3,4,0.5
In1Sb1,2,2.0
In1Sb1,2,4.1
In1Sb1,2,3.6
W7Re13B1,3,7.1
W7Re13C1,3,7.3
Na0.65H5Sn1.16S5.16Ta2O2.5,6,4.0
Na0.4H3.6Pb1.14S5.14Ta2O1.8,6,3.7
Na0.4H3.6Sb1.16S5.16Ta2O1.8,6,3.5
Li2B1Pd3,3,7.61
Li2B1Pd2.7Pt0.3,4,6.59
Li2B1Pd2.4Pt0.6,4,4.9
Li2B1Pd1.5Pt1.5,4,3.72
Li2B1Pd0.9Pt2.1,4,2.31
Li2B1Pt3,3,1.86
La1Fe4P12,3,4.0
La1Ru4P12,3,7.0
La1Os4P12,3,1.8
Ce1Co1In5,3,2.25
Cs1Os1O6,3,3.3
Rb1Os1O6,3,6.3
B2Nb1,2,4.44
B2.03Nb1,2,5.26
B2.1Nb1,2,5.8
Pb1,1,7.193
Sn1Te1,2,0.214
Sn1Te1,2,0.174
Sn1Te1,2,0.104
Sn1Te1,2,0.068
Sn1Te1,2,0.034
La3Se4,2,10.0
In1Te1,2,3.2
As3Sn4,2,1.16
In3Te4,2,1.15
Ge3Te4,2,1.55
Sr0.95Ba0.05Ti1O3,4,0.55
Sr0.925Ca0.075Ti1O3,4,0.5
Sr0.7Ca0.3Ti1O3,4,0.55
In0.03Sn0.97Te1.01,3,1.07
In0.04Sn0.96Te1.01,3,1.14
In0.045Sn0.955Te1.01,3,1.2
In0.05Sn0.95Te1.01,3,1.43
In0.06Sn0.94Te1.01,3,1.36
In0.08Sn0.92Te1.01,3,1.45
In0.1Sn0.9Te1.01,3,1.75
Mg1B1.924C0.076,3,35.5
Mg1B1.85C0.15,3,27.2
Mg1B1.8C0.2,3,21.5
Mg0.8Al0.2B2,3,22.9
B2Mg1,2,30.4
B2Mg1,2,22.8
B2Mg1,2,17.1
B2Mg1,2,13.6
B2Mg1,2,8.13
Mg0.978Al0.022B2,3,34.7
Mg0.956Al0.044B2,3,34.0
Mg0.915Al0.085B2,3,32.4
Mg0.815Al0.185B2,3,25.3
B2Mg1,2,38.2
Mg0.815Al0.09B2,3,32.7
Mg0.815Al0.18B2,3,25.7
Mg0.815Al0.024B2,3,35.0
Mg0.815Al0.092B2,3,32.0
Li2Pd3B1,3,7.1
Mg1C1Ni3,3,6.9
Mg1C0.925Ni3,3,7.09
Mg1C0.885B0.04Ni3,4,6.97
Mg1C0.853B0.072Ni3,4,6.76
Mg1C0.814B0.111Ni3,4,6.88
Mg1C0.771B0.154Ni3,4,6.44
Ce1Co1In5,3,2.26
Ce1Co1In4.94Sn0.06,4,1.56
Na0.1Ta1S2,3,4.4
Na0.05Ta1S2,3,4.0
C60Rb3,2,30.9
Zr1N1Cl0.7,3,12.8
Ce1Rh0.6Co0.4In5,4,1.5
Ce1Rh0.4Co0.6In5,4,1.43
Ce1Rh0.35Co0.65In5,4,1.38
Ce1Rh0.29Co0.71In5,4,1.56
Ce1Rh0.23Co0.77In5,4,1.38
Ce1Rh0.13Co0.87In5,4,1.73
Ce1Rh0.07Co0.93In5,4,1.89
Nb1Se3,2,5.0
Nb1Se3,2,3.71
Ba7.76Si46,2,9.0
Ba7.61Si46,2,8.2
Ba6.63Si46,2,6.0
Ba6.62Si46,2,5.0
Ce0.9Pr0.1Ru2,3,6.55
Ce0.8Pr0.2Ru2,3,5.82
Ce0.7Pr0.3Ru2,3,5.11
Ce0.65Pr0.35Ru2,3,1.25
Ge2La1,2,2.24
Ge1.9La1,2,2.17
Ge1.85La1,2,2.17
Ge1.83La1,2,2.17
Ge1.81La1,2,2.17
Ge1.8La1,2,1.87
Ge1.78La1,2,1.57
Ge3Y1,2,2.35
Mg0.99Cr0.01B2,3,36.7
Mg0.98Cr0.02B2,3,35.3
Mg0.97Cr0.03B2,3,35.1
Dy0.95Tb0.05Ni2B2C1,5,5.61
Dy0.9Tb0.1Ni2B2C1,5,4.7
Dy0.75Tb0.25Ni2B2C1,5,3.24
Dy1Ni2B2C1,4,6.24
Pr2Ba4Cu7O14.5,4,10.0
Pr2Ba4Cu7O15,4,15.0
Sr2Ca12Cu24O41,4,5.18
La1Os4Sb12,3,1.0
Ce1Cu2Si2,3,0.64
Hf1V2,2,8.6
Hf1V2,2,7.6
C6Ca1,2,11.5
La1.75Nd0.1Sr0.15Cu1O4,5,31.8
La1.65Nd0.2Sr0.15Cu1O4,5,29.0
La1.55Nd0.3Sr0.15Cu1O4,5,19.2
La1.45Nd0.4Sr0.15Cu1O4,5,9.0
Bi2Sr1.6La0.4Cu1O6,5,34.0
Bi2Sr1.6Nd0.4Cu1O6,5,29.5
Bi2Sr1.6Eu0.4Cu1O6,5,16.0
Bi2Sr1.6Gd0.4Cu1O6,5,12.9
Bi2Sr1.6La0.2Gd0.2Cu1O6,6,27.0
Cd0.01In0.99,2,3.3445
Cd0.02In0.98,2,3.2945
Cd0.03In0.97,2,3.2755
Cd0.04In0.96,2,3.2595
In1La3,2,9.46
La2.9579Ce0.0421In1,3,7.11
La2.9394Ce0.0606In1,3,5.72
La2.9251Ce0.0749In1,3,4.42
La2.9234Ce0.0766In1,3,4.02
La2.9602Gd0.0398In1,3,6.04
B12Zr1,2,5.94
B1Mo2,2,5.86
B1W2,2,3.18
Nb3Sn1,2,17.9
Sn1,1,3.72
Ir1Mo3,2,8.35
Mo1,1,0.916
B2Mg1,2,38.81
Ag0.15Bi0.85,2,5.3
Ag1Bi2,2,3.0
Ag7F4O8B1,4,0.15
Ag0.002Al0.998,2,1.128
Ag0.167Al0.833,2,0.88
Ag7F0.25N0.75O10.25,4,1.04
Ag7F2H1O8,4,1.5
Ag2I1,2,0.066
Ag0.035Cd0.01Sn0.955,3,3.65
Ag1La1,2,1.2
Ag1La1,2,0.96
Ag0.12In0.88,2,4.69
Ag2In1,2,2.11
Ag0.438Hg0.562,2,0.64
Ag0.45Ge0.55,2,1.5
Ag4Ge1,2,0.85
Ag0.05Rh0.04Ti0.91,3,1.95
Ag2Pb3S1,3,1.13
Ag0.15Pb0.975Sn0.01,3,7.25
Ag1Nb3,2,8.28
Ag1.2Mo4.8S6,3,8.9
Ag1Mo4S5,3,7.7
Ag1Mo4S5,3,8.3
Ag1Te3,2,2.6
Al1Au4,2,0.7
Al2Au1,2,0.095
Al0.9As0.05Ga0.05Nb3,4,19.2
Al1,1,1.175
Ag0.005Zn0.995,2,0.763
Ag0.1Tl0.9,2,3.57
Ag1Tl1,2,2.67
Ag0.94Tl0.06,2,2.32
Al0.95Be0.05Nb3,3,19.6
Al0.1Be0.9,2,7.2
Al0.3Be0.7,2,6.5
Al0.95B0.05Nb3,3,19.1
Al0.2B5Mo1.8,3,5.7
Al2Ca1Si1,3,5.8
Al0.5Ga0.5V3,3,12.9
Al0.5Ga0.5Nb3,3,19.0
Al0.9Ga0.1Nb3,3,17.7
Al0.999Fe0.001,2,1.5
Al0.997Er0.003,2,1.658
Al1Cu1,2,3.45
Al2.06Cu1,2,0.65
Al1Cr0.3Nb2.7,3,14.1
Al0.8Ge0.2Nb3,3,20.05
Al0.9Ge0.1Nb3,3,18.9
Al1Ge1Nb3,3,19.5
Al0.77Ge0.23Nb3,3,20.75
Al1Ge1,2,5.5
Al0.9Ge0.1,2,6.45
Al0.964Ge0.036,2,2.74
Al0.33Ge0.67,2,1.75
Al2Gd0.002La0.998,3,2.45
Al0.1Ga0.9V3,3,13.9
Al0.3Ga0.7V3,3,13.9
Al1La3,2,6.16
Al2La1,2,0.3
Al2La1,2,2.237
Al0.046In0.151Sn0.803,3,4.38
Al0.75Ge0.25Nb3.8,3,20.34
Al0.75Ge0.25Nb0.003,3,20.7
Al0.66Ge0.22Nb3.1,3,20.29
Al0.75Ge0.25Nb3,3,20.2
Al0.39Mg0.61,2,1.5
Al0.6Mg0.4,2,1.7
Al0.61Mg0.39,2,0.85
Al0.28Mg0.18,2,1.63
Al3Mg2,2,0.84
Al1Nb3,2,18.1
Al1Nb3,2,18.52
Al1Nb3,2,18.8
Al1Nb3,2,3.1
Al0.33Nb0.67,2,13.5
Al2N1Nb3,3,1.3
Al1N1,2,1.55
Al0.5Mo5S6Sn1,4,14.2
Al1Mo6Pd1,3,2.1
Al1Mo3,2,0.58
Al1Nb2.1V0.9,3,12.5
Al1Nb1Sn1,3,17.45
Al0.5Nb3Sn0.5,3,15.8
Al0.22Nb0.75Si0.3,3,19.2
Al0.9Nb3Sb0.1,3,18.06
Al0.95Nb3Sb0.5,3,17.81
Al0.01Nb0.97O0.02,3,8.3
Al0.04Nb0.895O0.06,3,7.1
Al1Nb2Ni1,3,4.2
Al1Nb3,2,17.4
Al1Nb3,2,18.6
Al0.215Nb0.785,2,17.97
Al2Pt1,2,0.55
Al1Os1,2,0.39
Al3Os1,2,5.9
Al13Os4,2,5.5
Al0.175Nb0.775Zr0.05,3,10.0
Al0.23Nb0.75Zr0.013,3,18.3
Al1Nb2.7V0.3,3,15.4
Al1Ta3,2,1.59
Al0.152Sn0.848,2,3.69
Al0.2Si0.8V3,3,15.7
Al0.1Si0.9V3,3,16.1
Al5Re24,2,3.35
Al6Re1,2,1.85
Al1V3,2,10.3
Al0.108V0.892,2,1.82
Al0.03Ti0.81V0.16,3,5.1
Al0.992Zn0.008,2,1.132
Al3Yb1,2,0.94
As2Cd1Sn1,3,2.29
As2Cd1Ge1,3,3.02
As1Bi1Pb1Sb1,4,9.0
As1Bi1Pb1,3,9.0
As0.15Bi0.15Nb3Sn0.7,4,18.07
Al1Zr3,2,0.73
Al2Zr1,2,0.35
As1Ge1,2,3.5
As0.15Ga0.15Nb3Sn0.7,4,18.01
As1Pb1,2,8.4
As0.15Nb3Sn0.7Tl0.15,4,17.98
As0.15Nb3Sn0.85,3,17.98
As0.15Nb3Pb0.15Sn0.7,4,18.05
As2Mo1,2,0.41
As0.15In0.15Nb3Sn0.7,4,17.99
As2Pd5,2,0.46
As1Pd2,2,0.6
As1Pd2,2,1.7
As1Sn1,2,4.1
As0.25Se0.75Y1,3,0.78
As1Rh1,2,0.58
As2W1,2,0.9
Au1Ga1,2,1.2
Au5Ca1,2,0.34
Au0.1C1.3Y0.9,3,10.1
Au2Bi1,2,1.84
Au1Be1,2,0.91
Au1Be1,2,2.64
Au5Ba1,2,0.4
Au0.2B5Mo1.8,3,4.5
Au1In1,2,0.6
Au1In2,2,0.22
Au0.41Ge0.59,2,2.2
Au0.5Ge0.5,2,3.6
Au1Ge1,2,2.7
Au1Ga2,2,1.9
Au1Ga2,2,1.12
Au0.25Nb0.75,2,11.2
Au1Nb3,2,1.2
Au1Nb3,2,11.5
Au1Nb3,2,11.22
Au0.22La0.78,2,3.4
Au0.24La0.76,2,4.0
Au0.33La0.67,2,3.2
Au0.2Sn0.8,2,2.38
Au1Sn1,2,1.25
Au5Sn1,2,1.1
Au1Sb2,2,0.58
Au0.5Rh0.4Ti0.91,3,3.0
Au0.167Pd0.166Te0.667,3,4.6
Au0.3Pd0.033Te0.666,3,2.6
Au0.95Pd0.5Ga2,3,1.75
Au1Pb3,2,4.4
Au1Pb2,2,3.1
Au2Pb1,2,1.18
Au0.7Nb3Pt0.3,3,12.5
Au1Zr3,2,0.92
Au1Zn3,2,1.21
Au0.23V0.77,2,0.66
Au1Tl1,2,1.92
Au0.27Tl0.73,2,2.04
Au1Tl2,2,4.25
Au3Te5,2,1.62
Au1Ta4.3,2,0.51
B1C1Mo2,3,7.1
B5Hf0.2Nb1.8,3,3.6
B5Hf0.2Mo1.8,3,8.4
B1Hf1,2,3.1
B5Mo1.7Nb0.3,3,8.3
B5Mo0.2Nb1.8,3,4.3
B1Mo2,2,5.85
B2.5Mo1,2,7.45
B12Lu1,2,0.48
B2.5Nb1,2,6.4
B5Mo1.69Zr0.31,3,11.2
B5Mo1.9Zr0.1,3,8.9
B5Mo1.9Y0.1,3,8.0
B5Mo1.7V0.3,3,5.5
B5Mo1.7Ti0.3,3,7.1
B5Mo1.7Ta0.3,3,7.0
B1Mo1.75Ta0.25,3,3.05
B1Mo1.5Ta0.5,3,1.81
B5Mo1.8Sc0.2,3,8.8
B3Mo6S8Sn1,4,15.0
B5Nb1.8Zr0.2,3,5.9
B5Nb1.9Y0.1,3,9.3
B5Nb1.8V0.2,3,2.5
B5Nb1.9Ti0.1,3,4.0
B5Nb1.9Sc0.1,3,6.6
B5Nb1.8Ru0.2,3,6.0
B1Nb1,2,8.25
B3Ru7,2,2.58
B1Re2,2,4.6
B6Nd1,2,3.0
B1Ta1,2,4.0
B12Sc1,2,0.39
B1Ta1.5W0.5,3,0.25
B1Zr1,2,3.4
B12Yb0.01Zr0.99,3,4.4
B6Y1,2,6.5
B12Y1,2,4.7
B1W2,2,3.22
Ba0.1Pb3Sr0.9,3,1.75
Ba0.14O3W1,3,2.2
Ba0.13O3W1,3,1.9
Ba1Hg1,2,2.32
Ba1Bi3,2,5.8
Ba1,1,3.0
Ba1,1,4.5
Ba1,1,4.7
Ba1,1,4.9
Ba1,1,5.1
Be0.92Cu0.08,2,0.84
Ba1Rh2,2,6.0
Be5Ga1,2,5.8
Be6Ga1,2,6.0
Be8Ga1,2,5.7
Be13Ga1,2,5.6
Be22Ga1,2,5.7
Be0.858Cu0.142,2,0.56
Be0.89Cu0.11,2,1.11
Be12Mg1Re1,3,10.1
Be5Ir1,2,1.5
Be2Ga1,2,6.3
Be3Ga1,2,6.7
Be22Mo0.6Re0.4,3,8.3
Be22Mo0.3Re0.7,3,8.6
Be22Mo0.4Re0.6,3,8.6
Be22Mo1,2,2.545
Be0.96Ni0.04,2,0.76
Be0.934Ni0.066,2,0.88
Be0.9Ni0.1,2,0.58
Be0.9Ni0.1,2,2.38
Be21Ni5,2,0.72
Be8Nb5Zr2,3,5.2
Be2Nb1.5Ta1.5,3,1.7
Be2Nb3,2,2.3
Be2Nb1,2,2.15
Be17Nb2,2,1.47
Be0.86Pb0.14,2,9.7
Be22Os0.005Re1,3,9.8
Be0.8Os0.2,2,8.6
Be0.95Os0.05,2,0.57
Be2Os1,2,3.07
Be5Os1,2,9.2
Be22Re0.95W0.05,3,9.45
Be22Re0.95Os0.05,3,9.2
Be0.96Re0.04,2,9.5
Be0.957Re0.043,2,9.67
Be0.98Re0.02,2,9.75
Be22Re1,2,9.33
Be5Pt1,2,2.3
Be2Ru1,2,1.35
Be13Ru1,2,1.3
Be2Rh1,2,1.37
Be2Ta3,2,1.0
Be0.62Si0.38,2,9.0
Be0.95Ru0.05,2,1.47
Bi3Ca1,2,2.0
Bi0.1C1.45Y0.9,3,9.35
Bi1Co1,2,0.49
Bi0.54Cd0.2Sn0.26,3,3.69
Bi0.5Cd0.125Pb0.25Sn0.125,4,8.2
Bi0.6Cd0.4,2,0.53
Bi0.15Ge0.15Nb3Sn0.7,4,17.75
Bi0.15Ga0.15Nb3Sn0.7,4,18.04
Bi1Cu1,2,1.4
Bi1Cu1,2,2.2
Bi2Cs1,2,4.75
Bi1In1,2,7.95
Bi0.015In0.985,2,3.725
Bi0.019In0.981,2,3.86
Bi0.02In0.98,2,3.845
Bi0.025In0.975,2,4.07
Bi0.05In0.95,2,4.65
Bi0.1In0.9,2,5.05
Bi0.343In0.657,2,5.55
Bi3In5,2,4.2
Bi1In2,2,5.87
Bi1In2,2,5.6
Bi1Li1,2,2.455
Bi2K1,2,3.57
Bi2K1,2,3.58
Bi2Ir1,2,3.96
Bi0.15In0.15Nb3Sn0.7,4,18.01
Bi1Ni1,2,4.25
Bi3Ni1,2,4.06
Bi0.15Nb3Sn0.7Tl0.15,4,18.12
Bi0.15Nb3Sn0.85,3,18.23
Bi1Nb3,2,4.5
Bi1Na1,2,2.25
Bi3Mo1,2,3.7
Bi0.575Pb0.425,2,8.03
Bi0.625Pb0.375,2,8.05
Bi0.07Pb0.93,2,7.7
Bi0.1Pb0.9,2,7.95
Bi0.2Pb0.8,2,8.15
Bi0.23Pb0.77,2,7.8
Bi0.26Pb0.74,2,8.3
Bi0.3Pb0.7,2,8.63
Bi0.35Pb0.65,2,8.7
Bi0.45Pb0.55,2,8.4
Bi0.5Pb0.5,2,8.4
Bi0.65Pb0.35,2,8.8
Bi1Pd1Se1,3,1.0
Bi0.4Pd0.6,2,4.0
Bi1Pd1,2,3.74
Bi2Pd1,2,1.73
Bi2Pd1,2,4.25
Bi0.5Pb0.25Sn0.25,3,8.5
Bi0.525Pb0.32Sn0.155,3,8.68
Bi1Pb1Sb1,3,8.9
Bi0.25Pb0.75,2,6.9
Bi0.45Pb0.55,2,7.0
Bi1Re2,2,2.2
Bi2Rb1,2,4.25
Bi1Pt1Te1,3,1.15
Bi1Pt1Se1,3,1.45
Bi2Pt1,2,0.155
Bi1Pd1Te1,3,1.2
Bi1Ru1,2,5.7
Bi0.8Rh0.2,2,2.7
Bi3Rh1,2,3.2
Bi1Rh1,2,2.06
Bi3Te1,2,1.0
Bi3Sr1,2,5.7
Bi0.4Sn0.6,2,7.34
Bi1Sn1,2,3.8
Bi1Sn1,2,4.2
Bi1Sn1,2,3.72
Bi0.5Sn0.5,2,0.788
Bi0.6Sn0.4,2,7.0
Bi0.57Sn0.43,2,2.25
Bi3Sn1,2,3.77
Bi2Y3,2,2.25
Bi0.85Tl0.15,2,6.23
Bi0.26Tl0.74,2,4.4
Bi5Tl3,2,6.4
Bi0.86Tl0.14,2,6.5
C1.35Ca0.1Y0.9,3,10.5
Bi0.3Zr0.7,2,1.51
Bi1Zr3,2,2.84
Bi3Zn1,2,0.87
C8Cs1,2,0.135
C1.45Cr0.1Y0.9,3,12.4
C1Hf0.15Mo0.85,3,9.0
C0.75Hf0.05Mo0.95,3,14.2
C1.35Ge0.1Y0.9,3,10.6
C1.5Ge3La5,3,3.3
C1Ga1Mo2,3,4.1
C1Ir1Mo3,3,3.2
C1Ir2Mo3,3,1.8
C13La1,2,4.8
C1.3La1,2,8.3
C3La2,2,11.0
C1.58La1,2,9.6
C2La1,2,1.44
C8K1,2,0.55
C1Ir2W3,3,2.1
C0.64Mo1,2,8.0
C0.69Mo1,2,12.1
C1Mo2,2,3.45
C1Mo2,2,10.8
C1Mo1,2,9.26
C1Mo1,2,14.3
C2Lu1,2,3.33
C0.5Mo0.17Zr0.42,3,9.5
C1.45Mo0.1Y0.9,3,13.8
C1Mo0.83Ti0.17,3,10.2
C1Mo0.85Ta0.15,3,8.9
C0.6Mo4.8Si0.3,3,7.6
C1Mo0.9Ru0.1,3,13.6
C1Mo0.9Re0.1,3,13.8
C2Mo1Re1,3,3.8
C1Mo3Pt2,3,1.1
C0.4Mo0.6,2,11.2
C0.42Mo1,2,2.8
C1Nb2,2,9.1
C1Nb1,2,11.1
C0.98Nb1,2,11.56
C1Nb1,2,12.0
C0.2N0.8Nb0.8V0.2,4,5.5
C0.25N0.75Nb0.85Ti0.15,4,17.8
C0.026N0.974Nb1,3,17.2
C1N1Nb1,3,17.3
C0.35N0.65Nb1,3,17.8
C0.6Pd1,2,1.3
C1Os2W3,3,2.9
C1.35Nb0.1Y0.9,3,10.8
C1Nb0.4Ta0.6,3,10.0
C1Ru1,2,2.04
C1Rh1,2,3.4
C1Rh1,2,1.6
C2Re1W1,3,3.8
C0.04Re0.96,2,1.98
C8Rb1,2,0.023
C1Pt2W3,3,1.2
C1Ta1,2,10.35
C1.35Sn0.1Y0.9,3,10.2
C1.35Si0.1Y0.9,3,11.3
C1.35Ru0.1Y0.9,3,11.2
C1Tc1,2,3.85
C1Ta0.5W0.5,3,10.1
C1Ta0.45W0.55,3,10.5
C1Ta0.4Ti0.6,3,4.8
C1Ta1,2,5.09
C1Ta2,2,3.26
C1.35Ti0.1Y0.9,3,10.7
C1.5Ti0.3Y0.7,3,12.9
C1W2,2,5.2
C1W2,2,4.05
C1W2,2,3.35
C0.46W0.54,2,9.0
C0.55W0.45,2,8.1
C0.5W0.5,2,10.0
C1.45V0.1Y0.9,3,11.5
C1.45Y0.9Zn0.1,3,13.0
C1.45Y1,2,11.5
C3Y2,2,11.5
C2Y1,2,3.75
C1.55W0.1Y0.9,3,14.5
Cd1,1,0.517
Ca1Tl3,2,2.04
Ca1Si2,2,1.58
Ca1Hg5,2,1.7
Ca1Hg3,2,1.6
Ca1Hg1,2,1.6
Cd0.86Mg0.14,2,0.145
Cd0.9Mg0.1,2,0.138
Cd0.96Mg0.04,2,0.24
Cd0.1In0.9La3,3,9.55
Cd0.97Hg0.03,2,0.53
Cd1Hg1,2,2.15
Cd0.9Ge0.1,2,1.7
Cd0.06Cu0.94Se2,3,1.3
Cd0.04Cu0.96S2,3,1.3
Cd1,1,0.53
Cd0.1Pd0.9,2,6.92
Cd1Mo5S6,3,3.7
Cd1Mo5S6,3,2.4
Cd0.6Mg0.4,2,0.016
Cd0.7Mg0.3,2,0.105
Cd0.75Mg0.25,2,0.16
Cd0.8Mg0.2,2,0.185
Cd0.2Zn0.8,2,0.628
Cd0.002Zn0.998,2,0.78
Cd0.02Zn0.98,2,0.675
Cd0.1Tl0.9,2,3.5
Cd0.17Tl0.83,2,2.3
Cd0.18Sn0.72,2,3.65
Cd0.18Pb0.32Sn0.5,3,7.5
Ce1Ir3,2,3.34
Ce1Co1.67Rh0.33,3,0.47
Ce1Co1.67Ni0.33,3,0.46
Ce1Co2,2,1.5
Ce1,1,1.7
Ce1Pt0.1Ru1.9,3,4.08
Ce0.02La0.98,2,2.6
Ce0.16La0.84,2,8.7
Ce1Ir5,2,1.82
Ce0.8Tb0.2Ru2,3,2.6
Ce0.12Si1V2.88,3,15.32
Ce1Ru2Sc1,3,6.2
Ce1Ru2,2,6.18
Ce1Pt0.2Ru1.8,3,3.4
Co1La3,2,4.28
Co0.004Ir0.996,2,0.046
Co0.03In0.97,2,3.95
Co1Hf2,2,0.56
Co0.5Fe0.5Ti1,3,3.3
Co0.02Cu0.98Rh2Si4,4,3.8
Co0.5Ni0.5Zr2,3,3.1
Co0.002Mo0.815Re0.185,3,5.8
Co0.6Rh0.4Zr2,3,8.0
Co0.05Rh0.04Ti0.91,3,4.0
Co0.5Rh0.5Si2,3,2.0
Co0.85Ni0.15Zr2,3,6.0
Co1Ti1,2,0.71
Co1Ta1.75Zr0.25,3,0.9
Co1Ta2,2,0.82
Co0.02Sn0.98Ta3,3,4.0
Co1Si2,2,1.22
Co1Sc0.125Zr1.875,3,2.89
Co1Zr2,2,5.0
Co0.28Y0.72,2,0.34
Co1Y3,2,0.34
Co1Ti2,2,3.44
Cr0.008Cu1Rh1.992S4,4,3.9
Cr1,1,3.1
Co0.1Zr0.9,2,3.9
Co1Zr3,2,3.9
Co1Zr2,2,7.0
Cr0.72Os0.28,2,3.95
Cr0.67Os0.33,2,1.03
Cr0.8Os0.2,2,2.5
Cr0.071Nb0.929,2,6.95
Cr0.835Ir0.165,2,0.77
Cr0.82Ir0.18,2,0.75
Cr3Ir1,2,0.168
Cr0.72Ru0.28,2,3.468
Cr0.05Rh0.04Ti0.91,3,3.75
Cr0.75Rh0.25,2,0.072
Cr0.38Re0.62,2,4.1
Cr0.025Ti0.975,2,3.5
Cr1Ti3,2,3.7
Cr0.03Sc0.97,2,3.1
Cs0.3Mo1S2,3,6.8
Cr0.099V0.901,2,3.3
Cr0.1V0.9,2,3.21
Cr0.1Ti0.3V0.6,3,5.6
Cr0.011Ti0.967V0.022,3,3.6
Cu0.3La0.7,2,3.5
Cu1La1,2,5.85
Cu4K1S3,3,1.4
Cu0.5Ge0.5,2,3.3
Cs0.32O3W1,3,1.12
Cu0.1Pb0.9,2,6.5
Cu3Na2S3,3,0.3
Cu1Mo4S5,3,11.0
Cu1Mo3S4,3,11.8
Cu1Mo3S4,3,10.8
Cu1.5Mo4.5S6,3,10.9
Cu1S4V2,3,4.45
Cu1S1Se1,3,1.5
Cu1S1,2,1.65
Cu1S2,2,1.56
Cu0.05Rh0.04Ti0.91,3,2.5
Cu1Rh1.95Se4Sn0.05,4,2.7
Cu1Rh2Se4,3,3.5
Cu1Rh2S4,3,4.8
Cu0.95Se2Zn0.05,3,2.45
Cu1Se1Te1,3,2.0
Cu1Se2,2,2.43
Cu0.81Sb0.19,2,0.07
Cu0.786Sb0.214,2,0.047
Cu0.844Sb0.156,2,0.067
Cu0.845Sb0.155,2,0.184
Cu2Sb1,2,0.085
Cu3Sb1,2,0.041
Cu3Sb1,2,1.8
Cu0.14Sn0.86,2,6.62
Cu0.1Sn0.9,2,6.8
Cu0.86Si0.14,2,0.058
Cu1Te2,2,1.3
Fe0.008La0.992,2,4.85
Ir1,1,0.051
Eu0.012La0.988,2,2.15
Er0.01La0.99,2,5.3
Dy0.01La0.99,2,3.8
Fe0.05Ni0.05Zr0.9,3,3.9
Fe0.03Nb0.25Ti0.72,3,8.5
Fe0.04Nb0.1Ti0.86,3,7.4
Fe0.08Nb0.05Ti0.87,3,4.7
Fe0.01La0.001Rh0.99,3,0.75
Fe0.01La0.01Rh0.98,3,0.75
Fe0.02Sc0.05Zr0.93,3,0.35
Fe0.05Rh0.04Ti0.91,3,3.9
Fe0.02Re0.98,2,1.6
Ga1,1,8.45
Ga1,1,7.85
Ga1,1,7.6
Ga1,1,3.07
Ga1,1,1.083
Fe0.1Zr0.9,2,1.0
Fe1Zr2,2,0.17
Ga3Lu1,2,2.3
Ga1La3,2,5.84
Ga0.8In0.2V3,3,12.7
Ga0.3In0.7La3,3,9.25
Ga1Hf2,2,0.21
Ga0.8Ge0.2V3,3,13.6
Ga0.1Ge0.9,2,5.3
Ga1,1,8.5
Ga0.4Nb0.6,2,20.3
Ga1Nb3,2,14.5
Ga1Nb3,2,20.3
Ga3Nb5,2,1.35
Ga1N1,2,5.85
Ga0.5Mo5S6Sn1,4,13.3
Ga1Mo3,2,0.76
Ga2Mo1,2,9.5
Ga4Mo1,2,9.8
Ga0.5Si0.5V3,3,18.2
Ga0.25Si0.75V3,3,18.6
Ga1Sb1,2,5.9
Ga1Pt1,2,1.74
Ga2Pt1,2,1.9
Ga7Pt3,2,2.9
Ga0.1Pb0.9,2,6.33
Ga1Nb2.4V0.6,3,12.5
Ga0.15Nb3Sn0.7Tl0.15,4,18.14
Ga0.15Nb3Sb0.15Sn0.7,4,16.89
Ga0.15Nb3Pb0.15Sn0.7,4,18.11
Ga0.71V0.29,2,4.2
Ga5V2,2,3.55
Ga1V3,2,14.19
Ga1V3,2,15.4
Ga1V3,2,16.8
Ga1Si1V3,3,18.6
Gd0.005La0.995,2,3.7
Gd0.01La0.99,2,0.6
Ga3Zr5,2,3.85
Ga1Zr2,2,0.38
Ga2Y1,2,1.68
Ga1V1,2,16.45
Ga1V3,2,14.5
Ge1Ir1,2,4.7
Ge7Ir3,2,0.87
Ge0.1In0.9,2,6.2
Gd0.2Mo6Pb1S8,4,14.3
Ge1Nb2,2,1.9
Ge1Nb3,2,6.28
Ge0.23Mo0.77,2,2.16
Ge1Mo3,2,1.6
Ge2La1,2,1.49
Ge0.15Nb3Pb0.15Sn0.7,4,17.82
Ge1Nb3,2,17.0
Ge1Nb3,2,22.1
Ge0.72Nb3.28,2,5.5
Ge0.55Nb3.45,2,4.9
Ge0.22Nb1,2,5.3
Ge0.1Si0.9V3,3,14.4
Ge2Sc1,2,1.3
Ge0.3Sb0.7,2,3.3
Ge3Rh5,2,2.12
Ge1Rh1,2,0.96
Ge0.5Pt0.5,2,1.4
Ge1Pt1,2,0.4
Ge0.6Pd0.4,2,3.1
Ge1V3,2,6.7
Ge1V3,2,6.9
Ge1V3,2,6.1
Ge1Ta3,2,8.0
H0.33Nb0.67,2,7.28
H1.33N0.33O3W1,4,3.2
Ge1.62Y1,2,2.4
Ge2Y1,2,3.8
H0.11S2Ta1,3,4.2
H0.81Pd1,2,2.5
H0.87Pd1,2,4.3
H0.94Pd1,2,6.6
Hf0.5Nb0.5,2,9.5
Hf0.33Nb0.67,2,17.0
Hf0.15Nb0.85,2,9.85
Hf1N1,2,8.83
Hf1Mo2,2,1.0
Hf1Mo2,2,0.076
Hf1Mo2,2,0.065
Hf0.9Mo0.1,2,2.5
Hf0.875Re0.125,2,1.7
Hf1Os2,2,2.69
Hf2Ni1,2,0.87
Hf0.36Nb0.62Zr0.02,3,7.75
Hf0.33Nb0.33V0.33,3,6.6
Hf0.05Rh0.04Ti0.91,3,1.7
Hf2Rh1,2,2.02
Hf1Rh1,2,1.73
Hf0.025Re0.975,2,7.3
Hf0.14Re0.86,2,5.86
Hf1Re2,2,5.61
Hg8K1,2,3.42
Hg1In1,2,3.81
Hg1,1,4.154
Hf0.99Zr0.01,2,0.37
Hf0.6V2Zr0.4,3,9.9
Hf1V2.3,2,9.2
Hf1V2,2,9.2
Hf1Tc2,2,5.6
Hf0.2Ta0.8,2,6.9
Hg3Mg1,2,0.48
Hg1Mg1,2,0.48
Hg1Mg1,2,1.39
Hg2Mg1,2,4.0
Hg3Li1,2,1.7
Hg2K1,2,1.2
Hg3K1,2,3.18
Hf4K1,2,3.27
Hg1Sn1,2,4.2
Hg2Na1,2,1.62
Hg4Na1,2,3.05
Hg1Mg3,2,0.16
In0.5La3Tl0.5,3,8.9
In0.8La3Sn0.2,3,7.8
In1La3,2,9.83
In1La3,2,9.54
In3La1,2,0.7
In1,1,3.409
Hg3Zr1,2,3.28
Hg0.698Tl0.302,2,3.888
Hg0.714Tl0.286,2,3.875
Hg0.97Tl0.03,2,4.109
In0.11O3W1,3,2.8
In0.5Nb3Zr0.5,3,6.4
In0.15Nb3Sb0.15Sn0.7,4,16.09
In0.15Nb3Sn0.85,3,18.26
In1Nb3,2,8.0
In1Nb3,2,7.6
In0.488Na0.025Pb0.488,3,6.0
In1N1,2,3.38
In3Lu1,2,0.24
In0.97Pd0.03,2,4.45
In1Pd1,2,0.7
In0.1Pb0.9,2,6.8
In0.087Pb0.913,2,7.035
In0.6Pb0.4,2,6.36
In0.913Pb0.087,2,4.2
In0.961Pb0.039,2,3.64
In0.955Pb0.045,2,3.69
In0.88Sn0.12,2,5.03
In0.7Sn0.3,2,7.3
In0.5Sn0.5,2,6.9
In0.75Sn0.25,2,5.95
In0.2Si0.8V3,3,16.2
In2Sb1Te2,3,1.06
In1Sb1Sn1,3,2.5
In0.25Sb0.75,2,4.1
In1Sb1,2,2.1
In3Ru1,2,2.68
In0.005Tl0.995,2,2.418
In3Te4,2,1.25
In1Te1,2,2.2
In0.012Sn0.988,2,3.69
In0.05Sn0.95,2,3.625
In0.5Sn0.5,2,7.45
Ir2Lu1,2,2.47
Ir3Lu1,2,2.89
Ir3La7,2,2.24
Ir2La1,2,0.48
Ir3La7,2,2.32
Ir5La1,2,2.13
Ir1,1,0.113
In3Y1,2,0.78
In1V3,2,13.9
In0.1Tl0.9,2,3.27
Ir0.25Mo0.75Nb2.25Pt0.75,4,6.5
Ir1Mo3Nb1Pt1,4,5.82
Ir1Mo3Nb3Pt1,4,6.13
Ir0.29Mo0.41Nb0.3,3,8.7
Ir1Mo1,2,1.85
Ir1Mo1,2,8.8
Ir0.26Mo0.74,2,6.7
Ir1Mo3,2,8.8
Ir3Lu7,2,0.78
Ir1Lu2,2,0.84
Ir0.05Nb3Rh0.95,3,2.38
Ir0.02Nb3Rh0.98,3,2.43
Ir0.1Nb0.9,2,2.3
Ir0.34Nb0.66,2,2.25
Ir1Nb3,2,2.07
Ir1.05Nb0.95,2,4.75
Ir1.15Nb0.85,2,4.6
Ir0.3Mo0.4Re0.3,3,9.5
Ir1.5O0.5Y1,3,2.4
Ir1Os1Y1,3,2.6
Ir0.825Ru0.1Os0.075,3,0.16
Ir0.73Os0.17Ru0.1,3,0.34
Ir0.75Os0.05Rh0.2,3,0.055
Ir0.18Os0.47Rh0.35,3,0.55
Ir0.75Os0.25,2,0.4
Ir0.5Os0.5,2,0.98
Ir0.265O0.085Zr0.65,3,2.3
Ir0.287O0.14Ti0.573,3,5.5
Ir0.984Ni0.016,2,0.052
Ir0.2Ru0.05Zr0.75,3,6.8
Ir0.125Rh0.125Zr0.75,3,10.2
Ir0.05Rh0.04Ti0.91,3,4.0
Ir0.98Re0.02,2,1.7
Ir0.775Pt0.175Rh0.05,3,0.032
Ir0.72Pt0.08Rh0.2,3,0.03
Ir0.8Pt0.2,2,0.046
Ir0.9Pt0.1,2,0.066
Ir0.83Pd0.045Pt0.125,3,0.037
Ir2.5Sc1,2,2.46
Ir0.5Te0.5,2,3.0
Ir1Te3,2,1.18
Ir2Sr1,2,5.7
Ir1Sn2,2,0.78
Ir0.2Si0.05Zr0.75,3,6.2
Ir0.33V2.67,2,1.39
Ir0.04Ti0.96,2,1.6
Ir0.1Ti0.9,2,4.3
Ir1Ti3,2,4.97
Ir1Zr3,2,2.13
Ir1Zr2,2,7.23
Ir2Zr1,2,4.1
Ir0.7Y0.3,2,2.16
Ir2Y3,2,1.61
Ir2Y1,2,2.18
Ir3Y1,2,3.5
Ir0.25W0.75,2,3.82
Ir0.28W0.72,2,4.46
La0.98Lu0.02,2,4.643
La0.99Lu0.01,2,5.6
K0.3O3Re1,3,3.6
K0.28Mo1S2,3,6.2
K0.4Mo1S2,3,5.5
K0.4Mo1S2,3,6.1
K0.5Mo1O3,3,4.2
Ir0.25Zr0.75,2,8.0
Ir0.1Zr0.9,2,5.5
La1Pt2,2,0.46
La0.98Pr0.02Ru2,3,1.92
La0.99Pr0.01,2,5.3
La1Pb3,2,4.07
La1Os2,2,6.5
La1,1,3.3
La1N1,2,1.35
La0.2Mo6.35Pb0.8S8,4,13.2
La1Mg2,2,1.05
La0.55Lu0.45,2,2.2
La0.8Lu0.2,2,3.4
La1Si2,2,2.3
La5Si3,2,1.6
La2.4Se4Y0.6,3,3.92
La3Se4,2,7.8
La1Se1,2,1.02
La2.4S4Y0.6,3,4.77
La3S4,2,8.06
La1S1,2,0.84
La1Ru2,2,4.1
La7Rh3,2,2.58
La1Rh5,2,1.62
La1Rh3,2,2.6
La0.7Y0.3,2,1.85
La0.75Y0.25,2,2.5
La0.85Y0.15,2,3.06
La0.95Y0.05,2,5.4
La1Tl3,2,1.57
La3Tl1,2,8.86
La3Te4,2,5.3
La1Te1,2,1.48
La0.84Sn3Tm0.16,3,3.3
La1Sn3,2,6.5
La0.06Si1V2.94,3,15.92
La0.006Si1V2.994,3,16.48
Lu0.275Rh0.725,2,1.27
Lu1Rh5,2,0.49
Lu1Os2,2,3.49
Li1Pb1,2,7.2
Li0.3O3W1,3,2.2
Li0.4Mo1S2,3,3.7
La1Zn1,2,1.04
La0.99Y0.01,2,5.5
La0.15Y0.85,2,0.1
La0.35Y0.65,2,0.4
La0.48Y0.52,2,1.0
La0.6Y0.4,2,1.29
Mg2Zn11,2,0.88
Mg1Zn1,2,0.93
Mg2Zn3,2,0.76
Mg1Zn1,2,0.92
Mg7Zn3,2,0.28
Mg0.47Tl0.53,2,2.75
Mg0.1Pb0.9,2,6.61
Mg2Pb1,2,5.6
Mg0.9Mo5.1S6,3,2.5
Lu1Se1,2,0.56
Lu1S1,2,1.1
Lu1Ru2,2,0.86
Mn0.01Ti0.99,2,1.2
Mn0.02Ti0.98,2,1.9
Mn0.14Ti0.86,2,2.55
Mn0.21Si1V2.79,3,15.5
Mn0.03Si1V2.97,3,16.25
Mn0.05Rh0.04Ti0.91,3,2.4
Mo0.3Nb0.1Re0.6,3,10.1
Mo0.725Nb0.061Re0.187,3,5.0
Mo0.02Nb0.98,2,8.58
Mo0.05Nb0.95,2,8.0
Mo0.1Nb0.9,2,6.38
Mo0.15Nb0.85,2,5.3
Mo0.2Nb0.8,2,4.23
Mo0.25Nb0.75,2,3.47
Mo0.4Nb0.6,2,0.6
Mo0.7Nb0.3,2,0.016
Mo1Na0.3S2,3,4.1
Mo1N1,2,14.8
Mo6.35Pb1S8,3,12.6
Mo6Pb0.92S7.5,3,15.2
Mo5Pb1S7,3,12.5
Mo5.1Pb1S6,3,14.4
Mo5.1Pb0.9S6,3,13.2
Mo4P3,2,2.5
Mo3P1,2,5.31
Mo3Os1,2,12.5
Mo0.62Os0.38,2,5.65
Mo1Os2,2,5.2
Mo0.2Nb0.2Re0.6,3,7.6
Mo0.55Pt0.05Re0.425,3,11.25
Mo0.5Pt0.05Re0.45,3,5.32
Mo0.72Pt0.28,2,5.6
Mo0.8Pt0.2,2,4.56
Mo0.815Pt0.185,2,4.62
Mo0.85Pt0.15,2,8.8
Mo0.93Pt0.17,2,2.8
Mo0.5Pd0.5,2,3.52
Mo6.35Pb0.7S8Sn0.36,4,10.0
Mo6.35Pb0.9S8Sn0.12,4,11.0
Mo6.3Pb1S6Se2,4,5.4
Mo6Pb1S7,3,14.0
Mo0.42Re0.58,2,8.4
Mo3Re1,2,9.8
Mo0.5Re0.5,2,6.5
Mo0.5Re0.5,2,11.6
Mo0.52Re0.48,2,11.1
Mo0.57Re0.43,2,14.0
Mo0.6Re0.4,2,10.6
Mo0.66Re0.34,2,11.8
Mo0.815Re0.185,2,8.27
Mo0.865Re0.135,2,6.1
Mo0.9Re0.1,2,2.97
Mo1Rb0.3S2,3,6.25
Mo0.39Ru0.61,2,6.9
Mo1Ru1,2,10.5
Mo0.6Ru0.4,2,7.0
Mo0.6Ru0.4,2,8.7
Mo0.61Ru0.39,2,7.18
Mo0.05Rh0.04Ti0.91,3,3.3
Mo0.75Rh0.25,2,6.6
Mo1Rh1,2,1.97
Mo0.7Re0.3,2,15.0
Mo0.23Re0.77,2,9.25
Mo0.28Re0.72,2,6.5
Mo1Re3,2,9.89
Mo3Se4,2,5.8
Mo3Se4,2,6.3
Mo3Sb4,2,2.1
Mo3Sb7,2,2.31
Mo5S6Zn1,3,3.0
Mo1S2Sr0.2,3,5.6
Mo3S4Sn0.6,3,14.2
Mo5S6Sn1,3,13.4
Mo6S7Sn1,3,13.0
Mo3S2Se2,3,3.3
Mo3S1Se3,3,3.4
Mo0.25Ru0.75,2,2.6
Mo0.91Ti0.09,2,2.95
Mo1Te2,2,0.3
Mo0.05Tc0.95,2,10.8
Mo0.1Tc0.9,2,13.4
Mo0.25Tc0.75,2,15.8
Mo0.3Tc0.7,2,12.0
Mo0.4Tc0.6,2,14.7
Mo0.45Tc0.55,2,14.0
Mo0.5Tc0.5,2,14.0
Mo0.59Si0.41,2,1.34
Mo0.77Si0.23,2,1.7
Mo3Si1,2,1.402
Mo2Zr1,2,0.125
Mo0.15V0.85,2,2.28
Mo0.3V0.7,2,0.76
Mo0.5V0.5,2,0.11
Mo0.1Ti0.9,2,3.25
Mo0.16Ti0.84,2,4.246
N1Nb1,2,15.2
N1Nb1,2,15.23
N1Nb1,2,14.5
N0.003Nb0.997,2,9.12
N1Nb2,2,8.6
N0.48Nb1,2,5.5
N0.8Nb1,2,8.9
N0.84Nb1,2,13.5
N0.92Nb1,2,16.5
N1Nb1,2,5.1
N1Nb1,2,16.0
Mo2Zr1,2,4.75
N0.99Ti1,2,4.35
N1Ti1,2,5.49
N1S1,2,0.26
N1Nb0.9V0.1,3,6.6
N0.85Nb0.66Ti0.34,3,17.61
N0.88Nb0.256Ti0.744,3,14.72
N0.9Nb0.114Ti0.886,3,10.1
N0.998Nb1O0.002,3,17.3
N5Nb4,2,8.5
N1Nb1,2,17.3
Nb3P1,2,2.0
Nb0.6Os0.4,2,1.85
Nb0.5Os0.5,2,2.86
Nb1Os2,2,2.52
Nb3Os1,2,1.05
Nb1O1,2,1.5
Na0.1Pb0.9,2,5.93
Na1Pb3,2,5.62
Na0.2O3W1,3,0.55
N1Zr1,2,10.7
N0.75V1,2,2.3
N1V1,2,8.5
Nb0.5Re0.5,2,3.8
Nb0.9Re0.1,2,4.5
N0.62Pt0.38,2,4.21
Nb0.9Pt0.1,2,2.5
Nb0.6Pd0.4,2,1.6
Nb0.6Pd0.4,2,2.47
Nb0.9Pd0.1,2,3.5
Nb3Pb0.15Sn0.85,3,18.16
Nb0.67Pb1S3Ta0.33,4,2.01
Nb1Pb1S3,3,2.66
Nb0.45Rh0.55,2,3.07
Nb0.48Rh0.52,2,3.76
Nb0.6Rh0.4,2,4.21
Nb3Rh1,2,2.79
Nb0.85Rh0.15,2,3.0
Nb0.9Rh0.1,2,2.8
Nb0.11Re0.78Ta0.11,3,8.8
Nb0.05Re0.75Ta0.2,3,9.8
Nb0.29Re0.71,2,5.6
Nb0.38Re0.62,2,2.45
Nb0.4Re0.6,2,2.36
Nb0.4Re0.6,2,2.5
Nb1S3Sn1,3,2.85
Nb1S2,2,5.5
Nb1S2,2,6.2
Nb1Ru3,2,12.0
Nb0.4Ru0.6,2,2.5
Nb0.6Ru0.4,2,1.2
Nb0.8Ru0.2,2,4.8
Nb0.9Ru0.1,2,2.8
Nb0.925Ru0.075,2,4.2
Nb0.05Rh0.04Ti0.91,3,2.4
Nb0.45Re0.55,2,6.2
Nb0.375Rh0.625,2,2.7
Nb3Si1,2,1.5
Nb1Se3Sn1,3,3.09
Nb1Se2,2,7.0
Nb1Se2,2,7.38
Nb1Se2,2,6.95
Nb1Se2,2,7.3
Nb3Se4,2,1.61
Nb0.25Sb0.25Ti0.5,3,2.05
Nb0.5Sb0.25Ti0.25,3,3.05
Nb3Sb0.15Sn0.7Tl0.15,4,16.04
Nb5Sb4,2,8.6
Nb0.83Sb0.17,2,1.95
Nb0.84S0.16,2,5.6
Nb0.92Sn0.08,2,5.6
Nb3Sn1,2,18.3
Nb3Sn1,2,18.07
Nb0.03Si1V2.97,3,15.8
Nb3Si1Sn1V3,4,4.0
Nb3Si0.06Sn0.94,3,17.8
Nb3Si0.25Sn0.75,3,16.4
Nb3Si0.27Sn0.73,3,13.9
Nb3Si0.5Sn0.5,3,8.3
Nb3Si0.6Sn0.4,3,6.5
Nb0.69Sn0.25Ta0.06,3,17.8
Nb1Sn2,2,2.68
Nb0.5Sn0.5,2,17.5
Nb0.5Sn0.5,2,17.91
Nb6Sn5,2,2.07
Nb3Sn2,2,17.2
Nb0.72Sn0.28,2,18.2
Nb0.76Sn0.74,2,18.1
Nb0.8Sn0.2,2,17.3
Nb0.8Sn0.2,2,18.5
Nb0.8Sn0.2,2,7.5
Nb0.991Ta0.009,2,8.87
Nb0.75Sn0.125Zr0.125,3,16.7
Nb0.25Sn0.25V0.5,3,5.5
Nb0.375Sn0.25V0.375,3,7.4
Nb0.5Sn0.25V0.25,3,9.8
Nb0.625Sn0.25V0.125,3,14.2
Nb3Sn0.85Tl0.15,3,18.2
Nb0.25Sn0.25Ta0.25V0.25,4,6.2
Nb0.5Sn0.25Ta0.125V0.125,4,12.2
Nb0.25Sn0.25Ta0.5,3,10.8
Nb0.5Sn0.25Ta0.25,3,16.4
Nb0.625Sn0.25Ta0.125,3,17.6
Nb0.17Ta0.83,2,4.65
Nb0.2Ta0.8,2,4.64
Nb0.92Ta0.71,2,4.94
Nb0.37Ta0.63,2,5.31
Nb0.47Ta0.53,2,6.2
Nb0.5Ta0.5,2,6.25
Nb0.64Ta0.36,2,6.8
Nb0.803Ta0.197,2,7.85
Nb0.87Ta0.13,2,8.15
Nb0.938Ta0.062,2,8.42
Nb0.957Ta0.043,2,8.55
Nb0.984Ta0.016,2,8.76
Nb0.95Ti0.05,2,9.41
Nb1Te2,2,0.66
Nb3Te4,2,1.49
Nb0.03Tc0.97,2,12.8
Nb0.06Tc0.94,2,12.8
Nb0.24Tc0.76,2,12.9
Nb0.42Tc0.58,2,10.9
Nb0.93Tc0.07,2,7.0
Nb0.97Tc0.03,2,7.6
Nb0.31Ta0.06Ti0.62,3,9.0
Nb0.025Ta0.975,2,4.465
Nb0.5Ti0.3V0.2,3,7.8
Nb0.025Ti0.975,2,1.5
Nb0.22Ti0.8,2,7.8
Nb0.25Ti0.75,2,7.4
Nb0.33Ti0.67,2,9.3
Nb0.44Ti0.56,2,8.99
Nb0.5Ti0.5,2,10.3
Nb0.55Ti0.45,2,9.4
Nb0.6Ti0.4,2,9.8
Nb0.7Ti0.3,2,10.1
Nb0.75Ti0.25,2,10.02
Nb0.9Ti0.1,2,9.61
Nb0.19Ti0.74Zr0.07,3,9.1
Nb0.21Ti0.61Zr0.18,3,7.21
Nb0.35Ti0.6Zr0.05,3,8.6
Nb0.35Ti0.15Zr0.5,3,9.3
Nb0.5Ti0.1Zr0.4,3,10.3
Nb0.75Ti0.15Zr0.1,3,9.7
Nb0.1Ti0.4V0.5,3,5.3
Nb0.4Ti0.4V0.2,3,7.6
Nb0.5Ti0.2V0.3,3,8.5
Nb0.1Zr0.9,2,7.6
Nb0.13Zr0.87,2,6.42
Nb0.15Zr0.85,2,6.2
Nb0.2Zr0.8,2,8.0
Nb0.25Zr0.75,2,10.45
Nb0.38Zr0.62,2,8.7
Nb0.5Zr0.5,2,10.75
Nb0.6Zr0.4,2,10.75
Nb0.68Zr0.32,2,10.05
Nb0.75Zr0.25,2,11.0
Nb0.85Zr0.15,2,10.8
Nb0.5V1.5Zr1,3,4.3
Ni0.1Zr0.9,2,1.5
Ni1Zr2,2,1.6
Ni0.5V0.16Zr0.34,3,0.43
Ni0.22V0.78,2,0.35
Ni1Ta2,2,0.9
Ni0.05Rh0.04Ti0.91,3,3.5
Ni0.1Pd0.9Te2,3,1.3
Ni0.05Pd0.95Te2,3,1.4
Nb0.2Zr0.8,2,9.2
Nb0.04Zr0.96,2,4.9
O3Tl0.03W1,3,2.14
O1.07Ti1,2,1.0
O1Ti1,2,1.06
O1Ti1,2,0.6
O3Sr0.08W1,3,4.0
O1Sn1,2,3.81
O0.105Rh0.285Zr0.61,3,11.8
O0.14Rh0.287Ti0.573,3,3.37
O1Re1Ti1,3,5.74
O3Rb0.33W1,3,7.7
O0.105Pd0.285Zr0.61,3,2.09
Nb1O1,2,1.39
Os1Ti1,2,0.46
Os1Ta1,2,1.95
Os2Sc1,2,4.6
Os0.05Rh0.04Ti0.91,3,3.5
Os0.97Rh0.03,2,0.09
Os1Re1Y1,3,2.0
Os0.058Re0.942,2,1.93
Os1,1,0.66
O1W3,2,3.35
O1V3Zr3,3,7.5
O0.03V0.97,2,2.4
P1Pb1,2,7.8
Os0.06Zr0.94,2,5.6
Os2Zr1,2,3.0
Os2Y1,2,4.7
Os0.075W0.925,2,0.9
Os0.1W0.9,2,1.5
Os0.15W0.85,2,2.2
Os0.25W0.75,2,3.02
Os0.34W0.66,2,3.81
Os0.74W0.26,2,4.4
Os0.5V0.5,2,5.15
Os0.55V0.45,2,5.04
Pb1Pt1,2,7.2
Pb0.8Pt0.2,2,2.8
Pb2Pd1,2,3.01
Pb1Mo6S7,3,11.1
Pb1,1,7.195
P1W3,2,2.76
P1Sn1,2,4.0
P0.3Si0.7V3,3,14.75
P0.2Si0.8V3,3,16.6
Pb3Sr1,2,1.85
Pb0.9Sn0.1,2,7.17
Pb0.01Sn0.99,2,3.752
Pb0.28Sn0.72,2,7.05
Pb0.36Sn0.64,2,7.75
Pb0.57Sn0.43,2,7.45
Pb0.9Sb0.1,2,6.28
Pb1Sb1,2,6.6
Pb1S3Ta1,3,3.11
Pb1.9Rh1,2,1.32
Pb2Rh1,2,2.66
Pb0.9Zn0.1,2,7.12
Pb3Yb1,2,0.23
Pb3Y1,2,4.72
Pb1Tl2,2,4.1
Pb0.35Tl0.65,2,3.8
Pb0.6Tl0.4,2,5.8
Pb0.73Tl0.27,2,6.43
Pb0.79Tl0.21,2,6.43
Pb0.85Tl0.15,2,6.73
Pb0.89Tl0.11,2,6.88
Pb0.93Tl0.075,2,6.98
Pb0.96Tl0.04,2,7.06
Pd1Sb2,2,1.25
Pd1Sb1,2,1.66
Pd2.2S1,2,1.63
Pd0.05Ru0.05Zr0.9,3,9.0
Pd0.02Rh0.31Zr0.67,3,9.85
Pd0.04Rh0.29Zr0.67,3,8.56
Pd0.05Rh0.04Ti0.91,3,3.7
Pd0.95Rh0.05Te2,3,1.65
Pd0.95Pt0.05Te2,3,1.71
Pd0.9Pt0.1Te2,3,1.65
Pb1Zr3,2,0.76
Pb3Zr5,2,4.6
Pd1Sn1,2,0.41
Pd3Sn2,2,0.64
Pd2Sn1,2,0.41
Pd1Si1,2,0.93
Pd0.67Se0.33,2,2.2
Pd5Se2,2,2.3
Pd4Se1,2,0.42
Pd6.7Se1,2,0.66
Pd1Sb1Te1,3,1.2
Pd1Sb1Se1,3,1.0
Pd0.51Sb0.49,2,1.67
Pd0.165Sb0.835,2,4.9
Pd1Tl2,2,1.32
Pd0.87Te2,2,1.85
Pd0.95Te2,2,1.89
Pd1.05Te2,2,1.77
Pd1Te2,2,1.69
Pd1.25Te2,2,2.2
Pd1.5Te2,2,2.21
Pd1.75Te2,2,2.25
Pd1Te1,2,3.85
Pd3Te1,2,0.76
Pd1Sn2,2,3.34
Pt1Te1,2,0.59
Pt0.15Ta0.85,2,0.4
Pt0.3Ta0.7,2,1.45
Pt1Ta1,2,1.0
Pt1Sn1,2,0.37
Pt1Si1,2,0.88
Pt1Sb1,2,2.1
Pt0.05Rh0.04Ti0.91,3,4.3
Pd0.1Zr0.9,2,7.5
Pd1V3,2,0.082
Pt2Y1,2,1.57
Pt2.2Y1,2,1.7
Pt0.5W0.5,2,1.45
Pt0.22V0.78,2,1.76
Pt1V3,2,3.62
Pt1V3,2,3.2
Pt1Tl2,2,1.58
Pt1Ti3,2,0.58
Re1Ta1,2,1.3
Re0.65Ta0.35,2,1.58
Re0.75Ta0.25,2,6.78
Re0.83Ru0.17,2,2.23
Re0.05Rh0.04Ti0.91,3,2.3
Os0.06Re0.94,2,1.93
Re1,1,7.0
Re1,1,1.696
Pt1Zr1,2,3.0
Pt0.42Y0.58,2,0.76
Pt3Y7,2,0.82
Pt2Y3,2,0.9
Re0.15W0.85,2,2.4
Re0.25W0.75,2,4.6
Re0.6W0.4,2,6.0
Re3W1,2,9.0
Re0.6V0.4,2,2.2
Re0.76V0.24,2,4.52
Re0.9V0.1,2,9.4
Re0.92V0.08,2,6.8
Re0.83Ti0.17,2,9.0
Re24Ti5,2,6.6
Re0.75Ta0.25,2,4.7
Rh0.53Se0.47,2,6.0
Rh0.04Sc0.05Ti0.91,3,1.3
Rh0.24Sc0.76,2,0.92
Rh17S15,2,5.8
Rh0.04Ru0.05Ti0.91,3,3.5
Re24Zr5,2,3.0
Re6Zr1,2,7.4
Re0.67Zr0.33,2,6.8
Re0.67Y0.33,2,1.83
Re0.5W0.5,2,8.1
Re0.6W0.4,2,9.7
Re0.73W0.27,2,8.3
Rh0.67Te0.33,2,0.49
Rh1Te2,2,1.51
Rh0.04Ta0.05Ti0.91,3,2.3
Rh0.33Ta0.66,2,7.0
Rh0.4Ta0.6,2,2.35
Rh1Ta1,2,2.0
Rh2Sr1,2,6.2
Rh1Sn2,2,0.6
Rh0.36Se0.64,2,6.0
Rh0.91Ti0.04Zr0.05,3,1.8
Rh0.91Ti0.04Y0.05,3,1.4
Rh0.91Ti0.4W0.05,3,3.4
Rh0.91Ti0.4V0.05,3,2.9
Rh0.04Ti0.96,2,2.0
Rh0.06Ti0.94,2,2.6
Rh0.08Ti0.92,2,3.5
Rh0.1Ti0.9,2,4.0
Rh0.12Ti0.88,2,4.0
Rh0.88Ti0.12,2,4.0
Rh0.91Ti0.09,2,2.0
Rh1Zr3,2,11.0
Rh0.33Zr0.67,2,11.25
Rh1Zr2,2,11.36
Rh0.4Zr0.6,2,7.0
Rh1Zr1,2,2.7
Rh1Y3,2,0.65
Rh2Y3,2,1.48
Rh3Y1,2,1.07
Rh5Y1,2,0.56
Rh0.3W0.7,2,7.3
Rh1W1,2,3.37
Rh0.35V0.65,2,1.075
Ru0.46V0.54,2,5.0
Ru1Ti1,2,1.07
Ru2Sc1,2,2.24
Ru1,1,0.493
Rh0.25Zr0.75,2,11.4
Rh0.33Zr0.66,2,11.2
Rh0.03Zr0.97,2,10.4
Rh0.12Zr0.88,2,11.0
Rh0.14Zr0.86,2,11.1
Rh0.14Zr0.86,2,9.5
Rh0.17Zr0.83,2,9.6
S1.2Se0.8Ta1,3,3.9
Ru0.1Zr0.9,2,5.7
Ru2Zr1,2,2.4
Ru2Y1,2,2.42
Ru0.4W0.6,2,5.0
Ru0.5W0.5,2,5.7
Ru0.4W0.6,2,4.67
Ru1W1,2,7.5
Ru0.58W0.42,2,5.2
Ru0.4V0.6,2,1.0
Ru0.45V0.55,2,4.0
Ru0.452V0.548,2,4.2
Sb0.05Sn0.95,2,3.75
Sb0.4Sn0.6,2,3.8
Sb1Sn1,2,1.56
Sb0.7Sn0.3,2,2.85
S1.1Zr1,2,4.5
S1Y1,2,1.9
S2Ta1,2,0.8
S2Ta1,2,1.6
S3Sn1Ta1,3,2.96
S0.8Se1.2Ta1,3,3.9
S1Se1Ta1,3,3.7
Sc0.01Zr0.99,2,0.32
Sc0.05Zr0.95,2,0.11
Sc0.07Zr0.93,2,0.08
Sb2Zr3,2,1.74
Sb0.03V0.97,2,2.63
Sb1V3,2,0.8
Sb0.28Tl0.72,2,5.2
Sb0.66Tl0.33,2,5.2
Sb0.25Ti0.75,2,7.2
Sb1Ti3,2,5.47
Sb1Ta3,2,0.72
Sb0.011Sn0.989,2,3.642
Si0.25V0.75,2,16.86
Si0.25V0.75,2,16.95
Si0.25V0.75,2,17.0
Si0.25V0.75,2,17.1
Si0.263V0.737,2,15.8
Si0.3V0.7,2,16.95
Si1Ti0.15V2.85,3,14.55
Si3Sr2,2,0.55
Se1Y1,2,2.5
Sn0.35Te0.65,2,1.9
Sn0.25Ta0.5V0.25,3,3.7
Sn0.25Ta0.25V0.5,3,2.8
Sn1Ta3,2,6.4
Sn1Ta3,2,6.2
Sn1Ta3,2,8.35
Si0.4W0.6,2,2.84
Si0.22V0.78,2,14.38
Si0.2V0.8,2,7.51
Si0.206V0.794,2,14.5
Si0.25V0.75,2,16.6
Si0.25V0.75,2,16.65
Ta0.05V2Zr0.95,3,8.9
Ta0.25V0.75,2,2.8
Ta0.5V0.5,2,2.35
Ta0.75V0.25,2,2.65
Ta0.52Ti0.48,2,7.86
Ta1,1,4.463
Sn1Zr4,2,0.92
Sn0.91Zn0.09,2,3.722
Sn1V3,2,7.0
Sn1V3,2,3.8
Sn0.25Te0.75,2,1.7
Tc0.1V0.9,2,1.5
Tc0.6V0.4,2,4.17
Tc0.65V0.35,2,4.49
Tc0.7V0.3,2,6.41
Tc0.7V0.3,2,8.3
Tc0.75V0.25,2,11.07
Tc0.8V0.2,2,11.24
Tc0.9V0.1,2,11.32
Tc0.95V0.05,2,10.99
Tc1,1,7.46
Ta0.96Zr0.04,2,5.7
Ti0.975V0.025,2,1.4
Ti1,1,0.4
Te1Y1,2,2.05
Te3Tl5,2,2.078
Tc2Zr1,2,7.6
Tc6Zr1,2,9.7
Tc0.9W0.1,2,10.4
Ti0.013V0.987,2,12.8
Ti0.42V0.58,2,7.52
Ti1V1,2,6.09
Ti0.516V0.484,2,7.2
Ti0.6V0.4,2,7.0
Ti0.615V0.385,2,7.07
Ti0.7V0.3,2,6.14
Ti0.75V0.25,2,5.3
Ti0.76V0.24,2,4.382
Ti0.775V0.225,2,4.7
Ti0.9V0.1,2,6.3
Ti0.96V0.04,2,2.7
Tl1,1,1.38
Tl1,1,1.45
Tl1,1,2.4
Tl1,1,2.332
Ti0.81Zr0.82,2,1.03
Ti0.33Zr0.66,2,1.35
Ti0.5Zr0.5,2,1.65
Ti0.5Zr0.5,2,1.23
Ti0.66Zr0.33,2,1.36
Ti0.17V0.5Zr0.33,3,7.6
Ti0.33V0.33Zr0.33,3,6.6
V0.4Zr0.6,2,7.8
V0.6Zr0.4,2,8.3
V2Zr1,2,9.0
V2Zr1,2,8.5
V0.7Zr0.3,2,8.6
Tl3Y1,2,1.52
Cs0.3Mo1S2,3,6.3
Zn1,1,0.857
Y1,1,2.5
Mg0.93Pb0.07,2,0.013
Mo5S6Zn1,3,3.2
Mo6Pb0.92S7.5,3,14.0
N0.34Re1,2,5.0
N1Ta1,2,4.84
Nb3Pt1,2,11.0
Nb1Se2,2,8.8
Nb1Se2,2,7.77
Nb3Sb1,2,2.2
Nb1S2,2,6.26
Nb1Ru3,2,15.0
Nb0.71Sn0.29,2,18.3
Nb0.75Si0.25,2,9.0
Nb0.79Si0.21,2,9.3
Nb1Se2,2,4.7
Nb1Se2,2,8.9
Nb3Sn1,2,17.77
P1,1,5.8
P3Pd7,2,0.7
P3Pd7,2,1.0
P1,1,5.6
P0.95Zr1,2,4.6
P1Zr3,2,4.5
Pd2.8S1,2,1.63
Pt1V3,2,2.53
Ru0.465V0.535,2,5.8
Sb1,1,3.55
Ru0.46V0.54,2,5.05
Se2Ta1,2,0.16
Se2Ta1,2,0.13
Se1,1,9.65
Si1,1,7.1
Si0.25V0.75,2,16.7
Sn0.1Tl0.9,2,3.5
Sn0.65Tl0.35,2,7.1
Sn1,1,5.3
Sn1,1,5.2
Sn1,1,3.722
Te1,1,4.28
Te1,1,3.9
Tc1,1,8.0
Ta0.15Zr0.85,2,4.3
Sr1,1,3.6
Te1,1,3.3
N1Ti1,2,4.86
C2Y1,2,3.88
B1Zr1,2,2.8
La1Si2,2,2.5
N0.34Re1,2,4.0
N1Nb1,2,15.6
C1Mo1,2,7.7
C1Ta1,2,3.3
C1Nb1,2,6.0
B1Ta2,2,3.12
B1Re2,2,2.8
B1Mo1,2,0.5
Si1Ta1,2,4.28
Ge0.7Mo1,2,1.2
Si2W3,2,2.84
Mo1Si0.7,2,1.34
C1Ru1,2,2.0
C1Fe3,2,1.3
Co0.44Mo0.56,2,13.0
C1Mo1,2,13.0
Ge2Rh5,2,2.12
Nb1S2,2,6.1
La3S4,2,8.25
Nb1Se2,2,6.2
La3Se4,2,8.6
Pd2Se1,2,2.2
Pd6Se1,2,0.66
Rh1Se1.75,2,6.0
La3Te4,2,3.75
La3Te4,2,2.45
Te1Y1,2,1.02
Pd1Se1Te1,3,1.2
Nb1Se0.25Te0.75,3,4.4
Pd1Te1.08,2,1.88
Pd1Te1.06,2,2.11
Pd1Te1.04,2,2.11
Pd1Te1.02,2,2.56
Pd1Te1,2,2.3
Pd1.1Te1,2,4.07
Pd1Te2.3,2,1.85
Pd1Te2.1,2,1.89
Pd1Te1,2,1.53
As3Pd5,2,24.761
As1Ni0.25Pd0.75,3,1.6
As1Ni0.12Pd0.88,3,1.39
As1Ni0.25Pd0.75,3,1.34
Cu1Se1Te,3,1.6
Sn1Te1,2,0.012
Ge1Te1,2,0.21
Ge0.976Te1,2,0.1
Ge1Te1,2,0.172
In4Sb1Te3,3,1.4
Nb1O1,2,1.25
Mo3O5,2,7.2
Ca0.31Sr0.7Ti1O3,4,0.1
Ba0.1Sr0.9Ti1O3,4,0.1
Sr1Ti1O3,3,0.38
Sr1Ti1O3,3,0.2
Tl0.3W1O3,3,2.0
Ti0.576Rh0.287O0.14,3,3.37
Tc0.6W0.4,2,7.9
Mo0.5Re0.5,2,4.7
Ir0.37Nb0.63,2,2.4
Ir2Nb3,2,9.8
Al0.25Nb0.75,2,7.0
Ba0.13W1P3,3,1.9
Nb3Rh2,2,4.04
Ru0.5W0.5,2,5.12
Re0.6W0.4,2,4.9
Re0.7W0.3,2,4.9
Re0.52W0.48,2,5.2
Re3V1,2,6.26
Fe3Re2,2,6.55
Nb0.6Os0.4,2,1.78
Cr0.5Ru0.5,2,1.3
Cr0.6Ru0.4,2,2.1
Rh2Ta3,2,2.35
Cr0.4Re0.6,2,2.15
Nb0.5Re0.5,2,2.0
Nb1Re3,2,5.27
Nb0.625Pt0.375,2,3.73
Nb0.62Pt0.38,2,0.41
Ir0.35Ta0.65,2,1.2
Re0.6Ta0.4,2,1.4
Pt0.3Ta0.7,2,1.0
Ce1Ru2,2,4.9
Ca1Ir2,2,4.0
V2Zr1,2,8.8
Pt2Y1,2,4.1
Zr1Ni1.5V0.5,3,0.43
Pt2Sr1,2,0.7
Ir2Sc1,2,1.03
Y1Ir1.5Os0.5,3,2.4
Re2Sc1,2,4.2
V0.45Nb0.5Zr1,3,4.3
Hf1Re2,2,4.8
Re2Zr1,2,6.8
Ru2Sc1.2,2,1.67
Re2Y1,2,1.83
Ru2Zr1,2,1.84
Nb1Tc3,2,10.5
Hf1Mo2,2,0.05
Nb0.14Re0.86,2,8.5
Nb0.26Re0.74,2,7.2
Nb0.32Re0.68,2,4.5
Nb0.18Re0.82,2,9.7
Mo1Re4,2,7.85
Nb1Os1,2,2.86
Re24Zr5,2,4.75
Hf5Re24,2,4.3
Re0.83Ti0.17,2,5.1
Re0.64Ta0.36,2,1.46
Re3Ta1,2,4.75
Re3Ta1,2,6.78
Re24Sc5,2,2.2
Bi0.1Pt1Sb0.9,3,1.21
Bi1Rh1,2,2.02
Bi1Pt1,2,1.21
Bi2Pd3,2,3.7
Pb1Sb1,2,1.5
Au1Pb2,2,4.42
Co1Zr2,2,6.3
Al2Cu1,2,1.02
Ag1In2,2,2.3
Pb2Pd1,2,2.95
Bi2Pb1,2,4.25
Ir1.15Nb0.85,2,4.75
Nb3Sn2,2,16.6
Au1Zn3,2,1.28
Nb0.75Rh1.25,2,2.7
Bi1Pd1,2,3.7
Pb4Pt1,2,2.8
Nb0.86Rh1.04,2,3.76
Ag3.3Al1,2,0.34
Ir1Zn2,2,0.78
Bi2Pd1,2,1.7
Nb0.85Rh1.15,2,3.0
Nb0.9Rh1.1,2,3.07
Al3Tl1,2,0.75
Pt1Sn4,2,2.38
In1Mg2,2,3.2
Bi1In5,2,4.1
Bi1In2,2,5.1
Bi1Ru1,2,4.12
Hg1Sn6,2,5.1
Re1Ti1O5,3,5.71
Bi3Fe1,2,1.0
Bi1Mg1,2,0.7
Bi4Mg1,2,1.0
Bi2Ir1,2,2.2
Ag1Bi1,2,2.78
V2.7Nb0.3Si1,3,12.8
V2.58Zr0.42Si1,3,8.8
V2.7Zr0.3Si1,3,13.2
V2.7Ti0.3Si1,3,10.9
V2.7Mn0.3Si1,3,11.9
V2.4Mo0.6Si1,3,4.54
V2.52Mo0.48Si1,3,5.1
V2.79Mo0.21Si1,3,5.59
V2.91Mo0.09Si1,3,10.4
V2.964Mo0.036Si1,3,14.0
V2.97Mo0.03Si1,3,16.0
V2.7Cr0.3Si1,3,11.3
V3Si0.76Be0.24,3,15.6
V3Si0.99Be0.01,3,16.6
V3Si0.9Ge0.1,3,14.0
V3Si0.1Ga0.9,3,10.6
V3Si0.25Ga0.75,3,8.1
V2.67Pd0.33Si1,3,7.5
V2.979Co0.021Si1,3,16.4
V2.7Ru0.3Si1,3,2.9
V2.94Fe0.06Si1,3,13.4
V2.808Re0.192Si1,3,4.7
V2.49Mn0.42Si1,3,8.1
V3Si0.46Ga0.54,3,7.4
V3Si0.5Ga0.5,3,8.6
V3Si0.52Ga0.48,3,7.8
V3Si0.68Ga0.32,3,9.4
V3Si0.72Ga0.28,3,10.5
V3Si0.79Ga0.21,3,10.7
V3Si0.87Ga0.13,3,13.3
V3Si0.6Al0.4,3,10.1
V3Si0.76Al0.24,3,11.2
V3Si0.8Al0.2,3,14.0
V3Si0.98Al0.02,3,16.12
V3Si0.9Al0.1,3,14.0
V2.754Ti0.246Ga1,3,13.4
V2.79Ce0.21Ga1,3,7.5
V2.778La0.222Ga1,3,7.8
V3Si0.986Sb0.014,3,10.5
V3Si0.2Sn0.8,3,6.4
V3Si0.4Sn0.6,3,9.8
V3Si0.6Sn0.4,3,9.7
V3Si0.8Sn0.2,3,12.85
V3Si0.2Ge0.8,3,6.1
V3Si0.4Ge0.6,3,7.2
V3Si0.6Ge0.4,3,8.7
V2.793Ni0.207Ga1,3,11.9
V2.781Co0.219Ga1,3,8.4
V2.865Fe0.135Ga1,3,10.1
V2.928Re0.072Ga1,3,10.8
V2.898Mn0.102Ga1,3,9.0
V2.883W0.117Ga1,3,11.5
V2.799Mo0.201Ga1,3,11.7
V2.799Cr0.201Ga1,3,12.6
V2.802Ta0.198Ga1,3,12.3
V2.814Nb0.186Ga1,3,13.5
V2.739Hf0.261Ga1,3,6.4
V2.742Zr0.258Ga1,3,9.9
V0.5Nb2.5Sn1,3,14.2
V1Nb2Sn1,3,9.8
V1.5Nb1.5Sb1,3,7.4
V2Nb1Sn1,3,5.5
V3Ga0.975Bi0.025,3,14.7
V3Ga0.793Sb0.207,3,6.9
V0.003Ga0.974Pb0.026,3,13.2
V3Ga0.78Sn0.22,3,6.9
V3Ga0.957Ge0.043,3,13.1
V3Ga0.937In0.063,3,11.5
V3Ga0.994Cd0.006,3,11.2
V3Ga0.999Zn0.001,3,10.2
Nb3Sn0.8Ga0.2,3,17.8
Nb3Sn0.9Ga0.1,3,18.1
Nb2.85Mo0.15Al1,3,13.4
Nb1.71V1.29Au1,3,1.6
Nb2.01V0.99Au1,3,2.9
Nb2.25V0.75Au1,3,3.0
Nb2.49V0.51Au1,3,4.6
Nb2.55V0.45Au1,3,5.1
Nb2.9V0.3Au1,3,6.5
Nb2.85V0.15Au1,3,8.4
V1Ta2Sn1,3,3.7
V2Ta1Sn1,3,2.8
Nb3Rh0.02Au0.98,3,11.9
Nb3Rh0.05Au0.95,3,11.0
Nb3Rh0.1Au0.9,3,10.8
Nb3Rh0.3Au0.7,3,9.5
Nb3Rh0.5Au0.5,3,6.6
Nb3Rh0.7Au0.3,3,4.6
Nb3Sn0.56Ge0.44,3,6.8
Nb3Sn0.73Ge0.27,3,8.2
Nb3Sn0.81Ge0.19,3,14.3
Nb3Sn0.2Ga0.8,3,13.1
Nb3Sn0.4Ga0.6,3,14.6
Nb3Sn0.6Ga0.4,3,16.0
Nb3Sn0.98Al0.02,3,17.9
Nb1Ta2Sn1,3,10.8
Nb2Ta1Sn1,3,16.4
Nb2.5Ta0.5Sn1,3,17.6
Nb2.75Ta0.25Sn1,3,17.8
Nb0.9Mo2.1Al1,3,2.73
Nb1.2Mo1.8Al1,3,4.2
Nb1.5Mo1.5Al1,3,4.9
Nb2.1Mo0.9Al1,3,8.3
Nb2.7Mo0.3Al1,3,11.4
Nb3Rh0.95Co0.05,3,1.96
Nb3Rh0.98Co0.02,3,2.28
Nb3Sn0.1Al0.9,3,16.1
Nb3Sn0.2Al0.8,3,14.6
Nb3Sn0.4Al0.6,3,13.6
Nb3Sn0.5Al0.5,3,16.3
Nb3Sn0.6Al0.4,3,15.1
Nb3Sn0.61Al0.39,3,14.1
Nb3Sn0.8Al0.2,3,16.9
Nb3Sn0.81Al0.19,3,14.6
Nb3Sn0.9Al0.1,3,18.4
Nb3Sn0.92Al0.08,3,17.9
Nb3Sn0.94Al0.06,3,18.0
Nb3Sn0.96Al0.04,3,18.0
Nb3Al0.81Ge0.19,3,17.6
Nb3Sn0.3Sb0.7,3,6.8
Nb3Sn0.35Sb0.65,3,10.5
Nb3Sn0.4Sb0.6,3,12.4
Nb3Sn0.6Sb0.4,3,15.8
Nb3Sn0.8Ge0.2,3,18.0
Nb3Sn0.39Ge0.61,3,7.6
Nb3Sn0.5Ge0.5,3,12.6
Nb3Sn0.5Zr0.5,3,16.5
Nb3Rh0.9Co0.1,3,1.9
Nb3Rh0.9Au0.1,3,2.7
Nb3Rh0.95Au0.05,3,2.52
Nb3Rh0.98Au0.02,3,2.53
Nb3Ge0.5Ga0.5,3,7.3
Nb3Al0.39Ge0.61,3,7.3
Nb3Al0.5Ge0.5,3,12.6
Nb3Al0.55Ge0.45,3,11.7
Nb3Al0.62Ge0.38,3,17.2
Nb3Rh0.7Os0.3,3,1.7
Nb3Rh0.9Os0.1,3,2.3
Nb3Rh0.95Os0.05,3,2.39
Nb3Rh0.98Os0.02,3,2.42
Nb3Rh0.9Pd0.1,3,2.55
Nb3Rh0.95Pd0.05,3,2.49
Nb3Rh0.98Pd0.02,3,2.5
Nb3Rh0.9Ru0.1,3,2.44
Nb3Rh0.95Ru0.05,3,2.42
Nb3Rh0.98Ru0.02,3,2.42
Nb77.3Sn18.1Al2.3Ge2.3,4,13.0
Nb1Ta1V1Sn1,4,6.2
Nb2Ta0.5V0.5Sn1,4,12.2
Nb3Rh0.02Pt0.98,3,9.6
Nb3Rh0.05Pt0.95,3,8.9
Nb3Rh0.1Pt0.9,3,7.9
Nb3Rh0.3Pt0.7,3,7.4
Nb3Rh0.5Pt0.5,3,6.25
Nb3Rh0.7Pt0.3,3,5.1
Nb3Rh0.9Pt0.1,3,2.8
Nb3Rh0.95Pt0.05,3,2.53
Nb3Rh0.98Pt0.02,3,2.52
Nb78.5Sn2.2Al9.6Ge9.6,4,12.7
Nb79.2Sn5.2Al5.2Ge10.4,4,10.9
Nb79.1Sn9.4Al2.1Ge9.4,4,8.2
Nb78.5Sn2.2Al12.8Ge6.5,4,17.0
Nb77.5Sn5.6Al11.3Ge5.6,4,15.2
Nb78.1Sn7.3Al7.3Ge7.3,4,12.5
Nb77.9Sn11.1Al5.5Ge5.5,4,13.0
Nb78.4Sn12.9Al2.2Ge6.5,4,13.3
Nb76Sn2.4Al19.2Ge2.4,4,16.0
Nb76.3Sn7.1Al14.3Ge2.3,4,13.9
Nb76.3Sn10.5Ge2.3Al10.9,4,14.4
Nb77Sn13.8Al6.9Ge2.3,4,13.3
Ag2F1,2,0.066
Si21.75V69.43,2,16.2
Si23.27V75.15,2,15.94
Si22.5V75,2,16.4
Si23.8V74.65,2,16.5
Nb80.7Sn1.9Al1.9Ge15.5,4,7.8
Nb79.5Sn2.1Al6.1Ge12.3,4,9.4
Nb79.7Sn6.1Al2Ge12.2,4,7.15
Ag0.1In0.9Te1,3,1.2
Al1Au4,2,0.4
Ag0.03Tl0.97,2,2.67
Ag7N0.75O10.25F0.25,4,0.85
Ag1In2,2,2.4
Ag0.8Ga0.2,2,6.5
Al0.8Ge0.2Nb3,3,20.7
Al0.5Ge0.5Nb1,3,12.6
Al0.131Cr0.088V0.781,3,1.46
Al2C1Mo3,3,9.8
Al1,1,1.17
Al1,1,1.3
Ag0.2In0.8Te1,3,0.77
Al2Pt1,2,0.48
Al1Pb1,2,1.2
Al2Mg2,2,0.84
As1Sn1,2,3.41
As1Rh1.4,2,0.03
As1Pd5,2,0.46
As0.5Ni0.06Pd0.44,3,1.39
As0.5In1Te0.5,3,0.44
As0.33In1Te0.67,3,0.85
Au1In1,2,0.4
Au0.4Ge0.6,2,0.32
As2Sn3,2,3.5
Au5Sn1,2,0.7
Au1Pb3,2,4.25
B6La1,2,5.7
B1C1Mo2,3,5.3
B0.03C0.51Mo0.47,3,12.5
B1C1Mo2,3,5.4
Au1V3,2,0.74
B12Zr1,2,5.82
B0.3Ru0.7,2,2.58
Bi1Co1,2,0.42
Bi0.5Cd0.25Pb0.25Sn0.12,4,8.2
Be1W1,2,4.1
Be0.957Re0.043,2,9.62
Be9.8Re0.02,2,9.5
Ba0.14O3W1,3,1.25
Bi2Ir1,2,3.0
Bi2Ir1,2,1.7
Bi0.34In0.66,2,4.0
Bi0.15In0.85,2,5.3
Bi10.1In0.9,2,5.05
Bi0.5Pb0.25Sn0.26,3,8.5
Bi0.5Pb0.31Sn0.19,3,8.5
Bi0.06Pb0.95,2,7.35
Bi1Nb3,2,3.05
Bi4Mg1,2,0.7
Bi1Li1,2,2.47
Bi0.4Pd0.6,2,3.7
Bi1Pd2,2,4.2
Bi0.26Tl0.74,2,4.15
Bi3Te1,2,0.75
C1Hf0.4Nb0.6,3,5.6
C1Hf0.5Nb0.5,3,4.8
C1Hf0.6Nb0.4,3,4.5
C1Hf0.7Nb0.3,3,6.1
C1Hf0.25Mo0.75,3,6.6
C1Hf0.3Mo0.7,3,5.5
C1Hf0.5Mo0.5,3,3.4
C1Ga1Mo2,3,3.7
Bi0.3Zn0.7,2,1.51
C1Mo0.5Ta0.5,3,7.7
C1Mo0.2Ta0.8,3,7.5
C0.6Mo4.8Si3,3,7.6
C0.44Mo0.56,2,1.3
C1Mo2,2,12.2
C1Mo1,2,6.5
C0.4Mo0.6,2,9.0
C8K1,2,0.39
C1K1,2,0.55
C1Hf0.9Ta0.1,3,5.0
C1Hf0.8Nb0.8,3,7.8
C1Hf0.25Nb0.75,3,7.0
C1Nb0.1Zr0.9,3,4.2
C1Nb0.6W0.4,3,12.5
C0.7Nb0.3,2,6.0
C1Nb1,2,14.0
C0.984Nb1,2,9.8
C1Nb1,2,7.5
C0.1N0.9Nb1,3,8.5
C1Mo0.8Ta0.2,3,8.7
C1Mo0.75Ta0.25,3,8.5
C1W1,2,1.0
C1Ti0.5W0.5,3,6.7
C1Ta0.2Zr0.8,3,4.6
C0.848Ta1,2,2.04
C0.987Ta1,2,9.7
C1Ta1,2,11.0
C1Re0.06W1,3,5.0
C1Re0.01W1,3,1.3
Cd0.18Tl0.82,2,2.54
Cd1Sn1,2,3.65
Cd0.97Pd0.03,2,4.2
Cd1Hg1,2,1.77
Cd0.3Hg0.7,2,1.7
Ca1Rh2,2,6.4
Ca1Pb1,2,7.0
Ca0.1O3W1,3,1.4
Ca1Ir2,2,6.15
Co0.5Rh0.5Si2,3,2.5
Co1Lu3,2,0.35
Ce1Ru2,2,6.0
Ce0.005La0.995,2,4.6
Ce1Co2,2,0.84
Cr0.6Ir0.4,2,0.4
Co1Si2,2,1.4
Co0.3Sc0.7,2,0.35
Cr0.1Ru0.9,2,0.34
Cr2Ru1,2,2.02
Cr3Ru1,2,3.3
Cr0.8Rh0.2,2,0.5
Cr3Ir1,2,0.45
Cr0.72Ir0.28,2,0.83
Cr0.7Ir0.3,2,0.76
Cr0.65Ir0.35,2,0.59
Cu0.15In0.85,2,3.75
Ga0.7Pt0.3,2,2.9
Ge0.29Nb0.71,2,6.0
Ge1Nb3,2,6.0
Ge1Mo3,2,1.43
Ga3Zr1,2,1.38
Ga1V4.5,2,9.15
Ga1V2.1,2,6.3
Ga1Sb1,2,4.24
H0.12Ta0.88,2,2.81
H0.05Nb0.95,2,7.83
H0.1Nb0.9,2,7.38
Ge0.5Nb3Sn0.5,3,11.3
Hf1V2,2,8.9
Hf0.99Rh0.01,2,0.85
Hf0.14Re0.86,2,5.8
Hf0.76Nb0.25,2,4.2
Hf1N0.989,2,6.6
H0.04Ta0.96,2,3.62
H0.08Ta0.92,2,3.26
In0.11O3W1,3,1.25
In1Nb3,2,4.0
In1La3,2,9.75
Hg5Tl2,2,3.86
Hg4K1,2,3.27
In0.78Tl0.22,2,3.18
In0.62Tl0.38,2,2.76
In0.8Tl0.2,2,3.223
In1Te1.002,2,3.5
In0.82Te1,2,1.02
In3Sn1,2,5.5
In1Sb1,2,4.8
In1Pb1,2,0.7
In1Pb1,2,6.65
In0.98Pb0.02,2,3.45
In0.95Pb0.05,2,3.6
Ir0.4Nb0.6,2,9.8
Ir1Nb3,2,1.9
Ir1Mo3,2,6.8
In0.69Tl0.31,2,2.98
Ir1Sn2,2,0.65
Ir2Sc1,2,2.07
Ir0.5Os0.5,2,2.4
Ir0.265O0.035Ti0.65,3,2.3
Ir0.287O0.14Ti0.578,3,5.5
Ir1Nb1,2,7.9
Ir0.37Nb0.63,2,2.32
Ir0.28W0.72,2,4.49
Ir1V2,2,1.39
Ir1Ti3,2,5.4
K0.4O3W1,3,1.5
K0.27O3W1,3,0.5
Ir2Y1,2,1.09
Ir0.69Y0.31,2,1.98
La3Sc4,2,8.6
La3S4,2,6.5
La0.28Pt0.72,2,0.54
Mo3Os1,2,7.2
Mo0.2Ru0.8,2,1.66
Mo1Ru1,2,9.5
Mo0.6Re0.395,2,10.6
Mo0.42Re0.58,2,6.35
Mo3Re1,2,0.01
Mo0.5Pb0.5,2,3.52
N1Nb1,2,6.0
N1Nb1,2,10.0
Mo2Zr1,2,4.27
Mo0.025Ti0.975,2,1.8
Mo0.04Ti0.96,2,2.0
Mo0.913Ti0.087,2,2.95
Mo0.16Ti0.84,2,4.18
Mo3Si1.3,2,1.3
Na0.28Pb0.72,2,7.2
Na0.28O3W1,3,0.56
N0.906Zr1,2,3.0
N1Zr1,2,9.8
N0.82V1,2,2.9
N0.6Ti1,2,1.17
N1Ta1,2,12.0
N0.93Nb0.85Zr0.15,3,13.8
N0.7Nb1,2,11.3
Nb0.38Re0.62,2,2.43
Nb5Pt3,2,3.73
Nb0.62Pt0.38,2,4.21
Nb3Pd0.02Rh0.98,3,2.49
Nb0.6Os0.4,2,1.89
Nb1Sn2,2,2.6
Nb0.8Sn0.2,2,18.18
Nb3Sn1,2,18.05
Nb1Se2,2,2.2
Nb1Se2,2,5.15
Nb1S2,2,5.0
Nb0.88V0.12,2,5.7
O3Tl0.03W1,3,2.0
O3Sr0.08W1,3,2.0
O1Ti1,2,0.58
O3Sr1Ti1,3,0.47
O3Sr1Ti1,3,0.05
O3Sr1Ti1,3,0.12
O3Rb0.27W1,3,1.98
Ni1Zr2,2,1.52
Nb0.66Zr0.33,2,10.8
Nb0.75Zr0.25,2,10.8
P1Pd3,2,0.35
Os1W3,2,3.0
Pb1Tl0.17,2,6.73
Pb1Tl0.27,2,6.43
Pb1Te1,2,5.24
Pb1Te1,2,5.19
P1Rh2,2,1.3
P1Rh1,2,1.22
Pb0.9Pt0.1Te2,3,1.65
Pb1Tl2,2,3.75
Pb1Tl0.04,2,7.06
Pb1Tl0.075,2,6.98
Pb1Tl0.12,2,6.88
Pd2.8Se1,2,2.3
Pt2Y8,2,0.9
Pt1V3.5,2,1.26
Pt1V3,2,2.87
Pt1V2.5,2,1.36
Rh0.24Sc0.76,2,0.88
Re0.5W0.5,2,5.12
Re24Ti6,2,6.6
Rh0.005Zr1,2,5.8
Rh1Zr2,2,10.8
Rh1V3,2,0.38
Sb1Sn1,2,1.3
Ru0.1Ti0.9,2,3.5
Ru0.05Ti0.95,2,2.5
Rh0.1Zr0.9,2,9.0
Si10.9V3C0.1,3,16.4
Si10.9V3B0.1,3,15.8
Si10.9V3Al0.1,3,14.05
Si1V3,2,17.1
Sb0.01V0.99,2,3.76
Sb2Tl7,2,5.2
Sb1Ti3,2,5.8
Sn0.174Ta0.826,2,6.5
Mo0.3Si1,2,11.7
Ti0.5Zr0.5,2,2.0
Tc0.6W0.4,2,7.88
Tc0.5W0.5,2,7.52
Tc0.1W0.9,2,1.25
Ta0.8W0.2,2,1.2
Ta0.05V0.095,2,4.3
Ta0.05Ti0.95,2,2.9
Ta0.025Ti0.975,2,1.3
Sn0.02V0.98,2,2.87
Bi0.56Pb0.44,2,8.8
W2Zr1,2,2.16
V0.26Zr0.74,2,5.9
Ga1V1.95,2,5.3
C1Ta1,2,9.0
C1Nb0.4Ta0.6,3,0.01
C1Nb1,2,8.0
In0.94Pb0.06,2,3.9
In0.96Pb0.04,2,3.68
Hg0.15Pb0.85,2,6.75
Mo0.913Ti0.037,2,2.95
Mo0.5Re0.395,2,10.6
Nb1C0.9N0.1,3,16.97
Nb1C0.3N0.7,3,17.8
Nb1C0.28N0.78,3,17.9
Si22.5V75,2,15.8
N1Nb1,2,16.1
N12.8Nb1,2,16.1
Nb25Ti70Zr5,3,7.5
Nb25Ti74Zr1,3,7.4
Nb25Ti75,2,7.2
Nb0.97Cr0.03N1,3,1.2
Nb0.99Cr0.01N1,3,1.2
Hf1Ti1C1,3,1.38
Hf1Zr1C1,3,1.68
Hf1Nb1C1,3,7.5
Hf1Ta1C1,3,7.9
Nb0.8W0.2C1,3,12.7
Nb50Zr45Hf5,3,10.0
Nb50Ti25Zr25,3,9.7
Nb50Ti10Zr40,3,9.8
Nb50Ti5Zr45,3,10.2
Nb50Zr50,2,10.2
Nb25Zr75,2,8.3
Nb25Ti10Zr65,3,7.5
Nb25Ti20Zr55,3,7.5
Nb25Ti30Zr45,3,7.7
Nb25Ti40Zr35,3,7.7
Nb25Ti50Zr25,3,7.2
Nb25Ti65Zr10,3,7.7
H0.827Pd1,2,1.449
H0.886Pd1,2,3.478
Nb5V50Ti45,3,7.4
Nb1V50Ti49,3,7.5
Ti50V50,2,7.8
Nb49.8Zr24.45Mo25.75,3,5.3
Nb50.2Zr39.4Mo10.4,3,8.8
Nb50.35Zr44.45Mo5.2,3,9.9
Nb40.6Zr19.9Ta39.5,3,9.9
Nb46Zr36.1Ta17.9,3,10.3
Nb48.15Zr42.5Ta9.35,3,10.4
Nb50Zr25Hf25,3,10.1
Nb50Zr40Hf10,3,10.1
Nb20Ti75Ta5,3,7.1
Nb24Ti75Ta1,3,7.4
Nb25Ti50Ta25,3,8.6
Nb25Ti65Ta10,3,8.4
Nb25Ti70Ta5,3,7.85
Nb25Ti74Ta1,3,7.55
Nb25V25Ti50,3,7.3
Nb25V10Ti65,3,8.0
Nb25V5Ti70,3,7.7
Nb10V50Ti40,3,7.1
V50Ti49.5Ta0.5,3,4.505
Ti50V50,2,4.5
V50Ti40Zr10,3,5.5
V50Ti45Zr5,3,7.0
V50Ti49Zr1,3,7.7
Nb25Ti50Mo25,3,4.3
Nb25Ti65Mo10,3,6.8
Nb25Ti70Mo5,3,7.4
Nb25Ti74Mo1,3,7.3
Ta25Ti75,2,6.0
Nb15Ti75Ta10,3,6.7
Yb1Pd2Sn1,3,1.82
Tm1Pd2Sn1,3,1.92
Y1Pd2Pb1,3,4.13
Y1Pd2Sn1,3,5.02
Sc1Pd2Sn1,3,2.29
V50Ti40Mo10,3,6.2
V50Ti45Mo5,3,6.9
V50Ti49Mo1,3,6.9
V50Ti40Ta10,3,4.6
V50Ti45Ta5,3,4.55
V50Ti49Ta1,3,4.51
H0.983Pd1,2,7.355
H0.963Pd1,2,6.377
H0.938Pd1,2,5.523
Lu1Pd2Sn1,3,3.02
Cu1.3Mo6S8,3,10.3
Cu2Mo6S8,3,10.8
As1Ga1,2,10.0
Cu3Mo6S8,3,5.5
Sn1Mo6S8,3,10.5
Mo6Se8,2,6.3
Sn1Fe0.05Mo6S8,4,7.05
Pb1Mo6S8,3,12.7
Sn0.5Eu0.5Mo6S8,4,10.2
Cu1.6Mo6S8,3,11.3
Cu2.6Mo6S8,3,10.5
Cu2.6Mo6S8,3,8.0
Cu3.2Mo6S8,3,8.5
Cu3.2Mo6S8,3,7.6
Y1Ni2B2C1,4,15.5
La1Pt2B2C1,4,10.5
La1Pt2.2B2C1,4,6.5
Y1Pt2B2C1,4,10.5
La3Ni2B2N3,4,12.3
Sc0.5Lu0.5Ni2B2C1,5,15.6
La0.5Lu0.5Ni2B2C1,5,14.8
Lu1Ni2B2C1,4,16.6
Tm1Ni2B2C1,4,11.1
Er1Ni2B2C1,4,10.0
Ho1Ni2B2C1,4,5.8
Y1Ni2B2C1,4,15.3
Er1Ni2B2C1,4,10.3
Y1Ni2B2C1,4,15.6
Y1Pd5B3C0.3,4,23.0
Tm1Ni2B2C1,4,10.2
Y1Ni2B2C1,4,14.5
Y1Ni1.94Co0.06B2C1,5,11.5
Y1Ni1.9Co0.1B2C1,5,9.8
Y1Ni1.86Co0.14B2C1,5,7.76
Y1Ni1.8Co0.2B2C1,5,6.7
Y1Ni1.98Ru0.02B2C1,5,12.8
Y1Ni1.94Ru0.06B2C1,5,8.7
Y1Ni1.9Ru0.1B2C1,5,7.0
Y1Ni1.98Fe0.02B2C1,5,13.4
Y1Ni1.94Fe0.06B2C1,5,10.2
Y1Ni1.9Fe0.1B2C1,5,8.2
Y1Ni1.86Fe0.14B2C1,5,6.2
Y1Ni2B2C1,4,15.0
Y1Pd4.2B3C0.3,4,24.0
Y1Ni2Pd,3,16.3
Y1Ni1.8Pd0.2B2C1,5,14.0
Y1Ni1.5Pd0.5B2C1,5,12.1
Y1Ni1.3Pd0.7B2C1,5,12.1
Y1Ni1Pd1B2C1,5,11.8
Y1Ni0.8Pd1.2B2C1,5,11.8
Y1Pd3B3C0.3,4,22.0
La1Pt1.5Au0.6B2C1,5,10.2
Pr1Pt1.5Au0.6B2C1,5,6.0
Sc3.5Dy1.5Ir4Si10,4,5.0
Cu0.9Co1.9S4,3,1.6
Cu1.2Co1.8S4,3,2.3
Cu1.5Co1.5S4,3,3.3
Tm1Rh1.3Sn4,3,2.07
Pt3V1,2,0.508
Y0.8Ca0.2C2,3,2.82
Y0.7Ca0.3C2,3,2.4
Y2C2Br2,3,5.04
La1Os1Ru3P12,4,7.0
La1Os2Ru2P12,4,7.0
Zr1Ru1P1,3,13.0
C2Y1,2,4.02
C2Y1,2,3.98
C2Y1,2,3.95
C1.95Y1,2,3.86
Y0.9Ca0.1C2,3,3.15
La1Ru4As12,3,10.3
La1Ru4Sb12,3,2.8
Pr1Ru4As12,3,2.4
C1.35La1,2,11.0
C1.35Y1,2,10.0
Hf1N1Cl1,3,25.5
Zr1N1Cl1,3,13.0
Na2.9Ba4.5Si46,3,3.5
Y1Pd4B1C0.2,4,21.0
Lu1Pd4B1C0.2,4,10.0
Na1.5Ba6Si46,3,2.6
Na0.3Ba6.2Si46,3,4.0
Na0.2Ba6Si46,3,4.8
Ba1Si2,2,5.3
Y1Ni2B2C1,4,13.8
Ho1Ni2B2C1,4,8.5
Ho0.9Dy0.1Ni2B2C1,5,8.0
Ho0.85Dy0.15Ni2B2C1,5,7.9
Ho1.8Dy0.2Ni2B2C1,5,6.6
Ho0.7Dy0.3Ni2B2C1,5,5.8
Ho0.65Dy0.35Ni2B2C1,5,5.9
Ho0.6Dy0.4Ni2B2C1,5,6.0
Ho0.5Dy0.5Ni2B2C1,5,5.9
Ho0.4Dy0.6Ni2B2C1,5,5.85
Ho0.2Dy0.8Ni2B2C1,5,6.23
Dy1Ni2B2C1,4,6.23
Lu1Ni2B2C1,4,15.9
Lu0.8Dy0.2Ni2B2C1,5,11.8
Lu0.6Dy0.4Ni2B2C1,5,7.5
Lu0.4Dy0.6Ni2B2C1,5,4.3
Lu0.3Dy0.7Ni2B2C1,5,2.0
Lu0.1Dy0.9Ni2B2C1,5,2.5
Lu0.05Dy0.95Ni2B2C1,5,4.3
Dy1Ni2B2C1,4,6.2
Eu1Nd2S5,3,3.0
Ba1Ta2S5,3,3.14
Ba1Ta2S5,3,2.88
Dy1Ni2B2C1,4,6.0
Ho1Ni2B2C1,4,8.6
Er1Ni2B2C1,4,10.8
Ho1Ni2B2C1,4,8.0
Er1Ni2B2C1,4,11.0
Tm1Ni2B2C1,4,11.0
Nd1.72Ta3.28S2,3,4.3
Y1Ni1.86Co0.14B2C1,5,8.5
Y1Ni1.9Co0.1B2C1,5,9.5
Y1Ni1.94Co0.06B2C1,5,12.1
Y1Ni1.985Cu0.015B2C1,5,14.3
Y1Ni1.95Cu0.05B2C1,5,14.7
Y1Ni1.9Cu0.1B2C1,5,13.7
Y1Ni1.85Cu0.15B2C1,5,13.0
Y1Ni1.8Cu0.2B2C1,5,11.5
Y1Ni1.7Cu0.3B2C1,5,10.8
Y1Ni1.6Cu0.4B2C1,5,10.6
Y1Ni1.4Cu0.6B2C1,5,10.5
Y1Cu2B2C1,4,10.0
Y0.9Tb0.1Ni2B2C1,5,12.7
Y0.8Tb0.2Ni2B2C1,5,11.0
Y0.7Tb0.3Ni2B2C1,5,8.1
Y0.65Tb0.35Ni2B2C1,5,4.6
Y0.6Tb0.4Ni2B2C1,5,2.0
La0.84Mo6Se8,3,9.4
La0.88Mo6Se8,3,10.25
La0.94Mo6Se8,3,11.0
Mo3Se4,2,6.6
Sn0.875Mo6S8,3,14.048
W0.25Sn0.875Mo6S8,4,13.635
Cu2Mo6S8,3,10.43
Sr1Ta2S5,3,2.75
La1Pt1.5Au0.6B2.4C1.2,5,11.0
Pr1Pt1.5Au0.6B2.4C1.2,5,6.2
Y1Pt1.5Au0.6B2.4C1.2,5,5.8
Y1Ni2B2C1,4,15.4
Lu1Ni2B2C1,4,15.7
Y1Ni2B2C1,4,15.48
Y1Pd5B3C0.3,4,23.32
Dy1Ni2B2C1,4,3.8
Y1Ni1.9Cu0.1B2C1,5,13.8
Y1Ni1.8Cu0.2B2C1,5,11.6
Y1Ni1.7Cu0.3B2C1,5,10.9
Y1Ni1.4Cu0.6B2C1,5,10.4
Y1Ni1Cu1B2C1,5,10.1
Y1Ni1.98Co0.02B2C1,5,14.3
Y1Ni1.8Co0.2B2C1,5,6.8
Y1Ni2B2C1,4,15.45
Er1Ni2B2C1,4,10.5
Lu1Ni2B2C1,4,16.0
Ho0.25Y0.75Ni2B2C1,5,13.8
Ho0.5Y0.5Ni2B2C1,5,11.6
Ho0.75Y0.25Ni2B2C1,5,10.2
Ho0.85Y0.15Ni2B2C1,5,9.3
Ho1Ni2B2C1,4,7.6
Ho1Ni2B2C1,4,7.5
Er1Ni2B2C1,4,10.4
Tm1Ni2B2C1,4,10.9
Dy1Ni2B2C1,4,0.75
Y1Ni2B2C1,4,15.76
Ho1Ni2B2C1,4,8.67
Er1Ni2B2C1,4,10.96
Tm1Ni2B2C1,4,10.88
C60Rb3,2,30.5
La1Ni1C2,3,3.0
Li2Na1N1C60,4,12.0
Na4H4C60,3,15.0
Ca1,1,15.0
Lu1Ni1B1C1,4,2.96
Lu1Ni0.9V0.1B1C1,5,2.94
Lu1Ni0.8V0.2B1C1,5,2.6
Lu1Ni0.9Cu0.1B1C1,5,3.3
Lu1Ni0.8Cu0.2B1C1,5,3.38
I2,1,1.2
Lu1Ni1.97Co0.06B2C1,5,14.0
Lu1Ni0.91Co0.18B2C1,5,8.8
Lu1Ni1.85Co0.3B2C1,5,4.8
Ho1Ni1.995Co0.01B2C1,5,6.72
Ho1Ni1.95Co0.03B2C1,5,4.51
Er1Ni2B2C1,4,10.6
Er1Ni1.98Co0.04B2C1,5,8.2
Er1Ni1.97Co0.06B2C1,5,6.6
Er1Ni1.9675Co0.065B2C1,5,6.2
Er1Ni1.9625Co0.075B2C1,5,5.1
Lu1Ni1.991Co0.018B2C1,5,15.6
Lu1Ni1.95Co0.1B2C1,5,12.3
Lu1Ni1.93Co0.14B2C1,5,10.5
Lu1Ni1.89Co0.22B2C1,5,7.5
Lu1Ni1.87Co0.26B2C1,5,6.0
Lu1Ni1.83Co0.34B2C1,5,3.8
Lu1Ni1.81Co0.38B2C1,5,2.9
Lu1Ni1.8Co0.4B2C1,5,2.6
Tm1Ni1.99Co0.02B2C1,5,10.3
Tm1Ni1.98Co0.04B2C1,5,9.2
Tm1Ni1.97Co0.06B2C1,5,8.7
Tm1Ni1.96Co0.08B2C1,5,7.7
Tm1Ni1.94Co0.12B2C1,5,5.9
Tm1Ni1.92Co0.16B2C1,5,4.4
Tm1Ni1.91Co0.18B2C1,5,3.2
Tm1Ni1.88Co0.24B2C1,5,1.6
Er1Ni0.199Co0.02B2C1,5,9.2
Er1Ni0.973Co0.054B2C1,5,7.2
Er1Ni1.96Co0.08B2C1,5,4.2
Er1Ni1.955Co0.09B2C1,5,2.6
Ho1Ni1.998Co0.004B2C1,5,7.2
Ho1Ni1.993Co0.014B2C1,5,5.0
Ho1Ni1.99Co0.02B2C1,5,4.8
Ho1Ni1.98Co0.04B2C1,5,3.7
Ho1Ni1.972Co0.056B2C1,5,2.4
Dy1Ni2B2C1,4,4.6
Dy1Ni1.995Co0.01B2C1,5,4.1
Dy1Ni1.99Co0.02B2C1,5,3.1
Dy1Ni1.985Co0.03B2C1,5,2.1
Lu1Ni2B2C1,4,16.1
Cu0.7Zn0.3Ir2S4,4,2.8
Cu0.5Zn0.5Ir2S4,4,2.2
Y1Ni2B2C1,4,14.91
Lu1Ni2B2C1,4,15.75
Er1Ni2B2C1,4,9.5
Sc5Co4Si10,3,4.9
La3Ni2B2N3,4,13.2
Y1Pd2B2C1,4,22.6
Tb0.2Er0.8Ni2B2C1,5,7.1
Tb0.225Er0.775Ni2B2C1,5,5.9
Tb0.25Er0.75Ni2B2C1,5,4.9
Dy1Ni2B2C1,4,6.51
Yb1Pd2Sn1,3,2.3
Ce1.025Cu2Si2,3,0.6
Ce1Cu2.05Si2,3,0.7
Sn19Er4Rh6,3,1.32
Sn18.59Er4.41Rh6,3,1.0
Sn18.43Er4.57Rh6,3,0.97
C60Rb3,2,30.8
Ho1Ni2B2C1,4,7.8
Ho1Ni2B2C1,4,7.1
Sn0.95In0.05Te1,3,1.2
Sn0.9405Ge0.0095In0.05Te1,4,1.61
Sn0.9215Ge0.0285In0.05Te1,4,1.74
Sn0.9025Ge0.0475In0.05Te1,4,1.72
Sn0.874Ge0.076In0.05Te1,4,1.64
Sn0.855Ge0.095In0.05Te1,4,1.48
Sn0.8075Ge0.1425In0.05Te1,4,1.09
Sn0.76Ge0.19In0.05Te1,4,0.68
Sn0.84In0.16Te1,3,2.48
Sn0.798Ge0.042In0.16Te1,4,2.36
Sn0.756Ge0.084In0.16Te1,4,2.32
Sn0.714Ge0.126In0.16Te1,4,2.23
Sn0.672Ge0.168In0.16Te1,4,1.93
Sn0.63Ge0.21In0.16Te1,4,1.87
Sn0.588Ge0.252In0.16Te1,4,1.42
Sn0.504Ge0.336In0.16Te1,4,0.42
Cu1.5Rh1.5S4,3,4.5
La2Rh3Sn5,3,1.85
Tm2Rh3Sn5,3,1.8
Mo6Se8,2,6.28
Mo6Se8,2,6.13
Sc2Fe3Si5,3,4.52
Y2Fe3Si5,3,2.4
Lu2Fe3Si5,3,6.1
La7Pd3,2,1.48
La7Rh3,2,2.6
La7Ru3,2,1.92
Sr1Ta2S5,3,3.16
Na0.05W1O3,3,91.0
Tm2Fe3Si5,3,3.13
Ho0.8La0.2Ni2B2C1,5,1.3
Ho0.9La0.1Ni2B2C1,5,2.25
Ho0.93La0.07Ni2B2C1,5,3.0
Ho0.95La0.05Ni2B2C1,5,6.62
Ho0.97La0.03Ni2B2C1,5,7.44
Ho1Ni2B2C1,4,8.56
La3Ni1,2,2.4
Al0.24Nb0.76,2,18.7
Al0.24Nb0.76,2,16.9
Al0.24Nb0.76,2,7.1
Al0.24Nb0.76,2,3.9
Al1Nb3,2,16.84
Al1Nb3,2,18.45
Al1Nb3,2,18.2
Ge1Nb3,2,5.9
Mo6Se6Br2,3,6.7
Cu1Mo6Se8,3,5.9
La1Mo6Se8,3,11.6
Cd1Mo6Se8,3,2.4
Sn1Mo6Se8,3,3.4
Pb1Mo6Se8,3,4.0
Ag1Mo6S8,3,7.7
Gd1Mo6S8,3,1.8
Sn1Mo6S8,3,11.7
Pb1Mo6S8,3,13.7
La1Mo6S8,3,6.8
Mo6S8,2,1.8
Mo6S6Br2,3,13.0
Mo6S6I2,3,13.0
Cu1.8Mo6S8,3,10.7
Zn1Mo6S8,3,2.8
Al1Nb3,2,18.7
Al1Nb3,2,17.9
Al1Nb3,2,9.9
Al0.245Nb0.725,2,18.4
Nb0.747Al0.239Si0.014,3,18.0
Nb0.758Al0.174Ge0.069,3,19.7
Nb2.97Zr0.03Al1,3,17.4
Nb2.91Zr0.09Al1,3,14.6
Nb3Al0.75Ge0.25,3,19.8
Nb3Al0.75Ga0.3,3,19.1
Nb2.9925Zr0.0075Al1,3,17.6
Nb2.973Zr0.027Al1,3,16.6
Nb2.927Zr0.073Al1,3,14.8
Nb2.859Zr0.141Al1,3,13.6
Nb2.985Hf0.015Al1,3,18.0
Nb2.919Hf0.081Al1,3,16.5
Nb2.85Hf0.15Al1,3,14.4
Nb2.976Ti0.024Al1,3,17.7
Nb2.9175Ti0.0825Al1,3,16.0
Nb2.88Ti0.12Al1,3,15.0
Nb2.778Ti0.222Al1,3,13.0
Nb2.73Ti0.27Al1,3,11.5
Nb2.58Ti0.42Al1,3,9.0
Nb2.97W0.03Al1,3,18.0
Nb2.94W0.06Al1,3,17.2
Nb2.895W0.105Al1,3,16.0
Nb2.85W0.15Al1,3,15.2
Nb2.85Mo0.15Al1,3,15.5
Nb2.775Mo0.225Al1,3,13.8
Nb2.7Mo0.3Al1,3,12.3
Nb2.94Ta0.06Al1,3,17.7
Nb2.85Ta0.15Al1,3,16.8
Nb2.739Ta0.261Al1,3,15.4
Nb2.64Ta0.36Al1,3,14.5
Nb2.859V0.141Al1,3,17.2
Nb2.706V0.294Al1,3,15.6
Nb2.55V0.45Al1,3,14.0
Nb3Al0.98Se0.02,3,18.4
Nb3Al0.967Se0.033,3,18.1
Nb3Al0.952Se0.048,3,18.0
Nb3Al0.94Se0.06,3,17.8
Nb3Al0.924Se0.076,3,17.6
Nb3Al0.9Se0.1,3,17.6
Nb3Al0.985Si0.015,3,18.6
Nb3Al0.975Si0.025,3,18.5
Nb3Al0.964Si0.036,3,18.4
Nb3Al0.956Si0.044,3,18.5
Nb3Al0.945Si0.055,3,18.4
Nb3Al0.935Si0.065,3,18.4
Nb3Al0.983Ga0.017,3,18.8
Nb3Al0.967Ga0.033,3,19.0
Nb3Al0.95Ga0.05,3,19.2
Nb3Al0.927Ga0.073,3,19.2
Nb3Al0.907Ga0.093,3,19.1
Nb3Al0.991Ge0.009,3,19.0
Nb3Al0.98Ge0.02,3,19.3
Nb3Al0.97Ge0.03,3,19.6
Nb3Al0.96Ge0.04,3,19.8
Nb3Al0.95Ge0.05,3,20.0
Nb3Al0.94Ge0.06,3,20.0
Nb3Al0.93Ge0.07,3,20.0
Nb3Al0.92Ge0.08,3,19.9
Nb3Al0.91Ge0.09,3,19.8
Ga0.32Nb0.68,2,20.2
Ga0.245Nb0.755,2,20.2
Ga0.3Nb0.7,2,16.3
Ga0.19Nb0.81,2,13.3
Nb0.79Al0.164Ga0.057,3,20.7
Nb3Al0.9B0.1,3,19.8
Nb3Al0.8B0.2,3,17.8
Al1Nb3,2,17.8
Nb3Al0.95Be0.05,3,19.8
Nb3Al0.9Be0.1,3,19.8
Nb3Al0.8Be0.2,3,17.0
Nb3Al0.7Be0.3,3,14.0
Rh1Zr2,2,11.2
Zr2Rh1H0.08,3,11.1
Zr2Rh1H0.1,3,10.8
Zr2Rh1H0.28,3,8.8
Zr2Rh1H0.7,3,6.0
C60Rb3,2,31.0
Nb0.75Al0.19Ge0.06,3,20.9
Co1Zr2,2,5.2
Ni1Zr2,2,2.0
La1Ni1C2,3,2.7
La1Ni1Sn1,3,0.59
La1Pt1Si1,3,3.9
La0.99Nd0.01Pt1Si1,4,3.71
La0.98Nd0.02Pt1Si1,4,3.42
La0.97Nd0.03Pt1Si1,4,3.27
La0.96Nd0.04Pt1Si1,4,3.04
La0.95Nd0.05Pt1Si1,4,2.76
La0.94Nd0.06Pt1Si1,4,2.56
La0.93Nd0.07Pt1Si1,4,2.29
La0.92Nd0.08Pt1Si1,4,2.04
La0.91Nd0.09Pt1Si1,4,1.73
La0.9Nd0.1Pt1Si1,4,1.42
La0.9997Ce0.0003Pt1Si1,4,3.2
La0.9991Ce0.0009Pt1Si1,4,2.03
La0.9989Ce0.0011Pt1Si1,4,1.5
C0.78W0.22Si1,3,2.9
C0.74W0.26Si1,3,3.3
C0.72W0.28Si1,3,3.9
Ti1,1,0.49
Al0.029Ti0.971,2,0.65
Al0.053Ti0.947,2,0.7
Al0.102Ti0.898,2,0.73
Pt1,1,0.0019
Pt1,1,0.00104
Y2C2Br2,3,5.05
C2Y1,2,3.85
La1Ru4Sb12,3,3.58
Pr1Ru4Sb12,3,1.04
Bi3Ni1,2,4.1
Nb0.75Al0.225Ga0.025,3,19.1
Nb0.75Al0.16Ga0.09,3,19.45
Nb0.75Al0.175Ga0.075,3,19.1
Nb0.75Al0.2Ge0.05,3,16.5
Nb0.75Al0.185Ge0.065,3,20.26
Nb0.75Al0.1875Ge0.0625,3,20.0
Nb0.75Al0.02Ge0.05,3,19.8
Nb0.75Al0.19Ge0.06,3,20.0
Nb0.75Al0.18Ge0.07,3,19.8
Nb0.79Al0.16Ge0.05,3,21.0
Nb0.75Al0.175Ge0.075,3,17.9
Nb0.75Al0.2Ge0.05,3,18.6
Nb0.75Al0.2Ge0.05,3,20.0
Nb0.75Al0.21Ge0.04,3,20.0
Nb0.75Al0.2Ge0.05,3,18.5
Nb0.75Al0.2Ge0.05,3,19.7
Al0.25Nb0.75,2,18.6
Nb0.75Al0.23Ge0.02,3,19.2
Nb0.75Al0.21Ge0.04,3,19.7
Nb0.75Al0.17Ge0.08,3,19.8
Nb0.75Al0.16Ge0.09,3,19.7
Nb0.768Al0.146Ge0.086,3,17.4
Nb0.76Al0.18Ge0.06,3,17.88
Nb0.75Al0.225Ge0.025,3,17.9
Nb0.75Al0.2Ge0.05,3,15.0
Nb0.75Al0.178Ge0.072,3,20.1
Nb0.73Al0.255Si0.015,3,18.7
Al0.25Nb0.75,2,17.1
Nb0.75Al0.225Si0.025,3,16.4
Nb0.75Al0.2Si0.05,3,15.4
Nb0.75Al0.15Si0.1,3,15.4
Nb0.7275Zr0.0225Al0.25,3,14.6
Nb0.7425Zr0.0075Al0.25,3,17.4
As1Nb3,2,6.5
As1Nb3,2,0.25
As1Nb3,2,0.31
Au1Nb3,2,11.1
Au0.2Nb0.8,2,7.9
Au1Nb3,2,10.6
Au1Nb3,2,1.5
Au1Nb3,2,10.8
Au0.242Nb0.758,2,10.56
Au0.24Nb0.76,2,10.56
Au0.2Nb0.8,2,5.0
Au0.22Nb0.78,2,7.6
Au0.24Nb0.76,2,11.0
Au0.25Nb0.75,2,11.0
Au1Nb3,2,11.08
Au1Nb3,2,11.23
Nb0.75Au0.175Pt0.075,3,12.9
Nb0.75Au0.175Pt0.075,3,12.8
C0.98Nb1,2,11.8
C0.93Nb1,2,6.5
C1Nb1,2,10.95
C0.9Nb1,2,5.0
C0.985Nb1,2,12.0
C1Nb1,2,10.5
C1Nb1,2,11.2
C0.96Nb1,2,9.8
Nb0.71Mo0.29C1,3,13.45
Ga0.251Nb0.749,2,19.9
Ga1Nb3,2,20.1
Ga0.25Nb0.75,2,20.0
Ge0.02Nb0.98,2,5.2
Ge0.045Nb0.955,2,4.15
Ge1Nb3,2,6.2
Ge1Nb3,2,15.7
Ge1Nb3,2,19.4
Ge1Nb3,2,4.05
Ge1Nb3,2,16.7
Ge0.18Nb0.82,2,6.05
Ge1Nb3,2,21.2
Ge0.18Nb0.82,2,6.12
Ge1Nb3,2,6.281
Ge1Nb3,2,21.8
Ge1Nb3,2,3.9
Ga0.2Nb0.8,2,15.3
Nb0.8Ga0.19Ni0.01,3,14.1
Nb0.8Ga0.18Ni0.02,3,12.4
Nb0.8Ga0.17Ni0.03,3,11.8
Nb0.8Ga0.16Ni0.04,3,10.6
Nb0.8Ga0.15Ni0.05,3,9.4
Nb0.8Ga0.14Ni0.06,3,8.7
Nb0.8Ga0.13Ni0.07,3,8.1
Nb0.8Ga0.195Cr0.005,3,14.9
Nb0.8Ga0.19Cr0.01,3,13.6
Nb0.8Ga0.18Cr0.02,3,13.1
Ho1Ni2B2C1,4,7.77
Nb0.8Ga0.17Cr0.03,3,11.5
Nb0.8Ga0.16Cr0.04,3,10.6
Nb0.8Ga0.15Cr0.05,3,9.7
Nb0.8Ga0.14Cr0.06,3,8.6
Ga25Nb75,2,17.6
Nb75Ga15Al10,3,18.55
Nb75Ga10Al15,3,17.2
Nb75Ga7.5Al17.5,3,18.3
Nb75Ga5Al20,3,18.25
Al25Nb75,2,17.5
Nb1C0.5Ni0.5,3,17.3
C0.99Nb1,2,10.6
Nb0.8Ta0.2C1,3,9.9
Nb0.6Ta0.4C1,3,9.4
Nb0.4Ta0.6C1,3,9.7
Nb0.25Ta0.75C1,3,9.8
Nb0.95Mo0.05C1,3,12.1
Nb0.85Mo0.15C1,3,12.7
Nb0.51Mo0.49C1,3,12.22
Nb0.3Mo0.7C1,3,12.1
Nb0.15Mo0.85C1,3,11.673
Ga20Nb80,2,15.4
Nb80Ga19Co1,3,13.7
Nb80Ga18Co2,3,12.2
Nb80Ga17Co3,3,11.0
Nb80Ga16Co4,3,9.85
Nb80Ga15Co5,3,9.17
Nb80Ga14Co6,3,8.1
Nb80Ga13Co7,3,7.92
Ga20Nb80,2,18.2
Nb80Ga19.7Fe0.03,3,17.3
Nb80Ga19.4Fe0.06,3,16.2
Nb80Ga19Fe1,3,15.0
Nb80Ga18Fe2,3,13.1
Nb80Ga17Fe3,3,11.6
Nb80Ga16Fe4,3,10.3
Ga20Nb80,2,15.2
Nb80Ga19Mn1,3,11.2
Nb80Ga18Mn2,3,7.79
Nb80Ga17Mn3,3,7.1
Nb80Ga16Mn4,3,6.03
Nb80Ga15Mn5,3,5.0
Ga22Nb78,2,15.6
Nb78Ga21Mn1,3,11.2
Nb78Ga20Mn2,3,8.87
Nb78Ga19Mn3,3,7.42
Nb78Ga18Mn4,3,5.97
Nb78Ga16Mn6,3,5.53
Al1Nb3,2,17.5
Nb3Al0.9Ge0.1,3,18.4
Nb3.05Al0.7125Ge0.19,3,17.9
Nb3.07Al0.5859Ge0.279,3,17.4
Nb3.2Al0.24Ge0.4,3,10.2
Al0.72Nb3.28,2,6.2
Nb2.96Al0.7592Ge0.3224,3,19.8
Al1Nb3,2,17.11
Nb3Al0.9Ge0.1,3,19.7
Nb3Al0.83Ge0.17,3,19.6
Nb3Al0.76Ge0.24,3,20.4
Nb3Al0.71Ge0.29,3,20.7
Nb3Al0.66Ge0.34,3,20.4
Nb3Al0.5Ge0.5,3,15.9
Nb3Al0.3Ge0.7,3,9.1
Nb3Al0.15Ge0.85,3,7.4
Ge1Nb3,2,6.4
Nb80Ga17.5Cr2.5,3,12.5
Pb1Te1Pb1S1,3,6.03
Pb1Te1Sn1Te1,3,2.97
Pb1S1Pb1Se1,3,4.59
Pb1Te1Yb1S1,4,5.93
Na2Cs1C60,3,10.5
N4H12Na2Cs1C60,5,29.6
B2Nb1,2,0.62
N0.75H2.25Na1K2C60,5,11.8
N0.85H2.55Na1K2C60,5,9.0
N0.74H2.22Na1Rb2C60,5,17.0
N0.86H2.58Na1Rb2C60,5,12.0
N0.93H2.79Na1Rb2C60,5,8.5
N0.84H2.52Na1K2C60,5,13.0
N0.87H2.61Na1K2C60,5,11.0
N1H3Na1K2C60,5,8.0
Pb1S1Yb1S1,3,6.39
Pb1Se1Eu1S1,4,2.48
Eu0.75Sn0.25Mo6S7.2Se0.8,5,3.9
B2Ta1,2,9.5
Mg1B1.8C0.2,3,41.0
B2Mg1,2,37.4
Mg0.9Li0.1B2,3,37.4
Mg0.7Li0.3B2,3,32.1
B2Mg1,2,39.2
B2Mg1,2,40.2
B2Mg1,2,39.4
B2Mg1,2,40.25
B2Mg1,2,40.23
B2Mg1,2,40.21
Ce1Pd2Si2,3,0.37
Ce1In3,2,0.17
Y1Ni2B2C1,4,16.01
Y0.9Lu0.1Ni2B2C1,5,15.56
Y0.5Lu0.5Ni2B2C1,5,14.9
Y0.2Lu0.8Ni2B2C1,5,14.68
Lu1Ni2B2C1,4,15.45
La3Ni2B2N3,4,11.73
Y1Ni2B2C1,4,15.41
Y0.95Tb0.05Ni2B2C1,5,14.42
Y0.9Tb0.1Ni2B2C1,5,13.48
Y0.85Tb0.15Ni2B2C1,5,12.54
Y0.8Tb0.2Ni2B2C1,5,11.43
Y0.75Tb0.25Ni2B2C1,5,10.02
Y0.7Tb0.3Ni2B2C1,5,9.03
Y0.6Tb0.4Ni2B2C1,5,5.04
Lu1Ni2B2C1,4,16.2
Ce1Cu2Si1.8Ge0.2,4,0.21
Ce1Cu2Si1.9Ge0.1,4,0.2
Ce1Cu2Si1.7Ge0.3,4,0.1
C60,1,52.0
C60,1,41.5
Nb3S4,2,4.0
Nb3Se4,2,2.0
Nb3Te4,2,1.8
Sn1Ta1S3,3,2.9
Nb2Se2,2,6.9
Sn1Nb1Se3,3,3.02
Nb1S2,2,6.0
Sn1Nb1S3,3,2.75
S2Ta1,2,1.9
Pb1Nb1S3,3,2.26
Pb1Ta1S3,3,3.07
Nb1S2,2,5.99
Cu1Rh2S4,3,4.7
Cu1Rh2Se4,3,3.48
Ce1Rh2Si2,3,0.26
Ce1Rh1In5,3,2.1
B2Mg1,2,39.5
Mg1C1.25Ni3,3,7.3
Mg1C1.5Ni3,3,8.4
Mg1C1Ni3,3,7.0
Mg1C1Ni2.97Cu0.03,4,6.8
Mg1C1Ni2.94Cu0.06,4,6.3
Mg1C1Ni2.91Cu0.09,4,6.0
Ce1In3,2,0.15
Ce1Cu2.53Si2,3,0.62
Ce1Pd2Si2,3,0.43
Ce1Ni2Ge2,3,0.22
Ce1Cu2Ge2,3,0.64
B1Re3,2,4.7
B2Re1,2,6.3
Y1Ni2B2C1,4,14.25
La1Pt1.5Au0.5B2C1,5,10.65
B2Mg1,2,37.5
Mg0.9Al0.1B2,3,36.0
Mg0.8Al0.2B2,3,36.0
Na2Rb0.5Cs0.5C60,4,8.0
Na2Cs1C60,3,14.0
K2Rb1C60,3,21.8
Rb2K1C60,3,24.4
Rb2K1C60,3,26.4
C60Rb3,2,29.4
Rb2Cs1C60,3,31.3
C60Rb3,2,29.6
Na2Cs1C60,3,12.0
Cu1Se2,2,2.5
Cu1S1.8Se0.2,3,2.2
Cu1Se2,2,1.6
Cu0.78Zn0.22Ir2S4,4,3.3
Cu0.75Zn0.25Ir2S4,4,3.3
Cu0.7Zn0.3Ir2S4,4,3.0
Cu0.65Zn0.35Ir2S4,4,2.8
Cu0.6Zn0.4Ir2S4,4,2.6
Cu0.55Zn0.45Ir2S4,4,2.41
Mg0.7Be0.3B2,3,39.0
Na3N1C60,3,14.7
C60Cs3,2,18.0
C60Yb2.75,2,5.4
Ce1Pd2Si2,3,0.395
Er0.25Ho0.75Rh4B4,4,6.44
Er0.16Ho0.84Rh4B4,4,5.95
Er0.11Ho0.89Rh4B4,4,5.71
Gd1.2Mo6S8,3,1.4
Tb1.2Mo6S8,3,1.8
Dy1.2Mo6S8,3,2.15
Ho1.2Mo6S8,3,2.15
Er1.2Mo6S8,3,2.2
La1Mo6S8,3,6.95
Pr1Mo6S8,3,2.55
Nd1Mo6S8,3,3.5
Sm1.2Mo6S8,3,2.4
Tb1.2Mo6S8,3,1.4
Dy1.2Mo6S8,3,1.7
Ho1.2Mo6S8,3,1.25
Tm1.2Mo6S8,3,1.95
Yb1.2Mo6S8,3,8.6
Lu1.2Mo6S8,3,1.95
Y1.2Mo6S8,3,2.1
Yb1Mo6S8,3,8.45
Y1Pd2Si2,3,0.47
La1Pd2Si2,3,0.39
Lu1Pd2Si2,3,0.67
La1Rh2Si2,3,0.074
Si,1,8.2
Ca1Si2,2,1.51
Ca1Si2,2,14.0
Sr1Ga0.74Si1.26,3,3.5
La2Rh3Si5,3,4.4
B2Mg1,2,37.3
Ce1Rh0.6Ir0.4In5,4,0.62
Ce1Rh0.5Ir0.5In5,4,0.84
Ce1Rh0.25Ir0.75In5,4,0.62
Lu1Ni2B2C1,4,14.2
Mg1C1Ni3,3,8.0
B2Mg1,2,39.6
B2Mg1,2,38.3
Mg1B1.98C0.02,3,37.2
Mg1B1.96C0.04,3,36.1
Mg1B1.94C0.06,3,34.8
Mg1B1.9C0.1,3,34.0
Dy1Mo6S8,3,1.6
B2Mg1,2,40.0
Zn2Zr1,2,0.29
Mg0.97Al0.03B2,3,37.3
Mg0.94Al0.06B2,3,37.0
Mg0.86Al0.14B2,3,35.1
Mg0.82Al0.18B2,3,33.5
Mg0.8Al0.2B2,3,33.0
Mg0.75Al0.25B2,3,32.4
Mg0.7Al0.3B2,3,27.1
Mg0.6Al0.4B2,3,12.2
Mg0.99Mn0.01B2,3,36.2
Mg0.98Mn0.02B2,3,34.5
Mg0.97Mn0.03B2,3,33.3
Mg0.96Mn0.04B2,3,32.3
Mg0.95Mn0.05B2,3,30.0
B2Zr1,2,5.5
B2Mg1,2,5.0
B2.75Be1,2,0.72
B2.75Be1,2,0.79
Ce1Cu2Si2,3,0.677
Yb3Rh4Sn13,3,7.2
Ca3Rh4Sn13,3,8.2
Yb3Rh4Sn13,3,7.7
C60Rb3,2,29.0
K1Rb2C60,3,27.0
K2Cs1C60,3,24.0
K2Rb1C60,3,23.0
C60K3,2,19.0
Lu1Re1B1C1,4,6.1
Y1Re1B1C1,4,4.7
Tb1Re1B1C1,4,4.0
Gd1Re1B1C1,4,4.0
Li2Cs1C60,3,12.0
Na2Rb1C60,3,2.5
Na2K1C60,3,2.5
C60K3,2,19.2
C60K3,2,19.6
Na2Cs1C60,3,11.0
C60K3,2,20.3
C60K3,2,19.4
C60K3,2,17.1
Na2Cs1C60,3,11.6
Na2Cs0.93C60,3,9.6
Na2Cs0.88C60,3,8.3
Na2Cs0.75C60,3,7.0
K2.75Ba0.25C60,3,15.0
Mg0.97Na0.03B2,3,38.0
Mg0.93Na0.07B2,3,38.0
Mg0.85Na0.15B2,3,38.0
Mg0.8Na0.2B2,3,38.0
Mg0.93Li0.07B2,3,37.8
Mg0.85Li0.15B2,3,37.5
B2Mg1,2,37.8
Mg0.9Li0.1B2,3,37.8
Mg0.85Li0.15B2,3,35.7
Mg0.8Li0.2B2,3,34.0
Mg0.75Li0.25B2,3,33.7
Mg0.7Li0.3B2,3,31.0
Y1Ni2B2C1,4,16.18
Y1Ni1.98Mn0.02B2C1,5,15.48
Y1Ni1.9Mn0.1B2C1,5,12.7
Y1Ni1.8Mn0.2B2C1,5,8.7
Y1Ni1.7Mn0.3B2C1,5,5.7
Sc1Ni2B2C1,4,16.0
B2Mg1,2,39.1
Sc1Ni2B2C1,4,16.5
C60Rb3,2,12.5
Na3.5N0.5C60,3,14.7
Cs3C60,2,40.0
C60Rb3,2,27.5
C60Rb3,2,28.5
Cs1.2Tl2.4C60,3,29.5
Cs3Hg3.3C60,3,29.0
Ba4Na2Ge25,3,0.84
Cu0.8Zn0.2Ir2S4,4,3.32
Cu0.7Zn0.3Ir2S4,4,3.05
Cu0.6Zn0.4Ir2S4,4,2.61
Cu0.5Zn0.5Ir2S4,4,2.19
Cu0.4Zn0.6Ir2S4,4,1.73
Cu0.3Zn0.7Ir2S4,4,1.36
Cu0.2Zn0.8Ir2S4,4,0.47
Mg0.99Ti0.01B2,3,38.6
Mg0.95Ti0.05B2,3,38.5
Mg0.9Ti0.1B2,3,38.3
Mg0.8Ti0.2B2,3,37.8
Mg0.6Ti0.4B2,3,37.5
Mg0.4Ti0.6B2,3,37.6
Fe1,1,2.0
C70,1,7.0
H1Br3C61,3,115.0
H1Cl3C61,3,80.0
C60,1,50.0
La1Os4As12,3,3.2
Mo3P1,2,7.0
Mo8P5,2,5.8
Mo4P3,2,3.0
Ti1Rh1Si1,3,5.1
Zr1Rh1Si1,3,10.3
Hf1Rh1Si1,3,2.3
Zr1Ru1Si1,3,12.0
Zr1Ru1Si1,3,5.0
Zr1Ru4P2,3,11.0
Hf1Ru4P2,3,9.5
Mo1Ni1P1,3,15.5
Mo1Ru1P1,3,15.5
Zr1Ru1Si1,3,12.2
Zr1Ru1P1,3,4.0
Zr1Rh1Si1,3,10.5
Ce1Rh0.5Co0.5In5,4,1.4
Ce1Rh0.3Co0.7In5,4,1.42
Ce1Rh0.2Co0.8In5,4,1.57
Ce1Co2,2,0.82
Ce1Co1.95,2,0.87
Ce1Co1.85,2,0.86
Ce1Co2,2,1.29
Ce1Rh1In5,3,2.23
Ce1In3,2,0.2
Dy1Ni2B2C1,4,4.8
Ho0.9Dy0.1Ni2B2C1,5,8.15
Ho0.6Dy0.4Ni2B2C1,5,5.92
Ho1Ni2B2C1,4,8.4
Mg1Co1Ni2.97Co0.03,3,6.7
Mg1Co1Ni2.94Co0.06,3,6.0
Mg1Co1Ni2.91Co0.09,3,6.0
Gd1.2Mo6Se8,3,5.6
Tm1Ni2B2C1,4,10.0
In1V6S8,3,3.9
Tl1V6S8,3,4.1
K1V6S8,3,0.71
Rb1V6S8,3,0.65
Cs1V6S8,3,0.32
S8V6,2,0.76
Tl0.61V6S8,3,3.5
Tl0.26V6S8,3,0.74
In0.63V6S8,3,0.95
Mg1C0.978Ni3,3,7.3
Mg1C0.965Ni3,3,6.3
Mg1C0.906Ni3,3,3.38
In0.71V6S8,3,5.4
Ce1Rh1In5,3,2.25
Mg1B1.8C0.2,3,32.0
Ce1Co1In5,3,2.17
Li0.9Mo6O17,3,1.89
Ba1Nb2Se5,3,2.5
Ag2Pd3S1,3,1.13
Ag1Sn1Se2,3,4.71
Ag0.95Sn1.05Se2,3,5.28
Ag0.92Sn1.08Se2,3,5.57
Ag0.85Sn1.15Se2,3,6.23
Ag0.81Sn1.19Se2,3,6.47
Ag1Sn1Se1.8S0.2,4,5.79
Ag0.9Sn1.1Se1.8S0.2,4,6.79
Mg0.9Zr0.1B2,3,37.3
Mg0.8Zr0.2B2,3,37.3
Na0.33V2O5,3,9.0
C0.9S0.1,2,35.0
B2Mg1,2,38.4
Mg0.95Al0.05B2,3,36.3
Mg0.91Al0.09B2,3,34.7
Mg0.81Al0.19B2,3,30.8
Mg0.75Al0.25B2,3,28.0
Mg0.71Al0.29B2,3,24.0
Mg0.6Al0.4B2,3,14.6
Mg0.5Al0.5B2,3,12.9
Mg0.4Al0.6B2,3,12.0
Mg0.31Al0.69B2,3,11.1
Mg0.23Al0.77B2,3,5.1
La1Pt2.1B2.4C1.2,4,10.5
Pr1Pt2.1B2.4C1.2,4,6.0
La0.9Nd0.1Pt2.1B2.4C1.2,5,8.5
La0.9Pr0.1Pt2.1B2.4C1.2,5,9.0
Ba8Ga16Ge30,3,7.5
Ba2Sn3Sb6,3,3.9
Sr1Sn3Sb4,3,3.9
Li1Hf1N1Cl1,4,25.3
Li1Hf0.7Zr0.3N1Cl1,5,22.6
Li1Hf0.5Zr0.5N1Cl1,5,21.0
Li1Hf0.2Zr0.8N1Cl1,5,18.2
Li1Zr1N1Cl1,4,14.4
Li1Zr1N1Cl0.75Br0.25,5,14.4
Li1Zr1N1Cl0.525Br0.475,5,14.3
Li1Zr1N1Cl0.255Br0.745,5,14.1
Li1Zr1N1Br1,4,14.1
Li1Hf1N1Cl0.75Br0.25,5,23.6
Li1Hf1N1Cl0.525Br0.475,5,22.7
Li1Hf0.45Zr0.55N1Br1,5,19.0
Li1Hf0.22Zr0.78N1Br1,5,16.0
Li1Hf1N1Br1,4,24.1
Li1Hf1N1I1,4,22.2
Li1Zr1N1I1,4,14.2
Na0.28Hf1N1Cl1,4,23.0
Na2Cs1C60,3,8.5
Y0.8Pr0.2Ni2B2C1,5,8.74
Y0.95Pr0.05Ni2B2C1,5,14.0
Y0.85Pr0.15Ni2B2C1,5,12.0
Y0.75Pr0.25Ni2B2C1,5,7.7
B2Mg1,2,39.3
Mg0.99Co0.01B2,3,35.5
Mg0.9Co0.1B2,3,34.5
Mg0.75Co0.25B2,3,34.0
Mg0.5Co0.5B2,3,31.5
Mg0.99Sn0.01B2,3,33.5
Mg0.97Fe0.03B2,3,36.0
Mg0.9Fe0.1B2,3,34.0
Mg0.75Fe0.25B2,3,32.0
Rb0.23W1O3,3,2.6
Rb0.2W1O3,3,4.16
Ce1Rh2Si2,3,0.38
Y0.75Dy0.25Ni2B2C1,5,12.0
Y0.65Dy0.35Ni2B2C1,5,10.6
Y0.45Dy0.55Ni2B2C1,5,5.2
Y0.15Dy0.85Ni2B2C1,5,4.3
Mg1Co1Ni3,3,7.63
Cs0.005W1O3,3,5.9
Nb2S1C0.9,3,5.0
Nb2S1C0.85,3,4.68
Nb2S1C0.82,3,4.43
Cu0.67Nb2S2C1,4,4.85
Nb2S2C1,3,7.6
Mg1B1.8Be0.2,3,36.0
Mg1B1.7Be0.3,3,32.9
Mg1B1.6Be0.4,3,20.9
Mg1B1.4Be0.6,3,8.3
Mg0.99Al0.01B2,3,37.9
La13Ga8Sb21,3,2.4
Be1,1,5.8
P4W14O50,3,0.39
Ce1Rh1In5,3,2.12
Rb0.23W1O3,3,3.9
Y1Pt0.5Ge1.5,3,3.3
Y2Pd1Ge3,3,3.0
Cd1.3Mo6Se7.5,3,2.5
Pb1Mo6Se7.55,3,5.0
K2.9Ba4.9Si46,3,3.2
Ba1Sn3,2,4.3
Nb1Se3,2,2.5
Eu1.2Mo6S8,3,9.8
Tl2Mo6Se6,3,6.5
Lu5Ir4Si10,3,3.8
Sc5Ir4Si10,3,8.3
Tm5Ir4Si10,3,1.9
Lu5Rh4Si10,3,3.3
Lu5Ir4Si10,3,3.72
Lu5Ir4Si9C1,4,3.74
Lu4.75Sc0.25Ir4Si10,4,6.06
Lu4.5Sc0.5Ir4Si10,4,6.09
Lu4Sc1Ir4Si10,4,6.54
Lu3.5Sc1.5Ir4Si10,4,7.64
Lu2.5Sc2.5Ir4Si10,4,7.9
Lu1Sc4Ir4Si10,4,7.68
Lu0.25Sc4.75Ir4Si10,4,7.95
Lu4.5Y0.5Ir4Si10,4,3.9
Lu4.5Tm0.5Ir4Si10,4,2.84
Y1Ni2B2C1,4,15.2
Y1Rh4B4,3,11.3
Nd1Rh4B4,3,5.3
Sm1Rh4B4,3,2.7
Er1Rh4B4,3,8.7
Tm1Rh4B4,3,9.8
Lu1Rh4B4,3,11.7
Ho1Ir4B4,3,2.0
Er1Ir4B4,3,2.1
Tm1Ir4B4,3,1.6
Sc1Ru4B4,3,7.2
Y1Ru4B4,3,1.4
Lu1Ru4B4,3,2.0
Ho1Rh4B4,3,1.4
Er1Rh4B4,3,4.3
Tm1Rh4B4,3,5.4
Lu1Rh4B4,3,6.2
Y1Ru1B2,3,7.8
Lu1Ru1B2,3,9.99
Sc1Os1B2,3,1.34
Y1Os1B2,3,2.22
Lu1Os1B2,3,2.66
Lu1Os3B2,3,4.62
La1Rh3B2,3,2.82
Y0.5La0.5Rh3B2,4,1.88
La1Ir3B2,3,1.65
Ti1Ru1P1,3,1.33
Zr1Ru1P1,3,12.34
Hf1Ru1P1,3,12.7
Zr1Os1P1,3,7.44
Hf1Os1P1,3,6.1
Y1Ru3Si2,3,3.51
La1Ru3Si2,3,7.6
Ba0.67Pt3B2,3,5.6
Sr0.67Pt3B2,3,2.78
Ca0.67Pt3B2,3,1.57
Ca1Rh1.2Sn4.5,3,8.7
Yb1Rh1.4Sn4.6,3,8.6
La1Ru1.5Sn4.5,3,3.9
Y3Ru4Ge13,3,1.7
Lu3Ru4Ge13,3,2.3
Y3Os4Ge13,3,3.9
Lu3Os4Ge13,3,3.6
Er1Rh1.1Sn3.6,3,1.36
Lu1Rh1.2Sn4,3,4.0
Y1Rh1.1Sn3.1,3,1.3
Tm2Fe3Si5,3,1.3
Y2Re3Si5,3,1.76
Sc5Co4Si10,3,5.0
Sc5Rh4Si10,3,8.54
Sc5Ir4Si10,3,8.46
Y5Ir4Si10,3,3.0
Lu5Ir4Si10,3,3.76
Y5Ir4Si10,3,2.62
Y5Os4Ge10,3,8.68
Au0.098Pd0.02Ga2,3,1.51
Au0.93Pd0.07Ga2,3,1.773
Au0.85Pd0.15Ga2,3,1.79
Au0.499Ga0.501,2,1.17
Au0.427Ga0.573,2,1.378
Au0.388Ga0.612,2,1.355
Au0.328Ga0.672,2,1.668
Au0.293Ga0.707,2,1.63
Au0.281Ga0.719,2,1.587
Au0.278Ga0.722,2,1.615
Au0.2Ga0.8,2,1.587
Y0.2Lu0.8Ir4B4,4,3.04
Y0.3Lu0.7Ir4B4,4,2.98
Y0.4Lu0.6Ir4B4,4,3.07
Y0.5Lu0.5Ir4B4,4,3.21
Y0.6Lu0.4Ir4B4,4,3.06
Ho1Ir3.6Rh0.4B4,4,1.9
Er1Ir3.6Rh0.4B4,4,1.83
Tm1Ir3.6Rh0.4B4,4,1.48
Lu1Ir3.6Rh0.4B4,4,2.67
Sc0.1Y0.9Ir3.6Rh0.4B4,5,3.45
Sc0.2Y0.8Ir3.6Rh0.4B4,5,3.01
Sc0.25Y0.75Ir3.6Rh0.4B4,5,2.92
Sc0.3Y0.7Ir3.6Rh0.4B4,5,3.09
Sc0.5Y0.5Ir3.6Rh0.4B4,5,3.01
Dy1Ir2Rh2B4,4,4.64
Ho1Ir2Rh2B4,4,6.41
Er1Ir2Rh2B4,4,7.37
Tm1Ir2Rh2B4,4,4.38
Lu1Ir2Rh2B4,4,3.08
Y1Ir2Rh2B4,4,8.92
Tb1Os1.5Sn2.6,3,1.4
Ho1Os1.2Sn2.5,3,1.4
Er1Os1.1Sn2.7,3,1.3
Pb1Mo6S8,3,13.5
Pb1Mo6S7.9Se0.1,4,12.7
Pb1Mo6S7.5Se0.5,4,10.6
Pb1Mo6S7Se1,4,8.4
Pb1Mo6S6Se2,4,5.4
Pb1Mo6S5Se3,4,4.3
Pb1Mo6S4Se4,4,3.2
Pb1Mo6S4Se5,4,3.64
Pb1Mo6S2Se6,4,4.92
Pb1Mo6S1Se7,4,7.13
Pb1Mo6Se8,3,3.54
Pb0.9Yb0.1Mo6Se8,4,12.3
Pb0.8Yb0.2Mo6Se8,4,12.2
Pb0.7Yb0.3Mo6Se8,4,10.2
Pb0.6Yb0.4Mo6Se8,4,9.2
Pb0.5Yb0.5Mo6Se8,4,8.7
Pb0.4Yb0.6Mo6Se8,4,7.9
Pb0.3Yb0.7Mo6Se8,4,7.1
Pb0.2Yb0.8Mo6Se8,4,6.7
Pb0.1Yb0.9Mo6Se8,4,6.3
Yb1Mo6Se8,3,6.0
Mo6Se8,2,6.38
Mo6Se7.85S0.15,3,6.3
Mo6Se7.7S0.3,3,5.83
Mo6Se7.5S0.5,3,5.45
Mo6Se7.3S0.7,3,5.03
Mo6Se7S1,3,4.48
Mo6Se7.9Te0.1,3,6.3
Mo6Se7.7Te0.3,3,6.66
Mo6Se7.5Te0.5,3,6.69
Mo6Se6.5Te1.5,3,6.23
Mo6Se6Te2,3,5.88
Mo6Se7.5Cl0.5,3,6.33
Mo6Se7Cl1,3,6.52
Mo6Se6.5Cl1.5,3,6.49
Mo6Se6Cl2,3,6.39
Mo5.8Ru0.2Se8,3,6.21
Mo5.6Ru0.4Se8,3,5.69
Mo5.5Ru0.5Se8,3,5.43
Mo5Ru1Se8,3,3.7
Mo6Se8,2,6.2
La1Mo6Se8,3,11.3
La1Mo6Se8,3,10.8
La1Mo6S8,3,5.8
Cu1.8Mo6S8,3,10.0
Cu1.8Mo6S8,3,10.5
Sn1Mo6S8,3,13.4
Sn1Mo6S8,3,11.8
Pb1Mo6S8,3,14.4
Pb1Mo6S8,3,12.6
Pb1Mo6S8,3,13.3
Lu4.5Er0.5Ir4Si10,4,2.74
Lu4.5Ho0.5Ir4Si10,4,1.89
Lu4.5Dy0.5Ir4Si10,4,1.0
Lu5Ir3.44Rh0.56Si10,4,5.72
Lu5Ir3.12Rh0.88Si10,4,5.68
Lu5Ir3.8Co0.2Si10,4,5.52
Lu4.975Sc0.025Ir4Si10,4,4.0
Lu4.95Sc0.05Ir4Si10,4,4.5
Lu4.9Sc0.1Ir4Si10,4,5.77
Sc5Ir4Si10,3,8.23
Lu5Rh4Si10,3,3.91
Lu5Ir4Si10,3,3.88
Lu4.9Sc0.1Ir4Si10,4,5.9
Lu5Ir3.12Rh0.88Si10,4,5.8
Ce1Cu1.95Si2.01,3,0.62
Ce1Cu2Si2,3,0.65
Ce1Cu2Si1.98Ge0.02,4,0.54
Ce1Cu2Si1.96Ge0.04,4,0.37
Ce1Cu2Si1.92Ge0.08,4,0.27
Ce1Cu2Si1.88Ge0.12,4,0.2
Ce1Cu2Si1.8Ge0.2,4,0.19
B2Mg1,2,38.1
Y2C2Br2,3,5.0
Y2Cu2I2,3,10.1
Mg1Cu1Ni3,3,7.2
Hf1V2,2,9.27
V2Hf0.95Y0.05,3,9.22
V2Hf0.9Y0.1,3,9.19
V2Hf0.9Ti0.1,3,9.19
V2Hf0.8Ti0.2,3,8.8
V2Hf0.9Nb0.1,3,9.93
V2Hf0.84Nb0.16,3,10.67
V2Hf0.9Ta0.1,3,9.82
V2Hf0.87Ta0.13,3,10.45
Y2I2C2,3,9.85
Y2I1.75Br0.25C2,4,10.35
Y2I1.6Br0.4C2,4,11.2
Y2I1.5Br0.5C2,4,11.1
Y2I1.4Br0.6C2,4,10.5
Y2I1.3Br0.7C2,4,10.5
Y2I1.25Br0.75C2,4,10.05
Y2I1.2Br0.8C2,4,9.6
Y2I1Br1C2,4,7.9
Y2I0.75Br1.25C2,4,7.0
Y2I0.6Br1.4C2,4,6.4
Y2I0.5Br1.5C2,4,6.0
Y2I0.4Br1.6C2,4,5.8
Y2I0.25Br1.75C2,4,5.5
Y2I1.75Cl0.25C2,4,10.7
Y2I1.5Cl0.5C2,4,8.25
Y2Br1.75Cl0.25C2,4,4.7
Y2Br1.5Cl0.5C2,4,4.4
Y2Br1.25Cl0.75C2,4,4.15
Y2Br1Cl1C2,4,3.85
Y2Br0.75Cl1.25C2,4,3.7
Y2Br0.5Cl1.5C2,4,3.25
Y2Br0.25Cl1.75C2,4,2.85
Y2Cl2C2,3,2.3
Ce1Co1In5,3,2.0
Ce1Co1In5,3,2.2
Ce1Ir1In5,3,1.3
Ce1Rh0.25Ir0.75In5,4,0.64
Ce1Co0.5Ir0.5In5,4,0.64
Ce1Rh0.5Ir0.5In5,4,0.97
Ce1Co0.5Rh0.5In5,4,1.6
B3Be1.09,2,0.72
Ce1Rh2Si2,3,0.43
Ce1Pd2Si2,3,0.52
B2Mg1,2,39.8
Sr1Ti0.97Zr0.03O3,4,0.3
Ga1,1,8.2
Lu5Ir4Si10,3,3.77
Er1Rh4B4,3,7.8
Lu1Rh4B4,3,8.61
Er1Pd2Sn1,3,1.17
Er0.95Y0.05Pd2Sn1,4,1.26
Er0.9Y0.1Pd2Sn1,4,1.6
Er0.8Y0.2Pd2Sn1,4,2.08
Er0.6Y0.4Pd2Sn1,4,2.59
Er0.4Y0.6Pd2Sn1,4,3.66
Er0.2Y0.8Pd2Sn1,4,4.38
Y1Pd2Sn1,3,5.26
Zr1Ir1Si1,3,2.04
Hf1Ir1Si1,3,3.5
Zr1Os1Si1,3,1.72
Mo0.82Re0.18,2,8.5
Mo0.75Re0.25,2,10.0
Mo0.7Re0.3,2,10.5
Mo0.65Re0.35,2,10.2
Mo0.57Re0.43,2,10.0
Mo0.62Re0.38,2,11.5
Ca1Ga1Si1,3,4.3
Ca1Ga0.74Si1.26,3,3.5
Sr1Ga0.74Si1.26,3,4.2
Ba1Ga0.78Si1.22,3,4.0
La1Ni1Ga2,3,1.97
Ho1Rh3.72Ru0.28B4,4,6.42
Ho1Rh3.6Ru0.4B4,4,6.42
Ho1Rh3.4Ru0.6B4,4,6.14
Ho1Rh3Ru1B4,4,6.35
Ho1Rh2.6Ru1.4B4,4,4.68
Ho1Rh2.4Ru1.6B4,4,1.6
B2Mg1,2,36.0
Yb1Fe4Al8,3,50.0
Mo3Sb7,2,2.08
Mg0.95Zr0.05B2,3,37.7
C6Ir4O2,3,2.0
Br2,1,1.4
S1,1,12.0
O2,1,0.65
N0.8H2.4Na1Rb2C60,5,15.2
N0.9H2.7Na1Rb2C60,5,12.1
B2Mg1,2,31.0
Ga5V2,2,3.59
Sr1Ga0.5Si1.5,3,3.5
Sr1Ga0.55Si1.45,3,3.4
Sr1Ga0.6Si1.4,3,2.98
Sr1Ga0.65Si1.35,3,2.58
Sr1Ga0.7Si1.3,3,3.17
Sr1Ga0.75Si1.25,3,3.67
Sr1Ga0.8Si1.2,3,4.24
Sr1Ga0.9Si1.1,3,4.73
Sr1Ga1Si1,3,5.1
Sr1Ga1.1Si0.9,3,5.04
Sr1Ga1.2Si0.8,3,4.75
Sr1Ga1.3Si0.7,3,3.52
Mo0.816Zr0.034B2,3,8.14
Mo0.8448Zr0.0352B2,3,8.11
Mo0.8736Zr0.0364B2,3,7.92
Mo0.9216Zr0.0384B2,3,7.51
Mo0.96Zr0.04B2,3,5.74
Sr1Al1Si1,3,4.2
Ba1Ga1Si1,3,3.9
Lu1Ni2B2C1,4,15.8
Ca1Al1Si1,3,7.8
Sr1Al1Si1,3,5.1
Ca1Al1.4Si0.6,3,4.6
Ca1Al1.3Si0.7,3,4.5
Ca1Al1.25Si0.75,3,4.4
Ca1Al1.2Si0.8,3,5.21
Ca1Al1.1Si0.9,3,6.63
Ca1Al0.9Si1.1,3,5.57
Ca1Al0.8Si1.2,3,4.05
B2Nb0.84,2,9.1
Y1Ni1.9Pt0.1B2C1,5,13.7
Y1Ni1.6Pt0.4B2C1,5,12.1
Er0.75Tb0.25Ni2B2C1,5,4.0
Er0.7Tb0.3Ni2B2C1,5,2.0
Er0.4Tb0.6Ni2B2C1,5,2.0
Y1Ni2B2C1,4,11.3
Er0.9Tb0.1Ni2B2C1,5,9.2
Er0.85Tb0.15Ni2B2C1,5,8.3
Y1Ni2B2C1,4,11.0
Er0.9Tb0.1Ni2B2C1,5,7.84
Er0.85Tb0.15Ni2B2C1,5,6.15
Er0.82Tb0.18Ni2B2C1,5,5.63
Er0.8Tb0.2Ni2B2C1,5,4.8
Ho1Ni2B2C1,4,8.53
Ho0.85Dy0.15Ni2B2C1,5,7.89
Ho0.8Dy0.2Ni2B2C1,5,6.61
Ho0.7Dy0.3Ni2B2C1,5,5.86
Ho0.65Dy0.35Ni2B2C1,5,5.91
Ho0.6Dy0.4Ni2B2C1,5,6.02
Ho0.5Dy0.5Ni2B2C1,5,5.91
Ho0.4Dy0.6Ni2B2C1,5,5.86
Ho0.2Dy0.8Ni2B2C1,5,6.2
Lu1Ni2B2C1,4,15.96
Lu0.772Dy0.228Ni2B2C1,5,11.77
Lu0.574Dy0.426Ni2B2C1,5,7.54
Lu0.418Dy0.582Ni2B2C1,5,4.35
Lu0.37Dy0.63Ni2B2C1,5,3.59
Lu0.32Dy0.68Ni2B2C1,5,2.0
Lu0.1Dy0.9Ni2B2C1,5,2.47
Lu0.05Dy0.95Ni2B2C1,5,6.35
Dy1Ni2B2C1,4,6.26
Tm1Ni2B2C1,4,10.8
Ce2Co1In8,3,0.4
Ce2Rh1In8,3,2.0
Ce1Rh1In5,3,1.62
Ce1Ir1In5,3,1.2
Ce1Cu2Si1.98Ge0.02,4,0.5
Ce1Cu2Si1.96Ge0.04,4,0.4
Ce1Cu2Si1.8Ge0.2,4,0.15
Y2Pd1Ge3,3,3.58
Y2Pd1Si2.25C0.75,4,2.27
Y2Pd1Si2C1,4,2.2
Y0.95Gd0.05Ni2B2C1,5,14.0
Y0.9Gd0.1Ni2B2C1,5,12.3
Y0.85Gd0.15Ni2B2C1,5,10.6
Y0.8Gd0.2Ni2B2C1,5,8.1
Y0.78Gd0.22Ni2B2C1,5,7.4
Y0.77Gd0.23Ni2B2C1,5,4.2
Y0.75Gd0.25Ni2B2C1,5,4.2
La6Ni2Sn1,3,2.25
Y0.95Gd0.05Ni2B2C1,5,13.0
Y0.9Gd0.1Ni2B2C1,5,11.2
Y0.85Gd0.15Ni2B2C1,5,9.3
Y0.78Gd0.22Ni2B2C1,5,6.64
Y0.75Gd0.25Ni2B2C1,5,4.84
Mg1B1.6C0.4,3,22.0
Dy1Ni2B2C1,4,6.4
Li1,1,17.0
Li1,1,20.0
Nb1C0.2N0.64,3,16.3
Nb1C0.2N0.7,3,17.2
Nb1C0.2N0.74,3,17.5
Nb1C0.3N0.57,3,16.4
Nb1C0.3N0.62,3,17.3
Nb1C0.3N0.64,3,17.8
Nb1C0.3N0.7,3,17.7
Nb1C0.5N0.36,3,15.6
Nb1C0.5N0.42,3,17.0
Nb1C0.5N0.47,3,17.4
Nb1C0.5N0.5,3,17.9
B2Mg1,2,37.0
Mg1B1.96F0.04,3,30.0
Mg1B1.92F0.08,3,21.0
Mg1B1.84F0.16,3,16.0
Nb1C0.2N0.8,3,17.6
B2Mg1,2,38.14
Mg0.996Cu0.004B2,3,38.11
Mg0.989Cu0.011B2,3,38.05
Mg0.982Cu0.018B2,3,37.8
Mg0.97Cu0.03B2,3,37.58
N0.72H2.16Na1K3C60,5,12.0
La1Os4Sb12,3,0.75
K3N1H3C60,4,28.0
Mg1C1Ni3,3,7.63
Li1,1,14.0
Ge5La1,2,7.0
Pr1Os4Sb12,3,1.82
H0.3Li1Nb1O2,4,5.5
H0.5Li1Nb1O2,4,5.5
B2Mg1,2,38.9
Mg1B1.8C0.2,3,37.0
Mg1B1.6C0.4,3,34.0
Pt1,1,0.02
B2Mg1,2,37.6
Mg0.9Al0.1B2,3,36.1
Mg0.8Al0.2B2,3,29.6
Mg0.7Al0.3B2,3,22.1
Mg0.4Al0.6B2,3,5.85
Y1Ni1.24Pd0.76B2C1,5,10.4
Y1Ni1.34Pd0.66B2C1,5,10.4
Y1Ni1.4Pd0.6B2C1,5,9.92
Y1Ni1.46Pd0.54B2C1,5,10.1
Y1Ni1.54Pd0.46B2C1,5,10.3
Y1Ni1.7Pd0.3B2C1,5,10.7
Y1Ni1.82Pd0.18B2C1,5,11.8
Pr1Ru4Sb12,3,1.3
La1Ru4Sb12,3,3.5
B0.67Mg0.33,2,6.1
Ce1Te1.82,2,2.7
B2Mg0.9,2,38.2
B2Mg0.8,2,38.0
B2Mg0.7,2,37.2
B2Mg0.6,2,36.9
B2Mg0.5,2,36.0
Mg0.95Zn0.05B2,3,38.3
Mg0.9Zn0.1B2,3,38.4
Mg0.8Zn0.2B2,3,38.4
Mg0.9Cu0.1B2,3,38.6
Mg0.8Cu0.2B2,3,38.6
Mg1B1.8C0.2,3,22.0
Mg1B1.95C0.05,3,38.0
Mg1B1.9C0.1,3,37.3
Mg1B1.8C0.2,3,36.8
Mg1B1.7C0.3,3,36.4
Mg1B1.6C0.4,3,35.8
Mg1B1.98C0.02,3,38.4
Mg1B1.96C0.04,3,38.4
Mg1B1.94C0.06,3,37.8
Mg1B1.92C0.08,3,38.3
Mg1B1.9C0.1,3,36.2
Mg1B1.85C0.15,3,36.3
Mg1B1.8C0.2,3,34.2
Mg1B1.75C0.25,3,30.0
Mg1B1.7C0.3,3,29.2
Mg1B1.6C0.4,3,24.9
Mg1B1.5C0.5,3,26.2
Li0.5Hf1N1Cl1,4,26.0
Rh1,1,0.000325
Rh1,1,0.00021
Pt1,1,0.00138
Pt1,1,0.00062
Au0.978In0.022,2,0.0005
Au0.915In0.085,2,0.031
Au0.9In0.1,2,0.077
W1,1,0.016
Ag0.9Ga0.1,2,0.0065
Au0.94In0.06,2,0.0111
Au0.93In0.07,2,0.0164
Au0.92In0.08,2,0.0256
Au0.91In0.09,2,0.0423
Au0.9In0.1,2,0.0641
W1,1,0.0154
Ho0.9Dy0.1Ni2B2C1,5,8.2
Mg0.98Ir0.02B2,3,33.2
Mg0.94Ir0.06B2,3,28.1
Mg0.88Ir0.12B2,3,18.0
Pb1Mo6S8,3,15.05
Pb1Mo6S8,3,12.3
Pb0.98Cu0.036Mo6S8,4,14.8
Pb0.9Cu0.18Mo6S8,4,13.65
Lu1Ni1B1C1,4,2.9
Lu1Ni2B2C1,4,16.7
Mg1C0.977Ni3,3,7.0
Mg1C1Ni3,3,8.2
Mg1C1Ni3,3,3.9
Ca1Al1Si1,3,7.9
Sr1Al1Si1,3,5.0
B3Re7,2,3.3
B1Re3,2,4.8
Co1Zr2,2,5.5
Zr2Co0.6Ni0.4,3,4.2
Ce1Ir1In5,3,0.38
Ce1Co1In5,3,2.23
Ce1Ir1In5,3,0.43
Mg1C1Ni3,3,6.6
Mg1C1Ni3,3,7.69
Mg1C1Ni2.95Co0.05,4,7.42
Mg1C1Ni2.9Co0.1,4,7.29
Mg1C1Ni2.8Co0.2,4,7.2
Mg1C1Ni2.6Co0.4,4,7.1
Mg1C1Ni2.9Fe0.1,4,8.58
Mg1C1Ni2.8Fe0.2,4,8.0
Mg1C1Ni2.7Fe0.3,4,6.88
Mg1C1.25Ni3,3,7.4
Mg1C1.5Ni3,3,7.9
V1,1,5.3
Cr0.1V0.9,2,3.3
Cr0.2V0.8,2,1.66
Mg0.9Al0.1B2,3,31.0
Mg0.8Al0.2B2,3,25.0
Mg0.7Al0.3B2,3,18.0
Mg0.6Al0.4B2,3,12.0
Mg1B1.96C0.04,3,35.5
Mg1B1.9C0.1,3,30.0
Mg1B1.85C0.15,3,24.0
Mg1B1.8C0.2,3,13.5
Mg1B1.75C0.25,3,2.5
Li1,1,13.8
Li1,1,5.95
Mg0.9Al0.05Li0.05B2,4,37.8
Mg0.8Al0.1Li0.1B2,4,31.0
Mg0.7Al0.15Li0.15B2,4,25.1
Mg0.6Al0.2Li0.2B2,4,16.1
Mg0.9Al0.1B2,3,37.8
Mg0.8Al0.2B2,3,29.0
Mg0.6Al0.4B2,3,7.0
Y1Ni2B2C1,4,15.7
Lu1Ni2B2C1,4,16.5
B1,1,11.0
S1,1,14.0
Se1,1,5.4
Te1,1,7.4
Be1,1,6.0
Hg1,1,4.16
Nd1Pt1.5Au0.6B2C1,5,3.2
La1Pt2.1B2.4C1.2,4,10.2
La0.9Nd0.1Pt2.1B2.4C1.2,5,10.3
La0.7Nd0.3Pt2.1B2.4C1.2,5,7.84
La0.5Nd0.5Pt2.1B2.4C1.2,5,6.36
La0.3Nd0.7Pt2.1B2.4C1.2,5,4.28
La0.1Nd0.9Pt2.1B2.4C1.2,5,3.45
Nd1Pt2.1B2.4C1.2,4,2.91
Mg1C1Ni3,3,6.84
Mg0.85Zn0.15C1Ni3,4,4.12
Mg0.854Au0.146B2,3,25.6
Mg0.764Au0.236B2,3,24.5
Ba8Si46,2,8.07
Mg1C1Ni3,3,7.2
La3Pd5Si1,3,1.4
Zr46.75Ti8.25Cu7.5Ni10Be27.5,5,1.84
Zr46.75Ti8.25Cu7.5Ni10Be27.5,5,3.76
La1Rh1Sb1,3,2.1
La1Rh3B2,3,2.32
La0.9989Ce0.0011Rh3B2,4,1.67
La0.9978Ce0.0022Rh3B2,4,1.07
La0.9973Ce0.0027Rh3B2,4,0.38
Ce1Os3B2,3,3.5
Ce1Ru3B2,3,1.1
Ce1Pt3Si1,3,0.75
Er1Ni1.96Fe0.04B2C0.99,5,7.3
Er0.8Tb0.2Ni2B2C1,5,3.7
Er0.8Lu0.2Ni2B2C1,5,10.8
Er1Ni1.9Co0.1B2C1,5,3.1
Pr1Os4Sb12,3,1.83
Pr1Os3.8Ru0.2Sb12,4,1.68
Pr1Os3.6Ru0.4Sb12,4,1.58
Pr1Os3.4Ru0.6Sb12,4,1.53
Pr1Os3.2Ru0.8Sb12,4,1.44
Pr1Os2.8Ru1.2Sb12,4,1.05
Pr1Os2.4Ru1.6Sb12,4,1.14
Pr1Os2Ru2Sb12,4,0.8
Pr1Os1.6Ru2.4Sb12,4,0.76
Pr1Os1.2Ru2.8Sb12,4,0.81
Pr1Os1Ru3Sb12,4,0.84
Pr1Os0.6Ru3.4Sb12,4,0.97
Pr1Os0.4Ru3.6Sb12,4,1.04
Pr1Os0.2Ru3.8Sb12,4,1.16
Bi1,1,8.7
P1,1,6.0
P1,1,4.0
P1,1,5.5
Mg0.95Zn0.025Al0.025B2,4,38.5
Mg0.9Zn0.05Al0.05B2,4,38.5
Mg0.8Zn0.1Al0.1B2,4,34.0
Mg0.7Zn0.15Al0.15B2,4,28.6
Mg0.6Zn0.2Al0.2B2,4,7.5
La1Ru3Si2,3,6.5
La1Ru3Si2,3,7.5
La0.92Tm0.08Ru3Si2,4,6.8
La0.84Tm0.16Ru3Si2,4,6.1
Ce1Ru3Si2,3,1.25
Ho1Ni2B2C1,4,8.04
B2Mg1,2,36.5
La1In2.25Sn0.75,3,0.75
La1In1.5Sn1.5,3,1.19
La1In0.75Sn2.25,3,0.67
La1Tl2.19Pb0.81,3,1.37
La1Tl1.5Pb1.5,3,1.75
La1Tl0.24Pb2.76,3,4.46
La1Tl2.25Sn0.75,3,1.05
La1Tl1.5Sn1.5,3,1.5
La1Tl0.75Sn2.25,3,1.19
Y1In2.25Pb0.75,3,0.6
Y1In1.5Pb1.5,3,1.0
Y1In0.75Pb2.25,3,1.94
Y1In2.25Sn0.75,3,0.69
Y1In1.71Sn1.29,3,1.49
Ca1Tl2.4Pb0.6,3,3.18
Ca1Tl1.8Pb1.2,3,2.8
Ca1Tl0.75Pb2.25,3,3.68
La1Pb2.25Sn0.75,3,1.11
La1Pb1.5Sn1.5,3,1.18
La1Pb0.75Sn2.25,3,2.54
Ba8Si46,2,8.1
Ba8Si43Ge3,3,7.1
Ba8Si40Ge6,3,6.0
Ba8Si37Ge9,3,5.0
Ba8Si34Ge12,3,4.0
Ba8Si31Ge15,3,3.91
Ba8Si28Ge18,3,3.12
Ba8Si25Ge21,3,2.8
Ba8Si23Ge23,3,2.28
Ba7.76Si46,2,8.0
Na0.18Hf1N1Cl1,4,22.0
Na0.29Hf1N1Cl1,4,19.0
Na0.8Hf1N1Cl1,4,19.0
Li0.16Zr1N1Cl1,4,15.0
Li0.14Zr1N1Cl1,4,15.0
Li0.28Zr1N1Cl1,4,15.2
Li0.55Zr1N1Cl1,4,15.0
Li0.65Zr1N1Cl1,4,15.0
Li0.95Zr1N1Cl1,4,13.4
Li1.3Zr1N1Cl1,4,11.0
Li1.4Zr1N1Cl1,4,10.0
Na0.5Zr1N1Cl1,4,15.0
Na0.59Zr1N1Cl1,4,15.0
Na0.66Zr1N1Cl1,4,14.5
Na0.75Zr1N1Cl1,4,14.3
Na1.38Zr1N1Cl1,4,11.0
K0.22Zr1N1Cl1,4,15.2
K0.4Zr1N1Cl1,4,15.2
K0.46Zr1N1Cl1,4,15.0
K0.6Zr1N1Cl1,4,14.4
K0.77Zr1N1Cl1,4,13.5
C3Y2,2,18.0
Ho1Ni2B2C1,4,8.7
Mg0.95Li0.025Al0.025B2,4,38.2
Lu0.88Gd0.12Ni2B2C1,5,7.3
Lu0.25Y0.75Ni2B2C1,5,14.2
Cs1,1,1.5
Y1,1,2.7
Cs1I1,2,2.0
Li0.17Zr1N1Cl1,4,14.2
Li0.4Zr1N1Cl1,4,12.5
Li0.6Zr1N1Cl1,4,11.7
Y1Fe4P12,3,7.0
Y1Os4P12,3,3.0
As1,1,2.7
Lu1,1,0.6
Pr1Ru4Sb12,3,1.25
Mg1B1.9906C0.0094,3,38.5
Mg1B1.958C0.042,3,37.9
Mg1B1.924C0.076,3,36.2
Sc0.9Y0.1Ni2B2C1,5,15.1
Sc0.8Y0.2Ni2B2C1,5,14.8
Sc0.7Y0.3Ni2B2C1,5,14.5
Y0.16Lu0.84Ni2B2C1,5,15.2
Y0.3Lu0.7Ni2B2C1,5,15.0
Y0.5Lu0.5Ni2B2C1,5,14.5
Y0.75Lu0.25Ni2B2C1,5,14.9
Y0.84Lu0.16Ni2B2C1,5,14.8
Y0.92Lu0.08Ni2B2C1,5,15.2
Ho0.15Lu0.85Ni2B2C1,5,15.1
Ho0.3Lu0.7Ni2B2C1,5,13.3
Ho0.45Lu0.55Ni2B2C1,5,10.0
Ho0.6Lu0.4Ni2B2C1,5,9.82
Ho0.7Lu0.3Ni2B2C1,5,8.72
Ho0.75Lu0.25Ni2B2C1,5,8.81
Ho0.8Lu0.2Ni2B2C1,5,8.77
Ho0.85Lu0.15Ni2B2C1,5,8.72
Ho0.9Lu0.1Ni2B2C1,5,8.77
Ho0.95Lu0.05Ni2B2C1,5,8.77
Ho1Ni2B2C1,4,8.48
Pb1Mo6S8,3,12.9
Pb1Mo6S8,3,11.5
Ca1Al1Si1,3,7.13
Ca1Al0.9Ga0.1Si1,4,6.54
Ca1Al0.8Ga0.2Si1,4,5.6
Ca1Al0.7Ga0.3Si1,4,4.78
Ca1Al0.6Ga0.4Si1,4,4.51
Ca1Al0.5Ga0.5Si1,4,3.73
Ca1Al0.4Ga0.6Si1,4,3.45
Ca1Al0.3Ga0.7Si1,4,3.0
Ca1Al0.2Ga0.8Si1,4,3.24
Ca1Al0.1Ga0.9Si1,4,3.34
Ca1Ga1Si1,3,4.05
Ce1Pt3Si1,3,0.63
B12Zr1,2,6.06
Y1Rh4Si2B1,4,9.0
La1Rh4Si2B1,4,8.0
Nb1Se2,2,7.007
S2Ta1,2,3.96
C8K1Hg1,3,1.88
C8Rb1Hg1,3,1.41
Nb3S4,2,3.65
Ce1Rh0.65Ir0.35In5,4,0.22
Ce1Rh0.55Ir0.45In5,4,0.94
Ce1Rh0.5Ir0.5In5,4,0.9
Ce1Rh0.45Ir0.55In5,4,0.82
Cu1Rh2S4,3,4.75
Cu1.2Rh1.8S4,3,5.08
Cu1.5Rh1.5S4,3,4.6
Cu1Co2S4,3,4.0
Cu1.2Co1.8S4,3,1.7
Cu1.5Co1.5S4,3,2.3
Cu1.75Co1.25S4,3,2.2
Ce1Pt3Si1,3,0.51
B2.32Nb1,2,9.8
B2.26Nb1,2,9.2
Y1Rh1Al1,3,0.9
La1Rh1Al1,3,2.4
Y1Rh1Sb1,3,2.1
Ca1B1.05Pd3,3,0.8
Ca1B1.25Pd3,3,1.0
Nb1B0.2Rh3,3,6.4
B2Mg1,2,40.36
B2Mg1,2,39.36
B6Y1,2,6.8
Y0.9La0.1B6,3,6.8
Y0.8La0.2B6,3,5.8
Y0.65La0.35B6,3,4.0
Be0.99Re0.01,2,9.25
Be0.98Re0.02,2,9.45
Be22Re1,2,9.55
Be22Re0.99Ru0.01,3,9.2
Ga0.255V0.745,2,13.9
Ga0.247V0.753,2,13.8
Ga0.233V0.767,2,13.3
V0.745Ga0.228Al0.027,3,13.05
V0.737Ga0.213Al0.05,3,12.6
V0.741Ga0.196Al0.063,3,12.2
V0.741Ga0.152Al0.107,3,11.4
V0.747Ga0.131Al0.122,3,11.7
V0.767Ga0.086Al0.147,3,12.1
V0.784Ga0.172Al0.044,3,9.4
V0.767Ga0.18Al0.053,3,11.5
V0.725Ga0.203Al0.072,3,12.3
V0.683Ga0.22Al0.097,3,9.4
V0.783Ga0.138Al0.079,3,10.2
V0.709Ga0.151Al0.14,3,9.0
V0.767Ga0.214Al0.022,3,12.1
V0.743Ga0.181Al0.076,3,12.0
V0.746Ga0.169Al0.085,3,11.8
Al0.25V0.75,2,16.9
V0.75Si0.225Al0.025,3,13.5
V0.75Si0.22Al0.03,3,13.3
V0.75Si0.2125Al0.0375,3,12.6
V0.77Si0.21Al0.02,3,11.7
V0.75Si0.2Al0.05,3,11.8
V0.75Si0.175Al0.075,3,11.1
V0.75Si0.125Al0.125,3,10.4
V0.75Si0.025Al0.225,3,9.8
V0.72Si0.17Al0.11,3,10.3
V0.65Si0.1Al0.25,3,9.9
V0.73Si0.25Al0.02,3,14.0
V0.73Si0.23Al0.04,3,10.4
V0.7Si0.2Al0.1,3,10.6
V0.63Si0.14Al0.23,3,9.7
Ge0.27V0.73,2,6.6
Ge0.25V0.75,2,6.5
Ge0.23V0.77,2,6.4
Ge0.21V0.79,2,6.4
V0.75Ge0.2375Al0.0125,3,7.6
V0.75Ge0.225Al0.025,3,8.6
V0.75Ge0.2125Al0.0375,3,8.9
V0.75Ge0.2Al0.05,3,10.3
V0.75Ge0.1875Al0.0625,3,11.4
V0.75Ge0.175Al0.075,3,10.8
V0.75Ge0.15Al0.1,3,11.7
V0.75Ge0.13Al0.12,3,11.3
V0.75Ge0.025Al0.225,3,11.2
V0.65Ge0.1Al0.25,3,7.0
V0.55Ge0.1Al0.35,3,5.4
V0.65Ge0.15Al0.2,3,5.5
V0.65Ge0.25Al0.1,3,5.5
V0.745Sb0.208Al0.025,3,2.0
V0.751Sb0.208Al0.041,3,3.4
V0.746Sb0.179Al0.075,3,4.3
V0.749Sb0.157Al0.094,3,5.1
V0.741Sb0.113Al0.146,3,6.1
V0.736Sb0.037Al0.227,3,6.4
Al2La1,2,3.229
La0.9941Tb0.0059Al2,3,1.996
La0.9911Tb0.0089Al2,3,1.425
Al13Os4,2,5.3
Al13Os3.2Ru0.8,3,4.0
Cu1Co1.99Rh0.01S4,4,2.61
Cu1Co1.98Rh0.02S4,4,2.82
Cu1Co1.99Ir0.01S4,4,3.04
Cu1Co1.98Ir0.02S4,4,2.79
Cu1Co1.95Ir0.05S4,4,2.13
Cu1Co2S4,3,3.8
Cu1Co1.99Cr0.01S4,4,3.62
Cu1Co1.98Cr0.02S4,4,3.4
Cu1Co1.95Cr0.05S4,4,3.4
Cu1Co1.9Cr0.1S4,4,3.0
Cu1Co1.8Cr0.2S4,4,2.7
Ce1Ru2,2,5.4
Ce1Ru1.99Co0.01,3,4.74
Ce1Ru1.97Co0.03,3,3.5
Ce1Ru1.95Co0.05,3,2.4
Ce1Ru1.93Co0.07,3,1.93
Ce1Ru0.3Co1.7,3,0.27
Ce1Ru0.2Co1.8,3,0.35
Ce1Ru0.1Co1.9,3,0.47
Al0.999Mn0.001,2,0.596
Al3Nb3,2,18.4
Nb3Al0.9Ge0.1,3,19.5
Nb3Al0.8Ge0.2,3,19.8
Nb3Al0.7Ge0.3,3,19.9
Nb3Al0.6Ge0.4,3,19.7
Nb3Al0.5Ge0.5,3,17.4
Nb3Al0.9Ga0.1,3,18.5
Nb3Al0.8Ga0.2,3,18.54
Nb3Al0.67Ga0.33,3,18.7
Nb3Al0.5Ga0.5,3,18.5
Nb3Al0.9In0.1,3,18.3
Nb3Al0.8In0.2,3,18.1
Nb3Al0.67In0.33,3,16.0
Nb3Al0.9Zn0.1,3,18.1
Nb3Al0.8Zn0.2,3,17.7
Nb3Al0.67Zn0.33,3,17.3
Nb3Al0.5Zn0.5,3,16.0
Nb3Sn0.9Ga0.1,3,18.3
Nb3Sn0.8Ga0.2,3,17.0
Nb3Sn0.65Ga0.35,3,16.5
Nb3Sn0.5Ga0.5,3,16.4
Nb3Sn0.95Ge0.05,3,18.1
Nb3Sn0.9Ge0.1,3,18.0
Nb3Sn0.8Ge0.2,3,17.7
Nb3Sn0.65Ge0.35,3,16.1
Nb3Sn0.9In0.1,3,18.1
Nb3Sn0.8In0.2,3,17.8
Nb3Sn0.9Al0.1,3,17.8
Nb3Sn0.8Al0.2,3,16.8
Nb3Sn0.7Al0.3,3,15.8
Nb3Sn0.6Al0.4,3,15.7
Nb3Sn0.5Al0.5,3,16.1
Ga1Nb3,2,16.1
Nb3Ga0.85Al0.15,3,17.1
Nb3Ga0.67Al0.33,3,18.1
Nb3Ga0.9Zn0.1,3,16.1
Nb3Ga0.8Zn0.2,3,16.2
Nb3Ga0.65Zn0.35,3,16.3
Nb3Ga0.5Zn0.5,3,16.4
Nb3Ga0.95Ge0.05,3,15.3
Pb0.9904Sb0.0096,2,7.29
Bi0.0105Pb0.9895,2,7.214
Pb0.9769Sn0.0231,2,7.213
Pb0.95Tl0.025Bi0.025,3,7.214
Hg0.0307Pb0.9693,2,7.134
In0.0293Pb0.9707,2,7.109
Cd0.0263Pb0.9737,2,7.124
Pb0.9848Tl0.0152,2,7.135
Ce0.86Tb0.14Ru2,3,4.51
Ce0.8Tb0.2Ru2,3,2.52
Ce0.84Y0.16Ru2,3,4.92
Ce0.84Y0.1Gd0.06Ru2,4,4.55
Ce0.84Y0.06Gd0.1Ru2,4,3.32
In1La3,2,9.45
La2.98Ce0.02In1,3,8.2
La2.96Ce0.04In1,3,7.01
La2.94Ce0.06In1,3,5.58
Ga4Mo1,2,7.98
Mo0.98Nb0.02Ga4,3,8.0
Mo0.96Nb0.04Ga4,3,8.0
Mo0.96Ru0.04Ga4,3,7.63
Mo0.96Co0.04Ga4,3,7.07
Mo0.97Fe0.03Ga4,3,5.13
Mo0.94Fe0.06Ga4,3,2.6
Mo0.99Mn0.01Ga4,3,3.94
Mo1,1,0.92
Co0.01Mo99.99,2,0.71
Co0.015Mo99.985,2,0.59
Co0.032Mo99.968,2,0.31
Co0.038Mo99.962,2,0.22
Fe0.008Mo99.992,2,0.645
Fe0.011Mo99.989,2,0.51
Pd1Tl1Pb1,3,1.78
Rh0.5Pd0.5Pb2,3,1.7
Pd0.5Au0.5Pb2,3,3.02
Fe0.5Co0.5Zr2,3,1.26
Co0.5Ni0.5Zr2,3,3.21
Ni2.5Cu1.5Zr8,3,1.09
Co0.5Ni0.5Ta2,3,0.91
Co1Ta1.75Zr0.25,3,1.0
Fe0.5Ni0.5Zr2,3,2.45
B1Mo1.5Ta0.5,3,1.82
B1Mo1Re1,3,5.09
B1Ta0.5W1.5,3,1.94
B1W1.26Re0.74,3,5.1
Rh0.106Ti0.894,2,4.28
Ir0.03Zr0.97,2,3.19
Co0.03Zr0.97,2,2.61
Nb0.95W0.05,2,7.25
Nb0.85W0.15,2,5.32
Nb0.4Zr0.6,2,8.86
Nb0.5Zr0.5,2,9.46
Nb0.6Zr0.4,2,10.3
Nb0.7Zr0.3,2,10.8
Nb0.8Zr0.2,2,10.9
Nb0.9Zr0.1,2,10.7
Mo0.02Nb0.98,2,8.24
Mo0.05Nb0.95,2,7.63
Mo0.1Nb0.9,2,6.72
Mo0.2Nb0.8,2,4.57
Mo0.3Nb0.7,2,2.67
Mo0.33Re0.67,2,5.89
Ti0.91V0.09,2,6.3
Ti0.2V0.8,2,7.46
V1,1,5.15
Cr0.06V0.94,2,2.93
Cr0.1V0.9,2,1.88
Nb0.35Ti0.65,2,7.69
Hf0.5Ta0.5,2,6.28
Hf0.32Ta0.68,2,6.68
Hf0.16Ta0.84,2,5.98
Hf0.08Ta0.92,2,5.38
Ta1,1,4.42
Ta0.96W0.04,2,3.5
Ta0.92W0.08,2,2.85
Ta0.85W0.15,2,1.95
Re0.4W0.6,2,5.08
Hf0.5Nb0.5,2,8.31
Hf0.2Nb0.8,2,9.48
Hf0.1Nb0.9,2,9.6
Hf0.05Nb0.95,2,9.52
Cr0.05Nb0.95,2,6.66
Cr0.1Nb0.9,2,4.66
Ti0.65Zr0.35,2,1.37
Ti0.5Zr0.5,2,1.57
Ti0.3Zr0.7,2,1.36
Ti0.2Zr0.8,2,1.01
Nb0.4V0.6,2,4.11
Nb0.55V0.45,2,4.11
Nb0.6V0.4,2,4.17
Nb0.85V0.15,2,6.0
Nb0.8Ta0.2,2,7.82
Nb0.63Ta0.37,2,6.84
Nb0.4Ta0.6,2,5.54
Cr0.3Ru0.7,2,0.38
Cr1Ru2,2,2.0
Cr1Ru3,2,3.3
Cr0.125Ru0.875,2,1.2
Cr0.7Rh0.3,2,1.1
Cr0.28Ir0.72,2,0.83
Cr0.09Ir0.91,2,0.78
Mo0.3Nb0.7,2,2.48
Nb0.8W0.2,2,4.68
Cr0.1Nb0.9,2,5.0
Cr0.1V0.9,2,2.06
Hf0.2Ta0.8,2,6.26
Ta0.8W0.2,2,0.88
Cr0.2V0.8,2,1.9
Cr0.25V0.75,2,1.36
Cr0.39V0.61,2,0.37
Cr0.48V0.52,2,0.1
Cr0.06Mo0.94,2,0.71
Cr0.15Mo0.85,2,0.5
Cr0.25Mo0.75,2,0.155
Cr0.4Mo0.6,2,0.095
Cr0.476Mo0.524,2,0.045
Cr0.57Mo0.43,2,0.03
Fe0.018Ru0.982,2,0.165
Fe0.031Ru0.969,2,0.054
Fe0.043Ru0.957,2,0.018
Cu0.005V0.995,2,4.92
Cu0.01V0.99,2,4.74
Cu0.025V0.975,2,4.45
Cu0.05V0.95,2,3.85
Si0.005V0.995,2,4.75
Si0.01V0.99,2,4.66
Si0.025V0.975,2,4.06
Si0.05V0.95,2,2.95
V1,1,5.2
Al0.005V0.995,2,4.82
Al0.01V0.99,2,4.49
Al0.02V0.98,2,4.05
Al0.04V0.96,2,3.31
Al0.06V0.94,2,2.83
Al0.08V0.92,2,2.36
Al0.1V0.9,2,1.96
Al0.12V0.88,2,1.73
Sn0.005V0.995,2,4.57
Sn0.01V0.99,2,4.21
Sn0.025V0.975,2,3.16
Cr0.56Re0.44,2,5.1
Cr0.8Re0.2,2,1.31
Cr0.33Re0.67,2,2.29
Cu1Rh2Se4,3,3.49
Cu0.98Co0.02Rh2S4,4,1.0
Cu1Rh1.992Cr0.008S4,4,0.9
Ir0.49Mo0.51,2,1.81
Ir0.66Mo0.34,2,0.25
Ir0.71Mo0.29,2,0.12
Ir0.75Mo0.25,2,0.13
Mo0.5Rh0.5,2,1.91
Mo0.4Rh0.6,2,0.91
Mo0.33Rh0.67,2,0.1
Mo0.28Rh0.72,2,0.03
Co0.007Ru0.993,2,0.4
Co0.015Ru0.985,2,0.32
Co0.022Ru0.978,2,0.27
Co0.027Ru0.973,2,0.25
Co0.034Ru0.964,2,0.2
Co0.07Ru0.93,2,0.09
Ni0.007Ru0.993,2,0.44
Ni0.031Ru0.969,2,0.36
Ni0.08Ru0.92,2,0.2
Rh0.04Ru0.96,2,0.38
Rh0.105Ru0.895,2,0.27
Rh0.2Ru0.8,2,0.18
Rh0.32Ru0.68,2,0.11
Pd0.015Ru0.985,2,0.4
Pt0.014Ru0.986,2,0.43
Pt0.06Ru0.94,2,0.29
Pt0.113Ru0.887,2,0.21
Ir0.036Ru0.964,2,0.41
Ir0.14Ru0.86,2,0.28
Ir0.22Ru0.78,2,0.21
Ir0.32Ru0.68,2,0.18
Ir0.43Ru0.57,2,0.18
Cu1Rh1.9Sn0.1Se4,4,2.86
Cu1Rh1.78Sn0.22Se4,4,1.92
Cu1Rh1.7Sn0.3Se4,4,1.26
Cu1Rh1.6Sn0.4Se4,4,0.57
Cu1Rh1.5Sn0.5Se4,4,0.14
Rh1Se2,2,4.35
Rh0.88Ru0.12Se2,3,2.28
Rh0.8Ru0.2Se2,3,1.33
Rh0.7Ru0.3Se2,3,0.62
Rh0.6Ru0.4Se2,3,0.18
La1,1,6.24
Ce0.005La0.995,2,5.27
Ce0.03La0.97,2,1.21
La0.99Nd0.01,2,5.18
La0.96Nd0.04,2,1.72
La0.9916Sm0.0084,2,4.22
La0.9795Sm0.0205,2,1.27
Ho0.0105La0.9895,2,5.2
Ho0.0422La0.9578,2,1.2
Eu0.0028La0.9972,2,5.51
Eu0.0153La0.9847,2,1.58
La0.9974Tb0.0026,2,5.28
La0.987Tb0.013,2,1.38
Er0.005La0.995,2,5.94
Er0.08La0.92,2,1.44
K0.1W1O2.9F0.1,4,2.1
Cs0.1W1O2.9F0.1,4,4.4
Rb0.1W1O2.9F0.1,4,3.6
K0.1Li0.02W1O2.88F0.12,5,1.1
Rb0.1Li0.02W1O2.88F0.12,5,3.4
Rb0.1Li0.05W1O2.85F0.15,5,3.1
Rb0.1Li0.1W1O2.8F0.2,5,2.0
Cs0.1Li0.02W1O2.88F0.12,5,4.0
Cs0.1Li0.05W1O2.85F0.15,5,3.3
Cs0.1Li0.1W1O2.8F0.2,5,2.1
Mo0.0708Ti0.9292,2,2.8
Mo0.0905Ti0.9095,2,3.05
Mo0.1215Ti0.8785,2,3.5
Mo0.1633Ti0.8367,2,4.0
In1La3,2,9.2
La2.9952Gd0.0048In1,3,8.5
La2.9889Gd0.0111In1,3,7.92
La2.9745Gd0.0255In1,3,6.92
La2.9706Gd0.0294In1,3,6.0
La2.9628Gd0.0372In1,3,5.04
La2.9553Gd0.0447In1,3,4.3
La2.952Gd0.048In1,3,3.48
La2.9451Gd0.0549In1,3,2.71
La1Sn3,2,6.4
La0.987Gd0.013Sn3,3,5.94
La0.936Gd0.064Sn3,3,3.76
Ce0.01La0.99,2,3.63
La0.99Pr0.01,2,5.23
La0.99Nd0.01,2,4.65
La0.99Sm0.01,2,4.5
Eu0.01La0.99,2,3.79
Gd0.01La0.99,2,0.62
La0.99Tb0.01,2,2.53
Dy0.01La0.99,2,3.74
Ho0.01La0.99,2,5.18
Er0.01La0.99,2,5.31
La0.99Yb0.01,2,5.5
La0.99Lu0.01,2,5.59
Gd0.004La0.996,2,3.59
Ru2Sc1,2,1.67
Ru2Y1,2,1.52
La1Ru2,2,1.63
In1,1,3.407
Hg0.004In0.996,2,3.396
Hg0.016In0.984,2,3.342
Hg0.048In0.952,2,3.427
V3Ga0.8Si0.2,3,11.9
V3Ga0.2Si0.8,3,10.5
V3Ga0.6Si0.4,3,9.5
V3Ga0.4Si0.6,3,8.7
Si1V3,2,16.7
V3Ga0.9Sn0.1,3,10.7
V3Ga0.7Sn0.3,3,7.2
V3Ga0.5Sn0.5,3,5.6
V3Ga0.1Sn0.9,3,3.8
Sn1V3,2,3.4
Pb1,1,7.19
In0.005Pb0.995,2,7.181
In0.01Pb0.99,2,7.173
In0.02Pb0.98,2,7.15
In0.04Pb0.96,2,7.075
In0.06Pb0.94,2,7.061
In0.08Pb0.92,2,7.025
Sn1,1,3.73
Ga0.01Sn0.99,2,3.726
Ga0.02Sn0.98,2,3.726
Ga0.04Sn0.96,2,3.887
Ga0.05Sn0.95,2,3.938
Hg0.9In0.1,2,3.73
In0.92Sn0.08,2,4.25
In0.9Pb0.1,2,4.36
La1Ru2,2,4.07
La0.98Gd0.02Ru2,3,3.23
La0.97Gd0.03Ru2,3,2.73
La0.96Gd0.04Ru2,3,2.27
La0.95Gd0.05Ru2,3,1.61
Hf0.61Ta0.39,2,5.71
Hf0.52Ta0.48,2,6.61
Hf0.4Ta0.6,2,6.85
Hf0.1Ta0.9,2,5.6
Ta1,1,4.21
Ta0.96W0.04,2,3.3
Ta0.91W0.09,2,2.78
Ta0.84W0.16,2,1.86
Ta0.78W0.22,2,1.36
In0.966Mg0.034,2,3.61
In0.82Mg0.18,2,3.67
Nb3Ga0.05Sn0.95,3,18.3
Nb3In0.15Sn0.85,3,18.3
Nb3Tl0.1Sn0.9,3,18.25
Nb3Ge0.1Sn0.9,3,17.97
Nb3Pb0.15Sn0.85,3,18.24
Nb3As0.05Sn0.95,3,18.19
Nb3Sb0.1Sn0.9,3,17.04
Nb3Bi0.15Sn0.85,3,18.28
Nb3Al0.05Sn0.95,3,18.2
Nb3In0.2Sb0.2Sn0.6,4,16.0
Nb3Ge0.2Pb0.2Sn0.6,4,17.84
Nb3Ga0.2Bi0.2Sn0.6,4,18.06
Nb3Al0.72Ge0.28,3,19.9
Nb3Al0.5Sn0.5,3,16.0
Nb3Sn0.91Ga0.09,3,18.3
Nb3Sn0.49Ga0.51,3,16.4
Nb3Sn0.8Ge0.2,3,17.65
Nb3Sn0.91Al0.09,3,17.8
Nb3Sn0.7Al0.3,3,15.75
Nb3Ga0.95Ge0.05,3,15.4
Nb3Ga0.65Al0.35,3,18.1
Nb3Ga0.9Sn0.1,3,16.1
Nb3Ga0.8Sn0.2,3,16.2
Nb3Ga0.65Sn0.35,3,16.3
Hf0.909W0.091,2,2.38
Hf0.834W0.166,2,2.79
Hf0.78W0.22,2,2.77
Hf0.661W0.339,2,2.51
W0.054Zr0.946,2,3.88
W0.014Zr0.986,2,3.64
W0.801Zr0.199,2,2.01
Hf0.915Mo0.085,2,2.13
Hf0.654Mo0.346,2,2.92
Hf0.34Mo0.66,2,1.0
Mo0.059Zr0.941,2,4.15
Mo0.202Zr0.798,2,5.25
Mo0.67Zr0.33,2,1.56
Hf1Mo2,2,0.07
Hf0.96Rh0.04,2,2.34
Hf0.9Rh0.1,2,1.9
Hf0.8Rh0.2,2,1.95
V75Si20Ge5,3,12.15
V75Si12.5Ge12.5,3,8.58
V75Si5Ge20,3,6.76
V75Ge20Sn5,3,5.46
V75Ge20Sb5,3,5.86
V75Ge12.5Sb12.49,3,4.71
V75Si20Ga5,3,12.33
V75Si12.5Ga12.5,3,8.15
V75Si5Ga20,3,10.58
V75Si2.57Ga22.4,3,13.32
H0.81Pd1,2,1.21
H0.87Pd1,2,2.95
Pd0.985Ni0.015H0.75,3,1.72
Pd0.985Ni0.015H0.79,3,2.8
Pd0.985Ni0.015H0.84,3,2.52
Pd0.95Ni0.05H0.86,3,1.49
Pd0.95Ni0.05H0.9,3,2.95
Cr0.027Ti0.973,2,3.5
Cr0.152Ti0.848,2,4.18
Mn0.025Ti0.975,2,2.33
Mn0.101Ti0.899,2,3.0
Fe0.025Ti0.975,2,3.08
Fe0.101Ti0.899,2,3.67
Co0.032Ti0.968,2,2.84
Co0.15Ti0.85,2,3.8
Y0.96Gd0.04Ru2,3,3.5
Y0.92Gd0.08Ru2,3,2.2
Ce0.97Gd0.03Ru2,3,4.69
Ce0.93Gd0.07Ru2,3,3.38
Ti0.6V0.4,2,7.5
Ti0.588V0.392Fe0.02,3,6.79
Ti0.576V0.384Fe0.04,3,6.08
Ti0.564V0.376Fe0.06,3,5.32
Ti0.588V0.392Ru0.02,3,6.58
Ti0.576V0.384Ru0.04,3,5.57
Ti0.564V0.376Ru0.06,3,4.72
La1,1,6.23
Er0.03La0.97,2,4.49
Er0.08La0.92,2,1.43
La0.98Nd0.02,2,3.94
La0.96Nd0.04,2,1.69
Nb0.96Ti0.04N0.9,3,13.8
Nb0.92Ti0.08N0.93,3,15.2
Nb0.75Ti0.25N0.94,3,16.1
Nb0.5Ti0.5N0.95,3,15.1
Nb0.35Ti0.65N0.97,3,13.2
Nb0.25Ti0.75N0.98,3,10.5
Nb0.1Ti0.9N0.98,3,6.48
N0.99Ti1,2,4.41
Nb0.92Hf0.08N0.93,3,13.7
Nb0.85Hf0.15N0.94,3,12.3
Nb0.67Hf0.33N1,3,10.2
Nb0.5Hf0.5N0.98,3,7.33
Nb0.35Hf0.65N1,3,6.05
Nb0.1Hf0.9N1,3,5.47
Nb0.95V0.05N0.85,3,7.12
Nb0.85V0.15N0.92,3,3.88
Nb0.67V0.33N0.94,3,1.86
Nb0.5V0.5N0.94,3,1.86
Nb0.25V0.75N0.94,3,2.92
N0.99V1,2,7.91
Nb0.85Zr0.15N1,3,13.7
Hg0.06Sn0.94,2,5.05
In1,1,3.4
In0.95Pb0.05,2,3.77
In0.9Pb0.1,2,4.51
In0.85Pb0.15,2,5.1
In0.75Pb0.25,2,5.65
In0.6Pb0.4,2,6.2
In0.5Pb0.5,2,6.43
In0.2Pb0.8,2,6.95
Hf1V2,2,8.85
Hf0.99Ta0.01V2,3,9.11
Hf0.95Ta0.05V2,3,9.49
Hf0.9Ta0.1V2,3,9.49
Hf0.8Ta0.2V2,3,9.54
Hf0.8Zr0.2V2,3,9.73
Hf0.6Zr0.4V2,3,9.97
Hf0.4Zr0.6V2,3,8.98
Hf0.2Zr0.8V2,3,8.85
V2Zr1,2,7.83
Ta2S2C2,3,3.61
Ge2Lu1,2,2.6
Mg1C1Ni3,3,6.7
C,1,7.4
B2.8C97.2,2,4.0
Ga1Nb4Se8,3,2.9
Ga1Ta4Se8,3,5.8
La98Lu2,2,4.643
La98Lu1.7Tb0.3,3,3.959
La98Lu1.4Tb0.6,3,3.127
La98Lu0.934Tb1.066,3,1.608
La98Lu0.877Tb1.123,3,1.602
La98Lu0.815Tb1.185,3,1.248
La98Lu0.754Tb1.246,3,0.907
La98Lu0.697Tb1.303,3,0.632
La98Lu1.15Tb0.85,3,2.582
La98Lu1Tb1,3,2.108
In0.017Sn0.983,2,3.625
In0.046Sn0.954,2,3.655
In0.075Sn0.925,2,3.766
Al0.152Sn0.848,2,3.677
Mo0.75Pt0.15Re0.1,3,5.3
Mo0.7Pt0.075Re0.225,3,7.4
Mo0.65Pt0.1Re0.25,3,7.4
Mo0.65Pt0.05Re0.3,3,8.9
Mo0.6Pt0.1Re0.3,3,8.5
Mo0.6Pt0.05Re0.35,3,9.8
Mo0.35Pt0.075Re0.375,3,10.6
Mo0.55Pt0.05Re0.4,3,10.2
Ir0.7Os0.3,2,0.0167
Os0.32Rh0.68,2,0.0376
Rh0.8Y0.2,2,1.18
Ir0.8Y0.2,2,3.66
Sn99.2In0.4Sb0.4,3,3.669
Sn93In3.5Sb3.5,3,3.743
In3Sn97,2,3.628
In6Sn94,2,3.644
La1Tl3,2,1.5
La0.967Pr0.033Tl3,3,1.16
La0.93Pr0.07Tl3,3,0.8
La0.901Pr0.099Tl3,3,0.55
La1Sn3,2,6.55
La0.962Tm0.038Sn3,3,5.49
La0.908Tm0.092Sn3,3,4.18
La1Pb3,2,4.09
La0.95Pr0.05Pb3,3,3.3
La0.9Pr0.1Pb3,3,2.58
La0.85Pr0.15Pb3,3,1.88
La0.8Pr0.2Pb3,3,1.34
La0.75Pr0.25Pb3,3,0.8
La0.7Pr0.3Pb3,3,0.37
Al1,1,1.1793
In0.1Tl0.9,2,2.97
In0.17Tl0.83,2,3.45
In0.25Tl0.75,2,3.64
In0.4Tl0.6,2,2.52
In0.45Tl0.55,2,2.48
Tl1,1,2.39
La1,1,4.94
La0.91Lu0.09,2,3.28
La0.951Lu0.049,2,4.37
Ir1,1,0.11
Ir0.96Re0.04,2,0.142
Ir0.93Re0.07,2,0.22
Ir0.9Re0.1,2,0.34
Ir0.8Re0.2,2,0.66
Ir0.7Re0.3,2,1.7
Ir0.95Re0.02,2,0.112
Ir0.55Re0.15,2,0.61
Ir0.7Os0.3,2,0.48
Ir0.6Os0.4,2,0.73
Ir0.987Mo0.013,2,0.107
Ir0.973Mo0.027,2,0.133
Ir0.953Mo0.047,2,0.168
Ir0.9Mo0.1,2,0.29
Ir0.82Mo0.18,2,0.5
Ir0.987W0.013,2,0.107
Ir0.973W0.027,2,0.125
Ir0.953W0.047,2,0.162
Ir0.9W0.1,2,0.23
Ir0.85W0.15,2,0.41
Ir0.99V0.01,2,0.11
Ir0.98V0.02,2,0.115
Ir0.965V0.035,2,0.147
Ir0.85V0.15,2,0.26
Ir0.99Nb0.01,2,0.102
Ir0.98Nb0.02,2,0.115
Ir0.965Nb0.035,2,0.138
Ir0.925Nb0.075,2,0.172
Ir0.9Nb0.1,2,0.06
Ir0.99Ta0.01,2,0.116
Ir0.97Ta0.03,2,0.127
Ir0.94Ta0.06,2,0.15
Ir0.925Ta0.075,2,0.125
Ir0.9Ta0.1,2,0.067
Ir0.925Ru0.075,2,0.11
Ir0.89Ru0.11,2,0.105
Ir0.845Ru0.155,2,0.11
Ir0.8Ru0.2,2,0.13
Ir0.765Ru0.235,2,0.142
Ir0.71Ru0.29,2,0.18
Ir0.95Rh0.05,2,0.075
Ir0.89Rh0.11,2,0.06
Ir0.815Rh0.185,2,0.028
Ir0.8Rh0.2,2,0.03
Ir0.75Rh0.25,2,0.026
Ir0.96Pd0.04,2,0.069
Ir0.95Pd0.05,2,0.05
Ir0.91Pd0.09,2,0.047
Ir0.9Pd0.1,2,0.032
Ir0.88Pd0.12,2,0.035
Ir0.72Re0.18Rh0.1,3,0.6
Ir0.64Re0.16Rh0.2,3,0.55
Ir0.56Re0.14Rh0.3,3,0.25
Ir0.46Re0.115Rh0.425,3,0.13
Ir0.4Re0.1Rh0.5,3,0.08
Ir0.63Os0.27Rh0.1,3,0.4
Ir0.56Os0.24Rh0.2,3,0.28
Ir0.49Os0.21Rh0.3,3,0.27
Ir0.406Os0.174Rh0.42,3,0.095
Ir0.07Rh0.07Os0.86,3,0.064
Ir0.0875Rh0.0875Os0.825,3,0.095
Ir0.1Rh0.1Os0.8,3,0.14
Ir0.135Rh0.135Os0.73,3,0.22
Ir0.165Rh0.165Os0.67,3,0.35
Ir0.125Os0.2Rh0.675,3,0.05
Ir0.54Os0.1Rh0.36,3,0.038
Ir0.1Os0.25Rh0.65,3,0.1
Ir0.6Os0.1Rh0.3,3,0.55
Ir0.1Os0.3Rh0.6,3,0.21
Ir0.55Os0.15Rh0.3,3,0.095
Ir0.765Os0.085Rh0.15,3,0.096
Ir0.6Os0.2Rh0.2,3,0.22
Ir0.725Os0.175Rh0.1,3,0.16
Ir0.125Os0.375Rh0.5,3,0.46
Ir0.4Os0.3Rh0.3,3,0.37
Ir0.2Ru0.3Rh0.5,3,0.055
Ir0.7Ru0.25Rh0.5,3,0.033
Ir0.7Ru0.1Rh0.2,3,0.05
Ir0.8Ru0.05Rh0.15,3,0.064
Ir0.3Ru0.2Rh0.5,3,0.02
Ir0.37Nb0.63,2,2.23
Ir0.4Nb0.6,2,2.2
Mo0.45Re0.55,2,6.47
Mo0.4Re0.6,2,6.49
Mo0.35Re0.65,2,5.6
Ir0.375Nb0.625,2,7.9
Ir0.385Nb0.615,2,9.7
Ir0.41Nb0.59,2,9.8
Mo0.45Re0.55,2,5.9
Mo0.38Re0.62,2,5.7
Mo0.33Re0.67,2,5.8
Mo0.0006Re0.9994,2,1.697
Re0.994W0.006,2,1.84
Re0.976W0.024,2,3.0
Re0.98Rh0.02,2,2.014
Re0.9865Ru0.0135,2,1.937
Ir0.02Re0.98,2,1.968
Os0.02Re0.98,2,1.807
Re1,1,1.695
Os0.115Re0.885,2,1.79
Os0.232Re0.768,2,1.67
Os0.3Re0.7,2,1.54
Os0.362Re0.638,2,1.35
Os0.432Re0.568,2,1.18
Os0.56Re0.44,2,0.94
Os0.7Re0.3,2,0.8
Os0.81Re0.19,2,0.73
Os0.89Re0.11,2,0.7
Os1,1,0.62
Os10,1,0.478
Os0.333Ru0.667,2,0.47
Os0.666Ru0.334,2,0.569
Os0.9Ru0.1,2,0.584
La3Tl1,2,8.95
La2.916Pr0.084Tl1,3,7.7
La2.91Pr0.09Tl1,3,7.55
La2.92Pr0.18Tl1,3,6.51
La2.706Pr0.294Tl1,3,5.25
La2.574Pr0.426Tl1,3,3.92
La2.55Pr0.45Tl1,3,3.68
La2.406Pr0.594Tl1,3,2.4
La2.25Pr0.75Tl1,3,1.24
La0.95Pr0.05Se1,3,0.7
La0.9Pr0.1Se1,3,0.48
La0.8Pr0.2Se1,3,0.03
La2.85Pr0.15Se4,3,4.81
La2.7Pr0.3Se4,3,3.36
La2.4Pr0.6Se4,3,1.49
La2.25Pr0.75Se4,3,0.76
La2.82Pr0.18S4,3,4.33
La2.58Pr0.42S4,3,2.69
Mg1B1.96C0.04,3,35.0
Mg1B1.9C0.1,3,27.0
Mg1B1.85C0.15,3,20.0
Pr1Ru4P12,3,1.8
Mg0.98Sc0.02B2,3,39.0
Mg0.88Sc0.12B2,3,30.0
Mg0.73Sc0.27B2,3,6.0
Mg1C1Ni2.995Ru0.005,4,6.91
Mg1C1Ni2.99Ru0.01,4,6.72
Mg1C1Ni2.98Ru0.02,4,6.5
Mg1C1Ni2.8Ru0.2,4,3.49
Mg1C1Ni2.7Ru0.3,4,2.8
Mg1C1Ni2.6Ru0.4,4,2.14
Zr1N1Cl0.7,3,12.7
Yb3Co4.3Sn12.7,3,3.4
Au1Ga2,2,1.15
Au0.988Pd0.012Ga2,3,1.25
Au0.976Pd0.024Ga2,3,1.56
La1Ru2,2,4.3
Er1Ni1.98Fe0.02B2C1,5,8.8
Er1Ni1.965Fe0.035B2C1,5,7.31
Er1Ni1.96Fe0.04B2C1,5,7.21
Er1Ni1.96Fe0.04B2C0.99,5,7.4
Ho1Ni1.99Fe0.01B2C1,5,7.0
B2.1Nb1,2,9.1
As2Te3,2,4.4
As1,1,0.2
Re1,1,1.694
Os2.76Re97.24,2,1.844
Os8.33Re91.67,2,1.876
Mo3.29Zr96.71,2,2.12
Mo3.95Zr96.05,2,2.53
Mo5.22Zr94.78,2,4.0
Mo6.86Zr93.14,2,4.74
Mo8.75Zr91.25,2,5.0
Mo13Zr87,2,4.91
Nb3Rh1,2,2.64
Nb3Rh0.02Au0.98,3,10.9
Nb99.976O0.024,2,9.23
Nb99.861O0.139,2,9.03
Nb99.445O0.555,2,8.5
Nb99.078O0.922,2,8.1
Nb98.68O1.32,2,7.85
Nb98O2,2,7.33
Nb96.5O3.5,2,6.13
Nb1,1,9.25
Nb1,1,9.21
B2Mg1,2,37.9
Nb0.36Ti0.64,2,9.05
Ti0.64Nb0.34Ta0.02,3,8.99
Ti0.64Nb0.32Ta0.04,3,8.9
Ti0.64Nb0.28Ta0.08,3,8.74
Ti0.64Nb0.26Ta0.1,3,8.56
Ti0.64Nb0.24Ta0.12,3,8.32
Ti0.64Nb0.18Ta0.18,3,8.18
Ti0.64Nb0.1Ta0.26,3,7.78
Ta0.36Ti0.64,2,7.53
Nb1,1,9.273
Nb0.995Ta0.005,2,9.226
Nb0.99Ta0.01,2,9.079
Ti0.415V0.585,2,7.49
Ti0.106V0.894,2,6.86
Nb0.75Zr0.25,2,10.6
Nb0.65Zr0.35,2,10.6
Nb0.5Zr0.5,2,9.7
Nb0.25Zr0.75,2,8.3
Nb0.016Ta0.984,2,4.47
Nb0.04Ta0.96,2,4.47
Nb0.08Ta0.92,2,4.54
Nb0.16Ta0.84,2,4.67
Ta1,1,4.48
Ta1,1,4.425
Nb0.037Ta0.963,2,4.51
Nb0.14Ta0.86,2,4.76
Nb0.405Ta0.595,2,5.72
Nb0.58Ta0.42,2,6.54
V1,1,5.17
Nb0.15V0.85,2,4.3
Nb0.2V0.8,2,4.03
Nb0.5V0.5,2,4.25
Nb0.69V0.31,2,4.9
Nb0.8V0.2,2,5.76
Nb0.9V0.1,2,6.95
Nb1,1,9.18
Ta0.1V0.9,2,4.47
Ta0.24V0.76,2,3.58
Ta0.5V0.5,2,2.73
Ta0.7V0.3,2,3.0
Ta0.9V0.1,2,3.58
Ta1,1,4.33
Nb0.8Ta0.2,2,7.42
Nb0.7Ta0.3,2,6.8
Nb0.5Ta0.5,2,5.93
Nb0.3Ta0.7,2,5.15
Nb0.15Ta0.85,2,4.58
V1,1,5.32
Cr0.0018V0.9982,2,5.15
Cr0.0033V0.9967,2,5.07
Cr0.0081V0.9919,2,4.78
Cr0.0132V0.9868,2,4.57
Cr0.0265V0.9735,2,3.89
Ti0.5V0.5,2,6.71
Ti0.1V0.9,2,6.03
Ti0.03V0.97,2,5.58
Ti0.01V0.99,2,5.42
Cr0.01V0.99,2,4.8
Cr0.02V0.98,2,4.08
Cr0.026V0.974,2,3.66
Cr0.055V0.945,2,1.89
Co0.007V0.993,2,4.52
Co0.017V0.983,2,3.28
Co0.02V0.98,2,2.61
Co0.03V0.97,2,1.48
Ni0.011V0.989,2,3.82
Ni0.02V0.98,2,3.29
Ni0.03V0.97,2,2.11
Nb0.25Zr0.75,2,8.6
Nb0.35Zr0.65,2,9.45
Nb0.5Zr0.5,2,10.3
Nb0.005Zr0.995,2,1.86
Nb0.5Zr0.5,2,10.4
Nb0.75Zr0.25,2,10.7
Nb3Sn1,2,18.1
Nb3Sn0.8Sb0.2,3,16.5
Nb3Sn0.7Sb0.3,3,15.8
Nb3Sn0.5Sb0.5,3,14.4
Ga1Nb3,2,16.0
NbSn3,2,18.0
Nb2.85Ti0.15Sn1,3,17.9
Nb2.7Ti0.3Sn1,3,16.4
Nb2.55Ti0.45Sn1,3,15.6
Nb2.85Zr0.15Sn1,3,18.1
Nb2.7Zr0.3Sn1,3,18.1
Nb2.55Zr0.45Sn1,3,17.9
Nb2.34Zr0.66Sn1,3,17.7
Nb2.1Zr0.9Sn1,3,17.7
Nb2.934V0.066Sn1,3,17.7
Nb2.85V0.15Sn1,3,17.1
Nb2.7V0.3Sn1,3,15.9
Nb2.55V0.45Sn1,3,15.0
Nb2.85Ta0.15Sn1,3,18.3
Nb2.7Ta0.3Sn1,3,18.0
Nb2.4Ta0.6Sn1,3,17.3
Nb2.1Ta0.9Sn1,3,16.0
Nb1.8Ta1.2Sn1,3,14.1
Nb1,1,9.1
Nb0.4Ta0.6,2,5.4
Nb0.1Ta0.9,2,4.55
Nb0.05Ta0.95,2,4.45
Pd1Te2,2,1.53
Nb1Se2.2,2,6.35
Nb1Se2.2,2,7.0
Nb1Se2,2,7.17
Nb1Se2,2,7.02
Nb1.01Se2,2,7.05
Nb1.02Se2,2,6.75
Nb1.05Se2,2,4.86
Sn1,1,3.734
Nb1,1,9.16
Nb0.999Y0.001,2,9.27
Nb0.98Y0.02,2,9.26
Gd0.001Nb0.999,2,9.18
Gd0.01Nb0.99,2,9.19
O0.95Ti1,2,0.8
O1Ti1,2,0.64
O1.06Ti1,2,0.54
Nb1,1,9.23
Nb0.98Ta0.02,2,9.02
Nb0.96Ta0.04,2,8.87
Nb0.94Ta0.06,2,8.76
Nb0.9Ta0.1,2,8.4
Nb0.85Ta0.15,2,8.08
Nb0.7Ta0.3,2,7.17
Nb0.6Ta0.4,2,6.56
Be13W1,2,4.1
Re2Zr1,2,5.9
Al1Ge2,2,1.75
Nb3Sn0.5Zr0.5,3,16.7
Nb4.4Re1,2,4.8
Mg2Nb1,2,5.6
V66.6Zr33.3,2,9.64
Zr33.3V61.8Nb4.8,3,6.13
Zr33.3V59.25Nb7.35,3,6.3
Zr33.3V56.7Nb9.9,3,5.34
Zr33.3V45.5Nb21.12,3,4.36
Zr33.3V39.3Nb27.4,3,5.45
Zr31V61.8Nb7.2,3,9.65
Zr29.8V59.4Nb10.8,3,9.58
Zr28.4V56.8Nb14.8,3,8.56
Zr27.1V54.1Nb18.8,3,4.46
Zr25.8V51.3Nb22.9,3,4.34
Zr24.3V48.5Nb27.2,3,4.6
Zr23V45.5Nb31.5,3,5.42
O0.92Ti1,2,0.72
O0.86Ti1,2,0.47
O0.91Ti1,2,0.7
Pb0.95Sb0.05,2,7.83
Bi0.05Pb0.95,2,7.388
Pb0.95Sn0.05,2,7.268
In0.05Pb0.95,2,7.091
Pb0.95Tl0.05,2,7.055
Pb0.4Tl0.6,2,4.67
Pd0.52Sb0.48,2,1.65
Pd0.5Sb0.5,2,1.48
Pd0.49Sb0.51,2,1.44
Pd50.745Ti0.255Sb49,3,1.61
Pd49.75V0.25Sb50,3,1.13
Pd50.745V0.255Sb49,3,0.91
Pd50.745Sc0.255Sb49,3,1.56
Pd50.49V0.51Sb49,3,0.5
Pd50.99745Cr0.00255Sb49,3,1.35
Pd50.9745Mn0.0255Sb49,3,1.46
Pd50.93625Fe0.06375Sb49,3,1.22
Pd50.8725Fe0.1275Sb49,3,1.03
Pd49.75Co0.25Sb50,3,1.57
Pd49.75Ni0.25Sb50,3,1.5
Pd45.9Ni5.1Sb49,3,1.23
Pd49.75Cu0.25Sb50,3,1.56
Pd50.745Nb0.255Sb49,3,1.6
Pd50.745Mo0.255Sb49,3,1.67
Pd50.745Ru0.255Sb49,3,1.57
Cd1,1,0.55
Re1,1,1.7
Os0.001Re0.999,2,1.71
Os0.002Re0.998,2,1.71
Os0.006Re0.994,2,1.76
Os0.0275Re0.9725,2,1.84
Os0.046Re0.954,2,1.92
Os0.065Re0.935,2,1.92
Os0.084Re0.916,2,1.88
Os0.113Re0.887,2,1.79
Re0.025Ta0.975,2,3.458
Re0.05Ta0.95,2,2.77
Re0.075Ta0.925,2,2.08
Re0.1Ta0.9,2,1.49
Re0.15Ta0.85,2,0.75
Re0.2Ta0.8,2,0.21
Mg1C1Ni3,3,7.12
Mg1C1Ni3,3,6.8
Ir0.15Os0.85,2,0.54
Pt0.035W0.965,2,1.98
Rh0.005Ti0.995,2,0.79
Rh0.01Ti0.99,2,1.16
Rh0.015Ti0.985,2,1.6
Rh0.02Ti0.98,2,1.73
Rh0.025Ti0.975,2,1.79
Rh0.03Ti0.97,2,1.34
Rh0.005Ti0.995,2,1.8
Rh0.01Ti0.99,2,2.4
Rh0.02Ti0.98,2,3.2
Rh0.03Ti0.97,2,1.9
Rh0.005Zr0.995,2,3.5
Rh0.01Zr0.99,2,4.5
Rh0.02Zr0.98,2,4.8
Rh0.027Zr0.973,2,3.6
Rh0.035Zr0.965,2,5.0
Rh0.04Zr0.96,2,5.0
Rh0.05Zr0.95,2,5.2
Rh0.06Zr0.94,2,5.9
Rh0.065Zr0.935,2,5.9
Rh0.075Zr0.925,2,6.4
Rh0.08Zr0.92,2,9.6
Rh0.09Zr0.91,2,10.1
Sb1Ti3,2,5.3
Ti0.5Nb0.25Sb0.25,3,1.95
Sb1V3,2,0.5
Ti1,1,0.39
Nb1,1,9.4
Ti1.38V1.62Sb1,3,1.49
Ti2.01Nb0.99Sb1,3,1.96
Ti0.99Nb2.01Sb1,3,2.84
Sb0.25Ti0.75,2,5.32
Pd1Te1,2,4.36
Pd1Te1.04,2,2.45
Rh0.01Zr0.99,2,4.26
Rh0.03Zr0.97,2,3.38
Rh0.06Zr0.94,2,5.95
Rh0.1Zr0.9,2,10.8
Ru0.42V0.58,2,2.12
Ru0.43V0.57,2,2.92
Ru0.445V0.555,2,3.48
Ru0.46V0.54,2,5.67
Ru0.47V0.53,2,4.53
Ru0.475V0.525,2,3.12
Pd0.56W0.44,2,1.58
Pd0.6W0.4,2,1.29
Pd0.72W0.28,2,0.345
Pt0.73W0.27,2,0.213
Pt0.52W0.48,2,1.35
Pt0.33W0.67,2,3.02
Pt0.43W0.57,2,2.09
Rh0.03Zr0.97,2,3.1
Rh0.0375Zr0.925,2,3.65
Rh0.04Zr0.96,2,3.8
Rh0.05Zr0.95,2,4.8
Rh0.06Zr0.94,2,5.75
Rh0.07Zr0.93,2,5.95
Rh0.075Zr0.925,2,6.05
Rh0.08Zr0.92,2,6.1
Si1V3,2,15.9
Ta0.685Ti0.315,2,8.28
Ta0.462Ti0.538,2,9.05
N1Nb1,2,15.0
Tc0.2W0.8,2,3.85
Tc0.3W0.7,2,5.75
Tc0.4W0.6,2,7.18
Sc0.01V0.99,2,5.67
Sc0.07V0.93,2,6.09
Sc0.3V0.7,2,6.76
Sc0.4V0.6,2,6.94
Sc0.5V0.5,2,7.03
Sc0.6V0.4,2,6.84
Ta0.03Zr0.97,2,2.01
Ta0.07Zr0.93,2,3.25
Ta0.1Zr0.9,2,3.76
Ta0.125Zr0.875,2,4.14
Ta0.15Zr0.85,2,4.28
Ta0.17Zr0.83,2,5.28
Ta0.2Zr0.8,2,5.56
Y1,1,1.8
Te1,1,2.05
Al0.998Mn0.002,2,0.262
Al99.925Mn0.075,2,0.7
Ti0.63V0.27Al0.1,3,3.62
Ti0.595V0.255Al0.15,3,2.36
Ti0.72V0.18Al0.1,3,3.52
Ti0.54V0.36Al0.1,3,3.44
Ti0.36V0.54Al0.1,3,2.7
Ti0.18V0.72Al0.1,3,2.05
V0.81Cr0.09Al0.1,3,1.46
Sn0.04V0.96,2,1.86
Sn0.057V0.943,2,1.6
Sb0.02V0.98,2,3.29
V1,1,5.24
Ta0.0082V0.9918,2,4.9
Ta0.0355V0.9645,2,4.55
Ta0.0568V0.9432,2,4.46
Ag1B2,2,6.7
Mg1B1.88C0.12,3,32.9
Tl1Mo6Se7.5,3,12.2
Sn1.1Mo6Se7.5,3,4.2
La3Rh2Ge2,3,3.5
Yb1Pd2Ge2,3,1.17
La1Pd2Ge2,3,1.12
La1Pt2Ge2,3,0.55
Lu0.98La0.02Ni2B2C1,5,16.2
Lu0.95La0.05Ni2B2C1,5,15.3
Lu0.94La0.06Ni2B2C1,5,15.1
Lu0.93La0.07Ni2B2C1,5,13.6
Lu0.92La0.08Ni2B2C1,5,13.6
Mg1B1.896C0.104,3,35.0
Mg1B1.9C0.1,3,34.3
Mg1B1.874C0.126,3,33.3
Mg1B1.84C0.16,3,33.0
Mg1B1.826C0.174,3,30.8
Mg1B1.81C0.19,3,30.1
Mg1B1.8C0.2,3,28.0
Mg1B1.792C0.208,3,25.5
Mg1B1.7C0.3,3,10.2
C1,1,0.37
Mg1B1.9C0.1,3,33.98
Mg1B1.8C0.2,3,34.16
Mg1B1.7C0.3,3,34.27
Mg1B1.6C0.4,3,33.3
Mg1B1.5C0.5,3,28.3
Mg1B1.4C0.6,3,19.45
Y1Ir1Si1,3,2.7
Zr1Ru1P1,3,3.82
Zr1Rh1P1,3,1.55
Nb1Rh1P1,3,4.42
Ta1Rh1P1,3,4.86
Zr1Ru1P1,3,11.45
Hf1Ru1P1,3,11.89
Zr1Os1P1,3,6.57
Hf1Os1P1,3,5.53
Zr1Ru1As1,3,11.9
Hf1Ru1As1,3,4.93
Zr1Os1As1,3,8.0
Hf1Os1As1,3,3.2
Y0.8Sc0.2Ru1B2,4,8.1
Y1B2C2,3,3.6
Lu1B2C2,3,2.4
Y2Rh3Si5,3,2.7
Sc2Fe3Si5,3,4.5
Lu2Fe3Si5,3,6.0
Y1Ru1B4,3,1.38
Y1Os3B2,3,6.0
Y1Os1B4,3,1.4
Y1Ru3.5Si2,3,3.51
La1Ru3.5Si2,3,7.6
Sc5Co4Si10,3,4.53
Sc5Rh4Si10,3,8.27
Sc5Ir4Si10,3,8.29
Y5Ir4Si10,3,3.1
Lu5Rh4Si10,3,3.95
Lu5Ir4Si10,3,3.91
Y5Rh4Ge10,3,1.35
Y5Ir4Ge10,3,2.76
Y5Os4Ge10,3,9.06
Lu5Rh4Ge10,3,2.79
Lu5Ir4Ge10,3,2.6
Lu4.5Sc0.5Ir4Si10,4,6.03
Lu4Sc1Ir4Si10,4,6.64
Lu3.5Sc1.5Ir4Si10,4,7.69
Lu2.5Sc2.5Ir4Si10,4,7.93
Lu1Sc4Ir4Si10,4,7.63
Lu0.25Sc4.75Ir4Si10,4,7.87
Lu5Ir3.4Rh0.6Si10,4,5.7
Lu5Ir3.1Rh0.9Si10,4,5.77
Lu5Ir2.8Rh1.2Si10,4,5.66
Lu5Ir2Rh2Si10,4,5.45
Lu5Ir1.2Rh2.8Si10,4,4.8
Pd2Sc1Sn1,3,2.15
Sc4Rh6Sn19,3,1.9
Sc4Ir6Sn19,3,1.4
Ca4Rh6Pb19,3,3.3
Sr0.2Mo1S2,3,5.0
Yb0.2W1Se2,3,2.2
Y1.8Au0.2C2.6,3,10.1
Y1.8Ge0.2C2.7,3,10.6
Y1.8Si0.2C2.7,3,11.3
Y1.8Sn0.2C2.7,3,10.2
Y1.8Ru0.2C2.7,3,11.2
Y1.8Nb0.2C2.7,3,10.8
Y1.8Ti0.2C2.7,3,10.7
Y1.8Ti0.2C2.9,3,14.2
Y1.8Zr0.2C2.9,3,13.0
Y1.8Mo0.2C2.9,3,13.8
Y1.8W0.2C2.9,3,14.5
Y1.8Bi0.2C2.9,3,9.35
Y1.8V0.2C2.9,3,11.5
Y1.8Cr0.2C2.9,3,12.4
Y1.4Ti0.6C3,3,12.9
Y1.8Ti0.2C3.1,3,14.5
Y1.8W0.2C3.1,3,14.8
In3.3Mo15Se19,3,4.0
Mo15Se19,2,4.3
In3Mo15Se19,3,3.32
Li3Mo15Se19,3,3.5
K2In1Mo15Se19,4,1.3
In2Mo15Se19,3,1.5
Li2Mo15Se19,3,2.6
K2Mo15Se19,3,2.1
Ca1Pb3,2,0.65
La1Tl3,2,1.63
La1Pb3,2,4.1
La1Sn3,2,6.02
Zr1Ru1P1,3,3.46
Nb1Rh1P1,3,4.08
Ta1Rh1P1,3,4.41
Zr1Ru1As1,3,11.05
Hf1Ru1As1,3,4.65
Y1Ir2Si2,3,2.6
Y1Ir2Si2,3,2.5
Y2Ir3Si5,3,3.05
Sc1C0.75Ge0.02,3,8.5
La1Ru2,2,4.416
La0.95Ce0.05Ru2,3,3.616
La0.9Ce0.1Ru2,3,3.012
La0.85Ce0.15Ru2,3,2.444
La0.8Ce0.2Ru2,3,2.01
La0.76Ce0.24Ru2,3,1.468
La0.72Ce0.28Ru2,3,1.278
La0.6Ce0.4Ru2,3,0.727
La0.5Ce0.5Ru2,3,0.449
La0.46Ce0.54Ru2,3,0.668
La0.4Ce0.6Ru2,3,1.3
La0.35Ce0.65Ru2,3,1.647
La0.3Ce0.7Ru2,3,2.134
La0.25Ce0.75Ru2,3,3.196
La0.2Ce0.8Ru2,3,4.227
La0.15Ce0.85Ru2,3,5.872
La0.1Ce0.9Ru2,3,7.194
La0.05Ce0.95Ru2,3,7.181
Ce1Ru2,2,6.221
La5B2C6,3,6.9
Cd1Mo6S8,3,1.8
Pb1Mo6S8,3,15.0
Sn1Mo6S8,3,14.0
La1Mo6S8,3,7.1
Gd1Mo6S8,3,1.4
Lu1Mo6S8,3,2.2
Mo6S8,2,1.6
Mo6S6I2,3,1.4
Pb0.92Mo6S7.5,3,13.98
Pb1Mo5.1S4,3,14.51
Sn0.6Mo3S4,3,14.45
Sn0.6Mo3S4,3,13.05
Cu1Mo3S4,3,10.66
Ag1Mo4S5,3,7.77
Tl0.45Bi0.46Mo6S7.5,4,6.41
Zn1Mo5S6,3,3.12
Cd1Mo5S6,3,2.67
Sc1Mo6S7,3,2.67
Y1Mo6S7,3,2.66
Mg1Mo6S7,3,2.72
Cu0.7Mo3Se4,3,5.9
Ag0.7Mo4Se5,3,5.96
Sn0.7Mo3Se4,3,4.85
Pb1.2Mo6Se8,3,4.32
Y1Mo6Se8,3,6.38
Si1V3,2,16.85
Si1V3,2,16.83
Ga1V3,2,13.87
Sn1V3,2,3.65
V3Ge0.9Al0.1,3,8.8
V3Ge0.8Al0.2,3,11.02
V3Ge0.7Al0.3,3,11.17
Au1V3,2,1.755
Au1V3,2,2.731
Pt1V3,2,2.63
Pt1V3,2,3.18
Ir0.33V0.67,2,1.6
Nb3Sn1,2,17.832
Nb0.78Al0.165Ge0.055,3,20.29
Nb3Rh1,2,2.797
Nb3Pt1,2,8.111
Nb3Pt1,2,8.174
Nb3Pt1,2,10.53
Sn1Ta3,2,5.82
Sb1Ti3,2,5.1
Cr0.72Os0.28,2,3.862
Ge1Mo3,2,2.166
Mo3Os1,2,11.69
Ir1Mo3,2,8.174
Sn1.2Mo6.35S8,3,10.7
Sn1.08Eu0.1Mo6.35S8,4,10.9
Sn0.96Eu0.2Mo6.35S8,4,10.7
Sn0.84Eu0.3Mo6.35S8,4,10.6
Sn0.72Eu0.4Mo6.35S8,4,10.1
Sn0.6Eu0.5Mo6.35S8,4,10.2
Sn0.48Eu0.6Mo6.35S8,4,9.2
Sn0.36Eu0.7Mo6.35S8,4,7.94
Sn0.24Eu0.8Mo6.35S8,4,6.0
Sn0.12Eu0.9Mo6.35S8,4,0.94
Pb0.7Eu0.3Gd0.2Mo6S8,5,14.3
Pb0.7Eu0.3Mo6.35S8,4,13.6
Pb0.7Eu0.3Mo6.35S8,4,11.0
Pb1Mo6.35S8,3,12.0
Tb1.2Mo6S8,3,1.64
Dy1.2Mo6S8,3,1.72
Er1.2Mo6S8,3,2.1
Mo6S6Br2,3,13.8
Mo6S6I2,3,14.0
Mo6Se8,2,6.25
Mo6Se5Cl3,3,5.7
Mo6Se5Br3,3,7.1
Mo6Se5I3,3,4.2
Mo5.25Nb0.75Se8,3,6.2
Mo4Re2Te8,3,3.5
Mo6Te5I3,3,2.4
Cu2Mo6S6O2,4,9.0
Pb1Mo6S6O2,4,11.7
Nd1Rh6B6,3,5.4
Sm1Rh4B4,3,2.72
Ag0.7Mo3Se4,3,5.96
K0.18W1O3,3,3.9
Cs0.19W1O3,3,6.7
Ru0.46V0.54,2,4.92
V2Zr1,2,7.9
La3S4,2,8.1
La3Se4,2,7.6
Cu1Mo3S4,3,10.5
S2Ta1,2,0.49
S2Ta1,2,2.5
Al0.05Nb3Sn0.95,3,18.0
Nb3Sn0.05Sn0.95,2,16.9
Nb3Sn0.1Sn0.9,2,16.2
Nb3Sn0.2Sn0.8,2,15.89
Ag1La1,2,1.06
Nd1Rh4B4,3,5.31
Sm1Rh4B4,3,2.66
Lu1Rh4B4,3,11.249
Y1Rh4B4,3,10.591
Tm1Rh4B4,3,9.78
Er1Rh4B4,3,8.55
Au1Ga2,2,1.14
Cr4.84Ga25V70.16,3,12.14
Cr34.9Ga25V40.1,3,5.48
Ga25Mn4.92V70.08,3,10.1
Ga25Mn14V61,3,4.22
Fe4.97Ga25V70.03,3,8.59
Fe9.92Ga25V65.08,3,4.65
Co4.95Ga25V70.05,3,7.56
Co7.32Ga25V67.68,3,5.03
Sn1Te1,2,0.06
Sr1Ti1O3,3,4.0
Sr1Ti1O3,3,2.7
Ge0.937Te1,2,0.311
Ge0.95Te1,2,0.246
Ge0.963Te1,2,0.171
Ge0.976Te1,2,0.071
Sr1Ti1O3,3,0.27
Tl1Bi1Te2,3,0.141
Ge1Te1,2,0.08
Ge1Te1,2,0.25
Sn0.87Ag0.1Te1,3,1.78
Sn0.9Ag0.07Te1,3,1.73
Sn0.92Ag0.05Te1,3,1.66
Au0.98Pd0.02Ga2,3,1.51
Ga1V3,2,13.8
Ga1V3,2,15.3
Au1V3,2,2.9
Nb3Os1,2,0.94
Ir1Nb3,2,1.66
Nb3Pt1,2,9.2
Au1Nb3,2,10.56
Au1V3,2,2.97
Mo0.81Pt0.19,2,4.53
Mo2Zr1,2,4.57
Hf1V2,2,9.15
Au2Pb1,2,6.95
Au0.9Ga0.1,2,0.264
Au0.95Ga0.05,2,0.032
Al0.14Au0.86,2,0.385
Al0.05Au0.95,2,0.0138
Au0.95Sn0.05,2,0.047
Ag0.828Ga0.172,2,0.116
Ag0.875Ga0.125,2,0.019
Ag0.81In0.19,2,0.0074
Ag0.7Zn0.3,2,0.0125
Cu0.81Ga0.19,2,0.048
Au0.9In0.1,2,0.0625
Cu1Y1,2,0.47
Au1Sc1,2,2.0
Au1Lu1,2,0.37
Al1Sc1Au2,3,4.4
In1Sc1Au2,3,3.02
In1Y1Au2,3,1.9
Al0.08Au0.92,2,0.088
Al0.07Au0.92In0.01,3,0.0763
Al0.06Au0.92In0.02,3,0.0619
Al0.0563Au0.92In0.0237,3,0.0609
Al0.05Au0.92In0.03,3,0.0672
Al0.04Au0.92In0.04,3,0.0555
Al0.03Au0.92In0.05,3,0.045
Al0.02Au0.92In0.06,3,0.034
Al0.01Au0.92In0.07,3,0.0278
Au0.92In0.08,2,0.022
Au0.92Ga0.08,2,0.168
Au0.92Ga0.068In0.012,3,0.137
Au0.92Ga0.06In0.02,3,0.13
Au0.92Ga0.04In0.04,3,0.0682
Au0.92Ga0.02In0.06,3,0.0425
Al0.02Au0.92Ga0.06,3,0.158
Al0.04Au0.92Ga0.04,3,0.101
Al0.06Au0.92Ga0.02,3,0.09
As1Ga1,2,4.5
Er1Pb2,2,7.4
Cu1S1,2,1.52
Cu6La1,2,0.042
Cd99.995Mn0.005,2,0.39
Cu0.7Nb0.3,2,9.39
Cu0.7In0.01Nb0.29,3,9.04
Cu0.7Nb0.29Ta0.01,3,9.25
As1Ga1,2,3.0
Co3Y4,2,2.5
Co7Y9,2,2.7
Ce0.01Y0.99,2,1.6
Bi1In2,2,5.766
Bi3In5,2,4.227
B6Y6,2,7.5
Cr3Ir1,2,0.15
Cr3Rh1,2,0.07
Pd1V3,2,0.08
Zr1,1,0.92
Zr0.8Mo0.2,2,5.18
Zr0.8Mo0.2,2,4.1
Zr0.9Mo0.1,2,4.92
Zr0.9Mo0.1,2,3.68
Zr1,1,3.5
Zr0.87Ge0.13,2,2.94
Zr0.75Pd0.25,2,3.0
Zr0.8Ni0.2,2,3.59
V2Zr1,2,8.0
V2Zr1,2,7.7
Tc0.97Ti0.03,2,10.56
Tc0.875Ti0.125,2,8.7
Tc0.75Ti0.25,2,5.1
Tc0.25Ti0.75,2,2.7
Ti0.85V0.15,2,1.95
Ti0.8V0.2,2,4.1
Ti0.7V0.3,2,6.25
Ti0.6V0.4,2,6.95
Ti0.5V0.5,2,7.1
Ti0.4V0.6,2,7.3
Ti0.2V0.8,2,7.15
Ti0.1V0.9,2,5.75
Si0.108Zr0.892,2,3.54
Si0.132Zr0.868,2,3.21
Ta2Zr1,2,2.3
Ta1V2,2,3.6
Ta1V2,2,2.8
Ta0.455Zr0.545,2,7.7
Ta0.745Zr0.255,2,7.1
Se3Ta1,2,2.1
Re0.8V0.2,2,5.2
Re0.8V0.2,2,7.2
Ru2Zr1,2,1.92
Hf1Os2,2,1.85
Os2Zr1,2,2.9
Pd9Se2,2,0.7
Pd7Se2,2,0.53
Pd34Se11,2,2.66
Pd0.7Se0.3,2,2.04
Pd9Se2,2,0.64
Re2Si1,2,3.8
Se1Y1,2,4.0
Mo0.15Ti0.85,2,4.08
Pd0.15Ti0.85,2,3.82
Rh0.25Zr0.75,2,4.3
Rh0.25Zr0.75,2,3.97
Pd0.15Zr0.85,2,4.8
Mo0.07Zr0.93,2,4.91
Mo0.04Zr0.96,2,4.47
Hf0.906Mo0.094,2,2.71
Hf0.25Zr0.75,2,6.62
Se3Ta1,2,1.9
S2Ta1,2,2.3
Se3Ta1,2,2.3
Hf1Re2,2,5.2
Re2Zr1,2,6.4
Nb1S0.899,2,3.83
Nb1S1.06,2,3.3
S1.005Sc1,2,5.37
Si1V3,2,16.9
Nb0.15Zr0.85,2,6.5
Re0.71V0.29,2,8.4
Ir0.37V0.67,2,1.71
Pt0.25V0.75,2,3.2
Mo0.6Re0.4,2,12.0
Mo0.4Re0.6,2,6.0
Re0.35W0.65,2,6.75
Mo0.18Tc0.82,2,13.7
Pd0.07Ti0.93,2,3.26
Pd0.1Ti0.9,2,3.67
Pd0.14Ti0.86,2,3.74
Pd0.19Ti0.81,2,3.08
Pd0.24Ti0.76,2,2.0
Pd0.26Ti0.74,2,1.66
Pd0.05Ti0.95,2,4.64
Pd0.074Ti0.926,2,4.85
Pd0.1Ti0.9,2,5.0
Pd0.15Ti0.85,2,4.82
Pd0.18Ti0.82,2,4.73
Pd0.2Ti0.8,2,4.71
Hf0.93Mo0.07,2,2.11
Hf0.87Mo0.13,2,2.6
Hf0.8Mo0.2,2,2.89
Si1V3,2,16.84
Si1V3,2,16.98
Nb3Se4,2,1.85
Nb3Si1,2,18.0
Nb3Si1,2,9.0
Nb3Si1,2,18.6
Nb3Si1,2,17.5
Nb3Sn1,2,17.2
Nb1Se2,2,7.11
Nb0.9Pd0.1,2,3.34
Nb0.85Pd0.15,2,2.26
Nb0.83Pd0.17,2,2.2
Nb0.76Pd0.24,2,1.9
Nb0.72Pd0.28,2,1.89
Nb0.65Pd0.35,2,1.84
Mo0.1Nb0.765Pd0.135,3,1.53
Mo0.1Nb0.72Pd0.18,3,1.45
Mo0.15Nb0.68Pd0.17,3,1.22
Mo0.2Nb0.64Pd0.16,3,0.94
Mo0.2Nb0.608Pd0.192,3,1.34
Nb0.72Pd0.18W0.1,3,1.5
H0.64Nb0.85Pd0.15,3,4.3
H0.75Nb0.85Pd0.15,3,4.66
H0.63Nb0.87Pd0.17,3,3.89
H0.12Nb0.8Pd0.2,3,1.52
H0.51Nb0.8Pd0.2,3,3.4
H0.6Nb0.8Pd0.2,3,3.46
H0.69Nb0.8Pd0.2,3,3.56
H0.74Nb0.8Pd0.2,3,4.07
H0.61Nb0.76Pd0.24,3,3.38
H0.34Nb0.72Pd0.28,3,1.64
H0.59Nb0.72Pd0.28,3,3.12
H0.46Nb0.69Pd0.31,3,3.05
H0.54Nb0.65Pd0.35,3,1.67
H0.51Mo0.1Nb0.765Pd0.135,4,5.46
H0.37Mo0.1Nb0.72Pd0.18,4,4.44
H0.46Mo0.1Nb0.72Pd0.18,4,4.82
H0.28Mo0.15Nb0.68Pd0.17,4,4.92
H0.47Nb0.72Pd0.18W0.1,4,3.48
C0.002N0.937Ta1,3,8.91
C0.198N0.747Ta1,3,10.74
C0.148N0.638Ta1,3,12.01
C0.017N0.632Ta1,3,11.84
C0.571N0.271Ta1,3,10.92
C0.97Ta1,2,11.84
Te3Zr1,2,4.0
S1N1,2,0.205
S1N1,2,0.235
V1N1,2,9.25
V1N1,2,8.65
Mo1N1,2,15.1
Mo1N1,2,3.2
Lu3Si5,2,7.0
Li1Ti2O4,3,11.9
Li1.035Ti1.965O4,3,11.75
Li1.07Ti1.93O4,3,11.7
Li1.1Ti1.9O4,3,10.25
Ge2La1,2,2.2
La2Sn5,2,5.4
La1Sn2,2,3.6
La0.92Lu0.08,2,3.72
La0.8Y0.2,2,2.7
La0.84Pr0.16,2,2.2
La0.93Yb0.07,2,3.56
La0.98Nd0.02,2,3.6
Al1La3,2,6.0
Al1Ce0.01La3,3,3.92
Al1Ce0.0165La3,3,1.45
Al1Ce0.017La3,3,0.77
Al1Gd0.001La3,3,5.6
Al1Gd0.003La3,3,4.58
Al1Gd0.0065La3,3,2.79
La1Sn3,2,5.98
La1Sn3,2,6.628
Al2La1,2,3.273
La1Sn3,2,6.43
La0.9837Ce0.0163Sn3,3,4.33
La0.9647Ce0.0333Sn3,3,3.03
La0.9462Ce0.0538Sn3,3,1.86
La0.9709Ce0.0291Sn3,3,3.47
La0.9481Ce0.0519Sn3,3,1.92
Li1Ti2O4,3,12.7
Li1Ti2O4,3,10.7
Li1Ti2O4,3,11.5
Mo0.6Re0.4,2,12.3
N1Nb1,2,16.5
Mo6S8,2,2.0
Mo6Se8,2,6.4
Mo3Os1,2,12.7
Mo0.15Nb0.85,2,5.85
Mo0.8Nb0.2,2,0.095
La7Ni3,2,2.1
La1Os2,2,5.9
La1Os2,2,9.0
La3S4,2,8.05
La3S4,2,8.12
La3Se4,2,7.63
La3Te4,2,4.61
La1Sb2,2,0.4
La1N1,2,1.0
As3La4,2,6.5
La4Sb3,2,0.25
Bi1.5La4Sb1.5,3,0.158
Bi3La4,2,0.155
La3Sb3Y1,3,0.13
Bi2La4Pb1,3,2.3
Bi1.5La4Pb1.5,3,2.4
Bi1La4Pb2,3,2.5
Bi3La5,2,0.64
La2Sb1,2,0.75
Bi1La2,2,0.76
La3Ru1,2,5.55
La5Ru2,2,2.35
La7Ru3,2,1.75
Ga1La3,2,5.8
In1La3,2,9.7
La3Sn1,2,6.2
Al1La3,2,5.8
Ge1La3,2,3.7
La3Ni1,2,6.2
La3Ru1,2,4.2
Co1La3,2,4.0
Gd0.02In1La2.98,3,7.9
Gd0.06In1La2.94,3,4.1
La3Ni1,2,2.2
Co1La3,2,4.4
Hg0.5In0.5,2,3.81
Hg0.333In0.667,2,4.115
Ir0.42Nb0.58,2,4.2
Ir0.4Nb0.55O0.05,3,10.5
Ir0.455Nb0.455O0.09,3,9.2
C0.03Rh0.43Ta0.54,3,10.0
Ir0.42Ta0.58,2,6.6
Ge1P1,2,4.2
Ge1Nb3,2,4.8
Si1V3,2,16.0
Ge1H0.005V3,3,5.8
Ge1Mo3,2,4.25
Ge1Mo3,2,1.45
Ge3Mo5,2,3.3
H0.995Pd1,2,9.275
Ge1V3,2,8.6
Nb3Si1,2,8.6
Ge1V3,2,6.0
Si1V3,2,16.6
Ge2Zr1,2,8.0
Ge2Hf1,2,2.2
Ga6Tb1,2,5.0
Dy1Ga6,2,5.9
Ga26.5V73.5,2,13.6
Ga25V75,2,15.3
Ga20.5V79.5,2,9.7
Ga22.2V77.8,2,12.3
Ga23.6V76.4,2,14.6
Ga24.8V75.2,2,15.1
Ga25.3V74.7,2,14.9
Ga28.1V71.9,2,12.2
Ga29.6V70.4,2,12.1
Ga1V3,2,15.2
Ga41Mo8,2,9.7
Au1Ga40Mo8,3,9.4
Ga0.21V0.79,2,10.0
Ga0.25V0.75,2,14.5
Ga0.31V0.69,2,15.4
Ga0.2V0.8,2,12.5
Ga0.25V0.75,2,12.7
Ga0.3V0.7,2,14.1
Ga6Y1,2,2.0
Cu1S2,2,1.505
Cu1S1Se1,3,1.75
Cu1Se2,2,2.365
Cu1Se1Te1,3,1.8
Ga1Nb3,2,20.5
Ga1V3,2,15.9
Ga1Nb3,2,19.8
N1.07Nb1,2,14.4
N0.78Nb1,2,10.5
N0.89Nb1,2,12.1
N0.93Nb1,2,13.3
C0.28N0.76Nb1,3,16.4
Ga1Nb3,2,8.2
Nb3Os2,2,1.78
Ga4Mo1,2,8.0
Ga4Mn0.006Mo0.994,3,7.14
Ga4Mn0.01Mo0.99,3,4.0
Ga2La1,2,1.15
Eu0.0034La0.9966,2,3.95
Eu0.011La0.989,2,2.16
H0.985Pd1,2,7.39
Lu3Rh4Ge13,3,2.3
Ca3Rh4Ge13,3,2.1
Ca3Ir4Ge13,3,1.7
La3Ru4Ge13,3,3.9
La3Ru1Pd3Ge13,4,4.8
Ca3Co4Ge13,3,5.9
La3Co4Ge13,3,2.8
Yb3Co4Sn13,3,2.5
Ca3Rh4Sn13,3,8.7
Sr3Rh4Sn13,3,4.3
Yb3Rh4Sn13,3,8.6
Ca3Ir4Sn13,3,7.1
Sr3Ir4Sn13,3,5.1
La3Ir4Sn13,3,2.6
La3Rh4Pb13,3,2.2
Sc4Rh6Ge19,3,1.9
Sc4Ir6Ge19,3,1.4
Y4Ru6Sn19,3,1.3
Sc4Os6Sn19,3,1.5
Y4Os6Sn19,3,2.5
Tb4Os6Sn19,3,1.4
Ho4Os6Sn19,3,1.4
Er4Os6Sn19,3,1.25
Tm4Os6Sn19,3,1.1
Lu4Os6Sn19,3,1.8
Y4Ir6Sn19,3,2.2
Ta1Ge2,2,2.3
Re1Ge2,2,2.7
Ag0.7Al0.3,2,0.11
Ag0.667Al0.333,2,0.126
Ag0.65Al0.35,2,0.1
Ag0.625Al0.375,2,0.106
Ag0.6Al0.4,2,0.088
Ag0.885Sb0.115,2,0.019
Ag0.865Sb0.135,2,0.028
Ag0.845Sb0.155,2,0.037
Ag0.845Sn0.155,2,0.025
Ag0.835Sn0.165,2,0.047
Ag0.825Sn0.175,2,0.055
Ag0.82Sn0.18,2,0.066
Ag0.815Sn0.185,2,0.06
Ag0.795Sn0.205,2,0.09
Ag0.775Sn0.225,2,0.09
Cu0.86Ge0.14,2,0.025
Cu0.85Ge0.15,2,0.084
Cu0.84Ge0.16,2,0.117
Cu0.83Ge0.17,2,0.072
Cu0.825Ge0.175,2,0.145
Cu0.82Ge0.18,2,0.13
Cu0.815Ge0.185,2,0.175
Cu0.81Ge0.19,2,0.24
Cu0.86Si0.14,2,0.05
Au0.885Sn0.115,2,0.21
Au0.875Sn0.125,2,0.33
Au0.865Sn0.135,2,0.435
Au0.855Sn0.145,2,0.43
Au0.845Sn0.155,2,0.53
Au0.835Sn0.165,2,0.59
Au0.84In0.16,2,0.035
Au0.8In0.2,2,0.28
Sn1Te1,2,0.207
Sn1Te1,2,0.168
Sn1Te1,2,0.1
Sn1Te1,2,0.065
Sn0.965Te1,2,0.168
Sn0.975Te1,2,0.165
Sn0.966Te1,2,0.167
Sn0.976Te1,2,0.125
Sn0.97Te1,2,0.155
Sn0.98Te1,2,0.092
Sn0.985Te1,2,0.0485
Sn0.985Te1,2,0.0433
Sn0.985Te1,2,0.048
Sn0.99Te1,2,0.0285
Sn0.99Te1,2,0.024
Sn0.995Te1,2,0.0138
Sn0.97As0.005Te0.995,3,0.108
Sn0.97As0.01Te0.99,3,0.073
Sn0.97As0.015Te0.985,3,0.051
Sn0.97As0.017Te0.983,3,0.058
Sn0.97As0.02Te0.98,3,0.0318
Sn0.97As0.022Te0.978,3,0.0332
Sn0.97As0.025Te0.975,3,0.0138
Sn0.97As0.005Te0.995,3,0.068
Sn0.97As0.006Te0.994,3,0.048
Sn0.97As0.007Te0.993,3,0.038
Sn0.97As0.008Te0.992,3,0.022
Sn0.97As0.009Te0.991,3,0.0195
Sn0.97As0.01Te0.99,3,0.023
Zn1,1,0.85
In1,1,4.405
Sn1,1,3.71
Co1Si2,2,1.3
Ge2Rh3,2,2.12
Pd1Sb1,2,1.5
La1,1,6.06
La3In0.7Al0.3,3,9.42
Nb0.75Mo0.25C1,3,12.0
Nb0.5Mo0.5C1,3,13.1
Nb0.25Mo0.75C1,3,13.1
Nb0.05Mo0.95C1,3,13.5
Nb0.9W0.1C1,3,11.6
Nb0.8W0.2C1,3,13.7
Nb0.75W0.25C1,3,13.1
Nb0.7W0.3C1,3,13.2
Nb0.65W0.35C1,3,13.0
Nb0.5W0.5C1,3,12.5
Nb0.2W0.8C1,3,11.0
C1W1,2,9.93
Nb0.8Ta0.2C1,3,10.0
Nb0.4Ta0.6C1,3,9.33
Nb0.2Ta0.8C1,3,9.0
Mo0.9W0.1C1,3,11.7
Mo0.8W0.2C1,3,12.0
Mo0.6W0.4C1,3,11.3
Mo0.4W0.6C1,3,11.3
Mo0.2W0.8C1,3,10.1
Mo0.1W0.9C1,3,9.0
C1Ta1,2,10.0
Ta0.8Mo0.2C1,3,8.5
Ta0.6Mo0.4C1,3,8.67
Ta0.4Mo0.6C1,3,9.18
Ta0.2Mo0.8C1,3,10.5
Ta0.05Mo0.95C1,3,11.8
Ta0.8W0.2C1,3,9.92
Ta0.6W0.4C1,3,10.0
Ta0.4W0.6C1,3,9.41
Ta0.2W0.8C1,3,8.96
Mo0.95V0.05C1,3,13.9
Mo0.95Ti0.05C1,3,13.5
Mo0.95Zr0.05C1,3,13.2
Mo0.95Hf0.05C1,3,12.7
Mo0.9Re0.1C1,3,13.9
Mo0.9Ru0.1C1,3,13.7
Mo0.9V0.1C1,3,13.3
Mo0.9Ti0.1C1,3,13.1
Mo0.9Hf0.1C1,3,11.9
Mo0.9Zr0.1C1,3,11.5
Mo0.84V0.16C1,3,12.9
Mo0.84Ti0.16C1,3,12.8
Mo0.84Hf0.16C1,3,11.5
Mo0.84Zr0.16C1,3,11.0
Mo0.8V0.2C1,3,12.8
Mo0.8Ti0.2C1,3,12.0
Mo0.8Hf0.2C1,3,11.4
Mo0.8Zr0.2C1,3,10.9
Au0.12Zr0.88,2,2.78
Au0.1Zr0.9,2,2.78
Au0.07Zr0.93,2,2.52
Au0.05Zr0.95,2,1.79
Os0.01Zr0.99,2,1.52
Os0.025Zr0.975,2,2.97
Os0.05Zr0.95,2,5.38
Os0.06Zr0.94,2,5.7
Os0.07Zr0.93,2,5.66
Os0.1Zr0.9,2,5.17
Au0.374Te0.626,2,1.3
Au0.35Te0.65,2,1.58
Au0.332Te0.668,2,1.89
Au0.3Te0.7,2,1.99
Au0.28Te0.72,2,1.96
Au0.25Te0.75,2,1.85
Au0.24Te0.76,2,1.72
Au0.22Te0.78,2,1.54
Au0.2Te0.8,2,1.48
Au0.18Te0.82,2,1.56
Au0.16Te0.84,2,1.71
Au0.15Te0.85,2,1.64
Au0.14Te0.86,2,1.7
Bi0.02Sn0.98,2,3.85
Bi0.04Sn0.96,2,3.86
Bi0.045Sn0.955,2,3.88
Bi0.05Sn0.95,2,3.93
Bi0.055Sn0.945,2,3.94
Bi0.06Sn0.94,2,4.1
Bi0.08Sn0.92,2,4.15
Bi0.1Sn0.9,2,4.18
Sb0.02Sn0.98,2,2.64
Sb0.04Sn0.96,2,3.76
Sb0.06Sn0.94,2,3.96
Sb0.08Sn0.92,2,3.89
Ga1,1,7.84
Ga0.8Sb0.2,2,6.18
Ga0.58Sb0.42,2,1.17
Bi1,1,5.7
Bi0.9Sb0.1,2,5.2
Bi0.7Sb0.3,2,4.14
Bi0.5Sb0.5,2,2.94
Pb0.52Tl0.48,2,5.54
Pb0.06Tl0.94,2,2.7
Bi0.6Tl0.4,2,6.0
C0.3Ba2Ca4Cu5.7O11.18,5,117.5
C0.3Ba2Ca4Cu5.7O10.77,5,116.7
C0.3Ba2Ca4Cu5.7O10.69,5,116.3
C0.3Ba2Ca4Cu5.7O10.66,5,115.7
C0.3Ba2Ca4Cu5.7O10.57,5,115.1
C0.3Ba2Ca4Cu5.7O10.45,5,114.3
C0.3Ba2Ca4Cu5.7O10.34,5,113.5
Ba2Ca3Cu4O10.35,4,116.0
C1,1,2.68
Nb0.9Mg0.1B2,3,4.5
Nb0.75Mg0.25B2,3,4.5
Ce1Rh1Si3,3,0.45
Hf1,1,0.128
Ti0.496Zr0.504,2,1.8
Y1Sr2Nb0.9Cu2.1O7.9,5,27.0
Mg0.9Al0.1B2,3,30.5
Mg0.8Al0.2B2,3,23.5
Mg1B1.89C0.11,3,33.0
Mg1B1.87C0.13,3,28.0
Mg1B1.958C0.042,3,37.5
C6Yb1,2,6.52
Nb3Sn1,2,17.93
Sn1,1,3.77
Pr1.87Ce0.13Cu1O4,4,10.8
Pr1.85Ce0.15Cu1O4,4,21.3
Pr1.84Ce0.16Cu1O4,4,16.9
Pr1.83Ce0.17Cu1O4,4,14.0
Pr1.81Ce0.19Cu1O4,4,10.4
Pb1,1,7.186
Pb1,1,7.17
Y1Ba2Cu3O7,4,87.2
Mg0.997Fe0.003B2,3,37.9
Mg0.994Fe0.006B2,3,37.0
Mg0.988Fe0.012B2,3,34.9
Mg0.97Fe0.03B2,3,32.9
La0.8Rh4P12,3,14.9
La0.95Ce0.05Ru4P12,4,6.8
La0.9Ce0.1Ru4P12,4,4.8
Bi2.12Sr1.88Cu1O6,4,6.38
Al1,1,1.16
Al0.99Li0.01,2,1.07
Al0.97Li0.03,2,1.05
Al0.95Li0.05,2,1.13
Al0.9Li0.1,2,1.29
C1,1,3.8
Bi2.05Sr1.95Cu1O6,4,8.94
La1.5Nd0.4Sr0.1Cu1O4,5,11.0
La1.475Nd0.4Sr0.125Cu1O4,5,7.9
La1.45Nd0.4Sr0.15Cu1O4,5,17.8
La1.425Nd0.4Sr0.175Cu1O4,5,25.0
La1.94Sr0.06Cu1O4,4,8.0
La1.91Sr0.09Cu1O4,4,27.5
La1.88Sr0.12Cu1O4,4,30.2
Pr1.85Ce0.15Cu1O4.175,4,16.25
Pr1.85Ce0.15Cu1O4.161,4,18.85
Pr1.85Ce0.15Cu1O4.065,4,16.75
Pr1.85Ce0.15Cu0.995Zn0.005O4.065,5,18.9
Pr1.85Ce0.15Cu0.99Zn0.01O4.065,5,18.41
Pr1.85Ce0.15Cu0.985Zn0.015O4.065,5,18.28
Pr1.85Ce0.15Cu0.98Zn0.02O4.065,5,18.01
Pr1.85Ce0.15Cu0.998Ni0.002O4.065,5,15.89
Pr1.85Ce0.15Cu0.995Ni0.005O4.065,5,11.92
Pr1.85Ce0.15Cu0.993Ni0.007O4.065,5,7.02
Pr1.85Ce0.15Cu0.99Ni0.01O4.065,5,0.93
Tl0.5Ba2Ca2Mg2Cu5.5O14,6,100.0
Tl0.5Ba2Ca2Mg2Cu5.5O14,6,132.6
Ag1Ba2Ca2Cu3O9,5,110.0
Ag1Ba2Ca3Cu4O11,5,117.0
Ag1Ba2Ca4Cu5O13,5,105.0
Ag1Ba2Ca5Cu6O15,5,80.0
Ba2Ca2Cu4O10,4,106.0
Ba2Ca3Cu5O12,4,116.0
Ba2Ca4Cu6O14,4,102.0
Ba2Ca5Cu7O16,4,78.0
Tl1Ba2Ca2Cu3O9,5,131.0
Mo3Sb7,2,2.25
C6Sr1,2,1.65
K1Os2O6,3,9.4
Ba2Ca3Cu4F2O8,5,55.0
Ba2Ca2Cu3F2O6,5,76.0
Y1Ba2Cu3O7,4,92.842
Y1Ba2Cu2.97P0.03O7,5,96.663
Y1Ba2Cu2.94P0.06O7,5,88.259
Y1Ba2Cu2.91P0.09O7,5,80.97
Y1Ba2Cu2.88P0.12O7,5,75.985
Tm1Ba2Cu3O6.95,4,89.93
Tm1Ba2Cu3O6.99,4,89.8
Tm1Ba2Cu3O6.96,4,89.88
Tm1Ba2Cu3O6.91,4,90.36
Tm1Ba2Cu3O6.94,4,89.88
Tm1Ba2Cu3O6.86,4,87.2
Tm1Ba2Cu3O6.87,4,83.6
Tm1Ba2Cu3O6.8,4,79.8
Tm1Ba2Cu3O6.72,4,64.5
C0.5Ba2Ca3Cu4.5O,5,117.0
Tl1C1Sr2Ba2Cu2O10,6,68.2
Y2Pd1Ge3,3,2.82
Y2Pd0.9Pt0.1Ge3,4,2.68
Y2Pd0.8Pt0.2Ge3,4,2.62
Y2Pd0.7Pt0.3Ge3,4,2.52
Y2Pd0.6Pt0.4Ge3,4,2.46
Y2Pd0.5Pt0.5Ge3,4,2.42
Y2Pd0.3Pt0.7Ge3,4,2.26
Y2Pt1Ge3,3,2.14
Nd1.85Ce0.15Cu0.995Mn0.005O4,5,22.1
Nd1.85Ce0.15Cu0.98Mn0.02O4,5,21.1
Nd1.85Ce0.15Cu0.96Mn0.04O4,5,21.0
Nd1.85Ce0.15Cu0.91Mn0.09O4,5,17.9
Ru1Sr2.2Gd1Ce1.8Cu2O,6,20.0
Ru0.9Nb0.1Sr2.2Gd1Ce1.8Cu2O,7,17.0
Ru0.8Nb0.2Sr2.2Gd1Ce1.8Cu2O,7,10.0
Ru0.7Nb0.3Sr2.2Gd1Ce1.8Cu2O,7,5.0
Y2Pd1Ge3,3,3.1
Y2Pd1Ge2.5Si0.5,4,3.3
Y2Pd1Ge2Si1,4,2.24
Bi1.6Pb0.4Sr1.9La0.1Cu1O6,6,43.3
Bi2.1Sr1.9Cu1O6,4,6.8
Bi2.1Sr1.7Ca0.2Cu1O6,5,79.2
Bi2.1Sr1.5Ca0.4Cu1O6,5,83.0
Bi2.1Sr1.3Ca0.6Cu1O6,5,77.8
Bi2.1Sr1.1Ca0.8Cu1O6,5,77.4
Bi2.1Sr0.95Ca0.95Cu1O6,5,74.8
Bi2.1Sr0.9Ca1Cu1O6,5,74.6
Bi2.1Sr0.7Ca1.2Cu1O6,5,75.0
Bi2.1Sr0.5Ca1.4Cu1O6,5,73.9
Na1Al1Si1,3,7.0
Li2Pd3B1,3,7.0
Li2Pt3B1,3,2.6
C3Y2,2,11.6
C3Y2,2,13.9
C3Y2,2,15.2
Ga9Rh2,2,1.9
Ga9Ir2,2,2.2
Ce1Ir1Si3,3,1.4
Pr1Ru4As12,3,2.33
B2Nb1,2,9.5
Sc1,1,8.2
Sr2Y1Ru0.5Cu0.5O6,5,64.0
Al3Mg2,2,0.87
Sr2Ca3Cu4F2O8.6,5,38.0
Sr2Ca3Cu4F2O8.8,5,72.0
Sr2Ca3Cu4F3.8O8,5,95.0
Sr2Ca4Cu5F2O10.57,5,40.0
Ru1Sr2Gd1Cu2O8,5,49.0
Ru0.95Rh0.05Sr2Gd1Cu2O8,6,32.85
Ru0.9Rh0.1Sr2Gd1Cu2O8,6,31.0
Ru0.85Rh0.15Sr2Gd1Cu2O8,6,19.0
La1,1,5.0
Li0.33V2O5,3,8.5
Nb1Se2,2,7.2
Lu2Fe3Si5,3,4.5
Lu2Fe3Si5,3,5.6
Lu2Fe3Si5,3,6.25
Sc2Fe3Si5,3,4.46
Y2Fe3Si5,3,1.68
La1,1,4.9
La1,1,6.0
Tm2Fe3Si5,3,1.1
Tm0.9Lu0.1Fe3Si5,4,1.65
Tm0.8Lu0.2Fe3Si5,4,2.79
La1Pt2B2C1,4,10.0
Lu1Fe3Si5,3,6.0
Sc1Fe3Si5,3,4.3
Y2Fe3Si5,3,2.3
Y1.968Lu0.032Fe3Si5,4,2.9
Y1.68Lu0.32Fe3Si5,4,0.98
Y1.9Dy0.1Fe3Si5,4,2.75
Y1.6Lu0.4Fe3Si5,4,1.65
Pb1,1,7.2
Sr1,1,7.0
La1Mo6S8,3,7.0
Ag1Sn1Se2,3,4.7
Sb1,1,0.7
As1,1,2.0
Lu1,1,1.5
Ce1Pt3Si1,3,0.7
Ce1Pt3Si0.97Ge0.03,4,0.63
Ce1Pt3Si0.94Ge0.06,4,0.56
Ce1Pt3Si0.9Ge0.1,4,0.31
Cu0.055Ti1Se2,3,2.24
Cu0.065Ti1Se2,3,3.4
Cu0.08Ti1Se2,3,4.13
Cu0.1Ti1Se2,3,3.02
Ce1Rh1Si3,3,1.09
Ce1Rh1Si3,3,1.07
Pr1Ru4As12,3,2.3
La1Rh1Si3,3,2.2
La1Ir1Si3,3,2.2
Ca1Si2,2,1.37
Ca1Si1.9,2,1.35
Ca1Si2.2,2,1.37
Si2Sr1,2,3.1
Ba1Ge2,2,4.93
Tc2Y1,2,8.8
Sc1Tc2,2,10.9
Lu1Tc2,2,9.9
Re2Sc1,2,0.93
Lu1Re2,2,1.7
Mo1.965Zr0.035B1C1,4,6.9
Mo1.935Zr0.065B1C1,4,6.2
Mo1.9Nb0.1B1C1,4,6.7
Mo1.85Nb0.15B1C1,4,6.2
Mo1.94Hf0.06B1C1,4,5.8
Mo1.905Hf0.095B1C1,4,5.0
Mo1.86Ta0.14B1C1,4,5.6
Mo1.7Ta0.3B1C1,4,4.6
Mo1.8W0.2B1C1,4,6.82
Mo1.8Rh0.2B1C1,4,9.1
Mo2B1C1,3,7.5
Li0.18Zr1N1Cl1,4,11.6
Mg12Ir19B16,3,5.7
La1Rh1Si1,3,4.35
La1Ir1Si1,3,2.3
Y5Os4Si15,3,10.8
Er5Os4Si15,3,5.5
Tb5Os4Si15,3,3.2
Dy5Os4Si15,3,3.5
Ho5Os4Si15,3,4.5
Tm4Os4Si13,3,2.6
Y4Os4Si13,3,9.8
Li0.3Ti1.1S2,3,13.0
S2Ti1,2,45.0
Rb2.7Tl2.2C60,3,23.2
La1Ir2Si2,3,1.56
Ag1Sn1Se2,3,4.66
Ag0.95Sn1.05Se2,3,5.21
Ag0.85Sn1.15Se2,3,6.12
Ag0.81Sn1.19Se2,3,6.36
Ag0.76Sn1.24Se2,3,6.72
La1Ir2Si2,3,1.58
Na0.3Co0.995Mn0.005H2.6O3.3,5,4.05
Na0.3Co0.985Mn0.015H2.6O3.3,5,3.34
Ca1.89Na0.11Cu1Cl2O2,5,15.14
Ca1.88Na0.12Cu1Cl2O2,5,18.4
Ca1.85Na0.15Cu1Cl2O2,5,23.45
Ca1.82Na0.18Cu1Cl2O2,5,27.11
Ca1.81Na0.19Cu1Cl2O2,5,27.7
Li2Pd3B1,3,6.95
Li2Pd1.5Pt1.5B1,4,3.9
Li2Pt3B1,3,2.56
Ca1Al1Si1,3,6.1
Ca1Al1Si1,3,5.6
Ca1Al1Si1,3,7.1
Ca1Al1Si1,3,7.67
Ca1Al1Si1,3,5.68
Ca1Al1Si1,3,6.5
Zr0.12N1Cl1,3,12.7
La1Pd1Si3,3,2.6
Na0.33H2.86Co1O3.42,4,4.5
C3La2,2,6.5
Bi2Sr1.6La0.4Cu1O6.36,5,31.2
Bi2Sr2Ca1Cu2O8.12,5,81.3
Bi2Sr2Ca2Cu3O10.28,5,108.7
Ti2In1C1,3,3.1
Nb2As1C1,3,2.0
Cu0.06Ti1Se2,3,2.3
Ba1Pt4Ge12,3,5.35
Sr1Pt4Ge12,3,5.1
Cu0.7Ti1Se2,3,3.9
Er1Ni2B2C1,4,10.23
Er1Ni1.98Fe0.02B2C1,5,10.27
Er1Ni1.96Fe0.04B2C1,5,9.5
Er1Ni1.94Fe0.06B2C1,5,8.5
Er1Ni1.92Fe0.08B2C1,5,4.63
Er1Ni1.9Fe0.1B2C1,5,4.31
Tm1Ni2B2C1,4,10.79
Tm1Ni1.96Fe0.04B2C1,5,7.97
Tm1Ni1.92Fe0.08B2C1,5,7.39
Tm1Ni1.9Fe0.1B2C1,5,6.64
Tm1Ni1.88Fe0.12B2C1,5,5.52
Tm1Ni1.84Fe0.16B2C1,5,3.99
Rh17S15,2,5.4
Er1Ni2B2C1,4,9.3
La1Pt4Ge12,3,8.27
Pr1Pt4Ge12,3,7.91
Sr1Pt4Ge12,3,5.4
Ba1Pt4Ge12,3,5.0
Hg0.9Cr0.1Sr2Cu1O4,5,62.3
Hg0.2Cr0.8Sr2Cu1O4,5,53.6
Ru1Sr2Gd1.4Ce0.6Cu2O,6,20.0
Ru0.97Sn0.03Sr2Gd1.4Ce0.6Cu2O,7,35.0
Ru0.95Sn0.05Sr2Gd1.4Ce0.6Cu2O,7,24.0
Nb1Se2,2,6.7
Hg1Ba2Ca4Cu5O,5,107.0
B2Os1,2,2.17
B2Os1,2,2.12
C6Ca1,2,11.6
La1.91Y0.09Cu1O4,4,21.4
La1.67Tb0.33Cu1O4,4,12.0
Hg1Ba2Ca4Cu5O,5,87.0
La1.85Sr0.15Cu1O4,4,44.0
La1.7Sr0.3Cu1O4,4,16.0
B2Ru1,2,1.6
B2Os1,2,2.1
B6La1,2,0.45
B2.5Mo1,2,8.1
B3Ru7,2,3.38
B3Re7,2,3.08
V2Ir1B2,3,1.12
Mo2Ir1B2,3,3.6
Mo1.75Ru1.25B2,3,3.7
W1.75Ru1.25B2,3,3.38
Tl0.5Ba2Ca2Cu1Zn2.5O10,6,120.0
Tl0.5Ba2Ca1.5Mg0.5Cu1Zn2.5O10,7,100.0
Tl0.5Ba2Ca1Mg1Cu1Zn2.5O10,7,112.0
Tl0.5Ba2Ca0.5Mg1.5Cu1Zn2.5O10,7,115.0
Pd2Hf1Al1,3,3.4
Pd2Zr1Al1,3,3.2
Bi1.7Pb0.4Sr2Ca1.1Cu2.1O,6,72.2
Bi1.7Pb0.4Sr2Ca1.1Cu2.1Nd0.1O,7,83.15
Bi1.7Pb0.4Sr2Ca1.1Cu2.1Nd0.2O,7,87.65
Bi1.7Pb0.4Sr2Ca1.1Cu2.1Nd0.3O,7,88.3
Bi1.7Pb0.4Sr2Ca1.1Cu2.1Nd0.4O,7,87.9
Bi1.7Pb0.4Sr2Ca1.1Cu2.1Nd0.5O,7,85.65
Tl1Ba2Ca2Cu3O9,5,111.98
Tl1Ba2Ca1.9Na0.1Cu3O9,6,106.01
Tl1Ba2Ca1.85Na0.15Cu3O9,6,105.51
Tl1Ba2Ca1.8Na0.2Cu3O9,6,103.03
Tl1Ba2Ca1.7Na0.3Cu3O9,6,100.31
Tl1Ba2Ca1.6Na0.4Cu3O9,6,99.3
Pr1Os2.4Ru1.6Sb12,4,1.13
Pr1Os2Ru2Sb12,4,0.81
Pr1Os1.2Ru2.8Sb12,4,0.8
Pr0.8Nd0.2Os4Sb12,4,1.43
Pr0.55Nd0.45Os4Sb12,4,1.01
Ce1Co1In4.75Cd0.25,4,2.13
Ce1Co1In4.5Cd0.5,4,1.35
La1Bi1Pt1,3,0.9
Al2La1,2,3.24
La0.999Gd0.001Al2,3,2.78
La0.998Gd0.002Al2,3,2.39
La0.997Gd0.003Al2,3,1.89
La0.996Gd0.004Al2,3,1.38
La0.995Gd0.005Al2,3,0.932
In1La3,2,9.95
La3Pr0.3In1,3,6.2
La3Pr0.6In1,3,3.2
La3Pr0.75In1,3,1.94
Ce1Ir1In4.875Cd0.125,4,0.194
La0.9985Tb0.0015Al2,3,2.9
La0.996Tb0.004Al2,3,2.4
La0.992Tb0.008Al2,3,1.61
La0.988Tb0.012Al2,3,0.94
Al2La1,2,3.25
La1Al1.995Si0.005,3,2.9
Pd2Yb1Sn1,3,2.36
Au2In1Y1,3,1.74
Au1.8Pd0.2In1Y1,4,2.27
Au1.6Pd0.4In1Y1,4,2.64
Au1.3Pd0.7In1Y1,4,2.68
Au1Pd1In1Y1,4,2.3
Au0.2Pd1.8In1Y1,4,1.24
Pd2In1Y1,3,1.04
Pd2Sn1Y1,3,4.9
Ni2Hf1Al1,3,0.74
Ni2Zr1Al1,3,1.38
Ni2Hf1Ga1,3,1.12
Ni2Nb1Sn1,3,3.4
La0.92Tm0.08Sn3,3,5.17
La0.84Tm0.16Sn3,3,3.33
La0.933Gd0.067Sn3,3,4.64
La0.92Gd0.08Sn3,3,4.28
C3La2,2,11.2
B2.2Nb1,2,3.6
B2.34Nb1,2,9.16
Ca24Al28O66,3,0.195
Ce1Ir0.75Co0.25In5,4,1.52
Ce1Ir0.3Co0.7In5,4,2.0
Li0.9Mg0.1,2,11.0
Ce1Pt3Si1,3,0.745
Ce1Pt2.94Ni0.06Si1,4,0.545
Ce1Pt2.82Ni0.18Si1,4,0.473
Lu4.98Yb0.02Ir4Si10,4,3.0
Lu4.95Yb0.05Ir4Si10,4,2.0
Lu4.93Yb0.07Ir4Si10,4,1.5
Ce1Rh1In5,3,0.11
In3Rh1,2,0.19
Bi1.6Pb0.4Sr2Ca2Cu3O10,6,108.0
Y1Ba1.8Sr0.2Cu3O7,5,90.0
Y1Ba1.5Sr0.5Cu3O7,5,85.5
Tl0.5Ba2Ca3Cu4.5O12,5,108.5
Tl0.5Ba2Ca3Cu4Zn0.5O12,6,110.5
Tl0.5Ba2Ca3Cu3.5Zn1O12,6,112.5
Tl0.5Ba2Ca3Cu3Zn1.5O12,6,113.3
Tl0.5Ba2Ca3Cu2.5Zn2O12,6,115.3
Tl0.5Ba2Ca3Cu2Zn2.5O12,6,119.8
Tl0.5Ba2Ca3Cu1.5Zn3O12,6,121.3
Tl0.5Ba2Ca3Cu1Zn3.5O12,6,122.2
Ag7N1O11,3,1.025
La1.901Ba0.099Cu1O4,4,12.3
La1.87Ba0.13Cu1O4,4,5.94
La1.825Ba0.175Cu1O4,4,25.7
La1.8Ba0.2Cu1O4,4,9.38
La1.89Na0.11Cu1O4,4,16.0
La1.59Na0.41Cu1O4,4,18.0
Sm1La0.82Sr0.18Cu1O4,5,37.0
Sm0.96La0.84Sr0.2Cu1O4,5,35.0
Sm1La0.802Sr0.198Cu1O4,5,17.2
Sm0.716La1.084Sr0.2Cu1O4,5,18.1
Eu1.007La0.793Sr0.2Cu1O4,5,29.2
Gd0.91La0.89Sr0.2Cu1O4,5,13.5
Sm0.9La0.9Sr0.2Cu1O4,5,34.0
Bi0.5La1Y0.5Sr1Cu2O6.04,6,30.0
Bi0.5La1.5Sr1Cu2O6.02,5,28.0
Bi0.3Pb0.2La1.5Sr1Cu2O5.94,6,24.0
Bi0.3Pb0.3La1.2Sr1.2Cu2O5.81,6,55.0
Bi0.2Pb0.4La1.2Sr1.3Cu1.9O5.78,6,75.0
Bi0.2Pb0.3La1.3Sr1.2Cu2O5.78,6,50.0
Bi0.1Pb0.4La1.2Sr1.3Cu2O5.78,6,44.0
Bi0.1Pb0.4La1.3Sr1.2Cu2O5.83,6,25.0
Bi0.1Pb0.4La1.4Sr1.1Cu2O5.84,6,25.0
Ta0.5Nb0.5C1,3,11.1
Li2Pd3B1B1,3,8.19
Li2Pd2.85Ni0.15B1,4,7.58
Li2Pd2.7Ni0.3B1,4,7.0
Li2Pd2.55Ni0.45B1,4,6.58
Li2Pd2.4Ni0.6B1,4,6.5
Mo3Sb7,2,2.2
Lu2Fe3Si5,3,6.2
Er2Fe3Si5,3,0.93
Nd0.4Ce0.83Co1In5,4,0.74
Nd0.4Ce0.85Co1In5,4,1.42
Nd0.4Ce0.6Co1In5,4,1.74
Ce1Pd5Al2,3,0.57
Ce1Pt3Si1,3,0.46
La1Pt3Si1,3,0.6
Zr1Ru1Ge1,3,9.0
La1Rh1Sn1,3,1.85
La1Rh1Sn1,3,1.9
La1Pt1Si1,3,3.3
La1Pt1Ge1,3,3.4
La1Rh1Sn1,3,2.0
Ca1Li2,2,13.0
Rb0.14W1O3,3,5.1
Rb0.16W1O3,3,5.1
Rb0.2W1O3,3,4.7
Mg1B1.924C0.076,3,35.8
Mg1B1.904C0.096,3,35.5
La1Fe1As1F0.11O0.89,5,27.5
La1F0.05Fe1As1O0.95,5,26.0
La1Ni1P1O1,4,3.0
Li1,1,0.0004
Li0.9Mo6O17,3,1.56
Mg1C0.98Ni3,3,6.5
Mg1C0.69Ni3,3,1.8
Mg0.9Zn0.1C0.98Ni3,4,4.5
Mg0.8Zn0.2C1.05Ni3,4,4.0
Mg0.7Zn0.3C0.99Ni3,4,2.5
Tl0.5Ba2Ca2Cu3.5O10,5,95.5
Tl0.5Ba2Ca1.5Mg0.5Cu3.5O10,6,96.5
Tl0.5Ba2Ca1Mg1Cu3.5O10,6,96.5
Tl0.5Ba2Ca0.5Mg1.5Cu3.5O10,6,98.0
B2Nb0.83,2,9.77
B2Nb1,2,5.53
B2Nb1,2,6.13
B2Nb1,2,7.83
La1Ru2P2,3,4.1
La1Ir2Ge2,3,1.5
Ba1Ni2P2,3,3.0
La0.87Sr0.13Fe1As1O1,5,20.3
La1Fe1As1F0.1O0.9,5,25.8
Li0.37Hf1N1Cl1,4,20.0
C1,1,0.9
C1,1,2.0
C1,1,2.9
La1.92Ce0.08Cu1O4,4,29.0
Ce0.9La0.1Rh1In5,4,1.6
Ce1Rh1In4.84Sn0.16,4,1.2
Mo1N1,2,13.5
Mo3Sb7,2,7.5
B2Mg0.98,2,38.4
Mg0.95Li0.05B2,3,38.25
Mg0.9Li0.1B2,3,35.55
Mg0.92Li0.08B2,3,38.0
Mg0.89Li0.11B2,3,35.3
Mg0.94Li0.06B1.96C0.04,4,35.6
Mg0.91Li0.09B1.84C0.16,4,30.15
Mg0.9Li0.1B1.82C0.18,4,28.5
Mg0.89Li0.11B1.88C0.12,4,29.9
La1.45Nd0.4Sr0.15Cu1O4,5,21.8
La1.925Ce0.075Cu1O4,4,25.0
La1.89Ce0.11Cu1O4,4,29.0
La1.865Ce0.135Cu1O4,4,21.2
Be1,1,0.6
Al1,1,1.8
Sr2Ru1O4,3,2.69
Ru1Sr2Eu1Cu2O8,5,32.9
Ru0.9Sn0.1Sr2Eu1Cu2O8,6,28.4
Ru0.8Sn0.2Sr2Eu1Cu2O8,6,30.3
Ru0.7Sn0.3Sr2Eu1Cu2O8,6,29.5
Ru0.6Sn0.4Sr2Eu1Cu2O8,6,24.2
Ru1Sr2Gd1Cu2O8,5,50.7
Ru0.8Sn0.2Sr2Gd1Cu2O8,6,48.1
La1.92Ba0.08Cu1O4,4,29.0
La1.905Ba0.095Cu1O4,4,27.0
Mo3Sb7,2,2.1
Sr0.9La0.1Cu1O2,4,39.9
Sr0.875La0.125Cu1O2,4,36.9
Sr0.85La0.15Cu1O2,4,31.9
Fe1Sr2Y1Cu2O6,5,59.0
Fe1Sr2Y0.75Nd0.25Cu2O6,6,34.0
Fe1Sr2Y0.5Nd0.5Cu2O6,6,23.0
Bi1,1,0.64
Pb0.5B0.5Sr1.5Ba0.5Y0.4Ca0.4Cu2O,8,45.0
Mg0.99Co0.01B2,3,38.7
Mg0.98Co0.02B2,3,37.4
Mg0.97Co0.03B2,3,36.2
Mg0.99Mn0.01B2,3,30.6
Mg0.98Mn0.02B2,3,23.2
Mg0.97Mn0.03B2,3,12.4
La1Rh2Si2,3,3.8
Y1Rh2Si2,3,3.1
La1Ru2Si2,3,3.5
Lu1Ru2Si2,3,2.4
Y1Rh4B4,3,11.34
Nd1Rh4B4,3,5.36
Sm1Rh4B4,3,2.51
Sm1Fe1As1F0.1O0.9,5,4.47
Sm1Fe1As1F0.12O0.88,5,17.3
Sm1Fe1As1F0.14O0.86,5,26.8
Sm1Fe1As1F0.15O0.85,5,42.3
Sm1Fe1As1F0.2O0.8,5,52.4
Sm1Fe1As1F0.1O0.9,5,54.6
Gd1Fe1As1O0.85,4,53.5
Gd1Fe1As1F0.2O0.8,5,48.35
Nd1Fe1As1F0.11O0.89,5,50.1
Nd1Fe1As1F0.08O0.92,5,35.0
Nd1Fe1As1F0.12O0.88,5,48.0
Nd1Fe1As1F0.16O0.84,5,46.0
Sm1Fe1As1O0.85,4,55.0
Nd1Fe1As1O0.85,4,51.0
Pr1Fe1As1O0.85,4,48.2
Ce1Fe1As1O0.85,4,42.6
La1Fe1As1O0.85,4,28.3
Ba0.6K0.4Fe2As2,4,38.0
Ba0.5K0.5Fe2As2O1,5,36.0
Sr0.6K0.4Fe2As2,4,38.0
Sr0.6K0.4Fe2As2,4,20.0
Sm1Fe1As1F0.15O0.85,5,40.0
Ag7H1F2O8,4,1.38
Sm1Fe1As1F0.15O0.85,5,41.7
Nd1Fe1As1F0.18O0.82,5,50.0
La1Fe1As1F0.1O0.9,5,26.0
La0.9Sr0.1Ni1As1O1,5,3.7
La0.8Sr0.2Ni1As1O1,5,3.5
La1Ni1As1O1,4,2.75
Ce1Fe1As1F0.16O0.84,5,41.0
Ce1Fe1As1F0.12O0.88,5,40.0
Ce1Fe1As1F0.11O0.89,5,47.0
La1Fe1As1F0.11O0.89,5,23.0
La1Fe1As1F0.6O0.4,5,40.0
Nd1Fe1As1F0.18O0.82,5,52.0
Gd1Fe1As1F0.17O0.83,5,22.0
La1Fe1As1F0.06O0.94,5,18.0
La1Ni1As1O1,4,2.4
La1Fe1As1F0.05O0.95,5,26.3
Sr1Fe1.8Co0.2As2,4,19.2
Sr1Fe1.75Co0.25As2,4,18.1
Sr1Fe1.6Co0.4As2,4,12.9
Eu1Fe2As2,3,29.5
Tm1Rh4B4,3,9.86
Lu1Rh4B4,3,11.76
Nb1P1S1,3,12.5
Nb1Ru1Si1,3,2.65
Ta1Ru1Si1,3,3.15
Nb1Re1Si1,3,5.1
Ta1Re1Si1,3,4.4
C6I4O2,3,0.8
I4Sn1,2,1.96
Bi1,1,8.3
Bi1,1,3.93
Bi1,1,7.25
Bi1,1,6.55
Y1Ba2Cu3O6.951,4,91.19
Y0.8Pr0.2Ba2Cu3O7,5,74.07
Y0.7Pr0.3Ba2Cu3O7,5,57.97
Y0.6Pr0.4Ba2Cu3O6.929,5,44.8
Y0.55Pr0.45Ba2Cu3O7,5,36.5
Y0.5Pr0.5Ba2Cu3O7,5,23.12
Y0.45Pr0.55Ba2Cu3O6.953,5,14.4
Sm1Fe1As1F0.13O0.87,5,24.7
Sm1Fe1As1F0.3O0.7,5,43.5
La1Fe1As1F0.11O0.89,5,27.9
La1Fe1As1F0.05O0.95,5,23.3
La1Fe1As1F0.11O0.89,5,26.0
Bi2Pd3Se2,3,0.96
Ba1Pt4Ge12,3,5.03
Ba1Pt3.75Au0.25Ge12,4,5.05
Ba1Pt3.5Au0.5Ge12,4,5.19
Ba1Pt3.25Au0.75Ge12,4,6.25
Ba1Pt3Au1Ge12,4,7.0
La1Fe1As1F0.1O0.9,5,23.7
Ba0.55K0.45Fe2As2,4,29.5
Ca1Fe2As2,3,12.0
La1Fe1As1F0.05O0.95,5,20.5
La1Fe1As1F0.11O0.89,5,21.1
C1Si1,2,1.45
Si1,1,0.34
Li1Fe1As1,3,18.0
Pr1Os4Sb12,3,1.87
La1Fe1As1F0.11O0.89,5,25.0
Nd1Fe1As1F0.06O0.94,5,47.5
Sm1Fe1As1O0.85,4,52.0
V1,1,5.16
Ta1,1,4.43
Bi0.1Sn0.9,2,6.5
Bi0.8Sn0.2,2,7.3
Ta1,1,4.31
Tl1,1,2.376
Cd1,1,0.52
Zn1,1,0.867
Ti0.64Ta0.075Nb0.285,3,8.73
Ba0.6K0.4Fe2As2,4,37.0
B2.2Nb1,2,9.01
B2.4Nb1,2,9.96
B2.6Nb1,2,10.9
B2.8Nb1,2,9.96
B3Nb1,2,9.96
La1Fe1As1F0.075O0.925,5,22.0
K1Fe2As2,3,3.8
K0.4Sr0.6Fe2As2,4,36.0
Cs1Fe2As2,3,2.6
Cs0.4Sr0.6Fe2As2,4,36.6
Ba1Fe1.8Co0.2As2,4,22.0
Cu0.03Ta1S2,3,3.79
Cu0.04Ta1S2,3,4.2
Cu0.06Ta1S2,3,4.16
Cu0.08Ta1S2,3,3.45
Cu0.1Ta1S2,3,2.71
Cu0.12Ta1S2,3,1.82
Y1Ba2Cu4O7.986,4,79.2
La1Fe0.95Co0.05As1O1,5,11.0
La1Fe0.89Co0.11As1O1,5,14.0
La1Fe0.85Co0.15As1O1,5,6.0
Cu0.01Ta1S2,3,3.05
Eu0.5K0.5Fe2As2,4,32.0
Sc1,1,19.6
Lu1,1,12.2
La0.85Sr0.15Fe1As1O,5,23.0
Sm1Fe1As1F0.18O0.82,5,45.0
H1Pd1,2,3.5
Hg1Ba2Ca4Cu5O,5,72.0
Hg1Ba2Ca4Cu5O,5,108.0
Tl1Ba2Ca4Cu5O,5,100.0
B0.015C0.985,2,12.0
Ge2Mo1,2,6.11
La1Fe1As1F0.11O0.89,5,28.0
La1Fe0.9875Co0.0125As1F0.11O0.89,6,25.0
La1Fe0.98Co0.02As1F0.11O0.89,6,10.3
La1Fe1P1O1,4,3.3
La1Fe1P1F0.06O0.94,5,5.8
Y3Pt4Ge6,3,2.6
Y1Ba2Cu2.82Zn0.18O7,5,32.0
La1.85Ca0.15Cu1O4,4,20.6
La1.925Ba0.075Cu1O4,4,24.0
La1.91Ba0.09Cu1O4,4,29.3
La1.9Ba0.1Cu1O4,4,29.1
La1.89Ba0.11Cu1O4,4,29.1
La1.875Ba0.125Cu1O4,4,29.0
La1.85Ba0.15Cu1O4,4,29.1
La1.825Ba0.175Cu1O4,4,24.6
La1.8Ba0.2Cu1O4,4,23.4
La1.88Sr0.12Cu1O4,4,29.4
La1.88Sr0.12Cu1O4,4,29.1
La1.86Sr0.14Cu1O4,4,36.9
Nd1.85Ce0.15Cu1O4,4,24.5
La1.875Ca0.125Cu1O4,4,21.7
La1.84Sr0.05Ca0.11Cu1O4,5,33.2
La1.925Ca0.075Cu1O4,4,9.2
La1.912Ca0.0875Cu1O4,4,16.0
La1.9Ca0.1Cu1O4,4,19.5
La1.887Ca0.1125Cu1O4,4,20.1
La1.85Sr0.15Cu0.995Ni0.005O4,5,33.0
La1.85Sr0.15Cu0.985Ni0.015O4,5,25.5
La1.85Sr0.15Cu0.98Ni0.02O4,5,21.5
La1.85Sr0.15Cu0.975Ni0.025O4,5,16.5
La1.85Sr0.15Cu0.97Ni0.03O4,5,13.5
La1.834Sr0.166Cu1O4,4,35.0
La1.834Sr0.166Cu0.99Zn0.01O4,5,26.5
La1.9Ca0.1Cu1O4,4,20.0
La1.92Ca0.08Cu1O4,4,14.0
La1.85Sr0.15Cu98Ni0.02O4,5,21.96
La1.85Sr0.15Cu0.996Zn0.004O4,5,32.7
La1.85Sr0.15Cu0.99Fe0.01O4,5,17.7
La1.85Ca0.15Cu1O4,4,22.1
La1.85Sr0.15Cu0.9975Co0.0025O4,5,34.8
La1.85Sr0.15Cu0.995Co0.005O4,5,33.0
La1.85Sr0.15Cu0.9925Co0.0075O4,5,30.6
La1.85Sr0.15Cu0.99Co0.01O4,5,25.2
La1.85Sr0.15Cu0.9875Co0.0125O4,5,22.9
La1.85Sr0.15Cu0.985Co0.015O4,5,13.5
La1.85Sr0.15Cu0.9825Co0.0175O4,5,13.2
Nd1Fe1As1O0.6,4,53.0
Nd1Fe1As1O0.2,4,54.0
La1Fe1As1O0.6,4,27.0
Pr1Fe1As1O0.6,4,44.0
Ce1Fe1As1F0.12O0.88,5,47.0
Tl0.5Ba2Ca2Cu3O10,5,112.0
Tl0.5Ba2Ca2Cu3Ge0.5O10,6,103.0
Tl0.5Ba2Ca2Cu2.75Ge0.75O10,6,108.0
Tl0.5Ba2Ca2Cu2.5Ge1O10,6,104.0
Bi2Sr2Ca1Cu2O8,5,75.0
Ba0.625K0.375Bi1O3,4,29.4
Ba1Pb0.75Bi0.25O3,4,11.0
Ba0.7K0.6Bi1O3,4,29.35
C60Rb3,2,29.55
Pb0.5B0.5Sr1La1Cu1O,6,30.0
Tl0.25Li0.25Ba2Ca2Cu2Ni1.5O10,7,110.0
Tl0.25Li0.25Ba2Ca1.5Mg0.5Cu2Ni1.5O10,8,107.0
Tl0.25Li0.25Ba2Ca1Mg1Cu2Ni1.5O10,8,105.0
Tl0.25Li0.25Ba2Ca0.5Mg1.5Cu2Ni1.5O10,8,103.0
Tl0.5Ba2Ca2Cu2Ni1.5O10,6,97.0
Tl0.5Ba2Ca1.5Mg0.5Cu2Ni1.5O10,7,99.7
Tl0.5Ba2Ca1Mg1Cu2Ni1.5O10,7,99.8
Tl0.5Ba2Ca0.5Mg1.5Cu2Ni1.5O10,7,100.0
Tl0.5Ba2Ca1.5Be0.5Cu2Ni1.5O10,7,100.0
Tl0.5Ba2Ca1Be1Cu2Ni1.5O10,7,104.0
Tl0.5Ba2Ca0.5Be1.5Cu2Ni1.5O10,7,107.0
Tl0.5Ba2Ca1.5Mg0.5Cu2Ni1.5O10,7,101.0
Tl0.5Ba2Ca1Mg1Cu2Ni1.5O10,7,102.5
Tl0.5Ba2Ca0.5Mg1.5Cu2Ni1.5O10,7,103.5
La1.85Sr0.15Cu1O4,4,34.5
La1Fe1As1F0.1O0.9,5,22.8
Ba0.55K0.45Fe2As2,4,29.4
Ba1Fe2As2,3,29.0
Sr1Fe2As2,3,27.0
B12Lu1,2,0.42
B12Lu1,2,0.44
B12Lu1,2,0.4
B6Y1,2,6.0
Y0.6La0.4B6,3,4.4
Y0.9Fe0.1B6,3,3.3
Y0.95Ce0.05B6,3,1.6
Y0.5La0.5B6,3,1.6
Ga1,1,1.078
Cd1,1,0.518
In1,1,3.405
Al1,1,1.163
Zn1,1,0.825
B12Zr1,2,5.85
Be1,1,0.026
Sr1Fe1.7Co0.3As2,4,13.2
La1Fe1As1F0.1O0.9,5,28.5
Pr0.88La1Ce0.12Cu1O3.908,5,27.0
Pr0.88La1Ce0.12Cu1O3.934,5,24.0
Pr0.88La1Ce0.12Cu1O3.947,5,22.0
C6Yb1,2,6.47
Mo1Sr2Ho1Cu2O8,5,27.0
K0.2Sr0.8Fe2As2,4,13.0
K0.4Sr0.6Fe2As2,4,37.0
K0.7Sr0.3Fe2As2,4,12.2
Nd1Fe1As1F0.3O0.7,5,46.0
Fe1Se0.8,2,10.3
Fe1Se0.779Te0.041,3,8.12
Fe1Se0.656Te0.164,3,10.7
Fe1Se0.574Te0.246,3,10.01
Fe1Se0.492Te0.328,3,12.7
Fe1Se0.41Te0.41,3,13.2
Fe1Se0.328Te0.492,3,13.8
Fe1Se0.246Te0.574,3,13.7
Fe1Se0.164Te0.656,3,13.1
Fe1Se0.082Te0.738,3,10.9
Sr0.6K0.4Fe2As2,4,35.6
Ba0.6K0.4Fe2As2,4,38.1
Pr1Fe1As1O,4,35.0
Fe1.01Se1,2,8.5
Fe1.02Se1,2,6.0
Fe1Se0.72,2,8.0
Ca1Fe2.94Co0.06As2,4,17.0
Sc1Ru4B4,3,7.34
Lu1Rh4B4,3,8.28
Y1Rh4B4,3,10.6
Lu1Rh4B4,3,11.45
Lu1Ru1B2,3,10.6
Y1Ru1B2,3,7.7
Lu1Os3B2,3,4.69
La3Ni4P4O2,4,2.2
Ba1Fe1.91Co0.09As2,4,14.5
Ba1Fe1.878Co0.122As2,4,24.0
Ba1Fe1.782Co0.218As2,4,14.1
Ba0.64K0.36Fe2As2,4,25.6
Nd1Fe1As1F0.2O0.8,5,32.6
La1Fe1P1O1,4,4.8
Ba1Fe1.8Co0.2As2,4,24.0
Lu1Rh4B4,3,11.5
Lu0.5Ho0.5Rh4B4,4,8.43
Fe1Se1,2,9.45
Nb5Si2.8B0.2,3,5.9
Nb5Si2.6B0.4,3,6.4
Nb5Si2.4B0.6,3,7.8
Nb5Si2.2B0.8,3,6.6
Nb5Si2B1,3,6.4
La1Ni1C2,3,2.99
La0.95Y0.05Ni1C2,4,2.79
La0.9Y0.1Ni1C2,4,2.29
La0.85Y0.15Ni1C2,4,2.08
La0.8Y0.2Ni1C2,4,1.26
La0.75Y0.25Ni1C2,4,1.65
Ce1Fe0.9Co0.1As1O1,5,10.0
Ce1Fe0.85Co0.15As1O1,5,5.0
Ba1Rh2P2,3,1.0
Ba1Ir2P2,3,2.1
Ce1Fe1As1F0.1O0.9,5,38.2
Ce1Fe1As1F0.2O0.8,5,40.4
Ti1,1,0.34
Mo0.9Re0.1,2,2.92
Gd1Ba2Cu3O,4,90.52
Gd1Ba2Cu2.985Mn0.015O,5,91.0
Gd1Ba2Cu2.97Mn0.03O,5,86.18
Gd1Ba2Cu2.94Mn0.06O,5,71.08
Y1Ba2Cu3O,4,91.58
Y1Ba2Cu2.985Mn0.015O,5,92.41
Y1Ba2Cu2.97Mn0.03O,5,92.17
Y1Ba2Cu2.94Mn0.06O,5,91.11
Y1Ba2Cu2.985Mn0.015O,5,90.3
Y1Ba2Cu2.97Mn0.0225O,5,89.9
Y1Ba2Cu2.97Mn0.03O,5,90.2
Y1Ba2Cu2.94Mn0.06O,5,86.5
Gd1Ba2Cu3O,4,91.8
Gd1Ba2Cu2.985Mn0.015O,5,91.8
Gd1Ba2Cu2.97Mn0.0225O,5,90.4
Gd1Ba2Cu2.97Mn0.03O,5,89.2
Gd1Ba2Cu2.94Mn0.06O,5,86.3
Ga9Rh2,2,1.95
Ga9Ir2,2,2.25
Zn1N1Ni3,3,3.0
Sr1Fe2As2,3,38.0
La1Fe1As1O0.7,4,28.4
Ce1Fe1As1O0.7,4,40.2
Pr1Fe1As1O0.7,4,48.5
Nd1Fe1As1O0.7,4,53.7
Sm1Fe1As1O0.7,4,52.1
Gd1Fe1As1O0.7,4,53.6
Tb1Fe1As1O0.7,4,52.2
Dy1Fe1As1O0.7,4,51.2
Nb1Sr2Eu1.5Ce0.5Cu2O10,6,30.2
Nb0.6Ru0.4Sr2Eu1.5Ce0.5Cu2O10,7,37.3
Nb0.6Ru0.6Sr2Eu1.5Ce0.5Cu2O10,7,41.4
Ru1Sr2Eu1.5Ce0.5Cu2O10,6,44.3
Ba0.6K0.4Fe2As2,4,32.0
Ba1Fe1.924Co0.076As2,4,6.48
Ba1Fe1.852Co0.148As2,4,22.5
Bi2.2Sr1.8Ca1Cu2O8,5,92.0
Bi2Sr2Ca0.92Y0.08Cu2O8,6,96.0
Bi1.6Pb0.4Sr2Ca1Cu2O8,6,96.0
Bi1.4Pb0.8Sr2Ca1Cu2O8,6,97.5
Bi1.3Pb0.9Sr2Ca1Cu2O8,6,94.0
Bi1.6Pb0.4Sr2Ca0.9Y0.1Cu2O8,7,94.0
Bi1.6Pb0.4Sr2Ca0.95Y0.05Cu2O8,7,96.0
Bi1.4Pb0.7Sr2Ca0.97Y0.03Cu2O8,7,98.0
Li1Fe1As1,3,16.0
Li1Fe1As1,3,12.0
Ba1Fe2As2,3,28.6
Ba1Fe1.92Co0.08As2,4,11.0
Ba1Fe1.924Co0.076As2,4,10.5
Ba1Fe1.906Co0.094As2,4,16.7
Ba1Fe1.884Co0.116As2,4,22.8
Ba1Fe1.8Co0.2As2,4,17.4
Ba1Fe1.772Co0.228As2,4,10.6
Mg10Ir19B16,3,4.45
Pd2Hf1Al1,3,3.8
Pd2Zr1In1,3,3.1
Pd2Hf1In1,3,2.4
Pd2Zr0.9Nb0.1Al1,4,2.1
Pd2Hf0.75Y0.25Al1,4,3.2
La1Fe0.975Co0.025As1O1,5,8.58
La1Fe0.95Co0.05As1O1,5,13.02
La1Fe0.925Co0.075As1O1,5,12.66
La1Fe0.9Co0.1As1O1,5,11.02
La1Fe0.875Co0.125As1O1,5,6.6
Sm1Fe0.95Co0.05As1O1,5,5.13
Sm1Fe0.925Co0.075As1O1,5,15.0
Sm1Fe0.9Co0.1As1O1,5,17.3
Sm1Fe0.875Co0.125As1O1,5,15.8
Sm1Fe0.85Co0.15As1O1,5,11.75
Sm1Fe0.8Co0.2As1O1,5,3.79
Pd2Hf0.5Y0.5Al1,4,2.9
Sn0.979In0.021Te1,3,0.936
Sn0.956In0.044Te1,3,1.017
Sn0.949In0.051Te1,3,1.653
Sn0.901In0.099Te1,3,1.746
Pr1Fe1As1O,4,34.0
Nb2In1C1,3,7.5
H4Si1,2,17.0
La0.85Na0.15Fe1As1F0.15O0.85,6,28.0
La0.8Na0.2Fe1As1F0.2O0.8,6,23.02
Ba0.6K0.4Fe2As2,4,34.6
Ba1Fe1.852Co0.148As2,4,23.0
Ba1Ni2As2,3,1.095
Fe1Te0.67Se0.33,3,14.0
Fe1Te0.5Se0.5,3,14.0
Fe1Se0.88,2,8.0
Sm1Fe1As1F0.07O0.93,5,33.0
Sm1Fe1As1F0.1O0.9,5,41.5
Sm1Fe1As1F0.15O0.85,5,51.5
Pr0.75Sr0.25Fe1As1O1,5,16.3
Ba1Pb0.75Bi0.253,3,12.5
Ba1Pb0.65Hg0.1Bi0.25O3,5,10.0
Ba1Pb0.55Hg0.2Bi0.25O3,5,3.83
Ba1Pb0.45Hg0.3Bi0.25O3,5,4.42
Ba1Pb0.35Hg0.4Bi0.25O3,5,10.7
Ba0.84Rb0.1Sn0.09Fe2As2,5,22.6
Fe1Se0.9S0.1,3,9.94
Fe1Se0.8S0.2,3,9.23
Sr1Ni2P2,3,1.415
Eu1Fe2As1.4P0.6,4,26.0
Ce1Co1In4.9945Cd0.0055,4,2.222
Ce1Co1In4.9835Cd0.0165,4,2.15
Ce1Co1In4.9992Hg0.0008,4,2.254
Ce1Co1In4.9976Hg0.0024,4,2.252
B105,1,1.5
Sm1Fe1As1F0.2O0.8,5,45.0
Li0.5Nb1O2,3,16.4
La1Fe1As1F0.05O0.95,5,25.4
La1Fe1As1F0.07O0.93,5,25.2
La1Fe1As1F0.14O0.86,5,17.8
Ru7B3,2,2.8
Ru7B3,2,3.3
Sr4Sc2Fe2P2O6,5,17.0
Sr4V2Fe2As2O6,5,31.5
Li2Pd2.85Ni0.15B1,4,7.91
Li2Pd2.7Ni0.3B1,4,7.4
Li2Pd2.4Ni0.6B1,4,6.91
Re0.999W0.001,2,1.723
Re0.9993Mo0.0007,2,1.694
Re0.9467Os0.0533,2,1.934
La7Ir3,2,2.33
La1Al2,2,3.23
Ba1Fe1.945Ni0.055As2,4,7.4
Ba1Fe1.904Ni0.096As2,4,20.2
Ba1Fe1.82Ni0.18As2,4,17.4
Ba1Fe1.77Ni0.23As2,4,3.53
Ba1Ni2P2,3,2.51
Fe1.03Te0.7Se0.3,3,12.4
La1Fe1As1F0.05O0.95,5,25.5
La1Fe1As1F0.14O0.86,5,18.0
Ba1Fe2As2,3,35.0
Ba1Fe2As2,3,34.0
Ce1Pt1Si2,3,0.14
La1Fe0.96Ni0.04As1O1,5,6.5
Sr0.8K0.2Fe2As2,4,13.6
Sr0.42K0.58Fe2As2,4,36.0
Sr0.67K0.33Fe2As2,4,21.7
Sr0.9K0.1Fe2As2,4,5.11
Sr0.5K0.5Fe2As2,4,37.7
Ho1Fe1As1O0.85,4,49.1
Y1Fe1As1O0.85,4,45.2
Dy1Fe1As1O0.85,4,51.0
Tb1Fe1As1O0.85,4,46.8
Sm1Fe1As1O0.85,4,53.0
Ca1Fe0.93Co0.07F1,4,9.1
Ca1Fe0.9Co0.1As1F1,5,23.0
Ca1Fe0.85Co0.15As1F1,5,21.2
Ca1Fe0.8Co0.2As1F1,5,16.6
Ca1Fe0.74Co0.26As1F1,5,3.49
Ca1Fe0.9Ni0.1As1F1,5,15.4
Ca1Fe0.85Ni0.15As1F1,5,8.72
Ca1Fe0.8Ni0.2As1F1,5,3.92
Nd1Fe1As1O0.85,4,51.9
Nd1Fe1As1O0.6,4,54.0
La1Fe1As1F0.15O0.85,5,24.3
La0.7Y0.3Fe1As1F0.15O0.85,6,36.2
La0.5Y0.5Fe1As1F0.15O0.85,6,40.2
La0.3Y0.7Fe1As1F0.15O0.85,6,38.0
C1,1,9.4
C1,1,4.75
Ga1P1,2,6.2
As1Ga1,2,6.2
In1N1,2,2.35
In1N1,2,3.0
Si1C1,2,1.4
In2O3,2,3.2
In2O3,2,3.4
Ba0.6K0.4Fe2As2,4,36.5
Ba0.9K0.1Fe2As2,4,5.0
Ba0.8K0.2Fe2As2,4,23.6
Ba0.7K0.3Fe2As2,4,37.5
Tb1Fe1As1F0.1O0.9,5,50.0
La1Fe1P1O1,4,6.6
Pr1Fe1P1O1,4,3.2
Nd1Fe1P1O1,4,3.1
Pr1Fe1P1O1,4,3.6
Na1Fe1As1,3,9.0
Na1Fe1As1,3,6.0
Na0.9Fe1As1,3,7.0
Na0.5Fe1As1,3,12.0
La1.85Sr0.15Cu1O4,4,45.3
La1.85Sr0.15Cu0.996Zn0.004O4,5,39.0
La1.85Sr0.15Cu0.992Zn0.008O4,5,35.7
La1.85Sr0.15Cu0.983Zn0.017O4,5,22.8
Ni1Zr2,2,2.44
Fe0.1Ni0.9Zr2,3,2.65
Fe0.15Ni0.85Zr2,3,2.31
Fe0.2Ni0.8Zr2,3,2.13
Fe0.3Ni0.7Zr2,3,2.02
Fe0.33Ni0.67Zr2,3,2.13
Fe0.36Ni0.64Zr2,3,2.04
Fe0.4Ni0.6Zr2,3,1.78
Fe0.5Ni0.5Zr2,3,1.25
Fe0.6Ni0.4Zr2,3,0.2
Ba1Fe1.84Co0.16As2,4,21.5
Ba1Fe1.77Co0.23As2,4,16.5
Ba1Fe1.84Co0.16As2,4,21.8
Ba0.5K0.5Fe2As2,4,32.0
Ba0.55K0.45Fe2As2,4,32.0
Ba0.6K0.4Fe2As2,4,28.2
Na1Fe1As1,3,15.0
Ge0.92Ga0.08,2,0.45
Eu1,1,2.75
Li0.9Mo6O17,3,10.0
Yb1Al1B4,3,0.08
Sr1Fe2As2,3,30.1
Ce1Co1Ge3,3,0.69
Eu1Fe2As2,3,29.0
Fe1Se0.92,2,7.2
Cs1Os2O6,3,3.25
Rb1Os2O6,3,6.28
C0.9S0.1,2,38.0
C1,1,32.0
C1S1,2,9.0
Li0.8Fe1As1,3,17.6
Li1Fe1As1,3,18.3
Li1.1Fe1As1,3,20.0
La1Fe1As1O1.0,4,10.2
La1Fe1As1F0.05O0.95,5,24.8
La1Fe1As1F0.11O0.89,5,28.5
La1Fe1As1F0.14O0.86,5,19.0
Ba2Ca3Cu4F1.2O8.8,5,102.0
Ba2Ca3Cu4F1.4O8.6,5,91.0
Ba2Ca3Cu4F1.6O8.4,5,77.0
Hg1Ba2Ca5Cu6O,5,106.9
Hg1Ba2Ca6Cu7O,5,104.8
Hg1Ba2Ca7Cu8O,5,105.1
Hg1Ba2Ca8Cu9O,5,105.1
Hg1Ba2Ca9Cu10O,5,105.1
Hg1Ba2Ca10Cu11O,5,105.1
Hg1Ba2Ca11Cu12O,5,105.1
Hg1Ba2Ca12Cu13O,5,104.8
Hg1Ba2Ca13Cu14O,5,105.1
Hg1Ba2Ca14Cu15O,5,105.1
Hg1Ba2Ca15Cu16O,5,105.1
Ba2Ca3Cu4F1O9.0,5,103.0
Ba2Ca3Cu4F1.2O8.8,5,105.0
Ba2Ca3Cu4F1.6O8.4,5,79.0
Ba2Ca3Cu4F1.8O8.2,5,66.0
Ba2Ca3Cu4F2O8,5,56.0
Ba2Ca1Cu2F1.4O4.6,5,106.0
Ba2Ca1Cu2F1.6O4.4,5,108.0
Ba2Ca1Cu2F1.8O4.2,5,87.0
Ba2Ca1Cu2F2O4,5,82.0
Ba2Ca1Cu2F2.2O3.8,5,40.0
Nd1Fe1As1F0.175O0.825,5,53.0
Ce0.62Gd0.38Fe1As1F0.175O0.825,6,44.0
La0.62Dy0.38Fe1As1F0.175O0.825,6,38.0
Sr1Fe2As2,3,26.3
Tm5Rh6Sn18,3,2.25
Fe1Se0.25Te0.75,3,13.2
Fe1Se0.5Te0.5,3,12.3
Fe1Se0.75Te0.25,3,13.3
Fe1Se1,2,9.51
Fe1Se0.9S0.1,3,10.6
Fe1Se0.8S0.2,3,10.8
Fe1Se0.7S0.3,3,5.94
Fe1Se0.6S0.4,3,3.73
Fe1Se0.5S0.5,3,2.75
Fe0.95Co0.05Se1,3,10.0
Fe0.9Co0.1Se1,3,5.0
Fe0.95Ni0.05Se1,3,10.0
Ba1Fe1.886Rh0.114As2,4,24.9
Ba1Fe1.808Rh0.192As2,4,17.8
Ba1Fe1.914Pd0.086As2,4,18.9
Ba1Fe1.958Rh0.042As2,4,5.41
Sr1Fe1.75Rh0.25As2,4,21.9
Sr1Fe1.57Ir0.43As2,4,24.2
Sr1Fe1.85Pd0.15As2,4,8.7
Fe1Se1,2,8.8
Ca1Fe2As2,3,11.6
Ce2Pd1In8,3,0.68
Sm1Fe1As1F0.09O0.91,5,42.0
Sm1Fe1As1F0.2O0.8,5,52.0
La1Fe0.95Ir0.05As1O1,5,7.18
La1Fe0.925Ir0.075As1O1,5,11.85
La1Fe0.9Ir0.1As1O1,5,10.9
La1Fe0.875Ir0.125As1O1,5,4.56
Sr1Fe2As2,3,21.0
Fe1Se0.85,2,8.26
Sr1Fe1.75Co0.25As2,4,13.3
Li0.1Zr1N1Cl1,4,14.0
Li0.28Zr1N1Cl1,4,11.6
Ba1Fe1.906Co0.094As2,4,17.0
Ni0.05Ta1S2,3,3.05
Fe0.05Ta1S2,3,3.0
Ta1Se2,2,0.15
Mg9.3Ir19B16.7,3,5.8
Mg10.5Ir19B17.1,3,4.8
Ba1Pt1Si3,3,2.0
Sr1Al1Si1,3,4.7
Sr1Al1Ge1,3,6.7
Ba1Al1Ge1,3,6.3
Ba1Al1Sn1,3,2.9
Ca1Ga1Si1,3,4.4
Sr1Ga1Si1,3,4.9
Ba1Ga1Si1,3,4.2
Sr1Ga1Ge1,3,2.6
Ba1Ga1Ge1,3,2.4
Sr1Fe2As2,3,23.0
Tb1Fe1As1F0.1O0.9,5,51.0
Dy1Fe1As1F0.1O0.9,5,45.0
Ho1Fe1As1F0.1O0.9,5,36.0
Sm1Fe1As1F0.085O0.915,5,14.0
Sm1Fe1As1F0.2O0.8,5,50.0
Nb6Sn5,2,2.8
Tb1Fe1As1O0.9,4,22.8
Tb1Fe1As1O0.85,4,42.0
Tb1Fe1As1O0.82,4,43.8
Tb1Fe1As1O0.8,4,35.7
Tb1Fe1As1O0.75,4,34.8
Tb1Fe1As1O0.7,4,14.9
Ba1Fe1.924Co0.076As2,4,6.85
Ba1Fe1.906Co0.094As2,4,14.6
Ba1Fe1.884Co0.116As2,4,22.7
Ba1Fe1.844Co0.156As2,4,21.7
Ba1Fe1.8Co0.2As2,4,15.5
Ba1Fe1.772Co0.228As2,4,8.52
Ba1Fe1.952Ni0.048As2,4,2.39
Ba1Fe1.936Ni0.064As2,4,14.6
Ba1Fe1.908Ni0.092As2,4,17.8
Ba1Fe1.892Ni0.108As2,4,13.9
Ba1Fe1.856Ni0.144As2,4,5.1
Ba0.8K0.2Fe2As2,4,25.3
Ba1Fe1.84Co0.16As2,4,22.0
La0.96Sr0.04Fe1As1O1,5,3.65
La0.92Sr0.08Fe1As1O1,5,18.9
La0.9Sr0.1Fe1As1O1,5,24.6
La0.89Sr0.11Fe1As1O1,5,25.5
La0.87Sr0.13Fe1As1O1,5,25.9
La0.85Sr0.15Fe1As1O1,5,25.4
La0.8Sr0.2Fe1As1O1,5,24.9
Pr0.95Sr0.05Fe1As1O1,5,4.86
Pr0.9Sr0.1Fe1As1O1,5,12.8
Pr0.85Sr0.15Fe1As1O1,5,15.5
Pr0.75Sr0.25Fe1As1O1,5,16.2
Sr2Ca12Cu24O41,4,9.25
Lu2Fe3Si5,3,6.15
Lu2Fe3Si5,3,5.85
Lu1.9Y0.1Fe3Si5,4,4.16
Lu1.86Sc0.14Fe3Si5,4,3.51
Lu1.94Dy0.06Fe3Si5,4,4.52
Lu1.9Dy0.1Fe3Si5,4,3.77
Lu1.94Sc0.06Fe3Si5,4,4.83
Lu1.9Sc0.1Fe3Si5,4,4.33
Lu1.86Y0.14Fe3Si5,4,3.51
Sr1Fe1.5Ru0.5As2,4,13.5
Sr1Fe1.3Ru0.7As2,4,13.5
Bi4Rh1,2,3.15
Bi14Rh3,2,2.85
Bi3Rh1,2,3.15
Ca2Pt3Si5,3,1.3
Fe1Se0.88,2,8.69
Fe1Se0.5Te0.5,3,8.47
Sr2Ru1O4,3,0.9
Fe1Se0.5Te0.5,3,13.0
Fe1Se0.38Te0.62,3,13.5
Fe1Se0.25Te0.75,3,12.0
Fe1Se0.13Te0.87,3,6.0
Fe1Se1,2,8.5
Fe1Se0.39Te0.61,3,14.0
Bi1.09Ta1Se3.09,3,1.8
Bi1.09Ta2Se5.09,3,1.8
Bi1.09Ta2S5.09,3,2.65
Pb1.14Nb2Se5.14,3,3.4
Pb1.14Nb3Se7.14,3,4.8
Fe1.06Te0.5Se0.5,3,14.0
Ce1Cu2Si2,3,0.46
Sm1Fe1As1O0.85,4,50.5
Sm1Fe1As1F0.2O0.8,5,42.0
Pr1Fe1As1F0.082O0.918,5,14.6
Pr1Fe1As1F0.154O0.846,5,46.4
Pr1Fe1As1F0.225O0.775,5,50.0
Fe1Se0.25Te0.75,3,13.7
La1.943Sr0.057Cu1O4,4,4.51
La1.943Sr0.076Cu1O4,4,16.5
La1.943Sr0.089Cu1O4,4,24.6
La1.943Sr0.115Cu1O4,4,24.9
La1.943Sr0.13Cu1O4,4,33.3
La1.943Sr0.178Cu1O4,4,34.3
La1.885Sr0.115Cu1O4,4,29.3
La1.8Sr0.2Cu1O4,4,30.6
La1.74Sr0.26Cu1O4,4,6.4
La1.84Sr0.16Cu0.985Zn0.015O4,5,21.8
La1.82Sr0.18Cu0.98Zn0.02O4,5,17.9
La1.78Sr0.22Cu0.98Zn0.02O4,5,9.51
La1.822Sr0.178Cu1O4,4,36.0
La1.798Sr0.202Cu1O4,4,30.5
La1.782Sr0.218Cu1O4,4,25.0
La1.762Sr0.238Cu1O4,4,19.5
Ca1Fe1.94Ni0.06As2,4,15.0
La1Fe1As1F0.1O0.9,5,29.4
La1Fe1As1F0.1O0.9,5,17.0
Fe1Se1,2,7.1
Fe1Se0.8,2,7.0
Ba0.55K0.45Fe2As2,4,29.75
Fe1Se0.82,2,7.83
Fe0.99Ni0.01Se0.82,3,6.65
Fe0.98Ni0.02Se0.82,3,11.3
C6Ca1H,3,10.0
Fe1Te0.6Se0.4,3,14.8
Fe1.18Te0.6Se0.4,3,11.6
C8K1H0.19,3,0.22
Ga1V3H0.37,3,8.1
Ge1V3H0.033,3,5.83
Ba0.75K0.25Fe2As2,4,26.0
Ba0.72K0.28Fe2As2,4,30.0
Fe1.03Se0.25Te0.75,3,12.5
Fe1.03Se0.5Te0.5,3,14.3
Ti1Se2,2,1.8
Fe1Se0.25Te0.75,3,14.0
Bi2Sr1.6La0.4Cu1O6,5,32.83
Bi2Sr1.6Nd0.4Cu1O6,5,30.07
Bi2Sr1.6Eu0.4Cu1O6,5,16.9
Bi2Sr1.6Gd0.4Cu1O6,5,12.27
Fe1.12Se0.03Te0.97,3,6.5
Fe1.13Se0.1Te0.85,3,5.25
Fe1.12Se0.11Te0.83,3,6.05
Fe1.06Se0.14Te0.83,3,7.85
Fe0.98Se0.15Te0.9,3,8.8
Fe1Se0.1Te0.9,3,10.0
Fe1.049Se0.2Te0.8,3,11.0
Fe1.053Se0.3Te0.7,3,12.5
Fe1.013Se0.3Te0.7,3,13.0
Fe1Se0.45Te0.55,3,12.6
K1Os2O6,3,9.65
Sr2V1Fe1As1O3,5,34.45
Sr2Sc1Fe1P1O3,5,12.0
Ce1Co1Ge3,3,0.64
Sm1Fe1As1F0.12O0.88,5,17.1
Sm1Fe1As1F0.14O0.86,5,27.0
Sm1Fe1As1F0.15O0.85,5,41.8
Sm1Fe1As1F0.2O0.8,5,51.8
Sm1Fe1As1F0.1O0.9,5,12.0
Sr0.6La0.4Fe1As1F1,5,27.05
Ca0.4Nd0.6Fe1As1F1,5,54.0
Ca0.4Pr0.6Fe1As1F1,5,50.0
Y1Ba2Cu4O8,4,74.5
Y0.95Sc0.05Ba2Cu4O8,5,79.0
Y0.9Sc0.1Ba2Cu4O8,5,81.0
Y0.8Sc0.2Ba2Cu4O8,5,87.0
Y0.95Ga0.05Ba2Cu4O8,5,75.0
Y0.9Ga0.1Ba2Cu4O8,5,74.0
Y0.8Ga0.2Ba2Cu4O8,5,69.0
Pr1Fe0.925Co0.075As1O1,5,15.0
Gd1Ba1Sr1Cu3O6.9371,5,76.5
Gd0.99Ca0.01Ba1Sr1Cu3O6.9198,6,70.5
Gd0.96Ca0.04Ba1Sr1Cu3O6.9138,6,71.0
Gd0.93Ca0.07Ba1Sr1Cu3O6.8804,6,53.5
Gd0.9Ca0.1Ba1Sr1Cu3O6.8754,6,43.0
Pr1Fe1As1O0.7,4,44.0
Lu1Ba2Cu3O7,4,81.0
Y3Ba5Cu8O18,4,100.1
La1Fe1P1O1,4,7.4
Ba0.6K0.4Fe2As2,4,37.8
Sm1Fe1As1F0.15O0.85,5,41.5
Sm1Fe1As1F0.15O0.85,5,41.0
Ba0.6K0.4Fe2As2,4,37.3
Ba1Fe2As1.6P0.4,4,7.2
Ba1Fe2As1.52P0.48,4,30.1
Ba1Fe2As1.36P0.64,4,29.1
Ba1Fe2As1.28P0.72,4,22.4
Ba1Fe2As1.06P0.94,4,20.8
Ba1Fe2As0.88P1.12,4,13.9
Ba1Fe2As0.74P1.26,4,7.73
Li1Fe1P1,3,6.0
Sr1Fe1.88Ni0.12As2,4,3.74
Sr1Fe1.84Ni0.16As2,4,8.65
Sr1Fe1.8Ni0.2As2,4,7.4
Sr1Fe1.78Ni0.22As2,4,2.34
La1Fe1As0.8P0.2O1,5,7.0
La1Fe1As0.75P0.25O1,5,10.3
La1Fe1As0.7P0.3O1,5,10.8
La1Fe1As0.6P0.4O1,5,5.0
Sr1Fe1.9Ni0.1As2,4,5.5
Sr1Fe1.88Ni0.12As2,4,8.1
Sr1Fe1.85Ni0.15As2,4,8.66
Sr1Fe1.82Ni0.18As2,4,9.6
Sr1Fe1.78Ni0.22As2,4,2.27
Fe1.11Te0.6Se0.4,3,14.0
Ca1Fe1.92Co0.08As2,4,20.4
Ba0.7K0.3Fe2As2,4,36.5
Ba0.5K0.5Fe2As2,4,36.0
Ba0.4K0.6Fe2As2,4,29.7
Ca1Fe1As1F1,4,29.0
Ca1Fe0.9Co0.1As1F1,5,23.8
Ca1Fe0.85Co0.15As1F1,5,20.4
Ca1Fe0.8Co0.2As1F1,5,16.4
La1Fe1As1O1,4,21.0
La1Fe1As1F0.05O0.95,5,24.9
La1Fe1As1F0.08O0.92,5,30.4
La1Fe1As1F0.11O0.89,5,28.6
Ba1Fe1.85Co0.15As2,4,21.4
Sr0.5Sm0.5Fe1As1F1,5,53.5
Cu0.12Bi2Se3,3,3.8
La1.875Ba0.125Cu1O4,4,3.0
Na1Fe0.99Co0.01As1,4,17.9
Na1Fe0.975Co0.025As1,4,21.1
Na1Fe0.95Co0.05As1,4,16.0
Na1Fe0.93Co0.07As1,4,14.0
Na1Fe0.975Ni0.025As1,4,15.4
Nb1Se2,2,7.4
Ga0.05Nb1Se2,3,5.6
Ga0.1Nb1Se2,3,2.7
Nb1S2,2,5.4
Nb1Se2,2,6.9
Nb1Te2,2,0.6
Ta1Se2,2,0.2
Nd1Fe0.9Rh0.1As1O1,5,15.0
Nd1Fe1As1F0.12O0.88,5,52.0
Nb1Te2,2,0.74
Ta1S2,2,2.1
Ta1Se2,2,0.22
Mo1Sr2Y1Cu2O8,5,21.0
Mo1Sr2Y0.8Ca0.2Cu2O8,6,26.0
Ta1S2,2,0.7145
Ni0.02Ta1S2,3,3.325
Ni0.04Ta1S2,3,4.095
Ni0.05Ta1S2,3,2.305
Ni0.06Ta1S2,3,1.9
La0.87Sr0.13Fe1As1O1,5,20.0
La0.77Sm0.1Sr0.13Fe1As1O1,6,18.0
Pr1Fe0.95Co0.05As1O1,5,4.7
Pr1Fe0.9Co0.1As1O1,5,13.8
Pr1Fe0.85Co0.15As1O1,5,5.9
Pr1Fe0.8Co0.2As1O1,5,4.0
Pr1Fe0.7Co0.3As1O1,5,4.0
Fe1Se0.94,2,8.3
Nd1Fe0.95Rh0.05As1O1,5,7.1
Nd1Fe0.9Rh0.1As1O1,5,16.6
Nd1Fe0.85Rh0.15As1O1,5,14.7
Nd1Fe0.8Rh0.2As1O1,5,10.0
Ba1Fe1.904Co0.096As2,4,17.1
Ba1Fe1.852Co0.148As2,4,22.2
Ba1Fe1.784Co0.216As2,4,14.6
Ba1Fe1.772Co0.228As2,4,10.1
Ce2Pd1In8,3,0.7
Ba1Fe2As1.34P0.66,4,30.0
Ba1Fe1.8Co0.2As2,4,20.0
Fe1.08Te1O,3,10.0
Fe1Te0.9S0.1,3,10.0
Fe1Te0.8S0.2,3,8.6
Ba4C60,2,6.8
Sm1Fe1As1O0.67,4,55.0
Fe1.035Te0.78Se0.22,3,6.0
Fe1.013Te0.68Se0.32,3,11.0
Tl0.25Li0.25Ba2Ca1Mg1Cu3.45Co0.05O10,8,112.0
Tl0.25Li0.25Ba2Ca1Be1Cu3.45Co0.05O10,8,105.0
Tl0.5Ba2Ca2Cu3.45Co0.05O10,6,104.0
Tl0.5Ba2Ca1Mg1Cu3.45Co0.05O10,7,96.0
Tl0.5Ba2Ca1Be1Cu3.45Co0.05O10,7,90.0
Ce1Pd5Al2,3,0.9
La1Ru2Zn20,3,0.2
La1Ir2Zn20,3,0.6
Pr1Ir2Zn20,3,0.05
La1Fe0.95Rh0.05As1O1,5,12.0
La1Fe0.9Rh0.1As1O1,5,14.0
La1Fe0.85Rh0.15As1O1,5,14.0
Li0.16Zr1N1Cl1,4,12.6
Na0.28Hf1N1Cl1,4,22.8
Sr2Ca12Cu24O41,4,9.1
Y1Ba2Cu4O8,4,79.8
Y1Ba2Cu3.96Co0.04O8,5,57.9
Y1Ba2Cu3.92Co0.08O8,5,36.2
Y1Ba2Cu3.88Co0.12O8,5,16.9
Y1Ba2Cu3.96Ni0.04O8,5,62.4
Y1Ba2Cu3.92Ni0.08O8,5,44.6
Y1Ba2Cu3.88Ni0.12O8,5,28.5
Pd0.11Ti1Se2,3,1.82
Pd0.12Ti1Se2,3,1.93
Ba1Fe1.73Co0.27As2,4,8.1
Ba1Fe1.9Pt0.1As2,4,25.2
Ba1Fe1.85Pt0.15As2,4,23.4
Ba1Fe1.75Pt0.25As2,4,21.1
Fe1.04Te0.95Se0.05,3,11.0
Fe1Te0.925Se0.075,3,11.5
Fe1.03Te0.9Se0.1,3,11.9
Fe1.02Te0.85Se0.15,3,12.7
Fe1.02Te0.8Se0.2,3,13.6
Fe1Te0.5Se0.5,3,15.0
Pb0.99Tl0.01Te1,3,1.3
Pb0.985Tl0.01In0.005Te1,4,0.954
Pb0.982Tl0.01In0.008Te1,4,0.818
Ce1Ir1Ge3,3,1.61
La1Ni1As1O1,4,2.98
La1Ni1As1F0.06O0.94,5,3.64
La1Ni1As1F0.1O0.9,5,4.0
La1Ni1As1F0.12O0.88,5,3.59
Fe1Se0.88,2,9.84
Fe0.99Cu0.01Se0.88,3,5.64
Fe0.98Cu0.02Se0.88,3,4.0
Ca5P2O10,3,50.0
Fe1Se0.85,2,10.6
Cu0.01Fe0.99Se0.85,3,8.6
Cu0.02Fe0.98Se0.85,3,4.1
Mn0.1Fe0.9Se0.85,3,11.0
Mn0.2Fe0.8Se0.85,3,11.1
Mn0.3Fe0.7Se0.85,3,9.7
Fe1Se0.85,2,10.0
Al0.1Fe0.9Se0.85,3,8.5
Al0.25Fe0.75Se0.85,3,8.5
Ga0.1Fe0.9Se0.85,3,6.8
Ga0.25Fe0.75Se0.85,3,6.8
Sm0.1Fe0.9Se0.85,3,10.6
Sm0.25Fe0.75Se0.85,3,9.2
Pr0.8Sr0.2Fe1As1O1,5,15.8
Ba0.1Fe0.9Se0.85,3,10.6
Fe1Se0.5Te0.5,3,13.8
Pb0.99Tl0.01Te1,3,1.14
Pb0.9875Tl0.0125Te1,3,1.35
Pb0.985Tl0.015Te1,3,1.4
Eu1Fe1.78Co0.22As2,4,21.0
Pb0.99Tl0.005Na0.005Te1,4,1.61
Pb0.985Tl0.005Na0.01Te1,4,1.38
Pb0.987Tl0.0125Na0.005Te1,4,1.87
Pb0.975Tl0.0125Na0.0125Te1,4,1.71
La1Fe1As1F0.1O0.9,5,28.0
La0.9Y0.1Fe1As1F0.1O0.9,6,7.0
La0.8Y0.2Fe1As1F0.1O0.9,6,32.0
La0.7Y0.3Fe1As1F0.1O0.9,6,34.8
La0.5Y0.5Fe1As1F0.1O0.9,6,31.4
Ce1Pt3Si0.94Ge0.06,4,0.4505
Ce1Pt3Si1,3,0.748
Ce1Pt2In7,3,2.1
Ba0.5K0.5Fe2As2,4,35.0
Ba0.5K0.5Fe1.96Mn0.04As2,5,28.4
Ba0.5K0.5Fe1.92Mn0.08As2,5,15.0
Ba0.5K0.5Fe1.92Zn0.08As2,5,34.3
Ba0.5K0.5Fe1.88Zn0.12As2,5,33.5
Ba0.5K0.5Fe1.84Zn0.16As2,5,34.2
Ba0.5K0.5Fe1.8Zn0.2As2,5,34.3
Sr2Ru1O4,3,3.2
Ba0.77K0.23Fe2As2,4,24.0
Ba0.75K0.25Fe2As2,4,28.3
Ba0.72K0.28Fe2As2,4,36.7
Y0.8Pr0.2Ni2B2C1,5,8.62
Y0.9Pr0.1Ni2B2C1,5,11.2
Y0.95Pr0.05Ni2B2C1,5,14.1
La0.9Y0.1Fe1As1O0.6,5,25.6
La0.8Y0.2Fe1As1O0.6,5,32.5
La0.7Y0.3Fe1As1O0.6,5,35.6
La0.6Y0.4Fe1As1O0.6,5,38.8
La0.5Y0.5Fe1As1O0.6,5,39.3
La1Fe1As1O0.6,4,21.8
Sr1Ni2As2,3,0.66
Nd1Fe1As1F0.18O0.82,5,47.0
La1Fe1P1O1,4,5.5
La1Fe1P1F0.06O0.94,5,7.1
La0.9Ca0.1Fe1P1O1,5,5.67
Sm1Fe1P1O1,4,2.5
Ni2Zr1Ga1,3,2.87
Ni2Zr0.85Nb0.15Ga1,4,2.4
Ni2Zr0.7Nb0.3Ga1,4,2.3
Ni2Zr0.5Nb0.5Ga1,4,2.0
Ni2Nb1Al1,3,2.15
Ni2Nb1Ga1,3,1.54
Ni2Nb1Sn1,3,2.9
Mo7Re13B1,3,8.3
Mo7Re13C1,3,8.1
Tl2Ba2Cu1O6,4,80.0
Tl2Ba2Cu1O6,4,62.0
Tl2Ba2Cu1O6,4,52.0
Lu1Ru1B2,3,10.2
Y1Ru1B2,3,7.6
Lu1Ru1B2,3,10.58
Lu0.85Er0.15Ru1B2,4,8.86
Lu0.65Er0.35Ru1B2,4,6.94
Lu0.6Er0.4Ru1B2,4,6.295
Lu0.55Er0.45Ru1B2,4,5.26
Lu1Ru1B2,3,8.9
Lu0.8Tm0.2Ru1B2,4,7.28
Lu0.6Tm0.4Ru1B2,4,4.31
Lu0.55Tm0.45Ru1B2,4,2.94
Lu0.9Gd0.1Ru1B2,4,6.4
Lu0.9Tb0.1Ru1B2,4,4.76
Lu0.9Dy0.1Ru1B2,4,7.34
Lu0.9Ho0.1Ru1B2,4,7.53
Lu0.9Er0.1Ru1B2,4,8.77
Lu0.9Tm0.1Ru1B2,4,8.72
Lu0.8Gd0.2Ru1B2,4,4.84
Lu0.8Dy0.2Ru1B2,4,5.07
Lu0.8Ho0.2Ru1B2,4,6.46
Lu0.8Er0.2Ru1B2,4,7.85
Lu0.8Tm0.2Ru1B2,4,7.31
Y0.99Gd0.01Rh4B4,4,10.1
Y0.9Gd0.1Rh4B4,4,8.66
Er1Rh4B4,3,8.66
Er0.98Gd0.02Rh4B4,4,8.22
Er0.97Gd0.03Rh4B4,4,8.06
Er0.95Gd0.05Rh4B4,4,7.61
Er0.91Gd0.09Rh4B4,4,6.87
Er0.8Gd0.2Rh4B4,4,4.41
Er0.76Gd0.24Rh4B4,4,4.18
Er0.9Gd0.1Rh4B4,4,6.88
Er0.72Gd0.28Rh4B4,4,2.5
Er0.97Tm0.15Rh4B4,4,8.86
Er0.97Tm0.3Rh4B4,4,9.03
Tm1Rh4B4,3,9.6
Y0.7Gd0.3Rh4B4,4,3.54
Y0.83Er0.17Rh4B4,4,10.4
Y0.71Er0.29Rh4B4,4,10.0
Y0.56Er0.44Rh4B4,4,9.64
Y0.47Er0.53Rh4B4,4,9.5
Y0.28Er0.72Rh4B4,4,9.05
Y0.12Er0.88Rh4B4,4,8.74
Er1Rh4B4,3,8.76
Er0.73Ho0.27Rh4B4,4,8.06
Er0.187Ho0.813Rh4B4,4,6.43
Er0.11Ho0.89Rh4B4,4,5.96
Dy1Rh3.2Ir0.8B4,4,1.78
Dy1Rh2.8Ir1.2B4,4,2.82
Dy1Rh2.4Ir1.6B4,4,3.83
Dy1Rh2Ir2B4,4,4.53
Dy1Rh1.6Ir2.4B4,4,4.3
Dy1Rh1.2Ir2.8B4,4,1.63
Dy1Rh0.8Ir3.2B4,4,1.17
Dy1Rh0.56Ir3.44B4,4,1.29
Er1Rh3.6Ir0.4B4,4,7.95
Er1Rh2.4Ir1.6B4,4,7.56
Er1Rh2Ir2B4,4,6.76
Er1Rh1.6Ir2.4B4,4,2.11
Ho1Rh3.6Ir0.4B4,4,5.09
Ho1Rh2Ir2B4,4,6.35
Ho1Rh1.6Ir2.4B4,4,2.2
Ho1Rh0.8Ir3.2B4,4,1.26
Er0.79Ho0.21Rh4B4,4,8.22
Er0.46Ho0.54Rh4B4,4,7.32
Er0.134Ho0.866Rh4B4,4,6.15
Er0.11Ho0.89Rh4B4,4,5.98
Ba1Fe1.25Ru0.75As2,4,21.0
Ba1Fe1.125Ru0.875As2,4,22.5
Ba1Fe0.875Ru1.125As2,4,21.3
Ba1Fe2As1.6P0.4,4,13.475
Ba1Fe2As1.34P0.66,4,30.5
Ba1Fe2As1.18P0.82,4,25.3
Ba1Fe2As0.72P1.28,4,8.545
Ba1Fe1.925Ni0.075As2,4,12.2
Ba1Fe1.85Ni0.15As2,4,13.8
Bi1.98Sr2.06Y0.68Cu2O8,5,8.0
Er1Ir4B4,3,2.34
Tm1Ir4B4,3,1.75
Ho1.1Ir4B3.6,3,2.12
Sm1Fe1As1F0.15O0.85,5,51.1
Sm1Fe0.95Ru0.05As1F0.15O0.85,6,42.7
Sm1Fe0.9Ru0.1As1F0.15O0.85,6,21.7
Sm1Fe0.8Ru0.2As1F0.15O0.85,6,18.5
Sm1Fe0.7Ru0.3As1F0.15O0.85,6,13.9
Sm1Fe0.64Ru0.36As1F0.15O0.85,6,15.9
Mg1.995Mn0.005B2,3,37.7
Mg1.99Mn0.01B2,3,37.6
Mg1.985Mn0.015B2,3,37.4
Mg1.98Mn0.02B2,3,36.9
Fe1.14Te0.91S0.09,3,8.5
Fe1Se0.99,2,6.99
Fe1Te0.8S0.2,3,4.5
Fe1Te0.8S0.2,3,8.465
Dy1Ni2B2C1,4,6.38
Dy0.9Tm0.1Ni2B2C1,5,4.55
Dy0.85Tm0.15Ni2B2C1,5,2.3
Dy0.8Tm0.2Ni2B2C1,5,3.42
Dy0.6Tm0.4Ni2B2C1,5,5.77
Dy0.4Tm0.6Ni2B2C1,5,9.0
Dy0.2Tm0.8Ni2B2C1,5,9.75
Tm1Ni2B2C1,4,10.92
Cu0.044Ti1Se2,3,1.5
Cu0.057Ti1Se2,3,3.49
Cu0.064Ti1Se2,3,3.62
Cu0.081Ti1Se2,3,4.17
Li1Fe1As1,3,17.0
Ba0.68K0.32Fe2As2,4,38.5
Nb1Te2,2,0.5
Zr1,1,0.55
Hf2Rh1,2,1.54
Hf2Rh1,2,1.6
Rh1,1,0.325
Nb3S4,2,3.78
Nb3Se4,2,2.31
Nb3Te4,2,1.95
Rh1Zr2,2,11.3
Ir1Zr2,2,7.5
Ba1Fe2As2,3,13.0
Fe1Se0.5Te0.5,3,14.6
Ba0.6K0.4Fe2As2,4,35.0
Ba0.5K0.5Fe2As2,4,36.9
Ba0.4K0.6Fe2As2,4,35.2
Ba0.2K0.8Fe2As2,4,13.9
Ba1Fe1.8Co0.2As2,4,25.4
Ba1Fe1.75Co0.25As2,4,22.0
Ba1Fe1.73Co0.27As2,4,17.1
Ca1Fe1.898Co0.102As2,4,18.5
Ca1Fe1.888Co0.112As2,4,19.0
Ca1Fe1.87Co0.13As2,4,17.2
Ca1Fe1.854Co0.146As2,4,16.8
Pb1.16Ti2Se5.16,3,2.3
Pb1.12Nb2Se5.12,3,2.9
Bi1.1Nb1Se3.1,3,2.36
Bi1.1Nb1S3.1,3,0.415
La1.14Nb1Se3.14,3,1.32
La1.14Nb2Se5.14,3,5.3
C60Cs3,2,34.9
C60Cs3,2,35.7
Ba1Fe1.678Ru0.322As2,4,9.31
Ba1Fe1.58Ru0.42As2,4,14.125
Ba1Fe1.52Ru0.48As2,4,15.55
Ba1Fe1.42Ru0.58As2,4,15.6
Ba1Fe1.28Ru0.72As2,4,8.95
Nd1.85Ce0.15Cu1O4,4,26.2
Rh16Ir1S15,3,4.08
Rh15Ir2S15,3,3.5
C1,1,8.3
C1,1,4.0
C1,1,3.5
Al2C1Mo3,3,9.0
Al2C1Mo3,3,9.1
Ba1Fe1.924Co0.076As2,4,7.4
Ba1Fe1.924Co0.076As2,4,11.6
Ba1Fe1.916Co0.084As2,4,15.5
Ba1Fe1.906Co0.094As2,4,18.5
Ba1Fe1.906Co0.094As2,4,18.3
Ba1Fe1.892Co0.108As2,4,20.5
Ba1Fe1.884Co0.116As2,4,23.3
Ba1Fe1.874Co0.126As2,4,23.4
Ba1Fe1.874Co0.126As2,4,23.5
Ba1Fe1.852Co0.148As2,4,22.8
Ba1Fe1.824Co0.176As2,4,21.1
Ba1Fe1.824Co0.176As2,4,21.0
Ba1Fe1.8Co0.2As2,4,17.2
La1Fe1As1O0.85,4,24.0
La1Fe0.995Zn0.005As1O0.85,5,14.1
La1Fe0.99Zn0.01As1O0.85,5,10.04
La1Fe0.985Zn0.015As1O0.85,5,6.01
La1Fe0.98Zn0.02As1O0.85,5,4.32
Ba1Fe1.3Ru0.7As2,4,19.5
Ba1Fe1.64Ru0.36As2,4,8.43
Ba1Fe1.48Ru0.52As2,4,18.9
Ba1Fe1.3Ru0.7As2,4,19.6
Ba1Fe1.24Ru0.76As2,4,7.1
Li0.13Zr1N1Cl1,4,12.2
Li0.05Zr1N1Cl1,4,15.0
Ba1Fe1.952Ni0.048As2,4,3.9
Ba1Fe1.936Ni0.064As2,4,15.1
Ba1Fe1.908Ni0.092As2,4,18.4
Ba1Fe1.892Ni0.108As2,4,14.4
Ba1Fe1.856Ni0.144As2,4,6.0
Ba1Fe1.856Cu0.088As2,4,2.15
Ba1Fe1.936Co0.044Cu0.02As2,5,2.35
Ba1Fe1.918Co0.044Cu0.038As2,5,8.7
Ba1Fe1.906Co0.042Cu0.052As2,5,11.6
Ba1Fe1.894Co0.042Cu0.064As2,5,9.6
Ba1Fe1.872Co0.042Cu0.086As2,5,4.3
Ba1Fe1.906Co0.094As2,4,17.15
Ba1Fe1.889Co0.102Cu0.009As2,5,20.95
Ba1Fe1.868Co0.094Cu0.038As2,5,15.55
Ba1Fe1.838Co0.094Cu0.068As2,5,5.3
Mg10Ir19B16,3,3.8
Mg10Ir19B16,3,3.7
B0.057Si0.943,2,0.34
B0.039C0.961Si1,3,1.4
B0.978C0.022Si1,3,1.35
Sm1Ba2Cu3O7,4,42.8
Sm1Ba2Cu3O7,4,51.5
Sm1Ba2Cu3O7,4,56.5
Sm1Ba2Cu3O7,4,63.6
B0.048C0.952,2,6.6
B1I3,2,1.86
Mg12Ir19B16,3,2.5
Mg12Ir19B16,3,4.7
Ba1Fe2As1.3P0.7,4,30.5
Tl0.5Ba2Ca2Cu3.5O10,5,104.0
Tl0.5Ba2Ca2Cu3Cd0.5O10,6,93.0
Tl0.5Ba2Ca2Cu2.5Cd1O10,6,94.5
Tl0.5Ba2Ca2Cu2Cd1.5O10,6,92.0
Sm1Fe0.94Ir0.06As1O1,5,18.0
Sm1Fe0.89Ir0.11As1O1,5,18.3
Sm1Fe0.84Ir0.16As1O1,5,17.3
Mo0.25Sr2Y1Cu2.75O7,5,87.0
Mo0.25Sr2Ce1Y1Cu2.75O9,6,56.0
Mo0.25Sr2Ce2Y1Cu2.75O11,6,54.5
Mo0.25Sr2Ce3Y1Cu2.75O13,6,56.0
Ce1Co1In4.92Sn0.08,4,1.22
Ce1Co1In4.9Sn0.1,4,1.02
Ce1Co1In4.88Sn0.12,4,0.81
Ce1Co1In4.86Sn0.14,4,0.556
Fe1.12Se0.3Te0.7,3,13.7
Fe1.04Se0.33Te0.67,3,14.1
Fe1.05Se0.15Te0.85,3,14.1
Mg0.99Fe0.01B2,3,38.2
Mg0.99Fe0.01B2,3,31.2
Mg0.95Fe0.05B2,3,29.5
Tl0.25Li0.25Ba2Ca2Cu3.5O7.955,6,117.0
Tl0.25Li0.25Ba2Ca2Cu3Si0.5O7.835,7,111.0
Tl0.25Li0.25Ba2Ca2Cu2.5Si1O7.853,7,113.0
Tl0.25Li0.25Ba2Ca2Cu2.25Si1.25O7.719,7,99.0
Ti2In1N1,3,7.3
Ba0.6K0.4Fe2As2,4,37.76
Sm1Fe1As1O,4,53.8
Sm1Fe1As1F0.05O0.95,5,39.0
Sm1Fe1As1F0.1O0.9,5,47.0
Sm1Fe1As1F0.2O0.8,5,49.0
Sm1Fe1As1F0.3O0.7,5,53.56
Sm1Fe1As1F0.6O0.6,5,55.0
La1Ni1As1F0.1O0.9,5,3.8
Gd1Fe0.8Ir0.2As1O1,5,17.6
Gd1Fe0.7Ir0.3As1O1,5,11.6
C6Ca1,2,11.48
Sn1O1,2,1.4
Y1Rh2Sn1,3,4.1
Lu1Rh2Sn1,3,2.9
Sc1Rh2Sn1,3,2.0
Sr2V1Fe1As1O3,5,33.0
Ba1Fe2As2,3,22.0
C1,1,5.4
Sr1Fe1.84Pt0.16As2,4,16.0
Rb1Fe2As2,3,2.52
Ba0.7K0.3Fe1.66Co0.34As2,5,12.0
Ba0.7K0.3Fe1.72Co0.28As2,5,12.0
Ba0.95K0.05Fe1.782Co0.212As2,5,16.0
Ba0.86K0.14Fe1.68Co0.32As2,5,11.0
Ba0.82K0.18Fe1.654Co0.346As2,5,11.0
Ba0.805K0.195Fe1.738Co0.262As2,5,14.0
Ba0.694K0.306Fe1.826Co0.174As2,5,18.0
Ba0.66K0.34Fe1.8Co0.2As2,5,19.0
Ba0.68K0.32Fe1.954Co0.046As2,5,35.0
Ba0.511K0.489Fe1.772Co0.228As2,5,22.0
Ba0.49K0.51Fe1.79Co0.21As2,5,15.0
Ni0.02Ta1Se2,3,2.5
Nd1.4Cu1O4,3,27.85
Nd1.7Cu1O4,3,30.7
Nd1.8Cu1O4,3,31.3
Nd2Cu1O4,3,32.0
Nd2.1Cu1O4,3,30.35
La1.9Sm0.1Cu1O4,4,25.0
La1.7Sm0.3Cu1O4,4,25.0
Ba2Cu1O4,3,53.5
Ba2Cu1O4,3,42.5
La1.83Sr0.17Cu0.94Fe0.06O4,5,26.5
La1.81Sr0.19Cu0.94Fe0.06O4,5,28.6
La1.79Sr0.21Cu0.94Fe0.06O4,5,2.8
La1.77Sr0.23Cu0.94Fe0.06O4,5,30.5
La1.75Sr0.25Cu0.94Fe0.06O4,5,30.5
La1.73Sr0.27Cu0.94Fe0.06O4,5,32.5
La1.71Sr0.29Cu0.94Fe0.06O4,5,32.5
La1.69Sr0.31Cu0.94Fe0.06O4,5,28.4
La1.81Sr0.19Cu0.94Co0.06O4,5,31.8
La1.79Sr0.21Cu0.94Co0.06O4,5,31.8
La1.77Sr0.23Cu0.94Co0.06O4,5,32.5
La1.75Sr0.25Cu0.94Co0.06O4,5,36.4
La1.73Sr0.27Cu0.94Co0.06O4,5,34.0
La1.71Sr0.29Cu0.94Co0.06O4,5,33.0
La1.69Sr0.31Cu0.94Co0.06O4,5,31.0
La1.67Sr0.33Cu0.94Co0.06O4,5,29.0
La1.81Sr0.19Cu0.94Ni0.06O4,5,26.4
La1.79Sr0.21Cu0.94Ni0.06O4,5,28.3
La1.77Sr0.23Cu0.94Ni0.06O4,5,31.5
La1.75Sr0.25Cu0.94Ni0.06O4,5,36.5
La1.73Sr0.27Cu0.94Ni0.06O4,5,34.4
La1.71Sr0.29Cu0.94Ni0.06O4,5,30.4
Ce1Fe0.95Co0.05As1F0.1O0.9,6,23.5
Ce1Fe0.9Co0.1As1F0.1O0.9,6,9.8
Ce1Fe0.85Co0.15As1F0.1O0.9,6,4.0
Ba1Pb0.85Sb0.15O3,4,1.4
Ba1Pb0.8Sb0.2O3,4,1.7
Ba1Pb0.75Sb0.25O3,4,3.5
Tl2Ba2Cu1O6,4,86.5
Sr1.84Ba0.16Cu1O3.4,4,75.0
Sr1.68Ba0.32Cu1O3.4,4,88.0
Sr1.4Ba0.6Cu1O3.4,4,98.0
Sr2V1Fe1As1O2.9,5,40.0
Sr2V1Fe1As1O2.5,5,20.0
La3Rh4Sn13,3,3.1
La3Ir4Sn13,3,2.5
Sr3Rh4Sn13,3,4.2
Sr3Ir4Sn13,3,5.0
Ca3Rh4Sn13,3,8.3
Ca3Ir4Sn13,3,6.8
Ba1Fe1.85Co0.15As2,4,25.0
Tm5Rh6Sn18,3,2.19
Tm4Y1Rh6Sn18,4,2.61
Tm1.4Y3.6Rh6Sn18,4,3.14
Y5Rh6Sn18,3,3.14
Tm5Rh4.8Co1.2Sn18,4,1.97
Tm5Rh3.6Co2.4Sn18,4,1.57
Tm5Rh2.4Co3.6Sn18,4,1.27
K0.8Fe2Se2,3,28.3
Fe0.9Se0.25Te0.75,3,9.7
Fe0.95Se0.25Te0.75,3,8.5
Fe0.98Se0.25Te0.75,3,6.5
Sm1Fe1As1O0.85,4,54.9
Pr1Fe0.925Co0.075As1O1,5,14.4
Ce1Co1In4.9945Cd0.0055,4,2.23
Ce1Co1In4.989Cd0.011,4,2.18
Ce1Co1In4.996Sn0.004,4,2.21
Sr0.6La0.4Fe2As2,4,20.5
Y1Ni2B2C1,4,15.55
Y0.9Gd0.1Ni2B2C1,5,12.5
Y0.86Gd0.14Ni2B2C1,5,10.475
Y0.79Gd0.21Ni2B2C1,5,7.81
Y0.74Gd0.26Ni2B2C1,5,5.935
Lu1Ni2B2C1,4,16.35
Lu0.945Gd0.055Ni2B2C1,5,13.28
Lu0.87Gd0.13Ni2B2C1,5,9.715
Lu0.81Gd0.19Ni2B2C1,5,6.155
Fe1Se0.98,2,8.21
Sm1Fe1As1O0.85,4,54.0
Sm1Fe1As1H0.3O0.6,5,51.4
Sm1Fe1As1H0.12O0.77,5,54.2
Sm1Fe1As1O0.8,4,40.1
Ba1Fe1.91Co0.09As2,4,15.1
Ba1Fe1.85Co0.15As2,4,24.8
Ba1Fe1.774Co0.226As2,4,12.8
La1Fe1As1H0.6O0.6,5,35.0
Ce1Fe1As1H0.6O0.6,5,45.8
Pr1Fe1As1H0.6O0.6,5,49.7
Dy1Fe1As1O0.7,4,37.0
Dy1Fe1As1O0.7,4,44.0
Fe2As2Ca4Al1.34Ti0.66O6,6,12.5
Fe2As2Ca5Al1.5Ti1.5O9,6,15.0
Fe2As2Ca6Al1.32Ti2.68O12,6,36.0
Fe2As2Ca4Sc2.01Ti0.99O7.5,6,31.0
Fe2As2Ca5Sc2Ti2O10,6,36.0
Fe2As2Ca4Sc2Ti3O13,6,36.0
La1Fe1As1F0.11O0.89,5,26.3
Mo1Sr2Y1Cu2O8,5,22.0
Mo1Sn0.075Sr2Y1Cu2O8,6,22.0
B1,1,6.0
Rb1Fe2As2,3,2.6
Y1Fe2Si2,3,2.9
La1.85Sr0.15Cu0.996Zn0.004O4,5,32.6
La1.85Sr0.15Cu0.992Zn0.008O4,5,27.8
La1.85Sr0.15Cu0.989Zn0.011O4,5,23.2
La1.85Sr0.15Cu0.983Zn0.017O4,5,16.0
La1.85Sr0.15Cu1O4,4,36.8
La1.85Sr0.15Cu0.991Ni0.009O4,5,30.0
La1.85Sr0.15Cu0.982Ni0.018O4,5,22.5
La1.85Sr0.15Cu0.971Ni0.029O4,5,11.6
Nb1,1,7.13
Nb1,1,7.95
Nb1,1,8.81
Nb1,1,9.09
Nb1,1,9.47
Nb1,1,9.71
Sr1Fe1.85Ni0.15As2,4,9.2
Sr1Ir2As2,3,2.8
Ce1Rh1Si3,3,1.06
Nd1Fe1As1F0.11O0.89,5,48.0
Nd1Fe0.98Ru0.02As1F0.11O0.89,6,46.5
Nd1Fe0.9Ru0.1As1F0.11O0.89,6,40.0
Nd1Fe0.85Ru0.15As1F0.11O0.89,6,34.0
Nd1Fe0.5Ru0.5As1F0.11O0.89,6,14.5
Y1Pd2Al3,3,2.2
Li1Rh1B1.5,3,2.5
Li1.2Rh1B1.5,3,2.5
Y2Al1Ge3,3,4.5
Fe1Te0.75S0.25,3,7.28
Tl2Mo6Se6,3,4.2
In2Mo6Se6,3,2.85
Tl2Mo6Se6,3,5.0
Eu0.5Ca0.5Fe2As2,4,24.0
La1Pd2Al3,3,0.85
Eu1Fe1.715Co0.285As2,4,21.0
Eu0.6Sr0.4Fe1.715Co0.285As2,5,13.9
Eu0.7Sr0.3Fe1.715Co0.285As2,5,10.2
La1Fe1As1F0.11O0.89,5,27.1
La1Fe0.985Ru0.015As1F0.11O0.89,6,27.5
La1Fe0.97Ru0.03As1F0.11O0.89,6,25.6
La1Fe0.9Ru0.1As1F0.11O0.89,6,23.6
La1Fe0.85Ru0.15As1F0.11O0.89,6,23.6
La1Fe0.7Ru0.3As1F0.11O0.89,6,17.2
La1Fe1As1F0.11O0.89,5,27.3
La1Fe1As1F0.13O0.87,5,25.4
La1Fe1As1F0.15O0.85,5,20.0
La1Fe1As1F0.2O0.8,5,4.52
La1Fe1As1F0.18O0.82,5,14.3
Pr0.9Nd0.1Os4Sb12,4,1.73
Pr0.8Nd0.2Os4Sb12,4,1.61
Pr0.75Nd0.25Os4Sb12,4,1.48
Pr0.7Nd0.3Os4Sb12,4,1.27
Pr0.6Nd0.4Os4Sb12,4,0.89
Pr0.5Nd0.5Os4Sb12,4,0.6
Ca1Ir1Si3,3,3.6
Ca1Pt1Si3,3,2.3
Pr1Fe0.95Co0.05As1O1,5,8.76
Pr1Fe0.925Co0.075As1O1,5,15.7
Pr1Fe0.9Co0.1As1O1,5,16.0
Pr1Fe0.85Co0.15As1O1,5,9.07
Pr0.8Sr0.2Fe1As1O1,5,14.0
Pr0.8Sr0.2Fe0.95Co0.05As1O1,6,7.05
Pr0.8Sr0.2Fe0.925Co0.075As1O1,6,3.5
Pr0.8Sr0.2Fe0.9Co0.1As1O1,6,6.86
Pr0.8Sr0.2Fe0.85Co0.15As1O1,6,16.0
Pr0.8Sr0.2Fe0.8Co0.2As1O1,6,11.5
Pr0.8Sr0.2Fe0.7Co0.3As1O1,6,4.48
Fe1.03Te0.7Se0.3,3,13.0
Sn1Mo6S8,3,14.2
Pb1Mo6S8,3,14.9
Hg0.44Re1O3,3,7.7
Cu0.1Ti1Se2,3,3.9
Cs0.23W1O3,3,6.0
Cs0.25W1O3,3,4.0
Cs0.3W1O3,3,2.0
Rb0.33W1O3,3,1.98
Rb0.2W1O3,3,3.52
Rb0.18W1O3,3,4.24
Rb0.16W1O3,3,4.8
Cu0.06Ti1Se2,3,2.5
La1Fe0.9975Mn0.0025As1F0.11O0.89,6,10.1
La1Fe1As1F0.11O0.89,5,27.0
La1Fe0.9875Co0.0125As1F0.11O0.89,6,24.0
La1Fe0.95Co0.05As1F0.11O0.89,6,16.1
Nd1Fe0.97Mn0.03As1F0.11O0.89,6,11.9
Nd1Fe0.98Mn0.02As1F0.11O0.89,6,27.1
Nd1Fe0.99Mn0.01As1F0.11O0.89,6,38.0
Nd1Fe0.98Co0.02As1F0.11O0.89,6,40.1
Nd1Fe0.95Co0.05As1F0.11O0.89,6,30.1
Nd1Fe0.9Co0.1As1F0.11O0.89,6,9.0
Fe2As2Ca5Mg0.8Ti3.2O9.8,6,39.0
Fe2As2Ca4Mg0.75Ti2.25O7.5,6,43.0
Ni2P2Sr4Sc2O6,5,3.6
Ni2As2Sr4Sc2O6,5,2.7
Fe2As2Sr4Mg0.9Ti1.1O6,6,23.5
Fe2As2Sr4Mg0.8Ti1.2O6,6,26.0
Fe2As2Sr4Mg0.6Ti1.4O6,6,29.0
Fe2As2Sr4Mg0.4Ti1.6O6,6,28.0
Fe2As2Sr4Mg1Ti1O6,6,6.0
Fe1.9Co0.1As2Sr4Mg1Ti1O6,7,22.0
Fe1.8Co0.2As2Sr4Mg1Ti1O6,7,24.0
Fe1.7Co0.3As2Sr4Mg1Ti1O6,7,16.0
Fe1P1Sr2Sc1O3,5,15.0
Cu0.29Bi2Se3,3,3.2
Yb1Ga1.1Si0.9,3,2.4
Bi1Cu0.9S1O1,4,5.8
Eu1Fe2As1.7P0.3,4,21.0
Eu1Fe2As1.68P0.32,4,22.0
Eu1Fe2As1.6P0.4,4,29.0
Eu1Fe2As1.46P0.54,4,26.0
Bi2Sr1.6La0.4Cu1O6,5,28.0
Bi2Sr1.9La0.1Cu1O6,5,16.0
Rb0.88Fe1.81Se2,3,30.6
K0.8Fe1.5Se2,3,32.4
Cs0.8Fe2Se1.96,3,27.4
K0.8Fe2Se1.96,3,29.5
K0.86Fe2Se1.82,3,29.0
Cs0.86Fe1.66Se2,3,25.5
Eu1Fe1As1.64P0.36,4,28.0
Sm1Fe1As1F0.15O0.85,5,49.5
Ca1Fe1.922Co0.078As2,4,21.2
Ca1Fe1.898Co0.102As2,4,19.9
Ca1Fe1.888Co0.112As2,4,16.5
Ca1Fe1.874Co0.126As2,4,14.8
La1Rh1Si3,3,2.16
Li1Fe1As1,3,17.5
Eu1Fe2As2,3,30.0
Sr1Pd2Ge2,3,2.7
Sr1Pd2Ge2,3,3.04
Ba1Ni2As2,3,0.68
Ca1Fe1.94Co0.06As2,4,15.5
Ca1Fe1.9Co0.1As2,4,17.7
Ca1Fe1.85Co0.15As2,4,15.2
Ca1Fe1.82Co0.18As2,4,15.7
Ca1Fe1.8Co0.2As2,4,17.1
Ca1Fe1.75Co0.25As2,4,14.1
Ca1Fe1.73Co0.27As2,4,12.0
Ca1Fe1.7Co0.3As2,4,10.8
Ca1Fe1.6Co0.4As2,4,2.0
Sr1Fe1.916Co0.084As2,4,2.0
Sr1Fe1.888Co0.112As2,4,2.0
Sr1Fe1.86Co0.14As2,4,7.2
Sr1Fe1.826Co0.174As2,4,9.5
Sr1Fe1.816Co0.184As2,4,13.4
Sr1Fe1.792Co0.208As2,4,13.9
Sr1Fe1.766Co0.234As2,4,14.4
Sr1Fe1.752Co0.248As2,4,13.2
Sr1Fe1.732Co0.268As2,4,11.0
Sr1Fe1.66Co0.34As2,4,5.56
Sr1Fe1.76Co0.24As2,4,13.5
Sr0.958Eu0.042Fe1.76Co0.24As2,5,13.3
Sr0.85Eu0.15Fe1.76Co0.24As2,5,12.5
Sr0.81Eu0.19Fe1.76Co0.24As2,5,12.0
Sr0.66Eu0.34Fe1.76Co0.24As2,5,9.82
Sr0.57Eu0.43Fe1.76Co0.24As2,5,8.78
Sr0.5Eu0.5Fe1.76Co0.24As2,5,8.45
Sr0.4Eu0.6Fe1.76Co0.24As2,5,7.97
Sr0.28Eu0.72Fe1.76Co0.24As2,5,12.3
Sr0.15Eu0.85Fe1.76Co0.24As2,5,2.0
Sr0.05Eu0.95Fe1.76Co0.24As2,5,2.0
Eu1Fe1.76Co0.24As2,4,2.0
K0.68Fe1.79Se2,3,32.0
Tl0.45K0.34Fe1.84Se2,4,28.0
K0.8Fe2Se2,3,33.0
Yb1Ga1.15Si0.85,3,2.6
Lu1Ni2B2C1,4,15.0
Sr1Pt2As2,3,5.45
Nb0.18Re0.82,2,8.75
K0.8Fe2Se2,3,32.0
Ce1Co1In5,3,2.325
Bi2Te3,2,9.5
La3Ni2B2N2.7,4,12.5
La2.95Ce0.05Ni2B2N2.7,5,10.2
La2.9Ce0.1Ni2B2N2.7,5,4.9
Y0.95Ce0.05Ni2B2C1,5,13.8
Y0.9Ce0.1Ni2B2C1,5,11.9
Ce1Ni2B2C1,4,0.1
Bi3Ni1,2,3.85
Fe1Te0.57Se0.43,3,15.0
B12Li2.5,2,6.62
B12Li1.7,2,7.05
Cs0.8Fe2Se1.96,3,29.6
Ca4Sc2.01Ti0.99Fe2As2O,6,31.6
Ca5Sc2Ti2Fe2As2O,6,36.35
Ca6Sc2Ti3Fe2As2O,6,36.35
Ca4Mg0.75Ti1.25Fe2As2O,6,44.55
Sr2V1Fe1As1O3,5,36.4
Sr2V1Fe1As1O3,5,26.0
Sr2Mg0.3Ti0.7Fe1As1O3,6,36.7
Sr2Mg0.5Ti0.5Fe0.95Co0.05As1O3,7,26.2
W5Si1B2,3,5.8
Nb5Si3,2,0.69
Si3W5,2,2.7
Ce1Ge2Rh1,3,0.45
Tl1Fe1.7Se2,3,22.4
Tl0.63K0.37Fe1.78Se2,4,28.4
Tl0.75K0.25Fe1.84Se2,4,29.8
Tl0.54K0.46Fe1.88Se2,4,30.4
K0.82Fe1.63Se2,3,32.0
Ba0.72K0.28Fe2As2,4,33.1
Tl0.47Rb0.34Fe1.63Se2,4,32.0
Ce1Co1In5,3,2.24
Ce0.95Yb0.05Co1In5,4,2.16
Ce0.9Yb0.1Co1In5,4,2.09
Ce0.875Yb0.125Co1In5,4,1.97
Ce0.5Yb0.5Co1In5,4,1.19
Ce0.98La0.02Co1In5,4,2.0
Ce0.95La0.05Co1In5,4,1.68
Ce0.925La0.075Co1In5,4,1.31
Ce0.9La0.1Co1In5,4,1.22
Ce0.875La0.125Co1In5,4,0.86
Ce0.85La0.15Co1In5,4,0.78
Ce0.95Nd0.05Co1In5,4,2.0
Si1,1,7.7
Ge1,1,5.5
Ga1P1,2,10.3
Bi2Te3,2,4.35
Bi2Te3,2,2.9
Ge1,1,4.94
Fe1Te1,2,3.0
Tl2Mo6Se6,3,2.6
Pd0.5Bi2Te3,3,5.5
Ba1Pb0.5Hg0.25Bi0.25O3,5,2.93
Ba1Pb0.4Hg0.35Bi0.25O3,5,9.97
Li1Fe1As1,3,15.6
Li1Fe1As1,3,16.3
K1Fe2As2,3,2.79
K1Fe2As2,3,3.7
K1Fe2As2,3,3.1
La1Sb2,2,1.2
La0.9Y0.1Co2B2,4,4.25
La1Co1.4Fe0.6B2,4,4.0
Bi3Ni1,2,4.05
Ba2Ca2Cu3F1.2O6.8,5,120.0
Ba2Ca2Cu3F1.6O6.4,5,102.0
Ba2Ca2Cu3F1.8O6.2,5,81.0
Sm1Fe1As1F0.1O0.9,5,38.9
Cu0.05Zr1Te3,3,3.8
Sr1Pt1As1,3,2.4
Ce1Fe1As1F0.05O0.95,5,11.7
Ce1Fe1As0.95P0.05F0.05O0.95,6,17.2
Ce1Fe1As0.9P0.1F0.05O0.95,6,19.3
Ce1Fe1As0.85P0.15F0.05O0.95,6,21.8
Ce1Fe1As0.8P0.2F0.05O0.95,6,20.6
Ce1Fe1As0.7P0.3F0.05O0.95,6,18.2
Ce1Fe1As0.6P0.4F0.05O0.95,6,16.0
Sr0.95Nd0.05Cu1O2,4,20.7
Y0.95Ca0.05Ba2Cu2.8Zn0.2O6.74,6,3.5
Y0.9Ca0.1Ba2Cu2.8Zn0.2O6.74,6,15.8
Y0.85Ca0.15Ba2Cu2.8Zn0.2O6.74,6,34.6
Y0.8Ca0.2Ba2Cu2.8Zn0.2O6.74,6,44.0
Tl0.85Cr0.15Sr2Ca1Cu2O7,6,100.4
Tl0.85Cr0.15Sr2Ca1Cu1.9Ge0.1O7,7,102.5
Tl0.85Cr0.15Sr2Ca1Cu1.8Ge0.2O7,7,89.8
Tl0.85Cr0.15Sr2Ca1Cu1.7Ge0.3O7,7,88.65
Tl0.85Cr0.15Sr2Ca1Cu1.6Ge0.4O7,7,54.0
Tl0.5Pb0.5Sr1.8Yb0.2Ca1Cu2O7,7,98.45
Tl0.5Pb0.5Sr1.8Yb0.2Ca0.8Mg0.2Cu2O7,8,96.8
Tl0.5Pb0.5Sr1.8Yb0.2Ca0.6Mg0.4Cu2O7,8,101.1
Tl0.5Pb0.5Sr1.8Yb0.2Ca0.4Mg0.6Cu2O7,8,102.75
Tl0.5Pb0.5Sr1.8Yb0.2Ca0.2Mg0.8Cu2O7,8,75.2
Tl0.5Pb0.5Sr1.8Yb0.2Mg1Cu2O7,7,64.95
Tl1Sr1.8Yb0.2Ca1Cu2O7,6,64.75
Tl0.9Sr1.8Yb0.2Ca1Cu2.1O7,6,68.55
Tl0.8Sr1.8Yb0.2Ca1Cu2.2O7,6,78.35
Tl0.7Sr1.8Yb0.2Ca1Cu2.3O7,6,79.5
Tl0.6Sr1.8Yb0.2Ca1Cu2.4O7,6,85.05
Tl0.5Sr1.8Yb0.2Ca1Cu2.5O7,6,76.15
Tl0.4Sr1.8Yb0.2Ca1Cu2.6O7,6,72.9
Tl1Sr1.6Yb0.4Ca1Cu2O7,6,87.0
Tl0.9Sr1.6Yb0.4Ca1Cu2.1O7,6,78.0
Tl0.2Sr1.6Yb0.4Ca1Cu2.2O7,6,66.0
Tl0.3Sr1.6Yb0.4Ca1Cu2.3O7,6,87.5
Tl0.4Sr1.6Yb0.4Ca1Cu2.4O7,6,63.5
Tl0.5Sr1.6Yb0.4Ca1Cu2.5O7,6,64.0
Tl0.8Hg0.2Ba2Ca2Cu3O9,6,137.4
Tl0.8Hg0.2Ba2Ca1.975Sm0.025Cu3O9,7,123.4
Tl0.8Hg0.2Ba2Ca1.95Sm0.05Cu3O9,7,114.1
Tl0.8Hg0.2Ba2Ca1.9Sm0.1Cu3O9,7,97.9
Tl0.8Hg0.2Ba2Ca1.85Sm0.15Cu3O9,7,90.5
Tl0.8Hg0.2Ba2Ca1.975Yb0.025Cu3O9,7,124.5
Tl0.8Hg0.2Ba2Ca1.95Yb0.05Cu3O9,7,112.2
Tl0.8Hg0.2Ba2Ca1.9Yb0.1Cu3O9,7,105.7
Tl0.8Hg0.2Ba2Ca1.85Yb0.15Cu3O9,7,90.5
Ba1Fe1.922Rh0.078As2,4,14.0
La0.81Sm0.06Sr0.13Fe1As1O1,6,18.5
La0.81Gd0.06Sr0.13Fe1As1O1,6,17.1
La0.81Dy0.06Sr0.13Fe1As1O1,6,16.5
Ca1,1,29.0
Li1Fe1As1,3,16.9
Na0.9Fe1As1,3,18.0
Eu1Fe2As2,3,25.0
Ca4Al2Fe2As2O5.785,5,27.0
Ca4Al2Fe2As2O5.65,5,26.8
Ca4Al2Fe2P2O5.8,5,17.0
Fe2As2Sr4Sc1.8Ti1.2O8,6,28.0
Fe2As2Sr4Sc1.5Ti1.5O8,6,22.0
Fe2As2Ba4Sc3O7.5,5,11.0
Ba1Fe1.922Rh0.078As2,4,17.8
Ba1Fe1.848Rh0.152As2,4,22.2
Ba1Fe1.738Rh0.262As2,4,8.3
Ba1Fe1.958Pd0.042As2,4,4.1
Ba1Fe1.946Pd0.054As2,4,12.3
Ba1Fe1.94Pd0.06As2,4,16.4
Ba1Fe1.894Pd0.106As2,4,13.3
Ba1Fe1.866Pd0.134As2,4,7.16
Ba1Fe1.952Ni0.048As2,4,4.1
Ba1Fe1.936Ni0.064As2,4,14.8
Ba1Fe1.908Ni0.092As2,4,18.9
Ba1Fe1.892Ni0.108As2,4,14.8
Ba1Fe1.856Ni0.144As2,4,6.14
Nd1.85Ce0.15Cu1O4,4,19.4
Nb1C1N1,3,15.75
Nb1C1N1,3,16.5
Zr55Co30Al15,3,2.4
Co15Zr85,2,3.3
Zr55Cu30Al10Ni5,4,2.7
Zr55Cu25Nb5Al10Ni5,5,3.0
K0.75Fe1.68Se2,3,31.0
K0.8Fe1.76Se2,3,32.2
Tl0.58Rb0.42Fe1.72Se2,4,31.5
Cu0.4Bi2Se3,3,3.09
Li1Fe1As1,3,17.8
Li2Pd3B1,3,7.46
Li2Pd2.85Pt0.15B1,4,6.4
Li2Pd2.4Pt0.6B1,4,5.47
Li2Pd1.5Pt1.5B1,4,4.36
Li2Pd0.48Pt2.52B1,4,3.07
Li2Pd0.3Pt2.7B1,4,3.37
Li2Pt3B1,3,3.12
Ca1Ir1Si3,3,3.0
K0.64Fe1.44Se2,3,31.0
K0.73Fe1.44Se1.68S0.32,4,31.4
K0.7Fe1.55Se1.01S0.99,4,21.4
K0.76Fe1.61Se0.96S1.04,4,16.4
K0.8Fe2Se0.42S1.58,4,1.9
K0.2Fe2S2,3,1.8
K0.65Fe1.41Se2,3,32.0
Nb1S2,2,6.05
Nb1S2,2,5.7
Nb0.7Fe1.55Se1.01S0.99,4,23.5
Nb0.76Fe1.61Se0.96S1.04,4,18.0
Li1Fe0.975Co0.025As1,4,13.8
Li1Fe0.95Co0.05As1,4,10.8
Li1Fe1As1,3,16.8
Li1Fe1As1,3,16.6
Li0.99Fe1.01As1,3,14.0
Li0.98Fe1.02As1,3,4.61
Li1Fe0.975Co0.025As1,4,13.0
Li1Fe0.95Co0.05As1,4,9.78
Li1Fe0.925Co0.075As1,4,7.66
Li1Fe0.99Ni0.01As1,4,13.35
Li1Fe0.98Ni0.02As1,4,10.58
Ca10Fe8.2Pt4.8As18,4,38.0
Ca10Fe9.2Pt3.8As18,4,13.0
Lu2Fe3Si5,3,2.78
Zr1Ru1P1,3,13.8
Zr1Ru0.95Fe0.05P1,4,10.3
Zr1Ru0.8Fe0.2P1,4,2.6
Zr1Rh1P1,3,1.5
Zr1Ru0.99Rh0.01P1,4,10.1
Zr1Ru0.95Rh0.05P1,4,9.3
Zr1Ru0.95Rh0.05P1,4,3.0
Zr1Ru0.9Rh0.1P1,4,2.9
Zr1Ru1P1,3,3.76
Zr1Ru1P1,3,10.1
Zr1Ru1P0.95B0.05,4,8.4
Zr1Ru1P0.9B0.1,4,8.1
Zr1Ru1P0.85B0.15,4,6.4
Zr1Ru1P0.8B0.2,4,5.4
Zr1Ru1P0.6B0.4,4,5.6
La1Ru2P2,3,4.0
La1Ru2P1.6B0.4,4,2.0
Zr1Ru1P1,3,10.3
Pr1Fe0.95Co0.05As1O1,5,4.96
Pr0.8Sr0.2Fe1As1O1,5,15.0
Pr0.8Sr0.2Fe0.85Co0.15As1O1,6,15.8
La1.76Sr0.24Cu0.94Mn0.06O4,5,34.0
Zr1Ru1P1,3,7.6
Tl0.59Cs0.26Fe1.9Se2,4,30.3
Fe1Se0.5Te0.5,3,12.5
Co1Zr2,2,5.47
Zr2Co0.95Ga0.05,3,5.79
Zr2Co0.9Ga0.1,3,5.72
Zr2Co0.85Ga0.15,3,5.56
Zr2Co0.8Ga0.2,3,5.29
Zr2Co0.75Ga0.25,3,5.1
Zr2Co0.7Ga0.3,3,4.97
Fe1Cr0.01Se1,3,10.4
Fe1Cr0.01Se1,3,11.2
Zr2Co0.85Ni0.15,3,5.92
Zr2Co0.75Ni0.25,3,4.91
Zr2Co0.5Ni0.5,3,3.11
Zr2Co0.3Ni0.7,3,1.87
Zr2Co0.15Ni0.85,3,1.4
Ni1Zr2,2,1.56
La1Pt1Si1,3,4.3
La1Pt0.9Ni0.1Si1,4,3.23
La1Pt0.8Ni0.2Si1,4,2.82
La1Pt0.7Ni0.3Si1,4,2.775
La1Pt0.6Ni0.4Si1,4,2.63
La1Pt0.5Ni0.5Si1,4,2.285
La1Pt0.4Ni0.6Si1,4,1.945
La1Pt0.3Ni0.7Si1,4,1.655
La1Pt0.1Ni0.9Si1,4,1.275
La1Ni1Si1,3,1.23
Fe1.01Se1,2,8.0
Bi4Te3,2,2.1
Bi4Te3,2,8.4
Ca0.8La0.2Fe2As2,4,40.0
Ba0.7Rb0.3Fe2As2,4,36.9
Ba0.65Rb0.35Fe2As2,4,35.8
Ba0.6Rb0.4Fe2As2,4,34.0
La1Fe1As1F0.055O0.945,5,7.0
Bi1Pd1,2,3.8
Li1Fe1As1,3,17.4
Ca1Al1Si1,3,5.95
Ca1Al1Si1,3,7.89
La1Fe1As0.95Sb0.05F0.2O0.8,6,30.1
La1Fe1As0.9Sb0.1F0.2O0.8,6,28.6
Rb0.88Fe1.81Se2,3,32.0
Cs0.86Fe1.66Se2,3,29.0
Tl0.4K0.3Fe1.7Se2,4,28.0
Tl0.4Rb0.4Fe1.6Se2,4,32.0
K0.86Fe1.66Se2,3,32.0
K0.8Fe1.7Se2,3,31.0
Rb0.8Fe1.7Se2,3,31.75
Cs0.8Fe1.7Se2,3,29.2
Tl0.4K0.3Fe1.7Se2,4,26.25
Tl0.4Rb0.4Fe1.7Se2,4,31.35
Mo5Si1B2,3,5.8
Ca0.5Na0.5Fe2As2,4,19.4
Ca0.4Na0.6Fe2As2,4,25.0
Ca0.25Na0.75Fe2As2,4,33.4
Ba0.65Na0.35Fe2As2,4,29.4
Y1Ni1Ge3,3,0.46
Nd0.8Ba0.2Fe1As1F0.4O0.6,6,50.03
Gd1Ba2Cu3O7,4,91.8
Gd0.95Pr0.05Ba2Cu3O7,5,86.5
Gd0.95Pr0.05Ba2Cu2.94Mn0.06O7,6,68.0
Gd0.95Pr0.05Ba2Cu2.94Fe0.06O7,6,54.5
Gd0.95Pr0.05Ba2Cu2.94Ni0.06O7,6,64.0
Gd0.95Pr0.05Ba2Cu2.94Zn0.06O7,6,46.2
Mo0.25Sr2Y1Ce4Cu2.75O15,6,55.0
Mo0.25Sr2Y1.002Ce4.998Cu2.75O17,6,55.0
Ca0.8Na0.2Fe2As2,4,14.0
Ca0.6Na0.4Fe2As2,4,21.0
Ni2P2Sr4Sc2O6,5,3.45
Ni2As2Sr4Sc2O6,5,2.8
Sr1Fe2As1.4P0.6,4,25.0
Sr1Fe2As1.3P0.7,4,27.0
Sr1Fe2As1.2P0.8,4,27.0
Ca1Fe2As1.925P0.075,4,13.0
Ca0.5Na0.5Fe2As2,4,20.0
Ba1Fe2Se3,3,11.0
Ba1Fe2As3,3,35.4
Na0.86Fe1As1,3,26.0
Tb0.56Ca0.44Fe1As1O1,5,15.6
Nd0.8Sr0.2Fe1As1O1,5,13.5
Ba1Fe1.92Co0.08As2,4,5.8
Ba1Fe1.9Co0.1As2,4,19.5
Ba1Fe1.89Co0.11As2,4,21.5
Ba1Fe1.885Co0.115As2,4,24.3
Ba1Fe1.85Co0.15As2,4,22.9
Ba1Fe1.82Co0.18As2,4,20.7
Ba1Fe1.776Co0.224As2,4,11.1
Ba1Fe1.76Co0.24As2,4,5.1
Ni0.05Zr1Te3,3,3.1
Ce1Fe1As1F0.3O0.7,5,46.0
Fe1.04Te0.6Se0.4,3,14.0
K0.8Fe2Se2,3,31.0
Rb0.8Fe2Se2,3,31.75
Cs0.8Fe2Se2,3,29.2
Tl0.4K0.3Fe2Se2,4,26.25
Tl0.4Rb0.4Fe2Se2,4,31.35
Eu1Fe1.5Ru0.5As2,4,21.5
Sm1Fe0.925Co0.075As1O1,5,11.6
Sm1Fe0.9Co0.1As1O1,5,15.0
Sm1Fe0.875Co0.125As1O1,5,12.8
Sm1Fe0.85Co0.15As1O1,5,10.0
Sm1Fe0.825Co0.175As1O1,5,5.8
Sm1Fe0.9Co0.1As1O1,5,15.6
Sm1Fe0.9Rh0.1As1O1,5,9.6
Sm1Fe0.875Ir0.125As1O1,5,16.5
Eu0.7Na0.3Fe2As1.4P0.6,5,25.2
Ca8Mg1.5Ti4.5Fe2As2O9.5,6,40.0
Ca1Fe0.95Rh0.05As1F1,5,3.81
Ca1Fe0.92Rh0.08As1F1,5,22.2
Ca1Fe0.85Rh0.15As1F1,5,18.4
Y2Fe1C4,3,3.6
Rh17S15,2,5.36
Pd17Se15,2,2.2
Fe1Se0.4Te0.6,3,14.0
Ba1Fe2As2,3,16.6
Ba1Fe1.82Ru0.18As2,4,25.8
Ba1Fe1.68Ru0.32As2,4,23.0
Ba1Fe1.58Ru0.42As2,4,6.83
Ba1Fe1.44Ru0.56As2,4,15.0
Sm1Fe1As0.5P0.5O1,5,23.4
Sm1Fe1As0.5P0.5O1,5,20.0
Sm1Fe1As0.5P0.5O0.85,5,17.0
Sm1Fe1As0.5P0.5O0.85,5,21.7
Rb0.653Fe1.532Se2,3,30.9
Rb0.796Fe1.596Se2,3,32.4
Rb0.801Fe1.602Se2,3,32.4
Rb0.74Fe1.6Se2,3,32.4
Rb2Fe4Se5,3,32.0
Fe1Se0.5Te0.5,3,15.2
Rb0.76Fe1.62Se2,3,29.5
Rb0.8Fe1.68Se2,3,32.0
Ba1Fe1.902Co0.098As2,4,15.8
Ba1Fe1.898Co0.102As2,4,18.6
Ba1Fe1.86Co0.14As2,4,22.4
Ba1Fe1.83Co0.17As2,4,19.6
Ba1Fe1.78Co0.22As2,4,13.5
Sc2Fe3Si5,3,4.8
Sc5Ir4Si10,3,8.4
Fe1Se0.5Te0.5,3,13.9
Fe0.98Mn0.02Se0.5Te0.5,4,14.4
Fe1Se1,2,13.4
Ca0.33Na0.66Fe2As2,4,33.0
K0.74Fe1.67Se1.61S0.4,4,32.0
Cs0.86Fe1.66Se2,3,30.0
K0.85Fe2Se1.8,3,32.6
K0.86Fe2Se1.82,3,31.1
K0.79Fe1.64Se2,3,30.4
Fe1Se0.42Te0.58,3,14.8
B2Mg1,2,40.5
B2Mg0.988Sc0.012,3,41.4
Na1O,2,28.0
La1.82Sr0.18Cu1O4,4,41.0
La1.79Sr0.21Cu1O4,4,33.0
La1.73Sr0.27Cu1O4,4,4.0
La1.73Sr0.27Cu1O4,4,21.0
La1.7Sr0.3Cu1O4,4,9.0
W1F0.45O2.55,3,0.38
W1F0.41O2.59,3,0.42
W1F0.44O2.56,3,0.41
La1Fe1As1F0.1O0.9,5,23.0
La1Fe0.98Zn0.02As1F0.1O0.9,6,25.5
La1Fe0.95Zn0.05As1F0.1O0.9,6,25.4
La1Fe0.9Zn0.1As1F0.1O0.9,6,19.9
La1Fe0.85Zn0.15As1F0.1O0.9,6,19.9
Sm1Fe1As1F0.2O0.8,5,52.5
Sm1Fe0.95Zn0.05As1F0.2O0.8,6,23.3
Sm1Fe0.9Zn0.1As1F0.2O0.8,6,18.2
Ca3Co4Sn13,3,5.75
La3Co4Sn13,3,2.7
Re3W1,2,7.8
Re3W1,2,9.4
Ca0.64Na0.36Fe2As2,4,17.0
Ca0.5Na0.5Fe2As2,4,22.0
Ca0.34Na0.66Fe2As2,4,34.0
Ba1Fe1.9Se3,3,11.0
La1Ru3Si2,3,7.8
Y1Pt1Bi1,3,0.77
Fe1Te0.95Se0.05,3,6.7
Fe1Te0.93Se0.07,3,8.2
Fe1Te0.9Se0.1,3,9.6
Fe1Te0.7Se0.3,3,12.9
Fe1Te0.4Se0.4,3,14.4
Nb4Ni1Si1,3,7.7
Nb4Co1Si1,3,6.0
Nb4Fe1Si1,3,6.8
Sr1Fe1.9Pt0.1As2,4,1.6
Sr1Fe1.85Pt0.15As2,4,11.7
Sr1Fe1.8Pt0.2As2,4,15.8
Sr1Fe1.7Pt0.3As2,4,12.6
Sr1Fe1.6Pt0.4As2,4,7.0
Ba0.6K0.4O3,3,30.6
Ba0.4K0.6O3,3,7.0
Zn0.025In2O3,3,2.68
Sr1Fe1.75Pt0.25As2,4,16.3
Sr1Fe1.5Ru0.5As2,4,7.0
Sr1Fe1.4Ru0.6As2,4,19.8
Sr1Fe1.3Ru0.7As2,4,20.1
Sr1Fe1.2Ru0.8As2,4,17.2
Ba1Fe1.8Ir0.2As2,4,27.4
Ba1Fe1.7Ir0.3As2,4,27.0
Ba1Fe1.6Ir0.4As2,4,24.5
Ba1Fe1.9Pt0.1As2,4,23.0
Sr1Si1.9Ni0.1,3,2.3
Sr1Si1.8Ni0.2,3,2.6
Sr1Si1.7Ni0.3,3,2.8
Al20.3V2,2,1.49
Ga0.2V2Al20,3,1.66
Y1V2Al20,3,0.69
C14H10Sr1.5,3,5.6
C14H10Ba1.5,3,5.4
C22H14K2.9,3,7.0
C22H14K3.3,3,18.0
C22H14Rb3.1,3,6.9
Sr0.8Eu0.2Fe1.78Co0.22As2,5,18.0
Sr0.54Eu0.46Fe1.78Co0.22As2,5,16.2
Tl0.58Rb0.42Fe1.72Se2,4,33.5
Fe1Se0.98,2,8.0
Fe1Se0.94,2,8.79
La1Fe1As1O0.89,4,27.8
Pr1Fe1As1O0.896,4,44.4
Nd1Fe1As1O0.9,4,46.9
Tb1Fe1As1O0.8,4,32.0
Ga0.05V2Al20,3,1.53
Ga0.1V2Al20,3,1.53
Ga0.15V2Al20,3,1.53
Ga0.2V2Al20,3,1.65
Ga0.3V2Al20,3,1.6
Ga0.3V2Al20,3,1.54
Ga0.3V2Al20,3,1.5
Ga0.3V2Al20,3,1.43
Al20.3V20,2,1.49
Bi2Pd1,2,5.35
Fe1Te0.65Se0.35,3,15.0
Y1Ir2Si2,3,2.72
La1Ir2Si2,3,1.4
Ba1Ti2Sb2O1,4,1.2
Fe1Se0.82Cl0.18,3,10.5
Fe1Se0.4Te0.6,3,14.4
Fe1Se0.3Te0.7,3,14.8
Fe1Se0.1Te0.9,3,9.1
Sm1Fe1As1F0.5O,5,57.1
Sm1Fe1As1F0.5O,5,56.4
Sm1Fe1As1F0.5O,5,54.1
Sm1Fe1As1F0.5O,5,49.8
Y1Ba1.95La0.05Cu2.95Al0.05O,6,90.0
Y1Ba1.9La0.1Cu2.9Al0.1O,6,84.0
Y1Ba1.85La0.15Cu2.85Al0.15O,6,83.0
Y1Ba1.8La0.2Cu2.8Al0.2O,6,82.0
Y1Ba1.75La0.25Cu2.75Al0.25O,6,81.0
Y1Ba1.7La0.3Cu2.7Al0.3O,6,79.0
Y1Ba1.95La0.05Cu2.95Zn0.05O,6,71.9
Y1Ba1.9La0.1Cu2.9Zn0.1O,6,50.8
Y1Ba1.85La0.15Cu2.85Zn0.15O,6,49.9
Y1Ba1.8La0.2Cu2.8Zn0.2O,6,28.7
Y1Ba1.75La0.25Cu2.75Zn0.25O,6,23.8
Y0.95Ca0.05Ba2Cu2.97Mg0.03O,6,76.6
Y0.85Ca0.15Ba2Cu2.97Mg0.03O,6,73.5
Y0.8Ca0.2Ba2Cu2.97Mg0.03O,6,71.85
Y0.95Ca0.05Ba2Cu2.94Mg0.06O,6,75.92
Y0.85Ca0.15Ba2Cu2.94Mg0.06O,6,72.6
Y0.8Ca0.2Ba2Cu2.94Mg0.06O,6,72.3
Y2Ni1Ge3,3,0.533
La2Ni1Ge3,3,0.394
Ca1.875Na0.125Cu1Cl2O2,5,15.0
Ca1.867Na0.133Cu1Cl2O2,5,20.0
Ca1.843Na0.157Cu1Cl2O2,5,25.0
Sr1Pd2Ge2,3,2.6
Pr2Ba4Cu7O14.06,4,30.5
Pr2Ba4Cu7O14.3,4,21.0
Pb7Bi3,2,10.3
Pb7Bi3,2,7.8
Ba1Fe1.93Ni0.07As2,4,17.0
Ba1Fe1.85Ni0.15As2,4,13.5
Y1In3,2,0.96
Ca10Pt5.8Fe8.2As18,4,33.65
Ca10Pt4.8Fe9.2As18,4,13.7
Fe2As2Sr4V2O6,5,27.0
Fe2As2Ca4Mg0.75Ti2.25O7.5,6,42.0
Fe2As2Ca5Sc2Ti2O10.5,6,33.0
Fe2As2Ca6Al1Ti3O11,6,32.0
Fe2As2Ca5Mg1Ti3O9.5,6,36.0
Ba1Fe1.91Co0.09As2,4,16.76
Ba1Fe1.87Zn0.04Co0.09As2,5,13.42
Ba1Fe1.83Zn0.08Co0.09As2,5,7.54
Ba1Fe1.78Co0.22As2,4,18.96
Ba1Fe1.74Zn0.04Co0.22As2,5,15.82
Ba1Fe1.7Zn0.08Co0.22As2,5,8.77
Ba1Fe1.66Zn0.12Co0.22As2,5,4.6
Ba1Fe1.79Zn0.12Co0.09As2,5,3.37
Sr1Fe1.8Co0.2As2,4,17.53
Sr1Fe1.76Zn0.04Co0.2As2,5,12.1
Sr1Fe1.72Zn0.08Co0.2As2,5,9.41
Sr1Fe1.68Zn0.12Co0.2As2,5,6.22
Ba1Fe2As1.6P0.4,4,8.6
Ba1Fe2As1.5P0.5,4,29.9
Cu1Rh2S4,3,4.72
Cu1Rh2Se4,3,3.38
In1N1,2,0.47
In1N1,2,2.4
In1N1,2,1.3
In1N1,2,2.7
Fe1Te0.8Se0.2,3,10.5
Fe1Te0.6Se0.4,3,14.3
Mg1.2C1.6Ni3,3,7.3
Mg1.2C1.52B0.08Ni3,4,6.9
Mg1.2C1.44B0.16Ni3,4,6.6
Na1Fe1As1,3,13.0
Na1Fe1As1,3,26.0
Ba1Fe1.988Mo0.012As2,4,16.3
Ba1Fe1.982Mo0.018As2,4,16.7
Ba1Fe1.974Mo0.026As2,4,12.5
Ba1Fe1.948Mo0.052As2,4,7.4
Ba1Fe1.946Mo0.056As2,4,4.9
Ca10Pt3.28Fe9.72As18,4,6.0
Ca10Pt3.41Fe9.59As18,4,7.38
Ca10Pt3.42Fe9.58As18,4,8.78
Ca10Pt3.97Fe9.03As18,4,10.5
Eu0.64K0.36Fe2As2,4,27.6
Eu0.56K0.44Fe2As2,4,28.7
Eu0.51K0.49Fe2As2,4,32.5
Eu0.48K0.52Fe2As2,4,30.0
Eu1Fe2As1.58P0.42,4,29.0
Ca0.835La0.165Fe2As2,4,41.2
Ca0.719La0.281Fe2As2,4,31.7
Ca0.88Ce0.12Fe2As2,4,33.2
Ca0.78Ce0.22Fe2As2,4,36.2
Ca0.902Pr0.098Fe2As2,4,40.0
Ca0.858Pr0.142Fe2As2,4,45.3
Ca0.923Nd0.077Fe2As2,4,41.8
Ca0.906Nd0.094Fe2As2,4,19.3
Ba1Fe1.55Ru0.45As2,4,8.18
Ba1Fe1.32Ru0.68As2,4,14.5
Ba1Fe1.2Ru0.8As2,4,5.02
Sr1Ni2Ge2,3,0.895
Sr1Pd2Ge2,3,3.12
Sr1Pd1.8Ni0.2Ge2,4,3.1
Sr1Pd1.8Rh0.2Ge2,4,2.92
Sr1Pd1.94Co0.06Ge2,4,2.58
K0.8Fe1.7S1Se1,4,24.5
La1Ni2P2,3,2.6
Fe1.08Te0.55Se0.45O,4,14.5
Rb0.77Fe1.61Se2,3,32.6
K0.74Fe1.66Se2,3,31.0
Ca10Pt4.054Fe9.7As18,4,26.5
Ru0.7Rh0.3P1,3,1.13
Ru0.55Rh0.45P1,3,3.6
Ru0.4Rh0.6P1,3,1.27
Ru0.86Rh0.14As1,3,0.75
Ru0.77Rh0.23As1,3,1.88
Ru0.58Rh0.42As1,3,0.68
Ru1Sb1,2,1.2
Eu0.5K0.5Fe2As2,4,33.0
Eu0.5K0.5Fe1.94Ni0.06As2,5,23.0
Eu0.5K0.5Fe1.9Ni0.1As2,5,18.0
K0.5Ti1N1Cl1,4,16.0
Hf1N1Cl0.7,3,24.0
Y1Pd2Sn1,3,4.7
Lu1Pd2Sn1,3,2.8
Sc1Pd2Sn1,3,2.0
Hf1Pd2Al1,3,3.66
Zr1Pd2Al1,3,3.4
Hf1Pd2In1,3,2.86
Zr1Pd2In1,3,2.19
Ga3Sc1,2,2.1
Ga3Lu1,2,2.2
Rb0.8Fe2Se2,3,31.05
Rb0.8Fe2Se1.9Te0.1,4,26.25
Rb0.8Fe2Se1.8Te0.2,4,25.05
Rb0.8Fe2Se1.75Te0.25,4,22.2
Rb0.8Fe2Se1.7Te0.3,4,25.5
Ca0.67Sr0.33Fe2As2,4,22.0
Te3Zr1,2,1.8
Ce1Cu2Si2,3,0.8
Ba0.5K0.5Fe2As2,4,37.78
Ba0.5K0.5Fe1.9Mn0.1As2,5,9.53
Ba0.5K0.5Fe1.9Ru0.1As2,5,37.14
Ba0.5K0.5Fe1.9Co0.1As2,5,30.31
Ba0.5K0.5Fe1.9Ni0.1As2,5,26.75
Ba0.5K0.5Fe1.9Cu0.1As2,5,22.29
Ba0.5K0.5Fe1.9Zn0.1As2,5,30.15
Ba0.5K0.5Fe1.96Mn0.04As2,5,23.3
Ba0.5K0.5Fe1.8Cu0.2As2,5,11.83
Ba0.5K0.5Fe1.8Ni0.2As2,5,11.1
Ba0.5K0.5Fe1.7Ni0.3As2,5,5.1
Ba0.5K0.5Fe1.8Zn0.2As2,5,18.3
Ba0.5K0.5Fe1.7Zn0.3As2,5,7.86
Ba0.5K0.5Fe1.8Co0.2As2,5,19.95
Ba0.5K0.5Fe1.7Co0.3As2,5,13.56
Ba0.5K0.5Fe1.8Ru0.2As2,5,36.5
Rb0.8Fe1.6Se2,3,32.4
Ce1Fe1As1H0.07O0.93,5,31.3
Ce1Fe1As1H0.2O0.8,5,45.6
Ce1Fe1As1H0.3O0.7,5,44.9
Ce1Fe1As1H0.4O0.6,5,37.3
Ba0.55K0.45Fe1.95Co0.05As2,5,32.5
Na1Fe1As1,3,9.58
Na1Fe0.99Co0.01As1,4,13.7
Na1Fe0.979Co0.021As1,4,19.4
Na1Fe0.972Co0.028As1,4,20.1
Na1Fe0.939Co0.061As1,4,13.4
Na1Fe0.925Co0.075As1,4,10.6
Ca10Pt3.213Fe9.787As18,4,4.3
Ca10Pt3.474Fe9.526As18,4,11.85
Ca10Pt3.53Fe9.47As18,4,15.8
Ca10Pt3.617Fe9.383As18,4,13.6
Ca10Pt3.981Fe9.019As18,4,7.49
Ce1Fe1As0.7P0.3O1,5,4.0
La1Ru3Si2,3,7.18
La1Ru2.97Fe0.03Si2,4,6.22
La1Ru2.94Fe0.06Si2,4,4.58
La1Ru2.925Fe0.075Si2,4,3.12
La1Ru2.9175Fe0.0825Si2,4,2.51
La1Ru2.94Co0.06Si2,4,6.62
La1Ru2.85Co0.15Si2,4,6.45
La1Ru2.76Co0.24Si2,4,6.04
Na0.16Ti1N1Cl1,4,14.0
Lu2Ir3Si5,3,5.55
Lu2Ir3Si4.98Ge0.02,4,6.32
Lu2Ir3Si4.95Ge0.05,4,6.75
Lu2Ir3Si4.9Ge0.1,4,7.74
Lu2Ir3Si4.75Ge0.25,4,6.2
Lu2Ir3Si4.5Ge0.5,4,5.2
Lu2Ir3Si4.25Ge0.75,4,4.6
Lu2Ir3Si4Ge1,4,3.6
Lu2Ir2.97Rh0.03Si5,4,4.6
Lu2Ir2.91Rh0.09Si5,4,3.8
Lu2Ir2.7Rh0.3Si5,4,3.1
Lu2Ir2.4Rh0.6Si5,4,2.5
Lu1.96Sc0.04Ir3Si5,4,2.8
Lu1.92Sc0.08Ir3Si5,4,3.1
Lu1.9Sc0.1Ir3Si5,4,3.2
Rh3Bi14,2,2.94
K1Ni2Se2,3,0.8
La1Fe1As1O0.85,4,25.0
La1Fe1As1H0.15,4,27.5
La1Fe1As1H0.35,4,29.0
La1Fe1As1H0.55,4,30.5
La1Fe1As1H0.7,4,32.5
La1Fe1As1H0.85,4,35.0
Ca3Ir4Sn13,3,6.9
Ba1Fe2As1.5P0.5,4,15.9
Ba1Fe2As1.46P0.54,4,24.5
Ba1Fe2As1.34P0.66,4,28.8
Ba1Ni2Ge1P1,4,0.68
Ba1Ni2Ge0.8P1.2,4,1.38
Ba1Ni2Ge0.6P1.4,4,2.45
Ba1Ni2Ge0.4P1.6,4,2.84
Ba1Ni2Ge0.2P1.8,4,2.59
Ba1Ni2P2,3,2.55
Ca0.5Na0.5Fe2As2,4,17.8
Ca10Pt3.97Fe9.03As18,4,11.0
Na1Al1Si1,3,7.4
Ba0.77K0.23Fe2As2,4,16.5
Ba0.39K0.61Fe2As2,4,24.5
La1Fe1P1O1,4,7.32
La1Fe1P1O1,4,6.72
Pr1Fe1P1O1,4,3.96
Nd1Fe1P1O1,4,3.83
La1Fe1P1O1,4,6.61
La1Fe1P1O1,4,5.63
La1Fe1P1O1,4,7.22
Ce1Bi1S2F0.33O0.67,5,2.25
Ce1Bi1S2F0.4O0.6,5,2.77
Ce1Bi1S2F0.5O0.5,5,3.0
Ce1Bi1S2F0.6O0.4,5,2.96
Fe1Te0.6Se0.4,3,11.0
La1Bi1S2F0.5O0.5,5,2.7
La1Bi1S2F0.5O0.5,5,3.0
La1Bi1S2F0.5O0.5,5,9.09
Bi4S3O4,3,6.55
La2Pt3Ge5,3,8.1
Pr2Pt3Ge5,3,7.8
K1Fe2As2,3,3.4
Tl0.9Bi0.1Sr1.8Yb0.2Ca1Cu1.99Fe0.01O7,8,64.05
Tl0.9Bi0.1Sr1.8Yb0.2Ca0.9Cd0.1Cu1.99Fe0.01O7,9,71.3
Tl0.9Bi0.1Sr1.8Yb0.2Ca0.8Cd0.2Cu1.99Fe0.01O7,9,78.35
Tl0.9Bi0.1Sr1.8Yb0.2Ca0.7Cd0.3Cu1.99Fe0.01O7,9,85.0
Tl0.9Bi0.1Sr1.8Yb0.2Ca0.6Cd0.4Cu1.99Fe0.01O7,9,83.35
Ba1Ti2Bi2O1,4,4.6
Hg1Ba2Ca2Cu3O8,5,130.9
Ba1Ti2As0.2Sb1.8O1,5,0.48
Ba1Ti2Sb2O1,4,1.48
Ba1Ti2Sb1.6Bi0.4O1,5,3.47
Ba1Ti2Sb1.4Bi0.6O1,5,2.59
Ba1Ti2Sb0.8Bi1.2O1,5,4.02
Ba1Ti2Sb0.4Bi1.6O1,5,4.52
Nd1Bi1S2F0.1O0.9,5,4.24
Nd1Bi1S2F0.2O0.8,5,5.12
Nd1Bi1S2F0.3O0.7,5,5.12
Nd1Bi1S2F0.4O0.6,5,5.25
Nd1Bi1S2F0.5O0.5,5,4.7
Nd1Bi1S2F0.6O0.4,5,4.35
Nd1Bi1S2F0.7O0.3,5,4.25
Bi6S5O8,3,2.4
Bi4S3O4,3,4.11
Bi3.99Cu0.01S3O4,4,3.93
Bi3.975Cu0.025S3O4,4,2.99
Bi3.95Cu0.05S3O4,4,2.59
Bi3.9Cu0.1S3O4,4,2.99
Tl2Ba2Ca2Cu3O,5,107.7
Tl2Ba2Ca1.9Cu0.1Cu3O,5,110.85
Tl2Ba2Ca1.7Cu0.3Cu3O,5,111.5
Tl2Ba2Ca1.5Cu0.5Cu3O,5,106.1
Tl2Ba2Ca1.3Cu0.7Cu3O,5,107.05
Ca4Al2Fe2As2O6,5,28.2
Ca4Al2Fe2P2O6,5,17.1
Ca3Al2Fe2As2O5,5,30.2
Ca3Al2Fe2P2O5,5,16.6
C3Y2,2,15.65
Mg1B1.9C0.1,3,31.4
Mg1B1.8C0.2,3,19.7
Fe1.03Te0.8Se0.2,3,13.5
Fe1.03Te0.72Se0.28,3,13.9
Fe1.03Te0.6Se0.4,3,14.0
Fe1.03Te0.5Se0.5,3,12.9
K0.58Fe1.56Se2,3,31.9
Y3Ru4Ge13,3,2.85
Sr0.5La0.5F1Bi1S2,5,2.8
Te3Zr1,2,3.0
Mo1Sr2Y1Cu2O8,5,39.8
Mo1Sr2Y0.93Ca0.07Cu2O8,6,50.1
Li1Fe1P1,3,4.86
Ca9.57La0.43Pt3Fe10As18,5,13.3
Ca9.35La0.65Pt3Fe10As18,5,19.7
Ca9.07La0.93Pt3Fe10As18,5,22.2
Ca8.55La1.45Pt3Fe10As18,5,26.1
Ca8.18La1.82Pt3Fe10As18,5,22.1
Li1Fe1P1,3,4.9
Li1Fe1As1,3,17.3
Sr1Pt2Sb2,3,2.1
Pr1Pt4Ge12,3,7.8
Ca10Pt4Fe10As18,4,38.0
Ca10Pt4.1Fe9.9As18,4,32.2
Ca10Pt4.3Fe9.7As18,4,33.9
Ca10Pt4.6Fe9.4As18,4,22.5
Ca10Pt5Fe9As18,4,9.78
Ca10Pt3.42Fe9.58As18,4,10.96
Ca10Pt3.51Fe9.49As18,4,12.44
Ca10Pt3.72Fe9.28As18,4,14.9
Ca8La2Pt3.3Fe9.7As18,5,29.4
Ag1Sn1Se2,3,4.55
Sr1Fe2As1.3P0.7,4,23.3
Ba1Fe1.892Ni0.108As2,4,16.0
Ba1Fe1.856Ni0.144As2,4,7.5
K0.83Fe1.83Se2,3,32.5
K0.8Fe2Se2,3,32.5
Eu0.5K0.5Fe2As2,4,31.5
Ba0.8K0.2Fe2As2,4,7.28
Ba0.7K0.3Fe2As2,4,37.4
Ba0.4K0.6Fe2As2,4,28.7
Ba0.3K0.7Fe2As2,4,19.4
Ba0.2K0.8Fe2As2,4,11.7
Ba0.1K0.9Fe2As2,4,6.86
K1Fe2As2,3,3.0
Mo3Sb7,2,2.35
Fe1Se1,2,9.9
Ca0.32Na0.68Fe2As2,4,33.0
La1Fe0.98Ru0.02As1F0.11O0.89,6,27.4
La1Fe0.9Ru0.1As1F0.11O0.89,6,23.7
La1Fe0.8Ru0.2As1F0.11O0.89,6,19.7
La1Fe0.75Ru0.25As1F0.11O0.89,6,17.6
La1Fe0.7Ru0.3As1F0.11O0.89,6,18.3
La1Fe0.5Ru0.5As1F0.11O0.89,6,13.6
Nd1Fe0.98Ru0.02As1F0.11O0.89,6,46.7
Nd1Fe0.9Ru0.1As1F0.11O0.89,6,37.4
Nd1Fe0.8Ru0.2As1F0.11O0.89,6,22.1
Nd1Fe0.7Ru0.3As1F0.11O0.89,6,21.3
Nd1Fe0.5Ru0.5As1F0.11O0.89,6,13.7
Sm1Fe0.95Ru0.05As1F0.15O0.85,6,39.3
Sm1Fe0.8Ru0.2As1F0.15O0.85,6,16.9
Sm1Fe0.7Ru0.3As1F0.15O0.85,6,11.1
Sm1Fe0.5Ru0.5As1F0.15O0.85,6,4.26
Ir0.99Pt0.01Te2,3,2.05
Ir0.98Pt0.02Te2,3,2.855
Ir0.97Pt0.03Te2,3,3.07
Ir0.96Pt0.04Te2,3,2.945
Ir0.94Pt0.06Te2,3,2.69
Ir0.92Pt0.08Te2,3,2.28
Sn0.6In0.4Te1,3,4.75
Sn0.961In0.027Te1,3,1.85
Sn0.95In0.038Te1,3,1.9
Sn0.927In0.061Te1,3,1.8
Sn0.923In0.065Te1,3,1.8
Sn0.915In0.073Te1,3,1.9
Sn0.904In0.084Te1,3,1.76
Sm1Fe0.85Ir0.15As1O1,5,16.0
Fe1Se0.92,2,7.6
Fe1Se0.874Sb0.046,3,9.2
Fe1Se0.828Sb0.092,3,8.3
Fe1Se0.736Sb0.184,3,8.85
Ca1Ga1Si1,3,4.2
Bi2Te3,2,2.845
Bi0.85Sb0.15,2,6.79
Ta1Se3,2,2.0
Li1Cu2P2,3,3.7
Li1Fe1P1,3,4.1
K0.5Ti1N1Cl1,4,16.3
Ti1N1,2,5.6
Li0.5Ti1N1Cl1,4,16.5
Na0.5Ti1N1Cl1,4,16.3
Rb0.5Ti1N1Cl1,4,16.3
Pr2Ba4Cu7O14.74,4,15.5
Pr2Ba4Cu7O14.36,4,20.6
Pr2Ba4Cu7O14.21,4,23.0
Sr1Pd2Ge2,3,3.0
Sr1Pd1.8Ni0.2Ge2,4,3.2
Sr1Pd1Ni1Ge2,4,2.1
Sr1Ni2Ge2,3,0.87
Li1Fe1As1,3,15.1
Li1Fe0.98Cu0.02As1,4,9.3
Sr1Pd1.99Pt0.01Ge2,4,2.82
Sr1Pd1.98Pt0.02Ge2,4,2.96
Sr1Pd1.96Pt0.04Ge2,4,3.16
Sr1Pd1.94Pt0.06Ge2,4,3.22
Sr1Pd1.93Pt0.07Ge2,4,3.24
Sr1Pd1.92Pt0.08Ge2,4,3.23
Sr1Pd1.9Pt0.1Ge2,4,2.89
Sr1Pd1.86Pt0.14Ge2,4,2.6
Sr1Pd2Si0.02Ge1.98,4,2.76
Sr1Pd2Si0.04Ge1.96,4,2.72
Sr1Pd2Si0.1Ge1.9,4,2.7
Sr1Pd1.98Ag0.02Ge2,4,2.64
Sr1Pd1.9Ag0.1Ge2,4,2.62
Sr1Pd1.8Ag0.2Ge2,4,2.52
Ca3Ir4Sn13,3,7.0
K0.8Fe2Se2,3,32.25
La1Ni2Ge2,3,0.69
La1Pd2Ge1.9Sn0.1,4,1.25
La1Pt2Ge1.8Sn0.2,4,1.3
La1Pd2Ge1.96Sn0.04,4,0.82
La1Pd2Ge1.92Sn0.08,4,1.44
In1N1,2,0.2
Ba1Fe1.87Co0.13As2,4,25.0
Ba1Fe1.83Zn0.04Co0.13As2,5,20.0
Ba1Fe1.81Zn0.06Co0.13As2,5,19.0
Ba1Fe1.79Zn0.08Co0.13As2,5,19.0
Y2Ir3Si5,3,2.96
La2Ir3Si5,3,1.99
Y3Ru4Ge13,3,1.8
Lu2Ir3Si5,3,3.3
Ba1Fe1.89Co0.11As2,4,25.0
Ba1Fe1.87Zn0.02Co0.11As2,5,20.0
Ba1Fe1.85Zn0.04Co0.11As2,5,18.5
Ba1Fe1.83Zn0.06Co0.11As2,5,17.0
Ba1Fe1.81Zn0.08Co0.11As2,5,11.0
Ba1Fe1.79Zn0.1Co0.11As2,5,8.0
Ba1Fe1.75Zn0.14Co0.11As2,5,5.0
K0.8Fe2Se2,3,30.5
K0.8Fe1.996Cr0.004Se2,4,20.0
K0.8Fe1.993Cr0.007Se2,4,11.0
K0.8Fe1.996Co0.004Se2,4,22.0
K0.8Fe1.992Co0.008Se2,4,17.0
K0.8Fe1.988Co0.012Se2,4,11.0
K0.8Fe1.99Mn0.01Se2,4,31.0
K0.8Fe1.979Mn0.021Se2,4,31.0
K0.8Fe1.97Mn0.03Se2,4,31.5
K0.8Fe1.951Mn0.049Se2,4,31.9
K0.8Fe1.933Mn0.067Se2,4,32.0
Li1Fe1As1,3,15.0
Ba0.85K0.15Fe2As2,4,4.0
Ba0.825K0.175Fe2As2,4,10.0
Ba0.8K0.2Fe2As2,4,17.0
Ba0.79K0.21Fe2As2,4,18.0
Ba0.78K0.22Fe2As2,4,23.5
Ba0.76K0.24Fe2As2,4,26.0
Ba0.75K0.25Fe2As2,4,28.5
Ba0.72K0.28Fe2As2,4,34.0
Ba0.7K0.3Fe2As2,4,36.0
Ba0.5K0.5Fe2As2,4,34.0
Ba0.3K0.7Fe2As2,4,20.0
Ba0.1K0.9Fe2As2,4,7.0
Ba0.84K0.16Fe2As2,4,7.3
Ba0.82K0.18Fe2As2,4,10.5
Ba0.81K0.19Fe2As2,4,15.0
La1Ru2P2,3,3.7
Sm1Fe1As1F0.075O0.925,5,33.0
Fe0.03Te0.9Se0.1,3,11.9
Fe0.02Te0.85Se0.15,3,12.7
Fe0.02Te0.8Se0.2,3,13.6
Fe1Te0.5Se0.5,3,15.6
Rb1Fe2As2,3,2.55
Rb1Fe2As2,3,1.73
Ba1Fe1.924Co0.076As2,4,14.2
Ba1Fe1.906Co0.094As2,4,20.0
Ba1Fe1.852Co0.148As2,4,23.4
Ba1Fe1.8Co0.2As2,4,18.9
Ba1Fe1.772Co0.228As2,4,16.4
K0.8Fe1.76Se2,3,30.1
Pr1Fe0.9Co0.1As0.95P0.05O1,6,14.2
Pr1Fe0.9Co0.1As0.9P0.1O1,6,14.7
Pr1Fe0.9Co0.1As0.85P0.15O1,6,12.2
Pr1Fe0.9Co0.1As0.8P0.2O1,6,10.9
Pr1Fe0.9Co0.1As0.7P0.3O1,6,9.86
Pr1Fe0.9Co0.1As0.5P0.5O1,6,7.46
Sm1Fe1As1F0.2O0.8,5,29.0
La1Fe1As1F0.2O0.8,5,25.0
Pr1Pt4Ge12,3,7.9
Cs1Fe2As2,3,1.81
Zr0.99V0.01B2,3,6.4
Zr0.96V0.04B2,3,8.7
Zr0.95V0.05B2,3,8.2
Ir3Te8,2,1.8
La0.8Hf0.2Bi1S2O1,5,2.36
La0.7Hf0.3Bi1S2O1,5,1.74
La0.6Hf0.4Bi1S2O1,5,1.74
La0.8Zr0.2Bi1S2O1,5,1.66
La0.8Ti0.2Bi1S2O1,5,2.35
La0.7Ti0.3Bi1S2O1,5,2.22
Na1Fe0.975Co0.025As1,4,21.0
Cu0.03Ir1Te2,3,2.53
Cu0.05Ir1Te2,3,2.84
Cu0.07Ir1Te2,3,2.71
Cu0.1Ir1Te2,3,2.41
Pr4Fe2As2Te0.88O4,5,25.1
Lu1Pt1Bi1,3,1.0
Cu1Ir1.8Pt0.2Se4,4,1.06
Cu1Ir1.6Pt0.4Se4,4,1.76
Cu1Ir1.4Pt0.6Se4,4,1.64
Ba0.9K0.1Fe2As2,4,5.5
Ba0.88K0.12Fe2As2,4,10.0
Ba0.85K0.15Fe2As2,4,18.0
Ba0.8K0.2Fe2As2,4,22.0
Ba0.75K0.25Fe2As2,4,31.0
Ba0.63K0.37Fe2As2,4,39.0
Sr1Pt3P1,3,8.4
Ca1Pt3P1,3,6.6
La1Pt3P1,3,1.5
Li0.9Mo6O17,3,2.2
Ir0.5Pt0.5Te2,3,3.0
C1,1,3.1
C1,1,4.1
C1,1,5.0
Pr1Fe1As1F0.11O0.89,5,45.0
La1Fe1As1F0.15O0.85,5,26.2
La1Fe0.8Zn0.2As1F0.15O0.85,6,25.5
La1Fe0.4Zn0.6As1F0.15O0.85,6,24.6
La1Fe0.2Zn0.8As1F0.15O0.85,6,23.9
Fe1Se0.93,2,7.0
Sn0.05Fe1Se0.93,3,7.0
Sn0.1Fe1Se0.93,3,7.0
Ca2Al3Si4,3,6.2
Ca2Al2.73Si4.27,3,6.4
Ca2Al2.39Si4.61,3,5.4
Bi3.99Cu0.01S3O4,4,3.94
Bi3.95Cu0.05S3O4,4,2.6
Bi3.9Cu0.1S3O4,4,3.0
La1Pd2Sb2,3,1.3
Eu1Sr2Nb0.8Sn0.2Cu2O8,6,40.0
Cu0.14Bi2Te3,3,6.0
Sr1Pt2Ge2,3,10.2
Sm1Fe1As1F0.12O0.88,5,50.1
Sm1Fe0.99Mn0.01As1F0.12O0.88,6,37.2
Sm1Fe0.97Mn0.03As1F0.12O0.88,6,31.3
Sm1Fe0.94Mn0.06As1F0.12O0.88,6,16.0
Sm1Fe0.99Ni0.01As1F0.12O0.88,6,45.7
Sm1Fe0.97Ni0.03As1F0.12O0.88,6,34.5
Sm1Fe0.94Ni0.06As1F0.12O0.88,6,18.8
Sm1Fe0.9Ni0.1As1F0.12O0.88,6,5.6
Ca10Pt4.05Fe8.95As18,4,13.0
Ca10Pt4.2Fe9.8As18,4,30.0
Lu2Sn1C1,3,5.2
Li2Pd3B1,3,8.29
Li2Pd3B0.95Al0.05,4,7.75
Li2Pd3B0.9Al0.1,4,7.49
Li2Pt3B1,3,3.19
Li2Pt3B0.99Al0.01,4,2.86
Li2Pt3B0.95Al0.05,4,2.12
Ir0.96Pt0.04Te2,3,3.0
Ir0.92Pt0.08Te2,3,2.49
Ir0.88Pt0.12Te2,3,1.92
Na1Fe0.97Co0.03As1,4,22.0
Zr2Co0.95Cu0.05,3,6.52
Zr2Co0.9Cu0.1,3,6.07
Zr2Co0.85Cu0.15,3,5.88
Zr2Co0.8Cu0.2,3,5.41
Zr2Co0.75Cu0.25,3,4.89
Zr2Co0.7Cu0.3,3,4.39
Bi4S3O4,3,4.4
Bi4S2.97Se0.03O4,4,4.2
Bi4S2.91Se0.09O4,4,3.7
Bi4S2.85Se0.15O4,4,3.5
Pr0.65Sr0.35Fe1As0.9Sb0.1O1,6,21.87
Pr0.65Sr0.35Fe1As0.8Sb0.2O1,6,22.0
Pr0.65Sr0.35Fe1As0.85Sb0.15O1,6,21.9
Pr0.65Sr0.35Fe1As0.95P0.05O1,6,15.4
Pr0.6Sr0.4Fe1As0.9Sb0.1O1,6,22.0
Pr0.65Sr0.35Fe1As1O1,5,16.5
K1Fe2As2,3,3.6
K0.9Na0.1Fe2As2,4,2.9
Ir0.95Te2,2,4.68
Ir0.85Rh0.1Te2,3,4.49
Ir0.75Rh0.2Te2,3,4.33
Ir0.68Rh0.27Te2,3,4.02
Ir0.58Rh0.37Te2,3,3.76
Ir0.53Rh0.42Te2,3,3.2
Ir0.43Rh0.52Te2,3,2.82
La1Fe1As1F0.1O0.9,5,27.0
Ce1Fe1As1F0.1O0.9,5,38.0
Pr1Fe1As1F0.1O0.9,5,43.0
Nd1Fe1As1F0.1O0.9,5,48.0
Sm1Fe1As1F0.1O0.9,5,53.0
La3Pd4Si4,3,1.98
Nb3Pd0.7Se7,3,2.1
Nb2Pd0.67Se5,3,1.2
La1Bi1S2F0.5O0.5,5,3.34
Ce1Bi1S2F0.5O0.5,5,2.27
Ba0.85Na0.15Ti2Sb2O1,5,5.0
Fe1Se1,2,8.2
Nb2Pd0.81S5,3,6.6
Nb2Pd1S5,3,6.25
Nb2Pd1S4.5Se0.5,4,4.27
Nb2Pd1S4.25Se0.75,4,3.18
Nb2Pd1S4Se1,4,2.76
Nb2Pd1S3.75Se1.25,4,2.23
Nb2Pd1S3.5Se1.5,4,1.87
Nb2Pd1S3Se2,4,1.17
Sb3Zr5,2,2.3
Sn3Zr5,2,1.9
Sb3Zr5,2,2.2
Ba0.75Na0.25Ti2Sb2O1,5,4.5
Sn0.975In0.025Te1,3,1.42
Sn0.96In0.04Te1,3,1.22
Sn0.95In0.05Te1,3,1.41
Ba3Ir4Ge16,3,6.1
Ba4Ir8Ge28,3,3.2
Nb0.18Re0.82,2,8.9
Nb0.25Re0.75,2,6.75
Nb0.29Re0.71,2,5.62
Nb0.31Re0.69,2,4.92
La1Pd0.85Bi2,3,2.1
Fe1Se1,2,9.4
Bi3Ni1,2,3.95
Ce1Co0.9Ru0.1In5,4,2.25
Ce1Co0.8Ru0.2In5,4,2.18
Ce1Co0.7Ru0.3In5,4,2.13
Ce1Co0.6Ru0.4In5,4,1.8
Ce1Co0.5Ru0.5In5,4,1.77
Eu1Fe2As2,3,31.0
Bi4S3O4,3,4.7
Eu1Fe2As1.7P0.3,4,25.0
Li1Fe3Se2O2,4,42.8
Pr1Pt4Ge12,3,7.92
Pr0.95Ce0.05Pt4Ge12,4,5.75
Pr0.93Ce0.07Pt4Ge12,4,5.52
Pr0.915Ce0.085Pt4Ge12,4,4.61
Pr0.9Ce0.1Pt4Ge12,4,4.11
Pr0.86Ce0.14Pt4Ge12,4,3.43
Pr0.8Ce0.2Pt4Ge12,4,1.767
Pr0.75Ce0.25Pt4Ge12,4,1.015
Pr0.65Ce0.35Pt4Ge12,4,0.29
Ca10Bi9.88,2,2.075
Tl1Ni2Se2,3,3.7
Rb0.19W1O3,3,5.5
Fe1Se0.82Br0.18,3,5.0
Fe1Se0.8Br0.2,3,5.0
Fe1Se0.7Br0.3,3,5.0
La1Bi1S2F0.3O0.77,5,3.1
La1Bi1S2F0.7O0.54,5,4.46
La1Bi1S2F0.9O0.54,5,4.55
Ce1Bi1S2F0.7O0.35,5,4.0
Ce1Bi1S2F0.9O0.34,5,3.51
Nd1Bi1S2F0.3O0.74,5,3.51
Nd1Bi1S2F0.7O0.63,5,5.24
Nd1Bi1S2F0.9O0.62,5,5.44
Ca0.86Pr0.14Fe2As2,4,32.5
Ce1Cu2Si2,3,0.6
Ca1Pd2As2,3,1.27
Sr1Pd2As2,3,0.92
Ba1Pd2As2,3,2.0
Nd1Fe1As1F0.1O0.9,5,51.0
Au0.075Sb0.85Te0.075,3,4.5
Au0.1Sb0.8Te0.1,3,6.0
Au0.125Sb0.75Te0.125,3,6.7
Au0.2Sb0.6Te0.2,3,6.6
Au0.1Sb0.9,2,8.0
Au0.1Sb0.9,2,7.0
Au0.15Sb0.85,2,8.1
Ba2Bi3,2,4.4
Nd1Fe1As1F0.1O0.9,5,53.0
Ba0.95Na0.05Ti2Sb2O1,5,3.14
Ba0.9Na0.1Ti2Sb2O1,5,4.24
Ba0.85Na0.15Ti2Sb2O1,5,5.22
Ba0.75Na0.25Ti2Sb2O1,5,5.53
Sr2V1Fe1As1O3,5,24.8
Sr1.9Ca0.1V1Fe1As1O3,6,25.8
Sr1.8Ca0.2V1Fe1As1O3,6,13.7
Sr1.7Ca0.3V1Fe1As1O3,6,0.8
La1Bi1S2F0.2O0.8,5,7.11
La1Bi1S2F0.4O0.6,5,10.26
La1Bi1S2F0.5O0.5,5,10.96
La1Bi1S2F0.6O0.4,5,9.5
La1Bi1S2F0.7O0.3,5,7.86
Er1Pd1Bi1,3,1.24
La1Ni0.84Bi2.04,3,4.41
Ce1Ni0.8Bi2.03,3,4.2
Pr1Ni0.79Bi1.98,3,4.2
Nd1Ni0.72Bi2.14,3,4.2
Sm1Ni0.78Bi2.08,3,4.2
Gd1Ni0.72Bi1.91,3,4.2
Tb1Ni0.74Bi1.9,3,4.2
Dy1Ni0.74Bi1.78,3,4.2
Nd1Bi1S2F0.5O0.5,5,4.95
P1,1,9.5
La1Ni1C2,3,2.86
La1Ni0.95Cu0.05C2,4,3.15
La1Ni0.9Cu0.1C2,4,3.24
La1Ni0.85Cu0.15C2,4,3.31
La1Ni0.8Cu0.2C2,4,3.45
La1Ni0.75Cu0.25C2,4,3.48
La1Pd2Ge2,3,0.96
La3Pd4Ge4,3,2.23
La3Ni4Si4,3,0.96
La3Ni4Ge4,3,0.74
Pr0.8Sr0.2Fe1As1O1,5,13.6
Pr0.8Sr0.2Fe0.97Zn0.03As1O1,6,13.0
Pr0.8Sr0.2Fe0.94Zn0.06As1O1,6,12.0
Ir1Sn4,2,0.93
La1Pt4Ge12,3,8.2
Nd1Pt4Ge12,3,0.7
Bi4S3O4,3,4.47
La1Bi1S2F0.5O0.5,5,8.65
H1W1O3,3,120.0
La3Pd4Ge4,3,2.5
Mg1B2,2,33.0
Au25Sb75,2,6.7
Pd16.5Sb83.5,2,4.9
In25Sb75,2,4.1
In31.5Sb68.5,2,3.7
Au30Pd3.3Te66.6,3,2.6
Au16.7Pd16.6Te66.7,3,4.6
La1Bi1S2F0.5O0.5,5,3.1
Ce1Bi1S2F0.5O0.5,5,1.89
Pr1Bi1S2F0.5O0.5,5,4.29
Nd1Bi1S2F0.5O0.5,5,4.37
Yb1Bi1S2F0.5O0.5,5,5.3
Pr1Ru4As12,3,2.5
Na1Fe1As1,3,8.94
Na1Fe0.995Co0.005As1,4,9.81
Na1Fe0.99Co0.01As1,4,17.8
Na1Fe0.985Co0.015As1,4,19.9
Na1Fe0.97Co0.03As1,4,21.0
Na1Fe0.95Co0.05As1,4,15.9
Ba1Ti2Sb2O1,4,0.95
Ba0.85Na0.15Fe2As2,4,5.3
Ba0.8Na0.2Fe2As2,4,11.8
Ba0.76Na0.24Fe2As2,4,15.9
Ba0.7Na0.3Fe2As2,4,23.8
Ba0.65Na0.35Fe2As2,4,33.1
Ba0.6Na0.4Fe2As2,4,33.7
Ba0.5Na0.5Fe2As2,4,32.8
Ba0.4Na0.6Fe2As2,4,28.7
Ba0.3Na0.7Fe2As2,4,24.2
Ba0.2Na0.8Fe2As2,4,19.2
Ba0.1Na0.9Fe2As2,4,18.4
La1Rh1P1,3,2.5
La1Ir1P1,3,5.3
La1Ir1As1,3,3.1
Pr4Fe2As2Te0.88O4,5,25.0
Sm4Fe2As2Te0.92O4,5,25.0
Gd4Fe2As2Te0.9O4,5,25.0
Sm4Fe2As2Te0.72F1.2O2.8,6,40.0
Gd4Fe2As2Te0.92F0.8O3.2,6,45.0
Ba1Fe1.857Co0.13Mn0.013As2,5,18.0
Ba1Fe1.832Co0.15Mn0.018As2,5,13.5
Ba1Fe1.86Co0.12Mn0.02As2,5,12.5
Ba1Fe1.84Co0.13Mn0.03As2,5,8.0
Ba1Fe2As1.3P0.7,4,30.0
Ba1Fe1.97Mn0.03As1.3P0.7,5,16.0
Ce1Ir1In5,3,1.273
Mo1Sn0.03Sr2Y1Cu2O8,6,26.0
Ce1Ir1In4.973Hg0.027,4,0.955
Ce1Ir1In4.955Hg0.045,4,0.993
Ce1Ir1In4.946Hg0.054,4,0.476
Ce1Ir1In4.996Sn0.004,4,1.043
Ce1Ir1In4.986Sn0.014,4,0.8
Ce1Ir1In4.97Sn0.03,4,0.66
Ce1Ir0.987Pt0.013In5,4,0.897
Ce1Ir0.978Pt0.022In5,4,0.734
Ce1Ir0.956Pt0.044In5,4,0.429
Na1Fe1As1,3,11.1
Na1Fe0.99Co0.01As1,4,13.0
Na1Fe0.98Co0.02As1,4,18.8
Na1Fe0.97Co0.03As1,4,20.4
Na1Fe0.95Co0.05As1,4,17.0
Na1Fe0.92Co0.08As1,4,7.53
Ba1Fe1.926Co0.074As2,4,6.2
Ba1Fe1.92Co0.08As2,4,6.7
Ba0.95Rb0.05Ti2Sb2O1,5,4.25
Ba0.9Rb0.1Ti2Sb2O1,5,5.33
Ba0.8Rb0.2Ti2Sb2O1,5,6.19
Ba0.7Rb0.3Ti2Sb2O1,5,5.93
Ba0.6Rb0.4Ti2Sb2O1,5,5.71
La1Pd1Si3,3,2.65
La1Pt1Si3,3,1.52
Tl0.4Rb0.4Fe1.67Se2,4,31.8
K0.8Fe1.7Se2,3,32.0
Ir0.95Pd0.05Te2,3,2.5
K0.38W1O3,3,2.09
K0.4W1O3,3,1.74
K0.42W1O3,3,1.34
K0.45W1O3,3,0.885
La3Co4Sn13,3,1.95
La3Co4Sn13,3,2.85
La1F0.5Bi1S2O0.5,5,9.25
Ca10Pt0.78Fe9.22As18,4,9.96
Bi2.15Sr1.9Cu1O6,4,4.0
Bi2.15Sr1.9Cu1O6,4,4.3
Ca3Ir4Ge4,3,1.7
Pb4Ag1Bi6Se14,4,1.075
Pb3.9Ag1.1Bi6Se14,4,1.7
Nb0.87Si0.09N0.87O0.13,4,16.35
Nb1N0.87O0.13,3,17.2
Bi2Sr2Cu1O6,4,6.0
Bi2Sr2Cu1O6,4,9.0
Pb0.445Sn0.445In0.13Te1,4,3.2
Pb0.42Sn0.42In0.16Te1,4,3.4
Pb0.4Sn0.4In0.2Te1,4,4.0
Pb0.35Sn0.35In0.3Te1,4,4.8
La1Bi1S2F0.5O0.5,5,2.65
La1Bi1S2F0.5O0.5,5,7.92
La1Bi1S2F0.5O0.5,5,5.43
La1Bi1S2F0.5O0.5,5,4.51
La1Bi1S2F0.5O0.5,5,2.75
Y1Pt1Bi1,3,0.98
Nb2B1N1,3,4.4
Ce1Ni0.8Bi2,3,4.2
La0.9Y0.1Co2B2,4,4.1
La2Sb1,2,5.3
Sm1Fe0.96Ni0.04As1O1,5,7.5
Sm1Fe0.94Ni0.06As1O1,5,9.0
Sm1Fe0.92Ni0.08As1O1,5,6.0
Ba0.96K0.04Ti2Sb2O1,5,3.88
Ba0.95K0.05Ti2Sb2O1,5,4.25
Ba0.9K0.1Ti2Sb2O1,5,5.13
Ba0.88K0.12Ti2Sb2O1,5,6.1
Ba0.85K0.15Ti2Sb2O1,5,5.86
Ba0.8K0.2Ti2Sb2O1,5,3.0
Eu1Sr2Ta0.8Sn0.2Cu2O8,6,40.0
Sm1Sr2Ta0.8Sn0.2Cu2O8,6,30.0
Nb0.6Al0.08N0.79O0.21,4,7.0
Nb0.89Al0.11N0.85O0.17,4,17.3
Nb0.95Mg0.05N0.92O0.08,4,15.0
Nb0.95Mg0.05N0.92O0.08,4,17.6
Nb0.9Mg0.1N0.87O0.13,4,5.0
Nb0.9Mg0.1N0.87O0.13,4,16.2
Nb1N0.98O0.02,3,17.7
Nb0.95Mg0.05N0.92O0.08,4,17.0
Nb0.89Al0.11N0.84O0.16,4,16.7
Nb0.87Si0.09N0.13O0.13,4,16.8
Ti0.4V0.6,2,7.46
Ti0.6V0.4,2,7.15
Ti0.7V0.3,2,7.0
Ti0.8V0.2,2,4.15
Ce1Pd1Bi1,3,1.3
La1C2,2,1.695
La1C2,2,1.8
Sr1Pd1Ge3,3,1.5
Ba1Pt1Si3,3,1.75
Sr1Pt1Ge3,3,1.0
La1Pd0.6Ge0.14,3,2.8
Fe1Se0.3Te0.7,3,14.5
Fe0.99Co0.01Se0.3Te0.7,4,13.3
Fe0.98Co0.02Se0.3Te0.7,4,10.3
Fe0.97Co0.03Se0.3Te0.7,4,9.24
Fe0.95Co0.05Se0.3Te0.7,4,8.2
Fe0.99Ni0.01Se0.3Te0.7,4,9.5
Fe0.98Ni0.02Se0.3Te0.7,4,2.1
Fe0.99Zn0.01Se0.3Te0.7,4,13.0
Fe0.98Zn0.02Se0.3Te0.7,4,12.0
Fe0.97Zn0.03Se0.3Te0.7,4,11.8
Fe0.95Zn0.05Se0.3Te0.7,4,13.5
Cu0.1Bi2Se3,3,2.95
Au0.65Pt0.35Te2,3,4.1
Au1Te2,2,1.8
La1Pt2Ge2,3,0.41
La1Pt1.85Ge2.15,3,1.85
La1Pt1.8Ge2.2,3,1.95
Al2C1Mo3,3,8.2
Pr2Ba4Cu7O14.44,4,20.75
Sn0.95In0.05Te1,3,1.21
Pb0.2375Sn0.7125In0.05Te1,4,2.66
Pb0.3325Sn0.6175In0.05Te1,4,1.61
Sn0.84In0.16Te1,3,2.14
Pb0.252Sn0.588In0.16Te1,4,3.92
Pb0.42Sn0.42In0.16Te1,4,4.21
Sn0.975In0.025Te1,3,0.84
Sn0.92In0.08Te1,3,1.36
Sn0.84In0.16Te1,3,2.12
Pb0.196Sn0.784In0.02Te1,4,1.68
Pb0.184Sn0.736In0.08Te1,4,2.84
Pb0.16Sn0.64In0.2Te1,4,3.31
Pb0.38Sn0.57In0.05Te1,4,0.68
Pb0.352Sn0.528In0.12Te1,4,3.6
Pb0.32Sn0.48In0.2Te1,4,4.19
Y1Pt2Si2,3,1.5
La1Pt2Si2,3,1.5
Lu1Pt2Si2,3,1.9
Ba1Ti2Sb2O1,4,1.19
Ba1Ti2Sb1.8Sn0.2O1,5,2.2
Ba1Ti2Sb1.7Sn0.3O1,5,2.2
Ba1Ti2Sb1.6Sn0.4O1,5,2.31
Ba1Ti2Sb1.4Sn0.6O1,5,2.49
Sc5Ir4Si10,3,8.0
Pr2Ba4Cu7O15,4,27.0
Nd1Bi1S2F0.3O0.7,5,5.25
Au1Te2,2,2.3
La1Ru4P12,3,6.57
Ca0.9La0.1Fe1As2,4,34.0
Ca0.79La0.21Fe1As2,4,25.0
Lu1Ru2,2,2.23
Ru2Y1,2,2.75
Ru2Sc1,2,2.36
Ce0.95Nd0.05Co1In5,4,1.9
Ce0.965La0.035Co1In5,4,1.84
Sr0.58La0.42Bi1S2F1,5,2.13
Sr0.55La0.45Bi1S2F1,5,3.1
Sr0.5La0.5Bi1S2F1,5,3.04
Sr0.4La0.6Bi1S2F1,5,2.96
Ca0.9La0.1Fe1As1H1,5,28.2
Ca0.8La0.2Fe1As1H1,5,40.6
Ca0.7La0.3Fe1As1H1,5,35.7
Cr2Re3B1,3,4.8
Sr1Ca13Cu24O41,4,11.8
Ba2Bi1.75Sb1.25,3,3.51
Ba2Bi2Sb1,3,3.92
Ba2Bi2.25Sb0.75,3,4.06
Ba2Bi2.5Sb0.5,3,4.25
Ba2Bi2.75Sb0.25,3,4.46
Ba2Bi3,2,4.48
Zr1P1.5Se0.5,3,5.76
Zr1P1.35Se0.65,3,6.24
Zr1P1.25Se0.75,3,6.3
Zr1P1.1Se0.9,3,5.34
Zr1P0.6Se1.4,3,4.11
Zr1P1.6S0.4,3,4.36
Zr1P1.4S0.6,3,4.99
Zr1P1.25S0.75,3,4.85
Zr1P1S1,3,3.6
Hf1P1.5S0.5,3,4.63
Hf1P1.7S0.3,3,3.71
Hf1P1.5S0.5,3,5.31
As1Cr1,2,2.17
Li2Ir1Si3,3,3.7
K0.8Fe1.78Se2,3,32.0
Tl0.6Rb0.4Fe1.67Se2,4,32.0
La1Fe1As1H0.08O0.92,5,28.7
La1Fe1As1H0.21O0.79,5,17.8
La1Fe1As1H0.3O0.7,5,38.0
La1Fe1As1H0.46O0.54,5,36.2
La1Fe1As1H0.24O0.76,5,30.1
Gd1Fe1As1H0.1O0.9,5,55.0
Gd1Fe1As1H0.3O0.7,5,45.9
Sm1Fe1As1H0.066O0.934,5,43.3
Sm1Fe1As1H0.25O0.75,5,54.7
Sm1Fe1As1H0.4O0.6,5,46.4
Ce1Fe1As1H0.065O0.935,5,41.1
Ce1Fe1As1H0.22O0.78,5,48.0
Ce1Fe1As1H0.4O0.6,5,43.1
Ba1Fe1.9Ni0.1As2,4,20.0
Fe1.02Te0.5Se0.5,3,13.6
Fe1.02Te0.5Se0.4S0.1,4,13.0
Fe1.02Te0.5Se0.3S0.2,4,11.64
Fe1.02Te0.5Se0.2S0.3,4,10.16
Fe1.02Te0.5Se0.1S0.4,4,8.45
Eu1Sr2Ta0.8Sn0.2O8,5,40.0
Sm1Sr2Ta0.8Sn0.2O8,5,30.0
Sm1Fe1As1F0.25O0.7,5,49.6
Ba0.9Rb0.1Fe2As2,4,23.3
Fe1Se0.4Te0.6,3,14.2
Sm1Fe1As1F0.12O0.88,5,49.35
Sm1Fe1As0.95P0.05F0.12O0.88,6,46.8
Sm1Fe1As0.9P0.1F0.12O0.88,6,36.35
Sm1Fe1As0.85P0.15F0.12O0.88,6,17.8
Sm1Fe1As0.8P0.2F0.12O0.88,6,15.6
Ce0.6Nd0.4F0.5Bi1S2O0.5,6,3.0
Ce0.5Nd0.5F0.5Bi1S2O0.5,6,3.46
Ce0.4Nd0.6F0.5Bi1S2O0.5,6,3.94
Ce0.3Nd0.7F0.5Bi1S2O0.5,6,4.07
Ce0.2Nd0.8F0.5Bi1S2O0.5,6,4.42
Ce0.1Nd0.9F0.5Bi1S2O0.5,6,4.68
Nd1F0.5Bi1S2O0.5,5,4.79
K0.8Fe1.97Mn0.03Se2,4,37.4
K0.8Fe1.97Mn0.03Se2,4,42.2
Ba8Si44Al2,3,5.85
Ba8Si43Al3,3,5.75
Ba8Si41Al5,3,6.0
Ba8Si40Al6,3,5.6
Ba8Si39Al7,3,4.0
Ba8Si38Al8,3,3.0
Fe1Sr2Y1Cu2O7.51,5,53.5
Fe1Sr2Eu1Cu2O7.51,5,22.0
Fe1Sr2Gd1Cu2O7.58,5,36.5
Fe1Sr2Nd1Cu2O7.54,5,4.2
Fe1Sr2Er1Cu2O7.5,5,52.0
Dy1Ni2B2C1,4,6.3
Sn0.776Pb0.194In0.03Te1,4,2.25
Sn0.768Pb0.192In0.04Te1,4,2.57
Sn0.576Pb0.384In0.04Te1,4,0.4
Sn0.9025Pb0.0475In0.05Te1,4,1.79
Sn0.8549Pb0.0951In0.05Te1,4,2.06
Sn0.8075Pb0.1425In0.05Te1,4,2.81
Sn0.7598Pb0.1902In0.05Te1,4,2.77
Sn0.7127Pb0.2373In0.05Te1,4,2.62
Sn0.6646Pb0.2854In0.05Te1,4,2.28
Sn0.6175Pb0.3325In0.05Te1,4,1.6
Sn0.57Pb0.38In0.05Te1,4,0.703
Sn0.92In0.08Te1,3,1.35
Sn0.736Pb0.184In0.08Te1,4,2.82
Sn0.552Pb0.368In0.08Te1,4,2.16
Sn0.8798Pb0.0002In0.12Te1,4,1.76
Sn0.704Pb0.176In0.12Te1,4,2.98
Sn0.5277Pb0.3523In0.12Te1,4,3.58
Sn0.84In0.16Te1,3,2.13
Sn0.6723Pb0.1677In0.16Te1,4,3.11
Sn0.5883Pb0.2517In0.16Te1,4,3.88
Sn0.504Pb0.336In0.16Te1,4,4.01
Sn0.4197Pb0.4203In0.16Te1,4,4.18
Sn0.3361Pb0.5039In0.16Te1,4,2.49
Sn0.6001Pb0.1999In0.2Te1,4,3.59
Sn0.56Pb0.24In0.2Te1,4,3.87
Sn0.4797Pb0.3203In0.2Te1,4,4.16
Sn0.3997Pb0.4003In0.2Te1,4,4.23
Sn0.32Pb0.48In0.2Te1,4,3.35
Eu1Pt1Si3,3,3.7
La1Ir1Si3,3,1.45
La0.95Y0.05F0.5Bi1S2O0.5,6,2.5
La0.75Y0.25F0.5Bi1S2O0.5,6,3.1
Bi2Se3,2,8.2
Y1Ba2Cu3O6.98,4,89.6
Y1Ba2Cu3O6.98,4,89.5
Y1Ba2Cu3O6.8,4,77.1
Y1Ba2Cu3O6.8,4,83.2
Y1Ba2Cu3O6.66,4,58.9
Y1Ba2Cu3O6.66,4,62.6
Y1Ba2Cu3O6.45,4,45.4
Y1Ba2Cu3O6.45,4,49.5
Pr1Bi1S2F0.5O0.5,5,3.7
Ba1Fe1.84Co0.16As2,4,26.3
Mo1O2,2,12.0
Ca1Fe0.9Co0.1As1F1,5,22.0
Ca0.9Pr0.1Fe1.3As1.8O0.2,5,20.0
Ca0.9Pr0.1Fe1As2,4,20.0
Sr0.8La0.2Fe1As1F1,5,24.4
Lu1Sn1Ge1,3,0.57
La1Bi1S2F0.5O0.5,5,2.5
La1Bi1S2F0.5O0.5,5,10.7
Ca0.88La0.12Fe1As1.8Sb0.2,5,47.2
Ca0.85La0.15Fe1As1.98Sb0.02,5,43.0
Ca0.85La0.15Fe1As2,4,35.1
Ca0.84La0.16Fe1As2,4,34.0
Ca0.81La0.19Fe1As2,4,28.1
Ca0.79La0.21Fe1As2,4,28.0
Ca0.78La0.22Fe1As2,4,21.8
Ca0.84Ce0.16Fe1As1.98Sb0.02,5,21.0
Ca0.76Ce0.24Fe1As1.8Sb0.2,5,43.0
Ca0.8Pr0.2Fe1As2,4,10.0
Ca0.82Pr0.18Fe1As1.98Sb0.02,5,26.0
Ca0.76Pr0.24Fe1As0.9Sb0.1,5,43.0
Ca0.81Nd0.19Fe1As2,4,11.0
Ca0.81Nd0.19Fe1As1.98Sb0.02,5,24.0
Ca0.84Nd0.16Fe1As0.9Sb0.1,5,43.0
Li2Ir1Si3,3,3.8
Sr1Fe2As1.4P0.6,4,27.9
Sr1Fe2As1.3P0.7,4,29.6
Sr1Fe2As1.22P0.78,4,24.9
Sr1Fe2As1.08P0.92,4,19.2
Sr1Fe2As1P1,4,3.69
Sr1Fe2As1.4P0.6,4,33.9
Sr1Fe2As1.3P0.7,4,34.0
Sr1Fe2As1.22P0.78,4,29.8
Sr1Fe2As1.08P0.92,4,26.8
Sr1Fe2As1P1,4,14.5
Sr1Fe2As0.8P1.2,4,6.26
Au0.64Ge0.22Yb0.14,3,0.655
Au0.635Ge0.205Yb0.16,3,0.325
La1Bi1S2F0.5O0.5,5,2.49
La1Bi1S1.8Se0.2F0.5O0.5,6,2.19
La1Bi1S1.6Se0.4F0.5O0.5,6,2.5
La1Bi1S1.4Se0.6F0.5O0.5,6,3.0
La1Bi1S1.2Se0.8F0.5O0.5,6,3.7
La1Bi1S1Se1F0.5O0.5,6,3.78
La1Bi1S0.8Se1.2F0.5O0.5,6,3.6
La1Bi1S0.6Se1.4F0.5O0.5,6,3.01
Ce1Bi1S2F0.7O0.3,5,2.68
Ce0.8Nd0.2Bi1S2F0.7O0.3,6,3.145
Ce0.6Nd0.4Bi1S2F0.7O0.3,6,3.256
Ce0.4Nd0.6Bi1S2F0.7O0.3,6,3.67
Ce0.2Nd0.8Bi1S2F0.7O0.3,6,4.31
Nd1Bi1S2F0.7O0.3,5,4.75
Nd0.8Sm0.2Bi1S2F0.7O0.3,6,4.65
Nd0.6Sm0.4Bi1S2F0.7O0.3,6,4.58
Ce0.5Nd0.5Bi1S2F0.5O0.5,6,3.48
Ce0.4Nd0.6Bi1S2F0.5O0.5,6,3.93
Ce0.2Nd0.8Bi1S2F0.5O0.5,6,4.48
Nd1Bi1S2F0.5O0.5,5,4.78
Nd0.8Sm0.2Bi1S2F0.5O0.5,6,5.11
Nd0.6Sm0.4Bi1S2F0.5O0.5,6,5.32
Nd0.4Sm0.6Bi1S2F0.5O0.5,6,5.51
Ce0.2Nd0.8Bi1S2F0.3O0.7,6,2.33
Nd1Bi1S2F0.3O0.7,5,3.55
Nd0.8Sm0.2Bi1S2F0.3O0.7,6,4.9
Nd0.6Sm0.4Bi1S2F0.3O0.7,6,5.19
Nd0.4Sm0.6Bi1S2F0.3O0.7,6,5.38
Nd0.2Sm0.8Bi1S2F0.3O0.7,6,5.58
Ca1Fe0.93Co0.07As1H1,5,23.0
Ca1Fe0.91Co0.09As1H1,5,22.7
Ca1Fe0.88Co0.12As1H1,5,23.2
Ca1Fe0.83Co0.17As1H1,5,19.0
Ca1Fe0.78Co0.22As1H1,5,13.3
Ca1Fe0.74Co0.26As1H1,5,8.95
K0.5Na0.24Fe1.52Se2,4,20.0
Pr1.87Ce0.13Cu1O4,4,8.8
Pr1.86Ce0.14Cu1O4,4,17.7
Pr1.83Ce0.17Cu1O4,4,13.4
Eu1Bi1S2F1,4,0.3
La1Bi1Se2F0.5O0.5,5,3.43
La1Bi1Se2F0.5O0.5,5,3.57
La1.25Ba1.65Ca0.1Cu3O7.15,5,57.3
La1.25Ba1.55Ca0.2Cu3O7.16,5,68.5
La1.25Ba1.45Ca0.3Cu3O7.15,5,75.2
La1.25Ba1.35Ca0.4Cu3O7.16,5,79.8
Ba0.81K0.19Fe2As2,4,14.0
Ba0.81K0.19Fe2As2,4,9.2
Ba0.74K0.26Fe2As2,4,32.0
Ba0.68K0.32Fe2As2,4,37.0
Ba0.64K0.34Fe2As2,4,39.0
Ba2Ti2Fe2As4O1,5,21.5
Li0.8Fe1.2Se1H1O1,5,40.9
Li0.8Fe1.2Se0.84S0.16H1O1,6,38.6
Li0.8Fe1.2Se0.78S0.22H1O1,6,35.6
Li0.8Fe1.2Se0.72S0.28H1O1,6,35.0
Li0.8Fe1.2Se0.59S0.41H1O1,6,32.0
Li0.8Fe1.2Se0.47S0.53H1O1,6,24.2
Li0.8Fe1.2Se0.34S0.66H1O1,6,18.4
Li0.8Fe1.2Se0.23S0.77H1O1,6,11.0
Eu3Bi2S4F4,4,1.45
Ce1Bi1S2F0.7O0.3,5,4.5
Sr0.5Ce0.5Bi1S2F1,5,2.8
Ba1Pt2Sb2,3,1.835
Rb2Cr3As3,3,4.8
K2Cr3As3,3,6.1
Pd2Hf1Al1,3,3.55
Sr1Ti1O3,3,0.085
Sr1Ti1O3,3,0.175
Sr1Ti1O3,3,0.201
Sr0.9978Ca0.0022Ti1O3,4,0.067
Sr0.9978Ca0.0022Ti1O3,4,0.132
Sr0.9978Ca0.0022Ti1O3,4,0.182
Sr1Pt2As2,3,5.2
Gd1Fe1As1H0.1O0.9,5,56.2
Sm1Fe1As1H0.25O0.75,5,55.0
Ce1Fe1As1H0.21O0.79,5,48.0
La1Fe1As1H0.36O0.64,5,36.0
La1Fe1As1H0.44O0.56,5,21.0
La0.9Sm0.1Bi1S2F0.5O0.5,6,2.93
La0.7Sm0.3Bi1S2F0.5O0.5,6,3.11
La0.6Sm0.4Bi1S2F0.5O0.5,6,3.26
La0.5Sm0.5Bi1S2F0.5O0.5,6,4.05
La0.4Sm0.6Bi1S2F0.5O0.5,6,4.21
La0.3Sm0.7Bi1S2F0.5O0.5,6,5.14
La0.2Sm0.8Bi1S2F0.5O0.5,6,5.42
Eu1Fe1.72Ir0.28As2,4,21.5
Ce1Au2Si2,3,2.55
Ce1Au2Si2,3,1.15
Nb2Pd1S5,3,6.0
Ta4Pd3Te16,3,4.3
Bi3S3O2,3,4.1
Ce1Ni0.86Bi2,3,4.1
La1Ni0.72Bi2,3,4.05
La1Pd0.8Sb2,3,3.25
La1Pd0.8Bi2,3,2.865
Fe1Se0.96S0.04,3,9.58
Fe1Se0.91S0.09,3,10.1
Fe1Se0.89S0.11,3,10.7
Ir0.91Se2,2,6.45
Ir0.77Se2,2,3.5
Ir0.93Te2,2,4.7
Ca9La1Pt3Fe10As18,5,27.9
Ca8.87La1.13Pt3Fe10As18,5,32.8
Ca8.85La1.15Pt3Fe10As18,5,35.1
Ca8.6La1.4Pt3Fe10As18,5,34.5
Ca8.44La1.56Pt3Fe10As18,5,32.3
Ca7.62La2.38Pt3Fe10As18,5,26.0
Ca9.26Ce0.74Pt3Fe10As18,5,22.6
Ca8.38Ce1.62Pt3Fe10As18,5,30.5
Ca8.32Ce1.68Pt3Fe10As18,5,30.4
Ca7.16Ce2.84Pt3Fe10As18,5,18.9
Ca9.39Pr0.61Pt3Fe10As18,5,19.5
Ca8.77Pr1.23Pt3Fe10As18,5,26.9
Ca8.48Pr1.52Pt3Fe10As18,5,31.8
Ca8.03Pr1.97Pt3Fe10As18,5,25.0
Ca6.85Pr3.15Pt3Fe10As18,5,20.5
Ca8.77Nd1.23Pt3Fe10As18,5,28.4
Ca8.41Nd1.59Pt3Fe10As18,5,28.1
Ca7.65Nd2.35Pt3Fe10As18,5,18.9
Ca9.29Sm0.71Pt3Fe10As18,5,26.2
Ca8.45Sm1.55Pt3Fe10As18,5,28.0
Ca9.06Gd0.94Pt3Fe10As18,5,25.0
Ca9.16Tb0.84Pt3Fe10As18,5,23.7
Ca9.35Dy0.65Pt3Fe10As18,5,20.9
Ca9.68Ho0.32Pt3Fe10As18,5,19.5
Ca9.75Er0.25Pt3Fe10As18,5,17.6
Ca9.72Tm0.28Pt3Fe10As18,5,14.8
Ca9.5Yb0.5Pt3Fe10As18,5,11.6
Ca9.75Lu0.25Pt3Fe10As18,5,10.9
Ca9.58Y0.42Pt3Fe10As18,5,18.6
Ce1Bi1S2F0.45O0.55,5,2.295
Ce1Bi1S2F0.7O0.3,5,2.92
Ce1Bi1S2F0.6O0.4,5,4.46
Ce1Bi1S2F0.9O0.1,5,6.855
Ce1Bi1S2F0.4O0.6,5,2.85
Ga1Nb3,2,16.5
Ba0.9Yb0.1Fe2As2,4,20.0
La1Rh2Si2,3,1.1
La1Ir2Si2,3,1.1
La1Ir2Si2,3,1.55
La1Pt2Si2,3,1.365
Y1Ru2Si2,3,1.1
Y1Rh2Si2,3,1.1
Y1Pd2Si2,3,1.1
Y1Os2Si2,3,1.1
Y1Ir2Si2,3,1.1
Y1Ir2Si2,3,2.775
Y1Pt2Si2,3,1.64
Pb0.19Sn0.76In0.05Te1,4,2.76
Pb0.18Sn0.74In0.08Te1,4,2.85
Pb0.35Sn0.53In0.12Te1,4,3.5
Pb0.43Sn0.43In0.16Te1,4,4.17
Pb0.4Sn0.4In0.2Te1,4,4.24
H2S1,2,60.0
H2S1,2,185.0
La1Ni1B1N1,4,3.92
La1Pt1B1N1,4,6.7
La3Ni2B2N3,4,14.9
Ca1Ni1B1N1,4,2.08
Bi3S3O2,3,4.5
Bi12S11O18,3,4.0
Ir0.94Se2,2,6.24
Ir0.85Rh0.09Se2,3,7.61
Ir0.82Rh0.12Se2,3,7.96
Ir0.76Rh0.18Se2,3,8.09
Ir0.64Rh0.3Se2,3,8.77
Ir0.58Rh0.36Se2,3,9.6
Ir0.44Rh0.5Se2,3,9.24
Ir0.37Rh0.57Se2,3,9.09
Ir0.3Rh0.64Se2,3,8.39
Ir0.19Rh0.75Se2,3,7.49
Rh0.94Se2,2,5.19
Ba2Ti2Fe2As4O1,5,18.75
Ta4Pd3Te16,3,4.46
Eu3Bi2S4F4,4,1.4
Ca1Fe1As1F0.8H0.2,5,29.0
Ca0.85La0.15Fe1As2,4,16.2
Ca0.85Pr0.15Fe1As2,4,21.0
Ca0.85Nd0.15Fe1As2,4,14.0
Ca0.85Sm0.15Fe1As2,4,17.6
Ca0.85Eu0.15Fe1As2,4,12.2
Ca0.85Gd0.15Fe1As2,4,19.5
C0.681Mo1,2,12.0
La1Bi1Se2F0.5O0.5,5,3.48
Sr1Au1Si3,3,1.65
K0.08Zr1N1Cl1,4,13.0
K0.26Zr1N1Cl1,4,11.5
Nb1Si1As1,3,8.2
La3Ru8B6,3,3.15
Mg4Al1Si3,3,5.2
Mg1.4Al0.6Si1,3,6.0
Ca1Al1Si1,3,2.6
Ca1Al0.74Si1.26,3,2.46
La1Ni1Sb2,3,1.0
La1Cu1Sb2,3,0.9
La1Pd1Sb2,3,2.7
La1Pd2As2,3,0.97
K0.05Mo1O2,3,9.5
K0.3Mo1O2,3,4.0
La1Bi1Se2F0.5O0.5,5,2.6
Eu1Fe1.6As2P0.4,4,23.5
Eu1Fe1.4As2P0.6,4,28.7
Eu1Fe1.2As2P0.8,4,21.5
Eu1Fe1.78Ir0.22As2,4,21.0
Eu1Fe1.72Ir0.28As2,4,21.6
La1Fe1As1F0.08O0.9,5,25.9
La1Fe0.991Zn0.009As1F0.08O0.9,6,15.6
La1Fe0.985Zn0.015As1F0.08O0.9,6,0.2
La1Fe1As1F0.28O0.68,5,33.5
La1Fe0.982Zn0.018As1F0.28O0.68,6,19.6
La1Fe0.973Zn0.027As1F0.28O0.68,6,12.2
La1Fe0.951Zn0.049As1F0.28O0.68,6,1.0
La1Fe0.918Zn0.082As1F0.28O0.68,6,8.2
La1Fe0.905Zn0.095As1F0.28O0.68,6,3.5
Ir0.9Rh0.1Te2,3,2.61
Ir0.85Rh0.15Te2,3,2.39
Ir0.7Rh0.3Te2,3,2.09
Ca0.84La0.16Fe1As1.99P0.01,5,41.0
Ca0.82La0.18Fe1As1.99P0.01,5,39.0
Ca0.77La0.23Fe1As1.99P0.01,5,28.0
Ca0.85La0.15Fe1As2,4,35.0
Ca0.81La0.19Fe1As2,4,28.0
Ca0.78La0.22Fe1As2,4,22.0
Sr0.5Ce0.5F1Bi1S2,5,2.7
La0.6Sm0.4Bi1S2F0.5O0.5,6,3.25
La0.4Sm0.6Bi1S2F0.5O0.5,6,4.2
La0.3Sm0.7Bi1S2F0.5O0.5,6,5.1
La0.2Sm0.8Bi1S2F0.5O0.5,6,5.44
La0.1Sm0.9Bi1S2F0.5O0.5,6,5.2
Y1Ba2Cu3O6.45,4,45.0
Y1Ba2Cu3O6.8,4,78.5
Y1Ba2Cu4O6.998,4,90.5
Y1Ba2Cu3O8,4,80.0
Tl2Ba2Cu1O6,4,59.0
Tl2Ba2Cu1O6,4,33.0
Na0.65Fe1.93Se2,3,37.5
Na0.65Fe1.93Se1.8S0.2,4,36.0
Na0.65Fe1.93Se1.6S0.4,4,32.0
Na0.65Fe1.93Se1.4S0.6,4,25.1
Cs3C60,2,38.0
La1Fe1As1F0.05O0.95,5,20.0
La1Fe1As1F0.075O0.925,5,21.2
La1Fe1As1F0.1O0.9,5,25.1
La1Fe1As1F0.15O0.85,5,10.5
La1Fe1As1F0.2O0.8,5,11.1
Li0.8Fe1.2Se1H1O1,5,40.0
Ba0.91Ce0.09Fe2As2,4,4.12
Ba0.85Ce0.15Fe2As2,4,13.4
Ba0.88La0.12Fe2As2,4,22.4
Ba0.82Pr0.18Fe2As2,4,6.2
Ba0.87Nd0.13Fe2As2,4,4.76
La1Ni1Bi1O1,4,5.5
K0.05Mo1O1.63,3,7.25
Ce1Fe1As1F0.05O0.95,5,11.9
Ce1Fe1As0.85P0.15F0.05O0.95,6,21.7
Ce1Fe1As0.7P0.3F0.05O0.95,6,18.1
Ce1Fe1As0.55P0.45F0.05O0.95,6,15.0
Ce1Fe1As0.47P0.53F0.05O0.95,6,5.84
Sm1Fe1As1H0.03O0.97,5,0.2
Sm1Fe1As1H0.19O0.81,5,55.3
Sm1Fe1As1H0.34O0.64,5,51.8
Sm1Fe1As1H0.43O0.57,5,45.0
Sm1Fe1As1F0.06O0.94,5,36.4
Ba0.91La0.09Fe2As2,4,7.76
Ba0.86La0.14Fe2As2,4,22.7
Ba0.82La0.18Fe2As2,4,14.8
Ba0.76La0.24Fe2As2,4,5.02
Sr1Pt2As2,3,4.6
Y1Ba2Cu3O6.5,4,54.1
Y1Ba2Cu3O6.67,4,60.6
Y1Ba2Cu3O6.75,4,75.3
Ce1Fe0.98Co0.02As1H1,5,2.0
Ce1Fe0.96Co0.04As1H1,5,2.0
Ce1Fe0.93Co0.07As1H1,5,23.0
Ce1Fe0.91Co0.09As1H1,5,23.0
Ce1Fe0.88Co0.12As1H1,5,23.0
Ce1Fe0.83Co0.17As1H1,5,19.5
Ce1Fe0.78Co0.22As1H1,5,13.5
Ce1Fe0.74Co0.26As1H1,5,10.0
Sm1Fe1As1H0.22O0.78,5,50.0
Sm1Fe1As0.77P0.23H0.11O0.89,6,28.0
Sm1Fe1As0.77P0.23H0.2O0.8,6,36.0
Sm1Fe1As0.55P0.45H0.08O0.92,6,19.0
Sm1Fe1As0.55P0.45H0.16O0.84,6,11.0
Sm1Fe1As0.55P0.45H0.26O0.74,6,17.0
Sm1Fe1As0.47P0.53H0.09O0.91,6,10.5
Sm1Fe1As0.47P0.53H0.24O0.76,6,5.5
K1Fe2As2,3,3.5
Rb1Fe2As2,3,2.5
Cs1Fe2As2,3,1.8
La1Ni0.65Bi2,3,4.0
Ce1Ni0.8Bi2,3,4.1
Nd1Ni0.89Bi2,3,4.1
Y1Ni0.82Bi2,3,4.1
Ba1Ni2As2,3,0.575
Ba1Ni2As1.972P0.028,4,0.634
Ba1Ni2As1.902P0.098,4,0.763
Ba1Ni2As1.846P0.154,4,3.28
Ba1Ni2As1.816P0.184,4,3.27
Ba1Ni2As1.792P0.208,4,3.24
Ce1Au2Si2,3,2.455
Bi3S3O3,3,5.1
Ca10Ir4Fe10As18,4,16.0
Ce1Bi1S2F0.5O0.5,5,2.45
Ce1Bi1S2F0.5O0.5,5,7.62
Fe1Te0.8S0.2,3,7.9
La1Ni1As1H0.08O0.92,5,3.76
La1Ni1As1H0.17O0.83,5,3.68
Pr1Ni1As1H0.06O0.94,5,1.6
Ba0.33Hf1N1Cl1,4,20.2
Sr0.33Hf1N1Cl1,4,20.3
K0.21Ti1N1Br1,4,17.2
Na0.23Ti1N1Br1,4,15.2
Rb0.22Ti1N1Br1,4,16.3
K0.46Ti1N1Br1,4,16.3
Zr2Ru3Si4,3,5.7
Ca2In1N1,3,0.6
Eu1Fe1.72Ir0.28As2,4,21.9
Ca1Si3,2,4.25
Si3Y1,2,4.63
Lu1Si3,2,6.78
Zn0.04Zr1N1Cl1,4,15.0
Zn0.035Zr1N1Br1,4,14.0
Mg4Ni6B2,3,4.0
Mg1Al1Si1,3,6.0
Ba0.82K0.18Bi0.53Pb0.47,4,22.8
Au64Ge22Yb14,3,0.68
Au63.5Ge20.5Yb16,3,0.36
Ce0.2Nd0.8F0.3Bi1S2O0.7,6,2.35
Nd1F0.3Bi1S2O0.7,5,3.52
Ce0.6Nd0.4F0.5Bi1S2O0.5,6,2.98
Ce0.2Nd0.8F0.5Bi1S2O0.5,6,4.46
Ce1F0.7Bi1S2O0.7,5,2.68
Ce0.6Nd0.4F0.7Bi1S2O0.7,6,3.25
Ce0.2Nd0.8F0.7Bi1S2O0.7,6,4.29
Nd1F0.7Bi1S2O0.7,5,4.78
Nd0.6Sm0.4F0.3Bi1S2O0.7,6,5.21
Nd0.8Sm0.2F0.3Bi1S2O0.5,6,5.1
Nd0.8Sm0.2F0.3Bi1S2O0.5,6,5.3
Nd0.6Sm0.4F0.3Bi1S2O0.5,6,5.52
Nd0.4Sm0.6F0.3Bi1S2O0.7,6,4.66
Nd0.8Sm0.2F0.3Bi1S2O0.7,6,4.59
Ru1Sr2Gd1Cu2O,5,33.1
Ru0.97Re0.03Sr2Gd1Cu2O,6,9.96
Ru0.94Re0.06Sr2Gd1Cu2O,6,9.86
K1Fe2As2,3,3.075
K1Fe1.932Co0.068As2,4,1.845
B6Y1,2,7.5
B6Y1,2,5.9
Ca10Ir4Fe10As18,4,18.7
Li0.8Fe1.2H1Se1,4,34.0
Eu1Fe2As1.4P0.6,4,10.0
Mg1Pt1Si1,3,2.5
Mg1Pt0.5Au0.5Si1,4,2.9
Li1Fe2Se2,3,44.0
Na1Fe2Se2,3,46.0
K1Fe2Se2,3,40.0
Ca0.5Fe2Se2,3,40.0
Sr0.8Fe2Se2,3,38.0
Ba0.8Fe2Se2,3,39.0
Eu1Fe2Se2,3,40.0
Yb0.8Fe2Se2,3,42.0
Ba1Fe1.48Ru0.52As2,4,21.2
Ba1Fe1.3Ru0.7As2,4,20.0
Ba1Fe1.58Ru0.42As2,4,19.2
Sr0.5Ce0.5F1Bi1S2,5,2.81
La1Si5,2,11.4
La1Si10,2,6.7
Sn0.8In0.2Te1,3,3.1
Sn0.8In0.2Te0.95Se0.05,4,3.3
Sn0.8In0.2Te0.9Se0.1,4,3.7
Sn0.8In0.2Te0.85Se0.15,4,3.9
Sn0.8In0.2Te0.8Se0.2,4,3.8
Sn0.8In0.2Te0.75Se0.25,4,3.7
Sn0.8In0.2Te0.7Se0.3,4,3.5
Cs1Pb0.3Bi3.7Te6,4,2.9
Cs1Pb1Bi3Te6,4,2.7
Ba1Ge3,2,4.0
Ca1Ge3,2,6.8
Nb0.8Ti0.1Sr2Eu1Cu2.1O,6,28.0
Nb0.7Ti0.1Sr2Eu1Cu2.2O,6,30.0
Nb0.5Ti0.1Sr2Eu1Cu2.4O,6,30.0
La3Co1Ru3Sn13,4,5.0
La3Co3.5Ru0.5Sn13,4,2.41
La3Co2Ru2Sn13,4,4.0
La3Rh2Sn13,3,3.0
La3Co2Sn13,3,1.95
La3Ru2Sn13,3,1.58
Fe1Te0.88S0.12,3,6.8
Fe1Te0.8Se0.1S0.1,4,6.6
Fe1Te0.69Se0.25S0.06,4,11.3
Fe1Te0.65Se0.3S0.05,4,12.2
Fe1Te0.58Se0.4S0.02,4,13.1
Fe1Te0.54Se0.45S0.01,4,13.3
Fe1Te0.5Se0.5,3,14.3
Ce1Co1In5,3,2.29
Ce1Co1In4.875Zn0.125,4,2.14
Ce1Co1In4.75Zn0.25,4,1.82
Ce1Co1In7.65Zn0.35,4,1.78
La1Fe1As0.7P0.3O1,5,10.6
La1Fe1As0.6P0.4O1,5,7.73
La1Fe1As0.6P0.4O1,5,4.8
Fe1Se0.4Te0.6,3,13.8
Fe1Se0.3Te0.7,3,13.7
Fe1Se0.2Te0.8,3,13.0
Fe1Se0.1Te0.9,3,11.0
La1Bi1Se2F0.5O0.5,5,3.4
Pr1Ir2Zn20,3,0.07
Pr0.73La0.27Ir2Zn20,4,0.093
Pr0.25La0.75Ir2Zn20,4,0.28
Pr0.96La0.04Ir2Zn20,4,0.07
La1Ir2Zn20,3,0.58
Ca0.8La0.2Fe0.978Co0.022As2,5,37.8
Ca0.8La0.2Fe0.9671Co0.0329As2,5,36.5
Ca0.8La0.2Fe0.9558Co0.0442As2,5,35.1
Bi2S2F0.5O0.5,4,5.1
Bi2S2F0.5O0.5,4,4.9
Bi2S2F0.1O0.9,4,2.92
Bi2S2F0.1O0.9,4,4.43
La1Bi1Se1S1F0.5O0.5,6,3.6
La1Bi1Se1S1F0.5,5,5.24
N0.7V1,2,2.03
N0.8V1,2,4.54
N1V1,2,8.32
Eu1Bi1S2F1,4,8.2
Ce1Fe1As1F0.08O0.92,5,27.6
Ce1Fe1As1F0.1O0.9,5,32.8
Ce1Fe1As1F0.16O0.84,5,40.7
La1Bi1S2F0.5O0.5,5,2.1
Pr1Bi1S2F0.5O0.5,5,3.2
Nd1Bi1S2F0.5O0.5,5,4.2
Mg0.16Zr1N1Cl1,4,15.0
Mg0.3Hf1N1Cl1,4,25.0
Ca0.92La0.08Fe8.6Pd4.2As18,5,13.5
Bi2Rh3.5S2,3,2.1
La1Pt1.97Ge2.03,3,0.83
La1Pt1.94Ge2.06,3,0.95
La1Pt1.9Ge2.1,3,1.67
La1Pt1.85Ge2.15,3,1.87
Rb0.8Fe1.7Se2,3,32.0
La1Fe1As1H0.42O0.58,5,20.3
La1Fe1As1H0.41O0.59,5,19.5
La1Fe1As1H0.4O0.6,5,23.9
Ba0.59K0.41Fe2As2,4,36.9
Ce1Bi3.7Pb0.3Te6,4,2.9
Ce1Bi3.6Pb0.4Te6,4,3.0
Ce1Bi3.5Pb0.5Te6,4,3.0
Ce1Bi3.4Pb0.6Te6,4,3.0
Ce1Bi3.3Pb0.7Te6,4,2.9
Ce1Bi3.2Pb0.8Te6,4,2.9
Ce1Bi3.1Pb0.9Te6,4,2.8
Ce1Bi3Pb1Te6,4,2.7
La3Ru4Sn13,3,3.75
La3Ru4Sn13,3,1.55
Ta5Ge1B2,3,3.8
La3Co4Sn13,3,2.2
La3Co4Sn12.35In0.65,4,5.1
La3Co4Sn11.7In1.3,4,4.6
Li0.15Sr2Cu1Br2O2,5,8.0
Sr2Ru1O4,3,1.37
La1Fe1P1O1,4,5.8
La1Fe1P1F0.03O0.97,5,7.8
La1Fe1P1F0.05O0.95,5,8.0
La1Fe1P1F0.08O0.92,5,7.8
La1Fe1P1F0.1O0.9,5,6.2
La1Fe1As1F0.05O0.95,5,14.5
La1Fe1As1F0.08O0.92,5,22.8
La1Fe1As1F0.1O0.9,5,25.2
La1Fe1As1F0.11O0.89,5,22.9
La1Fe1As1F0.14O0.86,5,12.9
Ba1Pd0.3Si1.7,3,2.9
Ba1Pt0.3Si1.7,3,2.6
Ba1Cu0.3Si1.7,3,3.0
Ba1Ag0.3Si1.7,3,3.2
Ba1Au0.3Si1.7,3,3.2
Ba1Ag0.2Si1.8,3,3.2
Ba1Cu0.2Si1.8,3,3.02
Ba1Pd0.2Si1.8,3,2.91
Ba1Ag0.4Si1.6,3,2.79
Ba1Cu0.4Si1.6,3,2.11
Ba1Pd0.4Si1.6,3,1.11
Ba1Ag0.5Si1.5,3,1.21
Ba1Cu0.5Si1.5,3,2.53
Ba1Pd0.5Si1.5,3,0.6
Ba1Cu0.6Si1.4,3,1.74
Eu0.7Na0.3Fe2As2,4,32.0
Mg1B1.98C0.02,3,37.0
Mg1B1.968C0.032,3,37.0
Mg1B1.938C0.062,3,37.0
Sr2V1Fe1As1O3,5,24.0
Sr2V0.9Mg0.1Fe1As1O3,6,30.0
K1Ni2S2,3,0.46
La1Fe1As0.6P0.4F0.1O0.9,6,27.0
La1Fe1As0.2P0.8F0.1O0.9,6,8.8
La1Fe1P1F0.1O0.9,5,5.4
La1Fe1As0.6P0.4F0.05O0.95,6,19.0
La1Fe1As0.4P0.6F0.05O0.95,6,24.0
La1Fe1P1F0.05O0.95,5,6.7
La1Fe1P1O1,4,5.42
La1Fe1As0.1P0.9O1,5,5.96
La1Fe1As0.15P0.85O1,5,11.67
La1Fe1As0.2P0.8O1,5,11.42
La1Fe1As0.25P0.75O1,5,7.52
La1Fe1As0.7P0.3O1,5,7.83
La1Fe1As0.8P0.2O1,5,2.31
La1Fe1P1F0.05O0.95,5,6.93
La1Fe1As0.2P0.8F0.05O0.95,6,10.87
La1Fe1As0.4P0.6F0.05O0.95,6,24.24
La1Fe1As0.5P0.5F0.05O0.95,6,21.2
La1Fe1As0.6P0.4F0.05O0.95,6,19.08
La1Fe1As0.7P0.3F0.05O0.95,6,15.75
La1Fe1As0.75P0.25F0.05O0.95,6,22.38
La1Fe1As0.8P0.2F0.05O0.95,6,25.61
La1Fe1As0.9P0.1F0.05O0.95,6,23.6
La1Fe1As1F0.05O0.95,5,27.84
La1Fe1As0.4P0.6F0.1O0.9,6,21.14
La1Fe0.9997Mn0.00025As1F0.11O0.89,6,22.8
La1Fe0.999Mn0.001As1F0.11O0.89,6,9.84
La0.8Y0.2Fe1As1F0.11O0.89,6,30.3
La0.8Y0.2Fe0.997Mn0.003As1F0.11O0.89,7,29.3
La0.8Y0.2Fe0.995Mn0.005As1F0.11O0.89,7,25.7
La0.8Y0.2Fe0.99Mn0.01As1F0.11O0.89,7,25.3
Sm1Fe0.965Mn0.035As1F0.11O0.89,6,31.3
Sr0.1Bi2Se3,3,2.87
Sr0.062Bi2Se3,3,2.48
Sr0.065Bi2Se3,3,2.6
Bi2Pd1,2,5.07
Li0.84H1Fe1.14Se1O1,5,42.0
Ce3Pt1In11,3,0.32
Ba1Fe1.935Ni0.065As2,4,11.3
Ba1Fe1.925Ni0.075As2,4,13.7
Ba1Fe1.915Ni0.085As2,4,18.2
Ba1Fe1.908Ni0.092As2,4,19.3
Ba1Fe1.904Ni0.096As2,4,19.9
Ba1Fe1.9Ni0.1As2,4,20.3
Ba1Fe1.892Ni0.108As2,4,20.3
Ba1Fe1.88Ni0.12As2,4,18.6
Ba1Fe1.85Ni0.15As2,4,14.5
Ba1Fe1.82Ni0.18As2,4,10.9
Ba1Fe1.8Ni0.2As2,4,6.4
Ba1Fe1.78Ni0.22As2,4,3.4
Ca0.81La0.19Fe1As2,4,34.0
Ba6Nb10O30,3,1.65
Ba5Sr1Nb10O30,4,0.96
Ba4Sr2Nb10O30,4,0.98
Ba6Nb10O30,3,1.6
Ba0.818Na0.182Fe2As2,4,6.4
Ba0.779Na0.221Fe2As2,4,8.0
Ba0.698Na0.302Fe2As2,4,18.0
Ba0.68Na0.32Fe2As2,4,23.8
Ba0.64Na0.36Fe2As2,4,31.0
Ba0.6Na0.4Fe2As2,4,34.0
Ba0.84K0.16Fe2As2,4,5.54
Ba0.737K0.263Fe2As2,4,24.0
Ba0.65K0.35Fe2As2,4,38.0
Au2Pb1,2,1.2
Au2Bi1,2,1.7
Ca0.941Pr0.059Fe2As2,4,28.9
Ca0.875Pr0.125Fe2As2,4,49.0
Ca0.891La0.109Fe2As2,4,45.4
Ca0.857La0.143Fe2As2,4,44.0
Pb1Ta1Se2,3,3.8
Pb1Ta1Se2,3,3.9
Ce0.987Yb0.013Co1In5,4,2.13
Ce0.916Yb0.084Co1In5,4,1.84
Ce0.837Yb0.163Co1In5,4,1.4
Ce1Co1In4.98Cd0.02,4,2.14
Ce1Co1In4.96Cd0.04,4,2.05
Ce1Co1In4.945Cd0.055,4,1.92
Mo5P0.9B2.1,3,8.9
Mo5P1B2,3,8.7
Mo5P1.1B1.9,3,9.2
Mo3P1,2,5.5
Zr1B12,2,6.09
Zr0.993Lu0.007B12,3,5.97
Zr0.985Lu0.015B12,3,5.67
Zr0.984Lu0.016B12,3,5.65
Zr0.935Lu0.065B12,3,4.77
Zr0.926Lu0.074B12,3,4.78
Bi2Te1,2,8.6
Pr1Pt4Ge12,3,7.85
Pr1Pt4Ge11.5Sb0.5,4,4.43
Pr1Pt4Ge11Sb1,4,2.68
Pr1Pt4Ge10.5Sb1.5,4,1.71
Pr1Pt4Ge10Sb2,4,1.27
Pr1Pt4Ge9.5Sb2.5,4,0.69
Pr1Pt4Ge9Sb3,4,1.4
Pr1Pt4Ge8Sb4,4,1.4
Ba0.85K0.15Fe2As2,4,12.0
Bi2.13F0.17S2O0.83,4,3.2
Bi2.14F0.27S2O0.73,4,2.7
Bi2.14F0.24S2O0.76,4,3.5
Sr1Pt1As1,3,2.45
Sr3Rh8B6,3,3.4
Ca3Rh8B2,3,4.0
Y3Os8B6,3,5.8
Pd0.02Ir1Te2,3,2.15
Pd0.03Ir1Te2,3,2.68
Pd0.03Ir0.97Te2,3,2.7
Pd0.04Ir0.96Te2,3,2.99
Y1Fe2Ge2,3,1.83
Cs0.96Bi4Te6,3,4.4
Cs1Bi4.1Te5.9,3,4.4
Sn0.5In0.5Te1,3,4.4
Ge3Nb5,2,0.46
Ge3Nb5,2,0.45
W4.8Ta0.2Si1B2,4,6.5
La1.9Sr0.1Cu1O4,4,22.9
La1.855Sr0.145Cu1O4,4,32.2
La1Fe1P1F0.1O0.9,5,62.0
La0.8Y0.2Fe1As1O0.7,5,34.0
La1Fe1As1H0.58O0.58,5,32.0
La1Fe1As0.4P0.6F0.1O0.9,6,21.4
La1Fe1As0.8P0.2F0.1O0.9,6,26.0
Pr1Fe1P1F0.1O0.9,5,2.34
Pr1Fe1As0.2P0.8F0.1O0.9,6,8.71
Pr1Fe1As0.4P0.6F0.1O0.9,6,17.4
Pr1Fe1As0.6P0.4F0.1O0.9,6,23.4
Pr1Fe1As0.8P0.2F0.1O0.9,6,29.2
Pr1Fe1As0.9P0.1F0.1O0.9,6,35.2
Pr1Fe1As1F0.1O0.9,5,44.0
Nd1Fe1P1F0.1O0.9,5,2.9
Nd1Fe1As0.2P0.8F0.1O0.9,6,6.98
Nd1Fe1As0.4P0.6F0.1O0.9,6,22.6
Nd1Fe1As0.5P0.5F0.1O0.9,6,25.2
Nd1Fe1As0.6P0.4F0.1O0.9,6,28.0
Nd1Fe1As0.7P0.3F0.1O0.9,6,29.5
Nd1Fe1As0.8P0.2F0.1O0.9,6,34.1
Nd1Fe1As1F0.1O0.9,5,50.1
Sc1Ir1P1,3,3.46
La1Rh1Si3,3,2.3
Sr1Pd2Sb2,3,1.9
Sr1Pd2Sb2,3,0.6
Sn0.85Ag0.15Te1,3,2.15
Sn0.8Ag0.2Te1,3,2.29
Sn0.75Ag0.25Te1,3,2.2
Sn0.67Ag0.33Te1,3,1.95
Sn0.6Ag0.4Te1,3,1.95
Eu1Rb1Fe4As4,4,36.0
Eu1Cs1Fe4As4,4,35.0
Nd1Bi1S2F0.29O0.71,5,5.2
Pr1V2Al20,3,0.05
Pr1V2Al20,3,0.039
Pr1Ti2Al20,3,0.19
Y1Pd2P2,3,0.96
La1Pd2P2,3,0.75
As1Cr1,2,1.506
Fe1Se1,2,65.0
Fe1Se1,2,60.0
Fe1Se1,2,55.0
Fe1Se1,2,40.0
Pr1Bi1S2F0.5O0.5,5,3.5
Nd1Bi1S2F0.5O0.5,5,4.5
La1Fe1P1F0.1O0.9,5,5.25
La1Fe1P0.6As0.4F0.1O0.9,6,20.86
La1Fe1P0.6As0.6F0.1O0.9,6,26.9
La1Fe1P0.6As0.8F0.1O0.9,6,25.3
La1Fe1As1F0.1O0.9,5,24.3
Hg0.3La0.7Ba2Ca3Cu3.6Ag0.4O10,7,121.6
Hg0.3La0.7Ba2Ca3Cu3.2Ag0.8O10,7,126.8
Hg0.3La0.7Ba2Ca3Cu2.8Ag1.2O10,7,126.9
Hg0.3La0.7Ba2Ca3Cu2Ag2O10,7,106.7
Bi3.925Co0.075S3O4,4,4.39
Bi3.9Co0.1S3O4,4,5.23
Bi3.875Co0.125S3O4,4,4.26
Bi3.85Co0.15S3O4,4,3.955
Y1Fe2Ge2,3,0.6
Y1Fe2Ge2,3,0.9
Y1Fe2Ge2,3,1.0
Y1Fe2Ge2,3,1.2
Ta1Ir1Si1,3,0.5
Nb1Pt1Si1,3,1.24
Sr3Rh4Sn13,3,4.15
Sr3Ir4Sn13,3,4.95
Ce1Co1In5,3,1.95
Ce0.98Yb0.02Co1In5,4,1.89
Ce0.95Yb0.05Co1In5,4,1.73
Ce0.9Yb0.1Co1In5,4,1.47
Ce0.85Yb0.15Co1In5,4,1.19
Ce0.8Yb0.2Co1In5,4,0.92
Sn0.8In0.2Te1,3,2.97
Sn0.7In0.3Te1,3,3.68
Sn0.6In0.4Te1,3,4.27
Sn0.55In0.45Te1,3,4.46
Sn0.7In0.3Te1,3,3.51
Pb1Ta1Se2,3,3.7
La1Fe1As1F0.11O0.89,5,29.0
La1Fe0.99975Mn0.00025As1F0.11O0.89,6,25.0
La1Fe0.99925Mn0.00075As1F0.11O0.89,6,16.3
La1Fe0.999Mn0.001As1F0.11O0.89,6,11.5
Au2Pb1,2,1.3
K2Cr3As3,3,5.8
Y0.95La0.05Fe1As1H0.15O,6,50.0
Bi2Se3,2,2.42
Bi2Se3,2,6.86
Bi2Se3,2,7.01
Y1Fe2Ge2,3,1.4
Sb2Te3,2,4.3
Sb2Te3,2,6.2
Sb2Te3,2,6.97
Sb2Te3,2,7.24
Cs2Cr3As3,3,2.2
Pb1Ta1Se2,3,3.38
Nd1Bi0.99Pb0.01S2F0.3O0.7,6,4.85
Nd1Bi0.98Pb0.02S2F0.3O0.7,6,5.17
Nd1Bi0.97Pb0.03S2F0.3O0.7,6,5.37
Nd1Bi0.96Pb0.04S2F0.3O0.7,6,5.35
Nd1Bi0.94Pb0.06S2F0.3O0.7,6,5.56
Nd1Bi0.9Pb0.1S2F0.3O0.7,6,4.83
Bi3Ni0.95Fe0.05,3,4.08
Bi3Ni0.9Fe0.1,3,4.06
Nb1,1,8.8
Rb0.75Fe1.6Se2,3,32.0
Rb0.75Fe1.6Se1.75S0.25,4,24.0
Rb0.75Fe1.6Se1.5S0.5,4,28.0
Rb0.75Fe1.6Se1S1,4,22.0
Ca1K1Fe4As4,4,33.1
Ca1Rb1Fe4As4,4,35.0
Ca1Cs1Fe4As4,4,31.6
Sr1Rb1Fe4As4,4,35.1
Sr1Cs1Fe4As4,4,36.8
Ba1Cs1Fe4As4,4,26.0
Ti1Ru1P1,3,1.3
Zr1Ru1P1,3,3.89
Zr1Ru1P1,3,12.93
Hf1Ru1P1,3,10.8
Zr1Os1P1,3,7.4
Zr1Ru1As1,3,3.2
Zr1Hf1As1,3,3.2
Bi2F0.6S2O0.4,4,5.1
Bi2F0.2S2O0.8,4,3.0
Cu1Cr0.95Fe0.05O2,4,117.5
Cu1Cr0.9Fe0.1O2,4,98.0
Cu1Cr1O2,3,132.0
Nd1F0.5Bi0.84S2O0.5,5,4.5
Co7Y9,2,3.0
Ba1Pt2As2,3,1.52
Nd1F0.3Bi1S2O0.7,5,4.7
Nd1F0.5Bi1S2O0.5,5,4.4
Pb1.16Ti2Se5.16,3,3.25
Pb1.044Sn0.116Ti2Se5.16,4,4.19
Pb0.928Sn0.232Ti2Se5.16,4,4.53
Pb0.812Sn0.348Ti2Se5.16,4,4.02
Pb0.696Sn0.464Ti2Se5.16,4,3.82
Pb0.58Sn0.58Ti2Se5.16,4,3.6
Ce1Co0.95Ni0.05In5,4,1.86
Ce1Co0.925Ni0.075In5,4,1.69
Ce1Co0.875Ni0.125In5,4,1.41
Ce1Co0.8Ni0.2In5,4,0.88
Sn0.8Ag0.2Te1,3,2.1
Y6Nb4Al43,3,0.86
Y6Mo4Al43,3,0.75
Y6Ta4Al43,3,0.68
Sn0.8Ag0.2Te1,3,1.2
La1Rh1Si3,3,2.32
Ta1Pt1Si1,3,3.54
Zr2Co0.9Ni0.1,3,5.94
Zr2Co0.8Ni0.2,3,5.83
Zr2Co0.7Ni0.3,3,5.14
Bi3.925Co0.075S3O4,4,4.365
Bi3.9Co0.1S3O4,4,5.2
Bi3.875Co0.125S3O4,4,4.25
Bi3.85Co0.15S3O4,4,3.97
Zr1V1Ge1,3,6.0
Ba1Fe2As1.34P0.66,4,25.0
Pd0.2Ho1Te3,3,2.0
Pd0.4Ho1Te3,3,2.8
Rb1Eu1Fe4As4,4,36.5
Ba1Pt4Ge12,3,5.3
Sr1Pt3P1,3,8.35
Sr1Pt2.7Pd0.3P1,4,7.54
Sr1Pt2.4Pd0.6P1,4,6.57
Sr1Pt2.1Pd0.9P1,4,5.78
Sr1Pt1.8Pd1.2P1,4,4.82
Ba0.833K0.167Fe2As2,4,7.0
Ba0.823K0.177Fe2As2,4,10.0
Ba0.805K0.195Fe2As2,4,15.0
Ba0.677K0.323Fe2As2,4,37.0
Ba0.83K0.17Fe2As2,4,8.0
Ba0.812K0.188Fe2As2,4,13.0
Ba0.797K0.203Fe2As2,4,17.0
Ba0.663K0.337Fe2As2,4,38.0
Ba0.816K0.184Fe2As2,4,12.0
Ba0.788K0.212Fe2As2,4,19.0
Bi2Pd1,2,4.84
Cs1Fe2As2,3,2.11
Ca3Rh4Sn13,3,4.71
Ca2.8Co0.2Rh4Sn13,4,7.73
Ca2.5Co0.5Rh4Sn13,4,6.41
Na1Fe0.9875Co0.0125As1,4,13.9
Na1Fe0.985Co0.015As1,4,12.6
Na1Fe0.9825Co0.0175As1,4,15.8
Na1Fe0.981Co0.019As1,4,19.3
Na1Fe0.977Co0.023As1,4,15.7
Ni1Sm1,2,1.6
Gd1Sm1Ni2,3,4.5
Hf1Re6,2,6.2
Y1Pt1Bi1,3,0.97
Nb0.25Bi2Se3,3,3.275
Nb0.28Bi2Se3,3,3.35
Ta1Se1.7Te0.3,3,0.785
Ta1Se1.6Te0.4,3,1.2
Ta1Se1.5Te0.5,3,1.2
Ta1Se1.4Te0.6,3,2.05
Ta1Se1.2Te0.8,3,1.585
Ta1Se1Te1,3,1.445
Ta1Se0.8Te1.2,3,1.165
Ta1Se0.7Te1.3,3,0.27
La1Fe0.99975Mn0.00025As1F0.11O0.89,6,22.6
La1Fe0.99925Mn0.00075As1F0.11O0.89,6,14.4
La1Fe0.999Mn0.001As1F0.11O0.89,6,9.67
La0.8Y0.2Fe0.997Mn0.003As1F0.11O0.89,7,28.5
La0.8Y0.2Fe0.992Mn0.008As1F0.11O0.89,7,22.7
La0.8Y0.2Fe0.98Mn0.02As1F0.11O0.89,7,14.1
La0.8Y0.2Fe0.975Mn0.025As1F0.11O0.89,7,10.1
La0.995Y0.005Fe0.995Mn0.005As1F0.11O0.89,7,2.89
La0.99Y0.01Fe0.995Mn0.005As1F0.11O0.89,7,7.5
La0.95Y0.05Fe0.995Mn0.005As1F0.11O0.89,7,18.6
La0.9Y0.1Fe0.995Mn0.005As1F0.11O0.89,7,24.1
La0.8Y0.2Fe0.995Mn0.005As1F0.11O0.89,7,26.6
La0.77Y0.23Fe0.995Mn0.005As1F0.11O0.89,7,27.9
Re6Zr1,2,6.7
Sr0.15Bi2Se3,3,3.05
Sr0.15Bi2Se3,3,3.06
Ir0.95Pt0.05Te2,3,2.92
Ir0.95Pt0.05Te2,3,2.84
Ir0.95Pt0.05Te2,3,2.29
Y1Sr2Mo0.25Cu2.75O7.54,5,78.0
Ba1Pt2As2,3,1.6
Ba1Pt2As2,3,2.13
Ba1Pt2As2,3,3.8
La1Pt4Ge12,3,8.29
Ba1Pt4Ge12,3,4.98
Cs2Cr3As3,3,1.85
Ce1Bi1S2O1,4,1.6
Ce1Bi1S2O1,4,3.0
Ti1Ir1Si1,3,1.42
Ti1Ir1Si1,3,1.85
Ti1Ir1Si1,3,3.43
Tm0.84Lu0.16Fe3Si5,4,2.44
Tl1Ba2Ca3Cu4O11,5,122.1
Nb0.8Pd0.2,2,1.98
Nb0.69Pd0.31,2,1.84
Fe1Se0.2Te0.8,3,12.8
