study_id,composition,dopant_family,Cu_stoichiometry,zT_350C,zT_max,zT_max_temp_C,zT_max_temp_K,seebeck_350C_uVK,seebeck_at_zTmax_uVK,conductivity_350C_1e4Sm,conductivity_at_zTmax_1e4Sm,thermal_conductivity_350C_WmK,thermal_conductivity_at_zTmax_WmK,carrier_concentration_cm3,synthesis,compaction,sintering_type,sintering_temp_K,sintering_temp_C,relative_density_pct,density_g_cm3,theoretical_density_g_cm3,density_reference,remarks,citation
Suekuni 2012,Undoped,Undoped,12.0,,0.13,67.0,340.0,,,,,,,,quartz tube.  973 K (3h). 823 K (30h),CP + quartz tube annealing  at 773 K (25h),CP,773.0,,75.0,,,,,Suekuni. K.. Tsuruta. K.. Ariga. T.. & Koyano. M. (2012). Thermoelectric properties of mineral tetrahedrites Cu 10Tr 2Sb 4S 13 with low thermal conductivity. Applied Physics Express. 5(5). https://doi.org/10.1143/APEX.5.051201
Suekuni 2013,Undoped,Undoped,12.0,0.44,0.5,392.0,665.0,114.0,120.51,8.4,7.91,1.54,1.54,,quartz tube.  973 K (3h). 823 K (30h),CP + quartz tube annealing  at 773 K (25h)  + HP 803K 1h 60MPa,HP,803.0,,96.0,,,,,"Suekuni, K., Tsuruta, K., Kunii, M., Nishiate, H., Nishibori, E., Maki, S., Ohta, M., Yamamoto, A., & Koyano, M. (2013). High-performance thermoelectric mineral Cu12-xNi xSb4S13 tetrahedrite. Journal of Applied Physics, 113(4). https://doi.org/10.1063/1.4789389"
Lu 2013,Undoped,Undoped,12.0,0.45,0.55,400.0,,122.73,134.09,2.27,2.08,,,,quartz tube.  923 K (12h). BM(5min),CP + quartz tube annealing  at 723 K (2 weeks)+ HP 80MPa 723 K (30min),HP,722.0,,98.0,,,,,"Lu, X., & Morelli, D. T. (2013). Natural mineral tetrahedrite as a direct source of thermoelectric materials. Physical Chemistry Chemical Physics, 15(16), 5762–5766. https://doi.org/10.1039/c3cp50920f"
Lu 2013 Zn,Undoped,Undoped,12.0,0.49,0.56,400.0,673.0,121.26,132.28,7.69,7.14,1.48,1.5,,quartz tube.  923 K (12h). BM(5min),CP + quartz tube annealing  at 723 K (2 weeks)+ HP 80MPa 723 K (30min),HP,723.0,,98.0,,,,,"Lu, X., Morelli, D. T., Xia, Y., Zhou, F., Ozolins, V., Chi, H., Zhou, X., & Uher, C. (2013). High performance thermoelectricity in earth-abundant compounds based on natural mineral tetrahedrites. Advanced Energy Materials, 3(3), 342–348. https://doi.org/10.1002/aenm.201200650"
Chetty 2015_Co,Undoped,Undoped,12.0,0.64,0.7,400.0,673.0,145.0,125.0,6.8,6.25,1.37,1.35,,quartz tube.  973 K (3h). 823 K (30h),CP + quartz tube annealing  at 773 K (25h),CP,773.0,,95.0,,,,,Chetty. R.. Bali. A.. Naik. M. H.. Rogl. G.. Rogl. P.. Jain. M.. Suwas. S.. & Mallik. R. C. (2015). Thermoelectric properties of Co substituted synthetic tetrahedrite. Acta Materialia. 100. 266–274. https://doi.org/10.1016/j.actamat.2015.08.040
Chetty 2015_Mn,Undoped,Undoped,12.0,0.76,0.76,350.0,623.0,137.0,140.0,9.09,9.09,1.37,1.37,,quartz tube.  973 K (3h). 823 K (30h),CP + quartz tube annealing  at 773 K (25h),CP,773.0,,95.0,,,,,Chetty. R.. Prem Kumar. D. S.. Rogl. G.. Rogl. P.. Bauer. E.. Michor. H.. Suwas. S.. Puchegger. S.. Giester. G.. & Mallik. R. C. (2015). Thermoelectric properties of a Mn substituted synthetic tetrahedrite. Physical Chemistry Chemical Physics. 17(3). 1716–1727. https://doi.org/10.1039/c4cp04039b
Thesis_2015 Bouyrie,Undoped,Undoped,12.0,0.61,0.65,400.0,673.0,122.0,135.0,6.8,6.7,0.99,1.1,,quartz tube.  923 K (12h). HR 0.3/min CR 0.3K/min,SPS 80MPa. 573 K (4min). 723(4min),SPS,723.0,,99.0,,,,,"Bouyrie, Y. (2015). Identification, synthèse et caractérisation de phases tétraédrites pour la conversion d’énergie par effets thermoélectriques. https://theses.hal.science/tel-01599972v1"
Thesis_2016_Pg 80,Undoped,Undoped,12.0,0.8,0.8,350.0,623.0,155.0,155.0,5.5,5.5,0.93,0.93,,MA 450rpm 20h,CP + quartz tube annealing  at 1173 K (12h)+723 K(48h),Other,723.0,,99.0,4.99,5.07,,,"Chen, K. (2016). Synthesis and Thermoelectric Properties of Cu-Sb-S Compounds Declaration."
Kim_2019,Undoped,Undoped,12.0,0.69,0.87,450.0,723.0,176.0,175.0,3.0,2.8,0.77,0.75,3.12e+20,MA 300-400rpm  12-48h,HP 723 K (2h) 70 MPa,HP,723.0,,99.0,4.95008,4.99,"J.W. Anthony, R.A. Bideaux, K.W. Bladh, and M.C. Ni-",Specimen: HP723K2H,Kim. S. Y.. Kwak. S. G.. Pi. J. H.. Lee. G. E.. & Kim. I. H. (2019). Preparation of Tetrahedrite Cu 12 Sb 4 S 13 by Mechanical Alloying and Hot Pressing. Journal of Electronic Materials. 48(4). 1857–1863. https://doi.org/10.1007/s11664-018-6549-2
Kim_2019,Undoped,Undoped,12.0,0.7,0.84,450.0,,167.0,175.0,3.6,3.5,0.9,0.85,,MA 300-400rpm  12-48h,HP 673 K (2h) 70 MPa,HP,673.0,,99.0,,,"chols, Handbook of Mineralogy, Vol. I (Chantilly: Miner-",Specimen: HP623K2H,Kim. S. Y.. Kwak. S. G.. Pi. J. H.. Lee. G. E.. & Kim. I. H. (2019). Preparation of Tetrahedrite Cu 12 Sb 4 S 13 by Mechanical Alloying and Hot Pressing. Journal of Electronic Materials. 48(4). 1857–1863. https://doi.org/10.1007/s11664-018-6549-2
Kim_2019,Undoped,Undoped,12.0,0.6,0.76,450.0,,186.0,190.0,2.3,2.3,0.8,0.77,,MA 300-400rpm  12-48h,HP 773 K (2h) 70 MPa,HP,773.0,,99.0,,,"alogical Society of America, 2003).",Specimen: HP773K2H,Kim. S. Y.. Kwak. S. G.. Pi. J. H.. Lee. G. E.. & Kim. I. H. (2019). Preparation of Tetrahedrite Cu 12 Sb 4 S 13 by Mechanical Alloying and Hot Pressing. Journal of Electronic Materials. 48(4). 1857–1863. https://doi.org/10.1007/s11664-018-6549-2
Pi 2019,Undoped,Undoped,12.0,0.69,0.86,450.0,723.0,175.0,185.0,3.0,2.9,0.82,0.78,,MA 350rpm 24h,HP 723 K (2h) 70 Mpa,HP,723.0,,,,,,pristine,Pi. J. H.. Lee. G. E.. & Kim. I. H. (2019). Effects of Aging on Thermoelectric Properties of Tetrahedrite Cu 12 Sb 4 S 13. Journal of the Korean Physical Society. 74(9). 865–870. https://doi.org/10.3938/jkps.74.865
Pi 2019,Undoped,Undoped,12.0,0.64,0.91,450.0,723.0,155.0,165.0,3.8,3.5,0.95,0.88,,MA 350rpm 24h,HP 723 K (2h) 70 Mpa (Annealed at 623 K 10h),HP,723.0,,,,,,Aged 10h,Pi. J. H.. Lee. G. E.. & Kim. I. H. (2019). Effects of Aging on Thermoelectric Properties of Tetrahedrite Cu 12 Sb 4 S 13. Journal of the Korean Physical Society. 74(9). 865–870. https://doi.org/10.3938/jkps.74.865
Pi 2019,Undoped,Undoped,12.0,0.62,0.92,450.0,723.0,150.0,160.0,3.9,3.8,0.92,0.85,,MA 350rpm 24h,HP 723 K (2h) 70 Mpa (Annealed at723 K 10h),HP,723.0,,,,,,Aged 10h,Pi. J. H.. Lee. G. E.. & Kim. I. H. (2019). Effects of Aging on Thermoelectric Properties of Tetrahedrite Cu 12 Sb 4 S 13. Journal of the Korean Physical Society. 74(9). 865–870. https://doi.org/10.3938/jkps.74.865
Pi 2019,Undoped,Undoped,12.0,0.6,0.76,450.0,723.0,170.0,187.0,2.9,3.0,0.9,0.85,,MA 350rpm 24h,HP 723 K (2h) 70 Mpa (Annealed at 723 K 100h),HP,723.0,,,,,,Aged 100h,Pi. J. H.. Lee. G. E.. & Kim. I. H. (2019). Effects of Aging on Thermoelectric Properties of Tetrahedrite Cu 12 Sb 4 S 13. Journal of the Korean Physical Society. 74(9). 865–870. https://doi.org/10.3938/jkps.74.865
Barbier_2015,Undoped,Undoped,12.0,0.54,0.57,427.0,700.0,135.0,142.0,5.26,5.0,1.2,1.28,,quartz tube.  973 K (3h). 793 K (30h),CP + quartz tube annealing  at 773 K (25h)+ SPS 60MPa 793 K (30min) in Ar,SPS,793.0,,98.0,,,,,Barbier. T.. Lemoine. P.. Gascoin. S.. Lebedev. O. I.. Kaltzoglou. A.. Vaqueiro. P.. Powell. A. v.. Smith. R. I.. & Guilmeau. E. (2015). Structural stability of the synthetic thermoelectric ternary and nickel-substituted tetrahedrite phases. Journal of Alloys and Compounds. 634. 253–262. https://doi.org/10.1016/j.jallcom.2015.02.045
Balaz_2020,Undoped,Undoped,12.0,0.55,0.67,427.0,700.0,154.42,155.0,4.42,4.21,1.11,1.1,,Vibratory Mill 1h (Industrial scale),SPS 64MPa 723 K(30min),SPS,723.0,,95.0,,,,Industrial scale.,Baláž. P.. Guilmeau. E.. Daneu. N.. Dobrozhan. O.. Baláž. M.. Hegedus. M.. Barbier. T.. Achimovičová. M.. Kaňuchová. M.. & Briančin. J. (2020). Tetrahedrites synthesized via scalable mechanochemical process and spark plasma sintering. Journal of the European Ceramic Society. 40(5). 1922–1930. https://doi.org/10.1016/j.jeurceramsoc.2020.01.023
Balaz_2020,Undoped,Undoped,12.0,0.48,0.62,427.0,,136.01,151.62,5.23,4.37,1.21,1.1,,Vibratory Mill 2h (Industrial scale),SPS 64MPa 723 K(30min),SPS,723.0,,95.0,,,,Industrial scale.,Baláž. P.. Guilmeau. E.. Daneu. N.. Dobrozhan. O.. Baláž. M.. Hegedus. M.. Barbier. T.. Achimovičová. M.. Kaňuchová. M.. & Briančin. J. (2020). Tetrahedrites synthesized via scalable mechanochemical process and spark plasma sintering. Journal of the European Ceramic Society. 40(5). 1922–1930. https://doi.org/10.1016/j.jeurceramsoc.2020.01.023
Balaz_2020,Undoped,Undoped,12.0,0.45,0.56,427.0,,134.48,147.57,4.99,4.17,1.24,1.12,,Vibratory Mill 3h (Industrial scale),SPS 64MPa 723 K(30min),SPS,723.0,,95.0,,,,Industrial scale.,Baláž. P.. Guilmeau. E.. Daneu. N.. Dobrozhan. O.. Baláž. M.. Hegedus. M.. Barbier. T.. Achimovičová. M.. Kaňuchová. M.. & Briančin. J. (2020). Tetrahedrites synthesized via scalable mechanochemical process and spark plasma sintering. Journal of the European Ceramic Society. 40(5). 1922–1930. https://doi.org/10.1016/j.jeurceramsoc.2020.01.023
Balaz_2020,Undoped,Undoped,12.0,0.4,0.52,427.0,,127.83,142.81,5.19,4.23,1.28,1.15,,Vibratory Mill 4h (Industrial scale),SPS 64MPa 723 K(30min),SPS,723.0,,95.0,,,,Industrial scale.,Baláž. P.. Guilmeau. E.. Daneu. N.. Dobrozhan. O.. Baláž. M.. Hegedus. M.. Barbier. T.. Achimovičová. M.. Kaňuchová. M.. & Briančin. J. (2020). Tetrahedrites synthesized via scalable mechanochemical process and spark plasma sintering. Journal of the European Ceramic Society. 40(5). 1922–1930. https://doi.org/10.1016/j.jeurceramsoc.2020.01.023
Balaz_2020,Undoped,Undoped,12.0,0.39,0.49,427.0,,128.28,140.56,5.08,4.21,1.32,1.18,,Vibratory Mill 6h (Industrial scale),SPS 64MPa 723 K(30min),SPS,723.0,,95.0,,,,Industrial scale.,Baláž. P.. Guilmeau. E.. Daneu. N.. Dobrozhan. O.. Baláž. M.. Hegedus. M.. Barbier. T.. Achimovičová. M.. Kaňuchová. M.. & Briančin. J. (2020). Tetrahedrites synthesized via scalable mechanochemical process and spark plasma sintering. Journal of the European Ceramic Society. 40(5). 1922–1930. https://doi.org/10.1016/j.jeurceramsoc.2020.01.023
Battiston 2017,Undoped,Undoped,12.0,0.15,0.18,400.0,673.0,160.0,176.0,0.5,,0.38,,,Precursors BM,743 K (5min),ODP,743.0,,94.0,4.6906,,,,Battiston. S.. Fanciulli. C.. Fiameni. S.. Famengo. A.. Fasolin. S.. & Fabrizio. M. (2017). One step synthesis and sintering of Ni and Zn substituted tetrahedrite as thermoelectric material. Journal of Alloys and Compounds. 702. 75–83. https://doi.org/10.1016/j.jallcom.2017.01.187
Kwak 2019,Undoped,Undoped,12.0,0.69,0.86,450.0,723.0,175.0,185.0,2.9,3.1,0.8,0.75,,Steel jar. 350rpm 24h,HP 723K 70Mp 2h,HP,723.0,,99.0,,,,,"Kwak, S.-G., Lee, G.-E., & Kim, I.-H. (2019). Electronic Transport and Thermoelectric Properties of Cu 12-x Zn x Sb 4 S 13 Tetrahedrites Prepared by Mechanical Alloying and Hot Pressing. Korean J. Met. Mater.), 57(5), 1–6. https://doi.org/10.3365/KJMM.2019.57.5.1"
Huang 2018,Undoped,Undoped,12.0,0.42,0.54,450.0,723.0,119.95,141.0,8.0,5.88,1.74,1.65,,"quartz ampoule. 923K, 12h",CP + Annealing 1 week 723K + HP 673K 250MPa 1h,HP,673.0,400.0,97.0,,,,,"Huang, L. L., Wang, Y. S., Zhu, C., Xu, R., Li, J. M., Zhang, J. H., Li, D., Wang, Z. M., Wang, L., Song, C. J., Xin, H. X., Zhang, J., & Qin, X. Y. (2018). Preparation and enhanced thermoelectric performance of Pb-doped tetrahedrite Cu12-xPbxSb4S13. Journal of Alloys and Compounds, 769, 478–483. https://doi.org/10.1016/j.jallcom.2018.07.335"
Sun 2017,Undoped,Undoped,12.0,0.3,0.61,450.0,723.0,119.0,160.0,3.2,3.3,0.96,0.95,,Steel jar. 450rpm 10h,SPS 723K 10min 50MPa + SPS 573K 10min 100MPa,SPS,723.0,,86.0,,,,,"Sun, F. H., Wu, C. F., Li, Z., Pan, Y., Asfandiyar, Dong, J., & Li, J. F. (2017). Powder metallurgically synthesized Cu12Sb4S13 tetrahedrites: phase transition and high thermoelectricity. RSC Advances, 7(31), 18909–18916. https://doi.org/10.1039/c7ra02564e"
Levinsky 2022,Undoped,Undoped,12.0,0.48,0.48,350.0,623.0,123.0,123.0,7.6,7.6,1.49,1.49,,Silica tubes. 923K 12h,CP + annealing 5 days 723K + SPS 80MPa 4min 723K,SPS,723.0,,95.0,,,,,"Levinský, P., Ventrapati, P. K., Dauscher, A., Hejtmánek, J., Candolfi, C., & Lenoir, P. B. (2022). Achieving High Thermoelectric Performance in Mixed Natural-Synthetic Tetrahedrites. ChemNanoMat, 8(11). https://doi.org/10.1002/cnma.202200364"
Heo 2014,Undoped,Undoped,12.0,,0.3,302.0,575.0,,105.0,,5.1,,1.08,,quartz tube.  723 K (3weeks). BM(5min),HP 723 K (2h) 10 Mpa (density is 85%),HP,723.0,,88.0,,,,,Heo. J.. Laurita. G.. Muir. S.. Subramanian. M. A.. & Keszler. D. A. (2014). Enhanced thermoelectric performance of synthetic tetrahedrites. Chemistry of Materials. 26(6). 2047–2051. https://doi.org/10.1021/cm404026k
Kumar 2016,Undoped,Undoped,12.0,0.76,0.76,350.0,,130.0,130.0,10.5,10.5,1.32,1.32,,quartz tube.  973 K (3h) + 773K (3h),Annealing: 773K 96h + HP 30MPa at 773K 1h,HP,773.0,,95.0,,,,,"Prem Kumar, D. S., Chetty, R., Rogl, P., Rogl, G., Bauer, E., Malar, P., & Mallik, R. C. (2016). Thermoelectric properties of Cd doped tetrahedrite: Cu12−xCdxSb4S13. Intermetallics, 78, 21–29. https://doi.org/10.1016/j.intermet.2016.08.003"
Kosaka 2017,Undoped,Undoped,12.0,0.42,0.44,382.0,,120.0,124.0,7.14,6.67,1.45,1.47,,quartz tube.  523 K (2h) + 1003K (10h),CP 200MPa + annealing 773K 100h + HP773K 15min 50MPa,HP,773.0,,95.0,,,,,"Kosaka, Y., Suekuni, K., Hashikuni, K., Bouyrie, Y., Ohta, M., & Takabatake, T. (2017). Effects of Ge and Sn substitution on the metal-semiconductor transition and thermoelectric properties of Cu12Sb4S13 tetrahedrite. Physical Chemistry Chemical Physics, 19(13), 8874–8879. https://doi.org/10.1039/c7cp00351j"
Zhu 2019,Undoped,Undoped,12.0,0.44,0.62,450.0,,110.0,145.0,8.8,6.8,1.6,1.0,,quartz ampoule. 923K 12h,CP + annealing : 723K (1 week) + HP 673K 1h 250MPa,HP,673.0,,96.0,,,,,"Zhu, C., Ming, H., Huang, L., Zhang, B., Lou, X., Li, D., Jabar, B., Xin, H., Zhang, J., & Qin, X. (2019). Achieving high power factor and thermoelectric performance through dual substitution of Zn and Se in tetrahedrites Cu12Sb4S13. Applied Physics Letters, 115(18). https://doi.org/10.1063/1.5119411"
Zhu 2021,Undoped,Undoped,12.0,0.43,0.69,450.0,723.0,110.0,145.0,8.4,5.4,1.52,1.33,,quartz ampoule. 923K 12h,CP + annealing : 723K (1 week) + HP 673K 1h 250MPa,HP,673.0,,96.0,,,,,"Zhu, C., Chen, Q., Ming, H., Qin, X., Yang, Y., Zhang, J., Peng, D., Chen, T., Li, D., & Kawazoe, Y. (2021). Improved Thermoelectric Performance of Cu12Sb4S13 through Gd-Substitution Induced Enhancement of Electronic Density of States and Phonon Scattering. ACS Applied Materials and Interfaces , 13(21), 25092–25101. https://doi.org/10.1021/acsami.1c03493"
Huang 2020,Undoped,Undoped,12.0,0.41,0.58,450.0,,125.0,145.0,8.0,5.5,1.73,1.62,,"quartz ampoule. 923K, 12h",CP + Annealing 1 week 723K + HP 673K 250MPa 1h,HP,673.0,400.0,96.0,,,,,"Huang, L., Kong, Y., Zhang, J., Zhu, C., Zhang, J., Li, Y., Li, D., Xin, H., Wang, Z., & Qin, X. (2020). Effects of Sb Deviation from Its Stoichiometric Ratio on the Micro- And Electronic Structures and Thermoelectric Properties of Cu12Sb4S13. ACS Applied Materials and Interfaces, 12(12), 14145–14153. https://doi.org/10.1021/acsami.0c00098"
Vaqueiro 2017,Undoped,Undoped,12.0,,0.42,302.0,573.0,,120.0,,7.8,,1.425,,quartz tube.  773 K (48h). 723 K (2-4 days),HP 80MPa 723 K(30min),HP,723.0,,96.0,4.92,5.125,,,"Vaqueiro, P., Guélou, G., Kaltzoglou, A., Smith, R. I., Barbier, T., Guilmeau, E., & Powell, A. v. (2017). The Influence of Mobile Copper Ions on the Glass-Like Thermal Conductivity of Copper-Rich Tetrahedrites. Chemistry of Materials, 29(9), 4080–4090. https://doi.org/10.1021/acs.chemmater.7b00891"
Yan 2018,Undoped,Undoped,12.0,0.49,0.63,450.0,723.0,122.93,,7.17,,1.46,,,quartz tube.  923 K (12h). 723 K (1 week),SPS 673 K (5min) 45 Mpa,SPS,673.0,,95.0,,,,Reduction in KL due to phase segregation. Cu ion mobility,"Yan, Y., Wu, H., Wang, G., Lu, X., & Zhou, X. (2018). High thermoelectric performance balanced by electrical and thermal transport in tetrahedrites Cu12+xSb4S12Se. Energy Storage Materials, 13, 127–133. https://doi.org/10.1016/j.ensm.2018.01.006"
Kwak 2022,Undoped,Undoped,12.0,0.69,0.86,450.0,723.0,173.0,175.0,3.0,2.9,0.8,0.76,,steel jar. BM 350rpm 24h,HP 723K 2h 70MPa,HP,723.0,,99.0,,4.99,"J.W. Anthony, R.A. Bideaux, K.W. Bladh, M.C. Nichols, Hand-",,"Kwak, S. G., & Kim, I. H. (2022). Thermoelectric properties of the off-stoichiometric tetrahedrites Cu12+mSb4S13. Journal of the Korean Physical Society, 80(11), 1054–1059. https://doi.org/10.1007/s40042-022-00476-0"
Tippireddy 2018,Undoped,Undoped,12.0,0.64,0.71,400.0,673.0,122.45,134.0,10.0,10.0,1.37,1.37,,quartz ampule. 973K 3h,Annealing: 773K 30h + HP 30MPa at 823K 2h,HP,823.0,,,,,"book of Mineralogy, I. (Mineralogical Society of America, Vir-",,Tippireddy. S.. Chetty. R.. Naik. M. H.. Jain. M.. Chattopadhyay. K.. & Mallik. R. C. (2018). Electronic and Thermoelectric Properties of Transition Metal Substituted Tetrahedrites. Journal of Physical Chemistry C. 122(16). 8735–8749. https://doi.org/10.1021/acs.jpcc.7b12214
Kumar 2017,Undoped,Undoped,12.0,0.77,0.82,400.0,,127.0,135.0,8.33,7.69,1.16,1.21,,quartz tube.  973 K (3h) + 773K (3h),Annealing: 773K 96h + HP 30MPa at 773K 1h,HP,773.0,,90.0,,,"ginia, 2003)",,"Prem Kumar, D. S., Chetty, R., Femi, O. E., Chattopadhyay, K., Malar, P., & Mallik, R. C. (2017). Thermoelectric Properties of Bi Doped Tetrahedrite. Journal of Electronic Materials, 46(5), 2616–2622. https://doi.org/10.1007/s11664-016-4826-5"
Lu 2014,Undoped,Undoped,12.0,0.46,0.56,400.0,723.0,116.0,135.0,7.1,6.5,1.45,1.54,,quartz tube.  923 K (12h). BM(5min),CP + quartz tube annealing  at 723 K (1 week)+ HP 80MPa 723 K (30min),HP,723.0,450.0,98.0,,,,,"Lu, X., & Morelli, D. (2014). The effect of Te substitution for sb on thermoelectric properties of tetrahedrite. Journal of Electronic Materials, 43(6), 1983–1987. https://doi.org/10.1007/s11664-013-2931-1"
Morelli 2020,Undoped,Undoped,12.0,0.43,0.57,400.0,,122.28,132.07,7.14,7.14,1.49,1.53,,quartz ampoule.  923K. 12h,CP 723K 2 weeks + BM(30min) +HP 80MPa 30min 723K,HP,723.0,,98.0,,,,,Morelli. (2009). United States Patent ( Continued ) ( 71 ) Applicant : BOARD OF TRUSTEES OF. https://doi.org/10.1002/aenm.201200650/abstract
Wang 2016,Undoped,Undoped,12.0,0.69,0.85,427.0,700.0,125.0,140.0,7.5,6.4,0.99,0.95,,silica ampoules. 923K. 12h,CP + silica ampoules HP 723K 70MPa 30min,HP,723.0,,,,,,,Wang. J. Y.. Li. X. Y.. & Bao. Y. F. (2016). Thermoelectric properties of Mn dopbed Cu12-xMnxSb4S13 tetrahedrites. Materials Science Forum. 847. 161–165. https://doi.org/10.4028/www.scientific.net/MSF.847.161
Levinsky 2019,Undoped,Undoped,12.0,0.5,0.57,400.0,,125.0,130.0,7.75,7.52,1.4,1.4,,silica tubes. 943K,CP + annealing : 723K (5 days) + SPS 80MPa 4min 723K,SPS,723.0,,95.0,,,,,"Levinsky, P., Candolfi, C., Dauscher, A., Lenoir, B., & Hejtmánek, J. (2019). Thermoelectric Properties of Magnesium-Doped Tetrahedrite Cu 12−x Mg x Sb 4 S 13. Journal of Electronic Materials, 48(4), 1926–1931. https://doi.org/10.1007/s11664-019-07032-w"
Pi 2020,Undoped,Undoped,12.0,0.5,0.66,450.0,723.0,194.0,195.0,1.89,1.9,0.8,0.78,,MA 350rpm 24h,HP 723K 2h 70MPa,HP,723.0,,99.0,,,,,"Pi, J. H., Lee, G. E., & Kim, I. H. (2020). Thermal Stability, Mechanical Properties and Thermoelectric Performance of Cu11TrSb4S13 (Tr = Mn, Fe, Co, Ni, Cu, and Zn). Journal of Electronic Materials, 49(5), 2710–2718. https://doi.org/10.1007/s11664-019-07570-3"
Lu 2016 Se,Undoped,Undoped,12.0,0.46,0.63,450.0,,122.0,139.0,7.14,6.21,1.46,1.39,,quartz tube.  923 K (12h). BM(5min),CP + quartz tube annealing  at 723 K (1 week)+ HP 80MPa 723 K (30min),HP,723.0,,,,,,,"Lu, X., Morelli, D. T., Wang, Y., Lai, W., Xia, Y., & Ozolins, V. (2016). Phase Stability, Crystal Structure, and Thermoelectric Properties of Cu12Sb4S13-xSex Solid Solutions. Chemistry of Materials, 28(6), 1781–1786. https://doi.org/10.1021/acs.chemmater.5b04794"
Zhu 2022,Undoped,Undoped,12.0,0.44,0.64,450.0,,113.0,136.0,8.3,6.45,1.5,1.35,,solid-state reaction: silica tubes. 923K 12h,,Other,,,96.0,,,,,"Zhu, C., Ming, H., Zhang, J., Li, D., Chen, T., & Qin, X. (2022). Ultralow Lattice Thermal Conductivity and High Thermoelectric Figure of Merit in Dually Substituted Cu12Sb4S13 Tetrahedrites. Advanced Electronic Materials, 8(10). https://doi.org/10.1002/aelm.202200112"
Yang 2024,Undoped,Undoped,12.0,0.39,0.5,500.0,,122.0,155.0,7.2,4.6,1.72,1.66,,973K 24h + 673K 3 days + ball milled,SPS 600K 50MPa,SPS,600.0,327.0,98.0,,,,,"Yang, C., Qu, L., Wang, P., Li, S., Wang, J., Zhu, B., Cheng, S., Jiang, S., Xing, B., & Cui, J. (2024). Improved Thermoelectric Performance in Ga- and Te-Co-introduced Tetrahedrite Cu12Sb4S13. Advanced Engineering Materials, 26(14). https://doi.org/10.1002/adem.202400442"
Weller 2017 ZnNi,Undoped,Undoped,12.0,0.61,0.66,400.0,673.0,245.0,260.0,1.0,1.1111111111111112,0.58,0.675,,steel jar. 1080rpm 1h,SPS 340C 30min 40MPa,SPS,613.0,,95.0,,,,,"Weller, D. P., & Morelli, D. T. (2017). Rapid synthesis of zinc and nickel co-doped tetrahedrite thermoelectrics by reactive spark plasma sintering and mechanical alloying. Journal of Alloys and Compounds, 710, 794–799. https://doi.org/10.1016/j.jallcom.2017.03.272"
Weller 2017 ZnNi,Undoped,Undoped,12.0,0.6,0.66,400.0,673.0,245.0,260.0,0.9090909090909092,1.1111111111111112,0.55,0.33,,steel jar. 300rpm 48h,SPS 340C 10min 40MPA,SPS,613.0,,95.0,,,,,"Weller, D. P., & Morelli, D. T. (2017). Rapid synthesis of zinc and nickel co-doped tetrahedrite thermoelectrics by reactive spark plasma sintering and mechanical alloying. Journal of Alloys and Compounds, 710, 794–799. https://doi.org/10.1016/j.jallcom.2017.03.273"
Ojha 2024,Undoped,Undoped,12.0,0.0,0.0,450.0,,140.0,140.0,0.0005,0.0005,1.15,1.27,,BM 200rpm 12h,HP 50MPa 2h 773K,HP,773.0,,95.0,,,,,Ojha. A.. R. A.. & Bathula. S. (2024). Augmentation in the thermoelectric performance by integrating the natural minerals with synthetic tetrahedrite compounds. Materials Science in Semiconductor Processing. 180. https://doi.org/10.1016/j.mssp.2024.108562
Lopez 2022,Undoped,Undoped,12.0,0.02,0.02,350.0,,138.0,,0.19,,0.65,,,MA YPSZ jar 350rpm 6h,HP 350C (1h) 5ton/cm^3,HP,623.0,,93.30628803245436,4.6,4.93,,,"López Cota, F. A., Díaz-Guillén, J. A., Juan Dura, O., López de la Torre, M. A., Rodríguez-Hernández, J., & Fernández Fuentes, A. (2021). Mechanosynthesis and thermoelectric properties of fe, zn, and cd-doped p-type tetrahedrite: Cu12-x mx sb4 s13. Materials, 14(13). https://doi.org/10.3390/ma14133449"
Rout 2024,Undoped,Undoped,11.95,0.7,,,,,,,,,,,Solid State,HP 773K 2h 80MPa,HP,773.0,,98.0,4.86,4.93,,,Rout. U.. & Mallik. R. C. (2024). Thermoelectric properties of Gd and Se double substituted tetrahedrite. Dalton Transactions. 53(8). 3511–3522. https://doi.org/10.1039/D3DT03795A
Kwak 2022,Cu deficient 11.9,Cu-excess/deficiency,11.9,0.7,0.91,450.0,723.0,155.0,157.0,4.1,3.9,0.82,0.82,,steel jar. BM 350rpm 24h,HP 723K 2h 70MPa,HP,723.0,,99.0,,4.99,"J.W. Anthony, R.A. Bideaux, K.W. Bladh, M.C. Nichols, Hand-",,"Kwak, S. G., & Kim, I. H. (2022). Thermoelectric properties of the off-stoichiometric tetrahedrites Cu12+mSb4S13. Journal of the Korean Physical Society, 80(11), 1054–1059. https://doi.org/10.1007/s40042-022-00476-0"
Kwak 2022,Cu deficient 11.8,Cu-excess/deficiency,11.8,0.65,0.83,450.0,723.0,155.0,157.0,3.5,3.5,0.82,0.82,,steel jar. BM 350rpm 24h,HP 723K 2h 70MPa,HP,723.0,,99.0,,4.99,"J.W. Anthony, R.A. Bideaux, K.W. Bladh, M.C. Nichols, Hand-",,"Kwak, S. G., & Kim, I. H. (2022). Thermoelectric properties of the off-stoichiometric tetrahedrites Cu12+mSb4S13. Journal of the Korean Physical Society, 80(11), 1054–1059. https://doi.org/10.1007/s40042-022-00476-1"
Kwak 2022,Cu deficient 11.7,Cu-excess/deficiency,11.7,0.6,0.8,450.0,723.0,150.0,152.0,4.5,4.3,1.0,0.97,,steel jar. BM 350rpm 24h,HP 723K 2h 70MPa,HP,723.0,,99.0,,4.99,"J.W. Anthony, R.A. Bideaux, K.W. Bladh, M.C. Nichols, Hand-",,"Kwak, S. G., & Kim, I. H. (2022). Thermoelectric properties of the off-stoichiometric tetrahedrites Cu12+mSb4S13. Journal of the Korean Physical Society, 80(11), 1054–1059. https://doi.org/10.1007/s40042-022-00476-1"
Kwak 2022,Cu excess 12.1,Cu-excess/deficiency,12.1,0.6,0.71,450.0,723.0,194.0,195.0,1.5,1.5,0.6,0.75,,steel jar. BM 350rpm 24h,HP 723K 2h 70MPa,HP,723.0,,99.0,,4.99,"J.W. Anthony, R.A. Bideaux, K.W. Bladh, M.C. Nichols, Hand-",,"Kwak, S. G., & Kim, I. H. (2022). Thermoelectric properties of the off-stoichiometric tetrahedrites Cu12+mSb4S13. Journal of the Korean Physical Society, 80(11), 1054–1059. https://doi.org/10.1007/s40042-022-00476-0"
Kwak 2022,Cu excess 12.2,Cu-excess/deficiency,12.2,0.68,0.79,450.0,723.0,204.0,205.0,1.5,1.5,0.6,0.65,,steel jar. BM 350rpm 24h,HP 723K 2h 70MPa,HP,723.0,,99.0,,4.99,"J.W. Anthony, R.A. Bideaux, K.W. Bladh, M.C. Nichols, Hand-",,"Kwak, S. G., & Kim, I. H. (2022). Thermoelectric properties of the off-stoichiometric tetrahedrites Cu12+mSb4S13. Journal of the Korean Physical Society, 80(11), 1054–1059. https://doi.org/10.1007/s40042-022-00476-0"
Kwak 2022,Cu excess 12.3,Cu-excess/deficiency,12.3,0.6,0.72,450.0,723.0,208.0,208.0,1.3,1.4,0.6,0.65,,steel jar. BM 350rpm 24h,HP 723K 2h 70MPa,HP,723.0,,99.0,,4.99,"J.W. Anthony, R.A. Bideaux, K.W. Bladh, M.C. Nichols, Hand-",,"Kwak, S. G., & Kim, I. H. (2022). Thermoelectric properties of the off-stoichiometric tetrahedrites Cu12+mSb4S13. Journal of the Korean Physical Society, 80(11), 1054–1059. https://doi.org/10.1007/s40042-022-00476-0"
Vaqueiro 2017,Cu excess 13.5,Cu-excess/deficiency,13.5,,0.62,300.0,573.0,,175.0,,2.0,,0.6,,quartz tube.  773 K (48h). 723 K (2-4 days),HP 80MPa 723 K(30min),HP,723.0,,96.0,4.92,5.125,,,"Vaqueiro, P., Guélou, G., Kaltzoglou, A., Smith, R. I., Barbier, T., Guilmeau, E., & Powell, A. v. (2017). The Influence of Mobile Copper Ions on the Glass-Like Thermal Conductivity of Copper-Rich Tetrahedrites. Chemistry of Materials, 29(9), 4080–4090. https://doi.org/10.1021/acs.chemmater.7b00891"
Yan 2018,Cu13.5 Sb4 S13,Cu-excess/deficiency,13.5,0.85,1.0,450.0,723.0,180.0,190.0,2.09,2.0,0.48,0.5,,quartz tube.  923 K (12h). 723 K (1 week),SPS 673 K (5min) 45 Mpa,SPS,673.0,,95.0,,,,Reduction in KL due to phase segregation. Cu ion mobility,"Yan, Y., Wu, H., Wang, G., Lu, X., & Zhou, X. (2018). High thermoelectric performance balanced by electrical and thermal transport in tetrahedrites Cu12+xSb4S12Se. Energy Storage Materials, 13, 127–133. https://doi.org/10.1016/j.ensm.2018.01.006"
Yan  2018,Cu13.5 Sb4 S12 Se,Se,13.5,0.8,1.1,450.0,723.0,159.73,177.0,3.77,3.9,0.76,0.81,,quartz tube.  923 K (12h). 723 K (1 week),SPS 673 K (5min) 45 Mpa,SPS,673.0,,95.0,,,,,"Yan, Y., Wu, H., Wang, G., Lu, X., & Zhou, X. (2018). High thermoelectric performance balanced by electrical and thermal transport in tetrahedrites Cu12+xSb4S12Se. Energy Storage Materials, 13, 127–133. https://doi.org/10.1016/j.ensm.2018.01.006"
Vaqueiro 2017,Cu excess 12.3,Cu-excess/deficiency,12.3,,0.3,300.0,573.0,,125.0,,2.5,,1.1,,silica tube. 773K (2 days),"723K 2-4 days + HP 723K, 30 min, 80MPa",HP,723.0,,96.0,4.92,5.125,,,"Vaqueiro, P., Guélou, G., Kaltzoglou, A., Smith, R. I., Barbier, T., Guilmeau, E., & Powell, A. v. (2017). The Influence of Mobile Copper Ions on the Glass-Like Thermal Conductivity of Copper-Rich Tetrahedrites. Chemistry of Materials, 29(9), 4080–4090. https://doi.org/10.1021/acs.chemmater.7b00891"
Yan 2018,Cu12.5 Sb4 S13,Cu-excess/deficiency,12.5,0.51,0.7,450.0,723.0,136.0,140.0,3.52,3.5,0.81,0.7,,quartz tube.  923 K (12h). 723 K (1 week),SPS 673 K (5min) 45 Mpa,SPS,673.0,,95.0,,,,,"Yan, Y., Wu, H., Wang, G., Lu, X., & Zhou, X. (2018). High thermoelectric performance balanced by electrical and thermal transport in tetrahedrites Cu12+xSb4S12Se. Energy Storage Materials, 13, 127–133. https://doi.org/10.1016/j.ensm.2018.01.006"
Yan 2018,Cu12.5 Sb4 S12 Se,Se,12.5,0.76,0.87,450.0,723.0,124.04,140.0,7.13,5.0,0.89,0.85,,quartz tube.  923 K (12h). 723 K (1 week),SPS 673 K (5min) 45 Mpa,SPS,673.0,,95.0,,,,,"Yan, Y., Wu, H., Wang, G., Lu, X., & Zhou, X. (2018). High thermoelectric performance balanced by electrical and thermal transport in tetrahedrites Cu12+xSb4S12Se. Energy Storage Materials, 13, 127–133. https://doi.org/10.1016/j.ensm.2018.01.006"
Vaqueiro 2017,Cu excess 13,Cu-excess/deficiency,13.0,,0.23,300.0,573.0,,125.0,,2.0,,0.85,,silica tube. 773K (2 days),"723K 2-4 days + HP 723K, 30 min, 80MPa",HP,723.0,,96.0,4.92,5.125,,,"Vaqueiro, P., Guélou, G., Kaltzoglou, A., Smith, R. I., Barbier, T., Guilmeau, E., & Powell, A. v. (2017). The Influence of Mobile Copper Ions on the Glass-Like Thermal Conductivity of Copper-Rich Tetrahedrites. Chemistry of Materials, 29(9), 4080–4090. https://doi.org/10.1021/acs.chemmater.7b00891"
Yan 2018,Cu13 Sb4 S13,Cu-excess/deficiency,13.0,0.67,0.85,450.0,723.0,163.0,170.0,2.46,2.4,0.59,0.6,,quartz tube.  923 K (12h). 723 K (1 week),SPS 673 K (5min) 45 Mpa,SPS,673.0,,95.0,,,,,"Yan, Y., Wu, H., Wang, G., Lu, X., & Zhou, X. (2018). High thermoelectric performance balanced by electrical and thermal transport in tetrahedrites Cu12+xSb4S12Se. Energy Storage Materials, 13, 127–133. https://doi.org/10.1016/j.ensm.2018.01.006"
Yan 2018,Cu13 Sb4 S12 Se,Se,13.0,0.78,0.99,450.0,723.0,142.41,150.0,5.59,5.0,0.91,0.9,,quartz tube.  923 K (12h). 723 K (1 week),SPS 673 K (5min) 45 Mpa,SPS,673.0,,95.0,,,,,"Yan, Y., Wu, H., Wang, G., Lu, X., & Zhou, X. (2018). High thermoelectric performance balanced by electrical and thermal transport in tetrahedrites Cu12+xSb4S12Se. Energy Storage Materials, 13, 127–133. https://doi.org/10.1016/j.ensm.2018.01.006"
Vaqueiro 2017,Cu excess 14,Cu-excess/deficiency,14.0,,0.62,300.0,573.0,,200.0,,1.6,,0.58,,silica tube. 773K (2 days),"723K 2-4 days + HP 723K, 30 min, 80MPa",HP,723.0,,96.0,4.92,5.125,,,"Vaqueiro, P., Guélou, G., Kaltzoglou, A., Smith, R. I., Barbier, T., Guilmeau, E., & Powell, A. v. (2017). The Influence of Mobile Copper Ions on the Glass-Like Thermal Conductivity of Copper-Rich Tetrahedrites. Chemistry of Materials, 29(9), 4080–4090. https://doi.org/10.1021/acs.chemmater.7b00891"
Levinsky 2022,Cu11Ni,Ni,11.0,0.55,0.55,350.0,623.0,135.0,135.0,4.85,4.85,1.0,1.0,,Silica tubes. 923K 12h,CP + annealing 5 days 723K + SPS 80MPa 4min 723K,SPS,723.0,,95.0,,,,,"Levinský, P., Ventrapati, P. K., Dauscher, A., Hejtmánek, J., Candolfi, C., & Lenoir, P. B. (2022). Achieving High Thermoelectric Performance in Mixed Natural-Synthetic Tetrahedrites. ChemNanoMat, 8(11). https://doi.org/10.1002/cnma.202200364"
Battiston 2017,Cu11Ni,Ni,11.0,0.56,0.65,400.0,673.0,215.0,215.0,1.2,1.0,0.65,0.65,,Precursors BM,Open Die Pressing 743 K (5min),ODP,743.0,,93.0,,,,,Battiston. S.. Fanciulli. C.. Fiameni. S.. Famengo. A.. Fasolin. S.. & Fabrizio. M. (2017). One step synthesis and sintering of Ni and Zn substituted tetrahedrite as thermoelectric material. Journal of Alloys and Compounds. 702. 75–83. https://doi.org/10.1016/j.jallcom.2017.01.187
Suekuni 2013,Cu10.5 Ni 1.5,Ni,10.5,0.65,0.7,392.0,665.0,177.0,185.0,2.5,2.5,0.81,0.75,,quartz tube.  973 K (3h). 823 K (30h),CP + quartz tube annealing  at 773 K (25h)  + HP 803K 1h 60MPa,HP,773.0,,96.0,,,,,Suekuni. K.. Tsuruta. K.. Kunii. M.. Nishiate. H.. Nishibori. E.. Maki. S.. Ohta. M.. Yamamoto. A.. & Koyano. M. (2013). High-performance thermoelectric mineral Cu12-xNi xSb4S13 tetrahedrite. Journal of Applied Physics. 113(4). https://doi.org/10.1063/1.4789389
Suekuni 2013,Cu10 Ni 2,Ni,10.0,0.58,0.62,392.0,,216.0,208.88,1.2,1.41,0.67,0.68,,quartz tube.  973 K (3h). 823 K (30h),CP + quartz tube annealing  at 773 K (25h)  + HP 803K 1h 60MPa,HP,773.0,,96.0,,,,,Suekuni. K.. Tsuruta. K.. Kunii. M.. Nishiate. H.. Nishibori. E.. Maki. S.. Ohta. M.. Yamamoto. A.. & Koyano. M. (2013). High-performance thermoelectric mineral Cu12-xNi xSb4S13 tetrahedrite. Journal of Applied Physics. 113(4). https://doi.org/10.1063/1.4789390
Suekuni 2013,Cu11.5 Ni 0.5,Ni,11.5,0.54,0.57,392.0,,125.0,129.93,7.04,7.04,1.37,1.41,,quartz tube.  973 K (3h). 823 K (30h),CP + quartz tube annealing  at 773 K (25h)  + HP 803K 1h 60MPa,HP,773.0,,96.0,,,,,Suekuni. K.. Tsuruta. K.. Kunii. M.. Nishiate. H.. Nishibori. E.. Maki. S.. Ohta. M.. Yamamoto. A.. & Koyano. M. (2013). High-performance thermoelectric mineral Cu12-xNi xSb4S13 tetrahedrite. Journal of Applied Physics. 113(4). https://doi.org/10.1063/1.4789391
Suekuni 2013,Cu11 Ni,Ni,11.0,0.61,0.67,392.0,,150.0,155.0,4.6,4.56,1.08,1.1,,quartz tube.  973 K (3h). 823 K (30h),CP + quartz tube annealing  at 773 K (25h)  + HP 803K 1h 60MPa,HP,773.0,,96.0,,,,,Suekuni. K.. Tsuruta. K.. Kunii. M.. Nishiate. H.. Nishibori. E.. Maki. S.. Ohta. M.. Yamamoto. A.. & Koyano. M. (2013). High-performance thermoelectric mineral Cu12-xNi xSb4S13 tetrahedrite. Journal of Applied Physics. 113(4). https://doi.org/10.1063/1.4789392
Barbier 2015,Cu10.4 Ni 1.6,Ni,10.4,0.65,0.8,427.0,700.0,182.0,193.0,2.78,2.7,0.86,0.9,,quartz tube.  973 K (3h). 793 K (30h),CP + quartz tube annealing  at 773 K (25h)+ SPS 60MPa 793 K (30min) in Ar,SPS,793.0,,98.0,,,,,Barbier. T.. Lemoine. P.. Gascoin. S.. Lebedev. O. I.. Kaltzoglou. A.. Vaqueiro. P.. Powell. A. v.. Smith. R. I.. & Guilmeau. E. (2015). Structural stability of the synthetic thermoelectric ternary and nickel-substituted tetrahedrite phases. Journal of Alloys and Compounds. 634. 253–262. https://doi.org/10.1016/j.jallcom.2015.02.045
Suekuni 2012,Cu10 Ni2,Ni,10.0,,0.15,67.0,340.0,,,,,,,,quartz tube.  973 K (3h). 823 K (30h),CP + quartz tube annealing  at 773 K (25h),CP,773.0,,,,,,,Suekuni. K.. Tsuruta. K.. Ariga. T.. & Koyano. M. (2012). Thermoelectric properties of mineral tetrahedrites Cu 10Tr 2Sb 4S 13 with low thermal conductivity. Applied Physics Express. 5(5). https://doi.org/10.1143/APEX.5.051201
Sun 2018,Cu11 Ni Sb4 S12.5,Ni,11.0,0.76,0.95,450.0,723.0,165.0,178.0,4.0,3.7,0.9,0.91,,MA 450rpm 10h,SPS  723 K (10min). 50 MPa,SPS,723.0,,98.0,,,,,"Sun, F. H., Dong, J., Dey, S., Asfandiyar, Wu, C. F., Pan, Y., Tang, H., & Li, J. F. (2018). Enhanced thermoelectric performance of Cu12Sb4S13−δ tetrahedrite via nickel doping. Science China Materials, 61(9), 1209–1217. https://doi.org/10.1007/s40843-018-9241-x"
Sun 2018,Cu10 Ni2 Sb4 S12.5,Ni,10.0,0.61,0.75,450.0,723.0,254.0,262.0,1.0,0.9,0.6,0.62,,MA 450rpm 10h,SPS  723 K (10min). 50 MPa,SPS,723.0,,98.0,,,,,"Sun, F. H., Dong, J., Dey, S., Asfandiyar, Wu, C. F., Pan, Y., Tang, H., & Li, J. F. (2018). Enhanced thermoelectric performance of Cu12Sb4S13−δ tetrahedrite via nickel doping. Science China Materials, 61(9), 1209–1217. https://doi.org/10.1007/s40843-018-9241-x"
Sun 2018,Cu11.5 Ni 0.5 Sb4 S12.5,Ni,11.5,0.55,0.78,450.0,723.0,140.0,158.0,6.0,5.43,1.38,1.38,,MA 450rpm 10h,SPS  723 K (10min). 50 MPa,SPS,723.0,,98.0,,,,,"Sun, F. H., Dong, J., Dey, S., Asfandiyar, Wu, C. F., Pan, Y., Tang, H., & Li, J. F. (2018). Enhanced thermoelectric performance of Cu12Sb4S13−δ tetrahedrite via nickel doping. Science China Materials, 61(9), 1209–1217. https://doi.org/10.1007/s40843-018-9241-x"
Sun 2018,Cu10.5 Ni 1.5 Sb4 S12.5,Ni,10.5,0.74,0.95,450.0,723.0,220.0,237.0,1.7,1.6,0.7,0.71,,MA 450rpm 10h,SPS  723 K (10min). 50 MPa,SPS,724.0,,98.0,,,,,"Sun, F. H., Dong, J., Dey, S., Asfandiyar, Wu, C. F., Pan, Y., Tang, H., & Li, J. F. (2018). Enhanced thermoelectric performance of Cu12Sb4S13−δ tetrahedrite via nickel doping. Science China Materials, 61(9), 1209–1217. https://doi.org/10.1007/s40843-018-9241-x"
Tippireddy 2018,Cu11Ni,Ni,11.0,0.68,0.76,400.0,673.0,167.8,,5.0,,1.06,,,quartz ampule. 973K 3h,Annealing: 773K 30h + HP 30MPa at 823K 2h,HP,823.0,,89.0,,,,,Tippireddy. S.. Chetty. R.. Naik. M. H.. Jain. M.. Chattopadhyay. K.. & Mallik. R. C. (2018). Electronic and Thermoelectric Properties of Transition Metal Substituted Tetrahedrites. Journal of Physical Chemistry C. 122(16). 8735–8749. https://doi.org/10.1021/acs.jpcc.7b12214
Heo 2014,Cu10 Ni2,Ni,10.0,,0.23,302.0,575.0,,,,0.47,,0.28,,quartz tube.  723 K (3weeks). BM(5min),HP 723 K (2h) 10 Mpa (density is 85%),HP,723.0,,85.0,,,,,Heo. J.. Laurita. G.. Muir. S.. Subramanian. M. A.. & Keszler. D. A. (2014). Enhanced thermoelectric performance of synthetic tetrahedrites. Chemistry of Materials. 26(6). 2047–2051. https://doi.org/10.1021/cm404026k
Lu 2015,Cu10.5 Ni1.5 Sb4 S13,Ni,10.5,0.67,0.87,450.0,723.0,180.0,194.0,2.56,2.39,0.76,0.79,,quartz tube.  923 K (12h). BM(5min),CP + quartz tube annealing  at 723 K (1 week)+ HP 80MPa 723 K (30min),HP,723.0,,98.0,,,,Secondary phases,Battiston. S.. Fanciulli. C.. Fiameni. S.. Famengo. A.. Fasolin. S.. & Fabrizio. M. (2017). One step synthesis and sintering of Ni and Zn substituted tetrahedrite as thermoelectric material. Journal of Alloys and Compounds. 702. 75–83. https://doi.org/10.1016/j.jallcom.2017.01.187
Pi 2020,Cu11NiSb4S13,Ni,11.0,0.36,0.46,450.0,723.0,265.0,263.0,0.4,0.5148,0.53,0.54,,MA 350rpm 24h,HP 723K 2h 70MPa,HP,723.0,,98.0,,,,,"Pi, J. H., Lee, G. E., & Kim, I. H. (2020). Thermal Stability, Mechanical Properties and Thermoelectric Performance of Cu11TrSb4S13 (Tr = Mn, Fe, Co, Ni, Cu, and Zn). Journal of Electronic Materials, 49(5), 2710–2718. https://doi.org/10.1007/s11664-019-07570-3"
Weller 2017 ZnNi,Cu10 Ni2 Sb4 S13,Ni,10.0,0.61,0.65,400.0,673.0,245.0,260.0,1.0,0.9,0.6,0.58,,steel jar. 1080rpm 1h,SPS 340C 30min 40MPa,SPS,613.0,,95.0,,,,,"Weller, D. P., & Morelli, D. T. (2017). Rapid synthesis of zinc and nickel co-doped tetrahedrite thermoelectrics by reactive spark plasma sintering and mechanical alloying. Journal of Alloys and Compounds, 710, 794–799. https://doi.org/10.1016/j.jallcom.2017.03.272"
Weller 2017 ZnNi,Cu10 Ni2 Sb4 S13,Ni,10.0,0.6,0.66,400.0,673.0,240.0,255.0,0.97,0.83,0.58,0.52,,steel jar. 300rpm 48h,SPS 340C 10min 40MPA,SPS,613.0,,95.0,,,,,"Weller, D. P., & Morelli, D. T. (2017). Rapid synthesis of zinc and nickel co-doped tetrahedrite thermoelectrics by reactive spark plasma sintering and mechanical alloying. Journal of Alloys and Compounds, 710, 794–799. https://doi.org/10.1016/j.jallcom.2017.03.273"
Lu 2015,Cu10.5 Ni Zn0.5 Sb4 S13,Ni+Zn,10.5,0.84,1.03,450.0,723.0,200.0,210.0,2.05,1.84,0.58,0.58,,quartz tube.  923 K (12h). BM(5min),CP + quartz tube annealing  at 723 K (1 week)+ HP 80MPa 723 K (30min),HP,723.0,,98.0,,,,Secondary phases,"Lu, X., Morelli, D. T., Xia, Y., & Ozolins, V. (2015). Increasing the thermoelectric figure of merit of tetrahedrites by Co-doping with nickel and zinc. Chemistry of Materials, 27(2), 408–413. https://doi.org/10.1021/cm502570b"
Lu 2015,Cu10.5 Ni1.3 Zn0.2 Sb4 S13,Ni+Zn,10.5,0.78,0.99,450.0,723.0,188.0,200.0,2.43,2.3,0.7,0.73,,quartz tube.  923 K (12h). BM(5min),CP + quartz tube annealing  at 723 K (1 week)+ HP 80MPa 723 K (30min),HP,723.0,,98.0,,,,Secondary phases,"Lu, X., Morelli, D. T., Xia, Y., & Ozolins, V. (2015). Increasing the thermoelectric figure of merit of tetrahedrites by Co-doping with nickel and zinc. Chemistry of Materials, 27(2), 408–413. https://doi.org/10.1021/cm502570b"
Lu 2015,Cu10.5 Ni0.5 Zn Sb4 S13,Ni+Zn,10.5,0.62,0.81,450.0,723.0,220.0,233.0,1.06,1.03,0.5,0.49,,quartz tube.  923 K (12h). BM(5min),CP + quartz tube annealing  at 723 K (1 week)+ HP 80MPa 723 K (30min),HP,723.0,,98.0,,,,Secondary phases,"Lu, X., Morelli, D. T., Xia, Y., & Ozolins, V. (2015). Increasing the thermoelectric figure of merit of tetrahedrites by Co-doping with nickel and zinc. Chemistry of Materials, 27(2), 408–413. https://doi.org/10.1021/cm502570b"
Battiston 2017,Cu10.5 Ni Zn0.5 Sb4 S13,Ni+Zn,10.5,0.44,0.48,400.0,673.0,321.0,321.0,0.25,0.25,0.4,0.395,,Precursors BM + 15wt% excess Ni3S2. 350 rpm (3h) in hexane,743 K (5min),ODP,743.0,,91.0,,,,,Battiston. S.. Fanciulli. C.. Fiameni. S.. Famengo. A.. Fasolin. S.. & Fabrizio. M. (2017). One step synthesis and sintering of Ni and Zn substituted tetrahedrite as thermoelectric material. Journal of Alloys and Compounds. 702. 75–83. https://doi.org/10.1016/j.jallcom.2017.01.187
Battiston 2017,Cu10.2 Ni Zn0.7 Sb4 S13,Ni+Zn,10.3,0.32,0.37,400.0,673.0,320.0,315.0,0.16,0.16,0.385,0.38,,Precursors BM + 15wt% excess Ni3S2. 350 rpm (3h) in hexane,743 K (5min),ODP,743.0,,90.0,,,,,Battiston. S.. Fanciulli. C.. Fiameni. S.. Famengo. A.. Fasolin. S.. & Fabrizio. M. (2017). One step synthesis and sintering of Ni and Zn substituted tetrahedrite as thermoelectric material. Journal of Alloys and Compounds. 702. 75–83. https://doi.org/10.1016/j.jallcom.2017.01.187
Weller 2017 ZnNi,Cu10 Ni0.5 Zn1.5 Sb4 S13,Ni+Zn,10.0,0.39,0.45,400.0,673.0,275.0,280.0,0.35,0.35,0.485,0.47,,steel jar. 1080rpm 1h,SPS 340C 30min 40MPa,SPS,613.0,,95.0,,,,,"Weller, D. P., & Morelli, D. T. (2017). Rapid synthesis of zinc and nickel co-doped tetrahedrite thermoelectrics by reactive spark plasma sintering and mechanical alloying. Journal of Alloys and Compounds, 710, 794–799. https://doi.org/10.1016/j.jallcom.2017.03.272"
Weller 2017 ZnNi,Cu10 Ni1 Zn1 Sb4 S13,Ni+Zn,10.0,0.45,0.56,400.0,673.0,200.0,216.0,1.1,1.1,0.63,0.61,,steel jar. 1080rpm 1h,SPS 340C 30min 40MPa,SPS,613.0,,95.0,,,,,"Weller, D. P., & Morelli, D. T. (2017). Rapid synthesis of zinc and nickel co-doped tetrahedrite thermoelectrics by reactive spark plasma sintering and mechanical alloying. Journal of Alloys and Compounds, 710, 794–799. https://doi.org/10.1016/j.jallcom.2017.03.272"
Weller 2017 ZnNi,Cu10 Ni1.5 Zn0.5 Sb4 S13,Ni+Zn,10.0,0.51,0.57,400.0,673.0,215.0,220.0,1.25,1.18,0.675,0.675,,steel jar. 1080rpm 1h,SPS 340C 30min 40MPa,SPS,613.0,,95.0,,,,,"Weller, D. P., & Morelli, D. T. (2017). Rapid synthesis of zinc and nickel co-doped tetrahedrite thermoelectrics by reactive spark plasma sintering and mechanical alloying. Journal of Alloys and Compounds, 710, 794–799. https://doi.org/10.1016/j.jallcom.2017.03.272"
Weller 2017 ZnNi,Cu10 Ni0.5 Zn1.5 Sb4 S13,Ni+Zn,10.0,0.34,0.43,400.0,673.0,320.0,322.0,0.22,0.217,0.41,0.33,,steel jar. 300rpm 48h,SPS 340C 10min 40MPA,SPS,613.0,,95.0,,,,,"Weller, D. P., & Morelli, D. T. (2017). Rapid synthesis of zinc and nickel co-doped tetrahedrite thermoelectrics by reactive spark plasma sintering and mechanical alloying. Journal of Alloys and Compounds, 710, 794–799. https://doi.org/10.1016/j.jallcom.2017.03.273"
Weller 2017 ZnNi,Cu10 Ni1 Zn1 Sb4 S13,Ni+Zn,10.0,0.52,0.63,400.0,673.0,250.0,260.0,0.66,0.59,0.5,0.46,,steel jar. 300rpm 48h,SPS 340C 10min 40MPA,SPS,613.0,,95.0,,,,,"Weller, D. P., & Morelli, D. T. (2017). Rapid synthesis of zinc and nickel co-doped tetrahedrite thermoelectrics by reactive spark plasma sintering and mechanical alloying. Journal of Alloys and Compounds, 710, 794–799. https://doi.org/10.1016/j.jallcom.2017.03.274"
Weller 2017 ZnNi,Cu10 Ni1.5 Zn0.5 Sb4 S13,Ni+Zn,10.0,0.55,0.61,400.0,673.0,220.0,225.0,1.1,1.1,0.58,0.53,,steel jar. 300rpm 48h,SPS 340C 10min 40MPA,SPS,613.0,,95.0,,,,,"Weller, D. P., & Morelli, D. T. (2017). Rapid synthesis of zinc and nickel co-doped tetrahedrite thermoelectrics by reactive spark plasma sintering and mechanical alloying. Journal of Alloys and Compounds, 710, 794–799. https://doi.org/10.1016/j.jallcom.2017.03.275"
Tippireddy 2018,Cu11Zn,Zn,11.0,0.63,0.71,400.0,673.0,202.07,215.0,2.0,,0.77,,,quartz ampule. 973K 3h,Annealing: 773K 30h + HP 30MPa at 823K 2h,HP,823.0,,90.0,,,,,Tippireddy. S.. Chetty. R.. Naik. M. H.. Jain. M.. Chattopadhyay. K.. & Mallik. R. C. (2018). Electronic and Thermoelectric Properties of Transition Metal Substituted Tetrahedrites. Journal of Physical Chemistry C. 122(16). 8735–8749. https://doi.org/10.1021/acs.jpcc.7b12214
Suekuni 2012,Cu10 Zn2,Zn,10.0,,0.03,67.0,340.0,,,,,,,,quartz tube.  973 K (3h). 823 K (30h),CP + quartz tube annealing  at 773 K (25h),CP,773.0,,,,,,,Suekuni. K.. Tsuruta. K.. Ariga. T.. & Koyano. M. (2012). Thermoelectric properties of mineral tetrahedrites Cu 10Tr 2Sb 4S 13 with low thermal conductivity. Applied Physics Express. 5(5). https://doi.org/10.1143/APEX.5.051201
Lu 2013,Cu11.5 Zn0.5,Zn,11.5,0.6,1.0,450.0,720.0,137.01,160.0,6.0,5.56,1.2,1.06,,quartz tube.  923 K (12h). BM(5min),CP + quartz tube annealing  at 723 K (1 week)+ HP 80MPa 723 K (30min),HP,723.0,,98.0,,,,,Lu. X.. Morelli. D. T.. Xia. Y.. Zhou. F.. Ozolins. V.. Chi. H.. Zhou. X.. & Uher. C. (2013). High performance thermoelectricity in earth-abundant compounds based on natural mineral tetrahedrites. Advanced Energy Materials. 3(3). 342–348. https://doi.org/10.1002/aenm.201200650
Lu 2013,Cu11 Zn,Zn,11.0,0.7,0.78,400.0,720.0,182.0,188.0,3.13,2.86,0.88,0.85,,quartz tube.  923 K (12h). BM(5min),CP + quartz tube annealing  at 723 K (1 week)+ HP 80MPa 723 K (30min),HP,723.0,,98.0,,,,,Lu. X.. Morelli. D. T.. Xia. Y.. Zhou. F.. Ozolins. V.. Chi. H.. Zhou. X.. & Uher. C. (2013). High performance thermoelectricity in earth-abundant compounds based on natural mineral tetrahedrites. Advanced Energy Materials. 3(3). 342–348. https://doi.org/10.1002/aenm.201200650
Lu 2013,Cu10.5 Zn1.5,Zn,10.5,0.53,0.6,400.0,673.0,246.0,245.0,0.81,0.83,0.57,0.57,,quartz tube.  923 K (12h). BM(5min),CP + quartz tube annealing  at 723 K (1 week)+ HP 80MPa 723 K (30min),HP,723.0,,98.0,,,,,Lu. X.. Morelli. D. T.. Xia. Y.. Zhou. F.. Ozolins. V.. Chi. H.. Zhou. X.. & Uher. C. (2013). High performance thermoelectricity in earth-abundant compounds based on natural mineral tetrahedrites. Advanced Energy Materials. 3(3). 342–348. https://doi.org/10.1002/aenm.201200650
Kwak 2019,Cu11.6 Zn0.4,Zn,11.6,0.6,0.76,450.0,723.0,207.0,215.0,1.65,1.75,0.67,0.67,,Steel jar. 350rpm 24h,HP 723K 70Mp 2h,HP,723.0,,97.0,,,,,"Kwak, S.-G., Lee, G.-E., & Kim, I.-H. (2019). Electronic Transport and Thermoelectric Properties of Cu 12-x Zn x Sb 4 S 13 Tetrahedrites Prepared by Mechanical Alloying and Hot Pressing. Korean J. Met. Mater.), 57(5), 1–6. https://doi.org/10.3365/KJMM.2019.57.5.1"
Kwak 2019,Cu11.2 Zn0.8,Zn,11.2,0.48,0.61,450.0,723.0,223.0,227.0,0.98,1.1,0.69,0.67,,Steel jar. 350rpm 24h,HP 723K 70Mp 2h,HP,723.0,,99.0,,,,,"Kwak, S.-G., Lee, G.-E., & Kim, I.-H. (2019). Electronic Transport and Thermoelectric Properties of Cu 12-x Zn x Sb 4 S 13 Tetrahedrites Prepared by Mechanical Alloying and Hot Pressing. Korean J. Met. Mater.), 57(5), 1–6. https://doi.org/10.3365/KJMM.2019.57.5.1"
Kwak 2019,Cu10.8 Zn1.2,Zn,10.8,0.31,0.42,450.0,723.0,303.0,298.0,0.35,0.45,0.525,0.535,,Steel jar. 350rpm 24h,HP 723K 70Mp 2h,HP,723.0,,99.0,,,,,"Kwak, S.-G., Lee, G.-E., & Kim, I.-H. (2019). Electronic Transport and Thermoelectric Properties of Cu 12-x Zn x Sb 4 S 13 Tetrahedrites Prepared by Mechanical Alloying and Hot Pressing. Korean J. Met. Mater.), 57(5), 1–6. https://doi.org/10.3365/KJMM.2019.57.5.1"
Heo 2014,Cu10 Zn2,Zn,10.0,,0.01,302.0,575.0,,,,0.0062,,0.24,,quartz tube.  723 K (3weeks). BM(5min),HP 723 K (2h) 10 Mpa (density is 85%),HP,723.0,,88.0,,,,,Heo. J.. Laurita. G.. Muir. S.. Subramanian. M. A.. & Keszler. D. A. (2014). Enhanced thermoelectric performance of synthetic tetrahedrites. Chemistry of Materials. 26(6). 2047–2051. https://doi.org/10.1021/cm404026k
Morelli 2020,Cu10.5Zn1.5,Zn,10.5,0.62,0.7,400.0,,246.2,247.42,0.7936507936507936,0.819672131147541,0.48,0.48,,quartz ampoule.  923K. 12h,CP 723K 2 weeks + BM(30min) +HP 80MPa 30min 723K,HP,723.0,,98.0,,,,,Morelli. (2009). United States Patent ( Continued ) ( 71 ) Applicant : BOARD OF TRUSTEES OF. https://doi.org/10.1002/aenm.201200650/abstract
Morelli 2020,Cu11Zn,Zn,11.0,0.81,0.91,400.0,,184.65,188.72,2.941176470588235,2.7777777777777772,0.75,0.74,,quartz ampoule.  923K. 12h,CP 723K 2 weeks + BM(30min) +HP 80MPa 30min 723K,HP,723.0,,98.0,,,,,Morelli. (2009). United States Patent ( Continued ) ( 71 ) Applicant : BOARD OF TRUSTEES OF. https://doi.org/10.1002/aenm.201200650/abstract
Morelli 2020,Cu11.5Zn0.5,Zn,11.5,0.8,0.9,400.0,,154.08,163.86,5.0,4.761904761904763,0.95,0.96,,quartz ampoule.  923K. 12h,CP 723K 2 weeks + BM(30min) +HP 80MPa 30min 723K,HP,723.0,,98.0,,,,,Morelli. (2009). United States Patent ( Continued ) ( 71 ) Applicant : BOARD OF TRUSTEES OF. https://doi.org/10.1002/aenm.201200650/abstract
Zhu 2019,Cu11.075Zn0.025Sb4S12.8Se0.2,Se+Zn,11.975,0.54,0.9,450.0,,122.0,152.0,9.0,6.5,1.41,1.3,,quartz ampoule. 923K 12h,CP + annealing : 723K (1 week) + HP 673K 1h 250MPa,HP,673.0,,97.0,,,,,"Zhu, C., Ming, H., Huang, L., Zhang, B., Lou, X., Li, D., Jabar, B., Xin, H., Zhang, J., & Qin, X. (2019). Achieving high power factor and thermoelectric performance through dual substitution of Zn and Se in tetrahedrites Cu12Sb4S13. Applied Physics Letters, 115(18). https://doi.org/10.1063/1.5119402"
Zhu 2019,Cu11.95Zn0.05Sb4S12.8Se0.2,Se+Zn,11.95,0.65,0.87,450.0,,135.0,162.0,8.0,5.5,1.34,1.3,,quartz ampoule. 923K 12h,CP + annealing : 723K (1 week) + HP 673K 1h 250MPa,HP,674.0,,96.0,,,,,"Zhu, C., Ming, H., Huang, L., Zhang, B., Lou, X., Li, D., Jabar, B., Xin, H., Zhang, J., & Qin, X. (2019). Achieving high power factor and thermoelectric performance through dual substitution of Zn and Se in tetrahedrites Cu12Sb4S13. Applied Physics Letters, 115(18). https://doi.org/10.1063/1.5119405"
Zhu 2019,Cu11.025Zn0.075Sb4S12.8Se0.2,Se+Zn,11.925,0.63,0.69,450.0,,130.0,150.0,7.5,5.5,1.37,1.3,,quartz ampoule. 923K 12h,CP + annealing : 723K (1 week) + HP 673K 1h 250MPa,HP,675.0,,96.0,,,,,"Zhu, C., Ming, H., Huang, L., Zhang, B., Lou, X., Li, D., Jabar, B., Xin, H., Zhang, J., & Qin, X. (2019). Achieving high power factor and thermoelectric performance through dual substitution of Zn and Se in tetrahedrites Cu12Sb4S13. Applied Physics Letters, 115(18). https://doi.org/10.1063/1.5119408"
Zhu 2019,Cu11.9Zn0.1Sb4S12.8Se0.2,Se+Zn,11.9,0.49,0.66,450.0,,120.0,125.0,7.6,5.6,1.38,1.3,,quartz ampoule. 923K 12h,CP + annealing : 723K (1 week) + HP 673K 1h 250MPa,HP,676.0,,97.0,,,,,"Zhu, C., Ming, H., Huang, L., Zhang, B., Lou, X., Li, D., Jabar, B., Xin, H., Zhang, J., & Qin, X. (2019). Achieving high power factor and thermoelectric performance through dual substitution of Zn and Se in tetrahedrites Cu12Sb4S13. Applied Physics Letters, 115(18). https://doi.org/10.1063/1.5119411"
Pi 2020,Cu11ZnSb4S13,Zn,11.0,0.24,0.36,450.0,723.0,305.0,296.0,0.2,0.2993,0.48,0.51,,MA 350rpm 24h,HP 723K 2h 70MPa,HP,723.0,,98.0,,,,,"Pi, J. H., Lee, G. E., & Kim, I. H. (2020). Thermal Stability, Mechanical Properties and Thermoelectric Performance of Cu11TrSb4S13 (Tr = Mn, Fe, Co, Ni, Cu, and Zn). Journal of Electronic Materials, 49(5), 2710–2718. https://doi.org/10.1007/s11664-019-07570-3"
Lee 2020,Cu11.9Zn0.1Sb3.9Bi0.1S13,Bi+Zn,11.9,0.55,0.78,450.0,,177.0,185.0,2.5,2.4,0.87,0.78,1.1200000000000002e+19,MA steel jar 350rpm 24h,HP 723K 70MPa 2h,HP,723.0,,99.0,,,,,"@article{Lee2020, abstract = {Synthetic tetrahedrite (Cu12Sb4S13) is considered a promising p-type thermoelectric material owing to its intrinsically low thermal conductivity, relative nontoxicity, and presence of light elements Cu and S. Since Cu12Sb4S13 has a high carrier (hole) concentration, its power factor can be optimized by decreasing the carrier concentration via doping. In this study, Zn doping is performed to optimize the power factor by reducing the carrier concentration, and Bi doping is performed to reduce the lattice thermal conductivity through additional phonon scattering by atomic mass fluctuation and lattice distortion. Cu12−xZnxSb4−ySbyS13 tetrahedrites (0.1 ≤ x ≤ 0.4 and 0.1 ≤ y ≤ 0.4) were prepared using mechanical alloying and hot pressing, and the effects of double doping of Zn and Bi on the charge transport and thermoelectric properties were examined. X-ray diffraction analysis revealed the successful formation of the tetrahedrite phase, but a small amount of skinnerite phase (Cu3SbS3) was produced with an increase in the Bi content. The lattice constant increased with an increase in Zn and Bi doping contents, as the ionic radii of Zn and Bi were larger than those of Cu and Sb, respectively. With an increase in the Zn content and a decrease in the Bi content, the carrier concentration decreased. Consequently, the electrical conductivity decreased, whereas the Seebeck coefficient increased. The decline in the electrical conductivity with Zn doping dominated the increase in the Seebeck coefficient, which in turn reduced the power factor. However, the power factor did not change significantly with a change in the Bi content. The lattice thermal conductivity was close to the theoretical minimum value in tetrahedrite upon substituting with Zn and Bi, and thus, the thermal conductivities of all the specimens were less than 0.94 Wm−1 K−1 at temperatures ranging from 323 to 723 K. Consequently, the dimensionless figure of merit, ZT = 0.77, was obtained for Cu11.9Zn0.1Sb3.9Bi0.1S13 at 723 K, which was attributed to a relatively high power factor (0.83 mWm−1 K−2) and low thermal conductivity (0.76 Wm−1 K−1).}, author = {Go Eun Lee and Il Ho Kim}, doi = {10.1007/s11664-019-07717-2}, issn = {1543186X}, issue = {5}, journal = {Journal of Electronic Materials}, keywords = {Thermoelectric,double doping,hot pressing,mechanical alloying,tetrahedrite}, month = {5}, pages = {2768-2774}, publisher = {Springer}, title = {Effects of Zn/Bi Double Doping on the Charge Transport and Thermoelectric Properties of Tetrahedrites Cu12−xZnxSb4−yBiyS13}, volume = {49}, year = {2020} }"
Lee 2020,Cu11.9Zn0.1Sb3.8Bi0.2S13,Bi+Zn,11.9,0.51,0.73,450.0,,160.0,175.0,2.9,2.8,0.97,0.82,1.3e+19,MA steel jar 350rpm 24h,HP 723K 70MPa 2h,HP,723.0,,99.0,,,,,"@article{Lee2020, abstract = {Synthetic tetrahedrite (Cu12Sb4S13) is considered a promising p-type thermoelectric material owing to its intrinsically low thermal conductivity, relative nontoxicity, and presence of light elements Cu and S. Since Cu12Sb4S13 has a high carrier (hole) concentration, its power factor can be optimized by decreasing the carrier concentration via doping. In this study, Zn doping is performed to optimize the power factor by reducing the carrier concentration, and Bi doping is performed to reduce the lattice thermal conductivity through additional phonon scattering by atomic mass fluctuation and lattice distortion. Cu12−xZnxSb4−ySbyS13 tetrahedrites (0.1 ≤ x ≤ 0.4 and 0.1 ≤ y ≤ 0.4) were prepared using mechanical alloying and hot pressing, and the effects of double doping of Zn and Bi on the charge transport and thermoelectric properties were examined. X-ray diffraction analysis revealed the successful formation of the tetrahedrite phase, but a small amount of skinnerite phase (Cu3SbS3) was produced with an increase in the Bi content. The lattice constant increased with an increase in Zn and Bi doping contents, as the ionic radii of Zn and Bi were larger than those of Cu and Sb, respectively. With an increase in the Zn content and a decrease in the Bi content, the carrier concentration decreased. Consequently, the electrical conductivity decreased, whereas the Seebeck coefficient increased. The decline in the electrical conductivity with Zn doping dominated the increase in the Seebeck coefficient, which in turn reduced the power factor. However, the power factor did not change significantly with a change in the Bi content. The lattice thermal conductivity was close to the theoretical minimum value in tetrahedrite upon substituting with Zn and Bi, and thus, the thermal conductivities of all the specimens were less than 0.94 Wm−1 K−1 at temperatures ranging from 323 to 723 K. Consequently, the dimensionless figure of merit, ZT = 0.77, was obtained for Cu11.9Zn0.1Sb3.9Bi0.1S13 at 723 K, which was attributed to a relatively high power factor (0.83 mWm−1 K−2) and low thermal conductivity (0.76 Wm−1 K−1).}, author = {Go Eun Lee and Il Ho Kim}, doi = {10.1007/s11664-019-07717-2}, issn = {1543186X}, issue = {5}, journal = {Journal of Electronic Materials}, keywords = {Thermoelectric,double doping,hot pressing,mechanical alloying,tetrahedrite}, month = {5}, pages = {2768-2774}, publisher = {Springer}, title = {Effects of Zn/Bi Double Doping on the Charge Transport and Thermoelectric Properties of Tetrahedrites Cu12−xZnxSb4−yBiyS13}, volume = {49}, year = {2020} }"
Lee 2020,Cu11.8Zn0.2Sb3.8Bi0.2S13,Bi+Zn,11.8,0.5,0.63,450.0,,225.0,256.0,0.9,1.1,0.58,0.6,3.06e+18,MA steel jar 350rpm 24h,HP 723K 70MPa 2h,HP,723.0,,99.0,,,,,"@article{Lee2020, abstract = {Synthetic tetrahedrite (Cu12Sb4S13) is considered a promising p-type thermoelectric material owing to its intrinsically low thermal conductivity, relative nontoxicity, and presence of light elements Cu and S. Since Cu12Sb4S13 has a high carrier (hole) concentration, its power factor can be optimized by decreasing the carrier concentration via doping. In this study, Zn doping is performed to optimize the power factor by reducing the carrier concentration, and Bi doping is performed to reduce the lattice thermal conductivity through additional phonon scattering by atomic mass fluctuation and lattice distortion. Cu12−xZnxSb4−ySbyS13 tetrahedrites (0.1 ≤ x ≤ 0.4 and 0.1 ≤ y ≤ 0.4) were prepared using mechanical alloying and hot pressing, and the effects of double doping of Zn and Bi on the charge transport and thermoelectric properties were examined. X-ray diffraction analysis revealed the successful formation of the tetrahedrite phase, but a small amount of skinnerite phase (Cu3SbS3) was produced with an increase in the Bi content. The lattice constant increased with an increase in Zn and Bi doping contents, as the ionic radii of Zn and Bi were larger than those of Cu and Sb, respectively. With an increase in the Zn content and a decrease in the Bi content, the carrier concentration decreased. Consequently, the electrical conductivity decreased, whereas the Seebeck coefficient increased. The decline in the electrical conductivity with Zn doping dominated the increase in the Seebeck coefficient, which in turn reduced the power factor. However, the power factor did not change significantly with a change in the Bi content. The lattice thermal conductivity was close to the theoretical minimum value in tetrahedrite upon substituting with Zn and Bi, and thus, the thermal conductivities of all the specimens were less than 0.94 Wm−1 K−1 at temperatures ranging from 323 to 723 K. Consequently, the dimensionless figure of merit, ZT = 0.77, was obtained for Cu11.9Zn0.1Sb3.9Bi0.1S13 at 723 K, which was attributed to a relatively high power factor (0.83 mWm−1 K−2) and low thermal conductivity (0.76 Wm−1 K−1).}, author = {Go Eun Lee and Il Ho Kim}, doi = {10.1007/s11664-019-07717-2}, issn = {1543186X}, issue = {5}, journal = {Journal of Electronic Materials}, keywords = {Thermoelectric,double doping,hot pressing,mechanical alloying,tetrahedrite}, month = {5}, pages = {2768-2774}, publisher = {Springer}, title = {Effects of Zn/Bi Double Doping on the Charge Transport and Thermoelectric Properties of Tetrahedrites Cu12−xZnxSb4−yBiyS13}, volume = {49}, year = {2020} }"
Lee 2020,Cu11.8Zn0.2Sb3.6Bi0.4S13,Bi+Zn,11.8,0.42,0.58,450.0,,190.0,210.0,1.2,1.3,0.67,0.61,6.23e+18,MA steel jar 350rpm 24h,HP 723K 70MPa 2h,HP,723.0,,99.0,,,,,"@article{Lee2020, abstract = {Synthetic tetrahedrite (Cu12Sb4S13) is considered a promising p-type thermoelectric material owing to its intrinsically low thermal conductivity, relative nontoxicity, and presence of light elements Cu and S. Since Cu12Sb4S13 has a high carrier (hole) concentration, its power factor can be optimized by decreasing the carrier concentration via doping. In this study, Zn doping is performed to optimize the power factor by reducing the carrier concentration, and Bi doping is performed to reduce the lattice thermal conductivity through additional phonon scattering by atomic mass fluctuation and lattice distortion. Cu12−xZnxSb4−ySbyS13 tetrahedrites (0.1 ≤ x ≤ 0.4 and 0.1 ≤ y ≤ 0.4) were prepared using mechanical alloying and hot pressing, and the effects of double doping of Zn and Bi on the charge transport and thermoelectric properties were examined. X-ray diffraction analysis revealed the successful formation of the tetrahedrite phase, but a small amount of skinnerite phase (Cu3SbS3) was produced with an increase in the Bi content. The lattice constant increased with an increase in Zn and Bi doping contents, as the ionic radii of Zn and Bi were larger than those of Cu and Sb, respectively. With an increase in the Zn content and a decrease in the Bi content, the carrier concentration decreased. Consequently, the electrical conductivity decreased, whereas the Seebeck coefficient increased. The decline in the electrical conductivity with Zn doping dominated the increase in the Seebeck coefficient, which in turn reduced the power factor. However, the power factor did not change significantly with a change in the Bi content. The lattice thermal conductivity was close to the theoretical minimum value in tetrahedrite upon substituting with Zn and Bi, and thus, the thermal conductivities of all the specimens were less than 0.94 Wm−1 K−1 at temperatures ranging from 323 to 723 K. Consequently, the dimensionless figure of merit, ZT = 0.77, was obtained for Cu11.9Zn0.1Sb3.9Bi0.1S13 at 723 K, which was attributed to a relatively high power factor (0.83 mWm−1 K−2) and low thermal conductivity (0.76 Wm−1 K−1).}, author = {Go Eun Lee and Il Ho Kim}, doi = {10.1007/s11664-019-07717-2}, issn = {1543186X}, issue = {5}, journal = {Journal of Electronic Materials}, keywords = {Thermoelectric,double doping,hot pressing,mechanical alloying,tetrahedrite}, month = {5}, pages = {2768-2774}, publisher = {Springer}, title = {Effects of Zn/Bi Double Doping on the Charge Transport and Thermoelectric Properties of Tetrahedrites Cu12−xZnxSb4−yBiyS13}, volume = {49}, year = {2020} }"
Lee 2020,Cu11.6Zn0.4Sb3.8Bi0.2S13,Bi+Zn,11.6,0.33,0.45,450.0,,255.0,253.0,0.54,0.56,0.57,0.58,1.42e+18,MA steel jar 350rpm 24h,HP 723K 70MPa 2h,HP,723.0,,99.0,,,,,"@article{Lee2020, abstract = {Synthetic tetrahedrite (Cu12Sb4S13) is considered a promising p-type thermoelectric material owing to its intrinsically low thermal conductivity, relative nontoxicity, and presence of light elements Cu and S. Since Cu12Sb4S13 has a high carrier (hole) concentration, its power factor can be optimized by decreasing the carrier concentration via doping. In this study, Zn doping is performed to optimize the power factor by reducing the carrier concentration, and Bi doping is performed to reduce the lattice thermal conductivity through additional phonon scattering by atomic mass fluctuation and lattice distortion. Cu12−xZnxSb4−ySbyS13 tetrahedrites (0.1 ≤ x ≤ 0.4 and 0.1 ≤ y ≤ 0.4) were prepared using mechanical alloying and hot pressing, and the effects of double doping of Zn and Bi on the charge transport and thermoelectric properties were examined. X-ray diffraction analysis revealed the successful formation of the tetrahedrite phase, but a small amount of skinnerite phase (Cu3SbS3) was produced with an increase in the Bi content. The lattice constant increased with an increase in Zn and Bi doping contents, as the ionic radii of Zn and Bi were larger than those of Cu and Sb, respectively. With an increase in the Zn content and a decrease in the Bi content, the carrier concentration decreased. Consequently, the electrical conductivity decreased, whereas the Seebeck coefficient increased. The decline in the electrical conductivity with Zn doping dominated the increase in the Seebeck coefficient, which in turn reduced the power factor. However, the power factor did not change significantly with a change in the Bi content. The lattice thermal conductivity was close to the theoretical minimum value in tetrahedrite upon substituting with Zn and Bi, and thus, the thermal conductivities of all the specimens were less than 0.94 Wm−1 K−1 at temperatures ranging from 323 to 723 K. Consequently, the dimensionless figure of merit, ZT = 0.77, was obtained for Cu11.9Zn0.1Sb3.9Bi0.1S13 at 723 K, which was attributed to a relatively high power factor (0.83 mWm−1 K−2) and low thermal conductivity (0.76 Wm−1 K−1).}, author = {Go Eun Lee and Il Ho Kim}, doi = {10.1007/s11664-019-07717-2}, issn = {1543186X}, issue = {5}, journal = {Journal of Electronic Materials}, keywords = {Thermoelectric,double doping,hot pressing,mechanical alloying,tetrahedrite}, month = {5}, pages = {2768-2774}, publisher = {Springer}, title = {Effects of Zn/Bi Double Doping on the Charge Transport and Thermoelectric Properties of Tetrahedrites Cu12−xZnxSb4−yBiyS13}, volume = {49}, year = {2020} }"
Harish 2016,Cu10.5Zn1.5Sb4S13,Zn,10.5,,0.038,300.0,573.0,,158.39,,0.04,,0.54,,MA steel jar 150rpm 30h. 573K 6h,SPS 50MPa 723K graphite die,SPS,723.0,,98.0,4.8,4.91,,,"Harish, S., Sivaprahasam, D., Battabyal, M., & Gopalan, R. (2016). Phase stability and thermoelectric properties of Cu10.5Zn1.5Sb4S13 tetrahedrite. Journal of Alloys and Compounds, 667, 323–328. https://doi.org/10.1016/j.jallcom.2016.01.094"
Lopez 2021,Cu10.5Zn1.5,Zn,10.5,0.06,0.05,350.0,,146.0,146.0,0.15,0.15,0.4,0.4,,MA YPSZ jar 350rpm 6h,HP 350C (1h) 5ton/cm^2,HP,623.0,,83.16430020283975,4.1,4.93,,,"López Cota, F. A., Díaz-Guillén, J. A., Juan Dura, O., López de la Torre, M. A., Rodríguez-Hernández, J., & Fernández Fuentes, A. (2021). Mechanosynthesis and thermoelectric properties of fe, zn, and cd-doped p-type tetrahedrite: Cu12-x mx sb4 s13. Materials, 14(13). https://doi.org/10.3390/ma14133448"
Lopez 2021,Cu10Zn2,Zn,10.0,0.02,0.02,350.0,,152.0,152.0,0.07,0.07,0.43,0.43,,MA YPSZ jar 350rpm 6h,HP 350C (1h) 5ton/cm^3,HP,623.0,,87.2210953346856,4.3,4.93,,,"López Cota, F. A., Díaz-Guillén, J. A., Juan Dura, O., López de la Torre, M. A., Rodríguez-Hernández, J., & Fernández Fuentes, A. (2021). Mechanosynthesis and thermoelectric properties of fe, zn, and cd-doped p-type tetrahedrite: Cu12-x mx sb4 s13. Materials, 14(13). https://doi.org/10.3390/ma14133449"
Morelli 2020,Cu11.5Fe0.5,Fe,11.5,,0.83,400.0,,,,,,,,,quartz ampoule.  923K. 12h,CP 723K 2 weeks + BM(30min) +HP 80MPa 30min 723K,HP,723.0,,98.0,,,,,Morelli. (2009). United States Patent ( Continued ) ( 71 ) Applicant : BOARD OF TRUSTEES OF. https://doi.org/10.1002/aenm.201200650/abstract
Morelli 2020,Cu11.8Fe0.2,Fe,11.8,,0.77,400.0,,,,,,,,,quartz ampoule.  923K. 12h,CP 723K 2 weeks + BM(30min) +HP 80MPa 30min 723K,HP,723.0,,98.0,,,,,Morelli. (2009). United States Patent ( Continued ) ( 71 ) Applicant : BOARD OF TRUSTEES OF. https://doi.org/10.1002/aenm.201200650/abstract
Ojha 2024,Cu10FeZn,Fe+Zn,10.0,0.03,0.05,427.0,700.0,212.0,220.0,0.105,0.132,1.1,0.98,,BM 200rpm 12h,HP 50MPa 2h 773K,HP,773.0,,95.0,,,,,Ojha. A.. R. A.. & Bathula. S. (2024). Augmentation in the thermoelectric performance by integrating the natural minerals with synthetic tetrahedrite compounds. Materials Science in Semiconductor Processing. 180. https://doi.org/10.1016/j.mssp.2024.108562
Tippireddy 2018,Cu11.5Fe0.5,Fe,11.5,0.54,0.6,400.0,673.0,168.32,,3.33,,1.09,1.1,,quartz ampule. 973K 3ho,Annealing: 773K 30h + HP 30MPa at 823K 2h,HP,823.0,,95.0,,,,,Tippireddy. S.. Chetty. R.. Naik. M. H.. Jain. M.. Chattopadhyay. K.. & Mallik. R. C. (2018). Electronic and Thermoelectric Properties of Transition Metal Substituted Tetrahedrites. Journal of Physical Chemistry C. 122(16). 8735–8749. https://doi.org/10.1021/acs.jpcc.7b12214
Kim_2020,Cu11.9Fe0.1,Fe,11.9,0.53,0.76,450.0,723.0,172.81,179.0,2.5939020000000004,2.6,0.87,0.79,5e+18,Steel jar. 350rpm 24h,HP 723K 70Mp 2h,HP,723.0,,99.0,,,,,Kim. S. Y.. Pi. J. H.. Lee. G. E.. & Kim. I. H. (2020). Synthesis of fe-doped tetrahedrites Cu12-xFexSb4S13 and characterization of their thermoelectric properties. Journal of Korean Institute of Metals and Materials. 58(5). 340–347. https://doi.org/10.3365/KJMM.2020.58.5.340
Kim_2020,Cu11.8Fe0.2,Fe,11.8,0.61,0.8,450.0,723.0,186.98,179.0,2.06409,2.6,0.72,0.68,7e+18,Steel jar. 350rpm 24h,HP 723K 70Mp 2h,HP,723.0,,100.0,,,,,Kim. S. Y.. Pi. J. H.. Lee. G. E.. & Kim. I. H. (2020). Synthesis of fe-doped tetrahedrites Cu12-xFexSb4S13 and characterization of their thermoelectric properties. Journal of Korean Institute of Metals and Materials. 58(5). 340–347. https://doi.org/10.3365/KJMM.2020.58.5.340
Kim_2020,Cu11.7Fe0.3,Fe,11.7,0.55,0.74,450.0,723.0,211.39,179.0,1.30701,2.6,0.65,0.64,5.7e+18,Steel jar. 350rpm 24h,HP 723K 70Mp 2h,HP,723.0,,100.0,,,,,Kim. S. Y.. Pi. J. H.. Lee. G. E.. & Kim. I. H. (2020). Synthesis of fe-doped tetrahedrites Cu12-xFexSb4S13 and characterization of their thermoelectric properties. Journal of Korean Institute of Metals and Materials. 58(5). 340–347. https://doi.org/10.3365/KJMM.2020.58.5.340
Kim_2020,Cu11.6Fe0.4,Fe,11.6,0.39,0.55,450.0,723.0,234.62,224.0,0.697286,0.99,0.61,0.64,3.7e+18,Steel jar. 350rpm 24h,HP 723K 70Mp 2h,HP,723.0,,98.0,,,,,Kim. S. Y.. Pi. J. H.. Lee. G. E.. & Kim. I. H. (2020). Synthesis of fe-doped tetrahedrites Cu12-xFexSb4S13 and characterization of their thermoelectric properties. Journal of Korean Institute of Metals and Materials. 58(5). 340–347. https://doi.org/10.3365/KJMM.2020.58.5.340
Heo 2014,Cu10 Fe2,Fe,10.0,,0.01,302.0,575.0,,,0.005,0.005,0.2,0.2,,quartz tube.  723 K (3weeks). BM(5min),HP 723 K (2h) 10 Mpa (density is 85%),HP,723.0,,85.0,,,,,Heo. J.. Laurita. G.. Muir. S.. Subramanian. M. A.. & Keszler. D. A. (2014). Enhanced thermoelectric performance of synthetic tetrahedrites. Chemistry of Materials. 26(6). 2047–2051. https://doi.org/10.1021/cm404026k
Weller 2018,Cu11Fe1,Fe,11.0,0.36,0.46,400.0,673.0,235.0,230.0,0.5,0.53,0.48,0.47,,steel jar. 300rpm 48h,SPS 573 K (10min) 40MPa,SPS,573.0,,93.0,,,,negative Seebeck from 80K to 310K,"Weller, D. P., Kunkel, G. E., Ochs, A. M., Morelli, D. T., & Anderson, M. E. (2018). Observation of n-type behavior in Fe-doped tetrahedrite at low temperature. Materials Today Physics, 7, 1–6. https://doi.org/10.1016/j.mtphys.2018.10.004"
Weller 2018,Cu10.7Fe1.3,Fe,10.7,0.25,0.29,400.0,673.0,235.0,230.0,0.29,0.29,0.39,0.36,,steel jar. 300rpm 48h,SPS 573 K (10min) 40MPa,SPS,573.0,,93.0,,,,negative Seebeck from 80K to 310K,"Weller, D. P., Kunkel, G. E., Ochs, A. M., Morelli, D. T., & Anderson, M. E. (2018). Observation of n-type behavior in Fe-doped tetrahedrite at low temperature. Materials Today Physics, 7, 1–6. https://doi.org/10.1016/j.mtphys.2018.10.005"
Pi 2020,Cu11FeSb4S13,Fe,11.0,0.1,0.2,450.0,723.0,190.0,208.0,0.24,0.3767,0.55,0.59,,MA 350rpm 24h,HP 723K 2h 70MPa,HP,723.0,,98.0,,,,,"Pi, J. H., Lee, G. E., & Kim, I. H. (2020). Thermal Stability, Mechanical Properties and Thermoelectric Performance of Cu11TrSb4S13 (Tr = Mn, Fe, Co, Ni, Cu, and Zn). Journal of Electronic Materials, 49(5), 2710–2718. https://doi.org/10.1007/s11664-019-07570-3"
Lopez 2021,Cu10.5Fe1.5,Fe,10.5,0.06,0.06,350.0,,271.0,271.0,0.04,0.04,0.37,0.37,,MA YPSZ jar 350rpm 6h,HP 350C (1h) 5ton/cm^2,HP,623.0,,87.2210953346856,4.3,4.93,,,"López Cota, F. A., Díaz-Guillén, J. A., Juan Dura, O., López de la Torre, M. A., Rodríguez-Hernández, J., & Fernández Fuentes, A. (2021). Mechanosynthesis and thermoelectric properties of fe, zn, and cd-doped p-type tetrahedrite: Cu12-x mx sb4 s13. Materials, 14(13). https://doi.org/10.3390/ma14133448"
Lopez 2022,Cu10Fe2,Fe,10.0,0.02,0.02,350.0,,196.0,196.0,0.04,0.04,0.43,0.43,,MA YPSZ jar 350rpm 6h,HP 350C (1h) 5ton/cm^3,HP,623.0,,85.19269776876268,4.2,4.93,,,"López Cota, F. A., Díaz-Guillén, J. A., Juan Dura, O., López de la Torre, M. A., Rodríguez-Hernández, J., & Fernández Fuentes, A. (2021). Mechanosynthesis and thermoelectric properties of fe, zn, and cd-doped p-type tetrahedrite: Cu12-x mx sb4 s13. Materials, 14(13). https://doi.org/10.3390/ma14133449"
Suekuni 2012,Cu10 Fe2,Fe,10.0,,0.01,67.0,340.0,,,,,,,,quartz tube.  973 K (3h). 823 K (30h),CP + quartz tube annealing  at 773 K (25h),CP?,773.0,500.0,,,,,,Suekuni. K.. Tsuruta. K.. Ariga. T.. & Koyano. M. (2012). Thermoelectric properties of mineral tetrahedrites Cu 10Tr 2Sb 4S 13 with low thermal conductivity. Applied Physics Express. 5(5). https://doi.org/10.1143/APEX.5.051201
Chetty 2015,Cu11 Co1,Co,11.0,0.71,0.79,400.0,673.0,187.0,195.0,3.27,3.22,1.03,1.08,,quartz tube.  973 K (3h). 823 K (30h),CP + quartz tube annealing  at 773 K (30h) + HP 823K 30MPa 2h,HP,823.0,,95.0,,,,,Chetty. R.. Bali. A.. Naik. M. H.. Rogl. G.. Rogl. P.. Jain. M.. Suwas. S.. & Mallik. R. C. (2015). Thermoelectric properties of Co substituted synthetic tetrahedrite. Acta Materialia. 100. 266–274. https://doi.org/10.1016/j.actamat.2015.08.040
Chetty 2015,Cu10 Co2,Co,10.0,0.25,0.24,400.0,673.0,288.0,305.0,0.27,0.27,0.62,0.68,,quartz tube.  973 K (3h). 823 K (30h),CP + quartz tube annealing  at 773 K (30h) + HP 823K 30MPa 2h,HP,823.0,,95.0,,,,,Chetty. R.. Bali. A.. Naik. M. H.. Rogl. G.. Rogl. P.. Jain. M.. Suwas. S.. & Mallik. R. C. (2015). Thermoelectric properties of Co substituted synthetic tetrahedrite. Acta Materialia. 100. 266–274. https://doi.org/10.1016/j.actamat.2015.08.040
Chetty 2015,Cu10.5 Co1.5,Co,10.5,0.72,0.88,400.0,673.0,230.0,245.0,1.71,1.53,0.72,0.55,,quartz tube.  973 K (3h). 823 K (30h),CP + quartz tube annealing  at 773 K (30h) + HP 823K 30MPa 2h,HP,823.0,,95.0,,,,,Chetty. R.. Bali. A.. Naik. M. H.. Rogl. G.. Rogl. P.. Jain. M.. Suwas. S.. & Mallik. R. C. (2015). Thermoelectric properties of Co substituted synthetic tetrahedrite. Acta Materialia. 100. 266–274. https://doi.org/10.1016/j.actamat.2015.08.040
Chetty 2015,Cu11.5 Co0.5,Co,11.5,0.8,0.98,400.0,673.0,158.0,166.0,6.25,5.88,1.25,1.21,,quartz tube.  973 K (3h). 823 K (30h),CP + quartz tube annealing  at 773 K (30h) + HP 823K 30MPa 2h,HP,823.0,,95.0,,,,,Chetty. R.. Bali. A.. Naik. M. H.. Rogl. G.. Rogl. P.. Jain. M.. Suwas. S.. & Mallik. R. C. (2015). Thermoelectric properties of Co substituted synthetic tetrahedrite. Acta Materialia. 100. 266–274. https://doi.org/10.1016/j.actamat.2015.08.040
Tippireddy 2018,Cu11.5Co0.5,Co,11.5,0.79,0.98,400.0,673.0,157.24,168.0,6.0,6.25,1.24,1.21,,quartz ampule. 973K 3h,Annealing: 773K 30h + HP 30MPa at 823K 2h,HP,823.0,,98.0,,,,,Tippireddy. S.. Chetty. R.. Naik. M. H.. Jain. M.. Chattopadhyay. K.. & Mallik. R. C. (2018). Electronic and Thermoelectric Properties of Transition Metal Substituted Tetrahedrites. Journal of Physical Chemistry C. 122(16). 8735–8749. https://doi.org/10.1021/acs.jpcc.7b12214
Suekuni 2012,Cu10 Co2,Co,10.0,,0.03,67.0,340.0,,,,,,,,quartz tube.  973 K (3h). 823 K (30h),CP + quartz tube annealing  at 773 K (25h),CP,773.0,,,,,,,Suekuni. K.. Tsuruta. K.. Ariga. T.. & Koyano. M. (2012). Thermoelectric properties of mineral tetrahedrites Cu 10Tr 2Sb 4S 13 with low thermal conductivity. Applied Physics Express. 5(5). https://doi.org/10.1143/APEX.5.051201
Bouyrie 2016,Cu10.3Co1.7,Co,10.3,0.56,0.6,420.0,673.0,219.0,230.0,0.94,0.91,0.53,0.52,,quartz tube. 1173K (several hours). 923K (12h),CP + quartz tube annealing  at 673K (1 week) + SPS at 723K. 80MPa. 12min,SPS,723.0,,92.0,,,,,Bouyrie. Y.. Sassi. S.. Candolfi. C.. Vaney. J. B.. Dauscher. A.. & Lenoir. B. (2016). Thermoelectric properties of double-substituted tetrahedrites Cu12-xCoxSb4- yTeyS13. Dalton Transactions. 45(17). 7294–7302. https://doi.org/10.1039/c6dt00564k
Bouyrie 2016,Cu10.49Co1.51,Co,10.49,0.59,0.64,420.0,673.0,199.29,205.0,1.51,1.46,0.6,0.59,,quartz tube. 1173K (several hours). 923K (12h),CP + quartz tube annealing  at 673K (1 week) + SPS at 723K. 80MPa. 12min,SPS,723.0,,92.0,,,,,Bouyrie. Y.. Sassi. S.. Candolfi. C.. Vaney. J. B.. Dauscher. A.. & Lenoir. B. (2016). Thermoelectric properties of double-substituted tetrahedrites Cu12-xCoxSb4- yTeyS13. Dalton Transactions. 45(17). 7294–7302. https://doi.org/10.1039/c6dt00564k
Bouyrie 2016,Cu10.7Co1.3,Co,10.7,0.64,0.72,420.0,673.0,171.71,183.0,2.12,2.0,0.68,0.68,,quartz tube. 1173K (several hours). 923K (12h),CP + quartz tube annealing  at 673K (1 week) + SPS at 723K. 80MPa. 12min,SPS,723.0,,92.0,,,,,Bouyrie. Y.. Sassi. S.. Candolfi. C.. Vaney. J. B.. Dauscher. A.. & Lenoir. B. (2016). Thermoelectric properties of double-substituted tetrahedrites Cu12-xCoxSb4- yTeyS13. Dalton Transactions. 45(17). 7294–7302. https://doi.org/10.1039/c6dt00564k
Bouyrie 2016,Cu11.1Co0.9,Co,11.1,0.65,0.75,400.0,673.0,157.0,163.0,3.0,3.1,0.76,0.76,,quartz tube. 1173K (several hours). 923K (12h),CP + quartz tube annealing  at 673K (1 week) + SPS at 723K. 80MPa. 12min,SPS,723.0,,92.0,,,,,Bouyrie. Y.. Sassi. S.. Candolfi. C.. Vaney. J. B.. Dauscher. A.. & Lenoir. B. (2016). Thermoelectric properties of double-substituted tetrahedrites Cu12-xCoxSb4- yTeyS13. Dalton Transactions. 45(17). 7294–7302. https://doi.org/10.1039/c6dt00564k
Heo 2014,Cu10 Co2,Co,10.0,,0.48,302.0,575.0,,,,,,0.2,,quartz tube.  723 K (3weeks). BM(5min),HP 723 K (2h) 10 Mpa (density is 85%),HP,723.0,,85.0,,,,,Heo. J.. Laurita. G.. Muir. S.. Subramanian. M. A.. & Keszler. D. A. (2014). Enhanced thermoelectric performance of synthetic tetrahedrites. Chemistry of Materials. 26(6). 2047–2051. https://doi.org/10.1021/cm404026k
Kim 2019 Co,Cu11.8Co0.2Sb4S13,Co,11.8,0.73,0.94,450.0,,171.52,179.41,3.1,3.0,0.76,0.72,,steel jar. 350rpm 24h.,HP 723 K (2h) 70 Mpa,HP,723.0,,99.0,,,,,"Kim, S. Y., Lee, G. E., & Kim, I. H. (2019). Thermoelectric Properties of Mechanically-Alloyed and Hot-Pressed Cu 12−x Co x Sb 4 S 13 Tetrahedrites. Journal of the Korean Physical Society, 74(10), 967–971. https://doi.org/10.3938/jkps.74.967"
Kim 2019 Co,Cu11CoSb4S13,Co,11.0,0.51,0.63,450.0,,251.76,255.01,0.8,0.9,0.58,0.6,,steel jar. 350rpm 24h.,HP 723 K (2h) 70 Mpa,HP,724.0,,98.0,,,,,"Kim, S. Y., Lee, G. E., & Kim, I. H. (2019). Thermoelectric Properties of Mechanically-Alloyed and Hot-Pressed Cu 12−x Co x Sb 4 S 13 Tetrahedrites. Journal of the Korean Physical Society, 74(10), 967–971. https://doi.org/10.3938/jkps.74.967"
Kim 2019 Co,Cu11.4Co0.6Sb4S13,Co,11.4,0.61,0.79,450.0,,198.89,204.45,1.9,2.0,0.74,0.74,,steel jar. 350rpm 24h.,HP 723 K (2h) 70 Mpa,HP,725.0,,98.0,,,,,"Kim, S. Y., Lee, G. E., & Kim, I. H. (2019). Thermoelectric Properties of Mechanically-Alloyed and Hot-Pressed Cu 12−x Co x Sb 4 S 13 Tetrahedrites. Journal of the Korean Physical Society, 74(10), 967–971. https://doi.org/10.3938/jkps.74.967"
Kim 2019 Co,Cu11.6Co0.4Sb4S13,Co,11.6,0.59,0.79,450.0,,191.0,197.5,2.1,2.2,0.8,0.78,,steel jar. 350rpm 24h.,HP 723 K (2h) 70 Mpa,HP,726.0,,98.0,,,,,"Kim, S. Y., Lee, G. E., & Kim, I. H. (2019). Thermoelectric Properties of Mechanically-Alloyed and Hot-Pressed Cu 12−x Co x Sb 4 S 13 Tetrahedrites. Journal of the Korean Physical Society, 74(10), 967–971. https://doi.org/10.3938/jkps.74.967"
Kim 2019 Co,Cu11.2Co0.8Sb4S13,Co,11.2,0.5,0.63,450.0,,234.14,236.92,0.9,1.0,0.62,0.63,,steel jar. 350rpm 24h.,HP 723 K (2h) 70 Mpa,HP,727.0,,97.0,,,,,"Kim, S. Y., Lee, G. E., & Kim, I. H. (2019). Thermoelectric Properties of Mechanically-Alloyed and Hot-Pressed Cu 12−x Co x Sb 4 S 13 Tetrahedrites. Journal of the Korean Physical Society, 74(10), 967–971. https://doi.org/10.3938/jkps.74.967"
Pi 2020,Cu11CoSb4S13,Co,11.0,0.34,0.48,450.0,723.0,290.0,280.0,0.35,0.5084,0.55,0.59,,MA 350rpm 24h,HP 723K 2h 70MPa,HP,723.0,,98.0,,,,,"Pi, J. H., Lee, G. E., & Kim, I. H. (2020). Thermal Stability, Mechanical Properties and Thermoelectric Performance of Cu11TrSb4S13 (Tr = Mn, Fe, Co, Ni, Cu, and Zn). Journal of Electronic Materials, 49(5), 2710–2718. https://doi.org/10.1007/s11664-019-07570-3"
Bouyrie 2016,Cu12.18Co0.25Sb3.68Te0.62S13,Co+Te,12.18,0.55,0.61,400.0,673.0,145.0,160.0,5.2,5.5,0.93,0.93,,quartz tube. 1173K (several hours). 923K (12h),CP + quartz tube annealing  at 673K (1 week) + SPS at 723K. 80MPa. 12min,SPS,723.0,,92.0,,,,,Bouyrie. Y.. Sassi. S.. Candolfi. C.. Vaney. J. B.. Dauscher. A.. & Lenoir. B. (2016). Thermoelectric properties of double-substituted tetrahedrites Cu12-xCoxSb4- yTeyS13. Dalton Transactions. 45(17). 7294–7302. https://doi.org/10.1039/c6dt00564k
Bouyrie 2016,Cu11.67Co0.47Sb3.36Te0.77S13,Co+Te,11.67,0.57,0.65,420.0,693.0,170.0,180.0,3.1,3.57,0.77,0.77,,quartz tube. 1173K (several hours). 923K (12h),CP + quartz tube annealing  at 673K (1 week) + SPS at 723K. 80MPa. 12min,SPS,723.0,,92.0,,,,,Bouyrie. Y.. Sassi. S.. Candolfi. C.. Vaney. J. B.. Dauscher. A.. & Lenoir. B. (2016). Thermoelectric properties of double-substituted tetrahedrites Cu12-xCoxSb4- yTeyS13. Dalton Transactions. 45(17). 7294–7302. https://doi.org/10.1039/c6dt00564k
Bouyrie 2016,Cu11.88Co0.32Sb3.11Te1.05S13,Co+Te,11.88,0.58,0.69,420.0,693.0,180.0,190.0,2.55,2.63,0.76,0.76,,quartz tube. 1173K (several hours). 923K (12h),CP + quartz tube annealing  at 673K (1 week) + SPS at 723K. 80MPa. 12min,SPS,723.0,,92.0,,,,,Bouyrie. Y.. Sassi. S.. Candolfi. C.. Vaney. J. B.. Dauscher. A.. & Lenoir. B. (2016). Thermoelectric properties of double-substituted tetrahedrites Cu12-xCoxSb4- yTeyS13. Dalton Transactions. 45(17). 7294–7302. https://doi.org/10.1039/c6dt00564k
Bouyrie 2016,Cu11.47Co0.82Sb3.78Te0.41S13,Co+Te,11.47,0.69,0.81,420.0,693.0,175.0,180.0,6.1,6.5,0.81,0.81,,quartz tube. 1173K (several hours). 923K (12h),CP + quartz tube annealing  at 673K (1 week) + SPS at 723K. 80MPa. 12min,SPS,723.0,,92.0,,,,,Bouyrie. Y.. Sassi. S.. Candolfi. C.. Vaney. J. B.. Dauscher. A.. & Lenoir. B. (2016). Thermoelectric properties of double-substituted tetrahedrites Cu12-xCoxSb4- yTeyS13. Dalton Transactions. 45(17). 7294–7302. https://doi.org/10.1039/c6dt00564k
Heo 2014,Cu11.5 Mn0.5,Mn,11.5,,1.09,302.0,575.0,,117.0,,5.05,,0.37,,quartz tube.  723 K (3weeks). BM(5min),HP 723 K (2h) 10 Mpa (density is 85%),HP,723.0,,85.0,,,,,Heo. J.. Laurita. G.. Muir. S.. Subramanian. M. A.. & Keszler. D. A. (2014). Enhanced thermoelectric performance of synthetic tetrahedrites. Chemistry of Materials. 26(6). 2047–2051. https://doi.org/10.1021/cm404026k
Heo 2014,Cu10.5 Mn1.5,Mn,10.5,,0.8,302.0,575.0,,187.0,,0.85,,0.21,,quartz tube.  723 K (3weeks). BM(5min),HP 723 K (2h) 10 Mpa (density is 85%),HP,723.0,,85.0,,,,,Heo. J.. Laurita. G.. Muir. S.. Subramanian. M. A.. & Keszler. D. A. (2014). Enhanced thermoelectric performance of synthetic tetrahedrites. Chemistry of Materials. 26(6). 2047–2051. https://doi.org/10.1021/cm404026k
Heo 2014,Cu10 Mn2,Mn,10.0,,0.8,302.0,575.0,,247.0,,0.37,,0.17,,quartz tube.  723 K (3weeks). BM(5min),HP 723 K (2h) 10 Mpa (density is 85%),HP,723.0,,88.0,,,,,Heo. J.. Laurita. G.. Muir. S.. Subramanian. M. A.. & Keszler. D. A. (2014). Enhanced thermoelectric performance of synthetic tetrahedrites. Chemistry of Materials. 26(6). 2047–2051. https://doi.org/10.1021/cm404026k
Heo 2014,Cu11 Mn,Mn,11.0,,1.13,302.0,575.0,,141.0,,2.7,,0.27,,quartz tube.  723 K (3weeks). BM(5min),HP 723 K (2h) 10 Mpa (density is 85%),HP,723.0,,85.0,,,,,Heo. J.. Laurita. G.. Muir. S.. Subramanian. M. A.. & Keszler. D. A. (2014). Enhanced thermoelectric performance of synthetic tetrahedrites. Chemistry of Materials. 26(6). 2047–2051. https://doi.org/10.1021/cm404026k
Tippireddy 2018,Cu11.5Mn0.5,Mn,11.5,0.56,0.64,400.0,673.0,139.2,,5.0,,1.24,,,quartz ampoule. 973K 3h,Annealing: 773K 30h + HP 30MPa at 823K 2h,HP,823.0,,95.0,,,,,Tippireddy. S.. Chetty. R.. Naik. M. H.. Jain. M.. Chattopadhyay. K.. & Mallik. R. C. (2018). Electronic and Thermoelectric Properties of Transition Metal Substituted Tetrahedrites. Journal of Physical Chemistry C. 122(16). 8735–8749. https://doi.org/10.1021/acs.jpcc.7b12214
Wang 2016,Cu11Mn,Mn,11.0,0.59,0.79,427.0,700.0,215.0,225.0,1.1,1.1,0.54,0.51,,silica ampoules. 923K. 12h,CP + silica ampoules HP 723K 70MPa 30min,HP,723.0,,,,,,,Wang. J. Y.. Li. X. Y.. & Bao. Y. F. (2016). Thermoelectric properties of Mn dopbed Cu12-xMnxSb4S13 tetrahedrites. Materials Science Forum. 847. 161–165. https://doi.org/10.4028/www.scientific.net/MSF.847.161
Wang 2016,Cu11.5Mn0.5,Mn,11.5,0.75,0.9,427.0,700.0,142.0,150.0,4.5,4.1,0.76,0.73,,silica ampoules. 923K. 12h,CP + silica ampoules HP 723K 70MPa 30min,HP,723.0,,,,,,,Wang. J. Y.. Li. X. Y.. & Bao. Y. F. (2016). Thermoelectric properties of Mn dopbed Cu12-xMnxSb4S13 tetrahedrites. Materials Science Forum. 847. 161–165. https://doi.org/10.4028/www.scientific.net/MSF.847.161
Wang 2016,Cu10Mn2,Mn,10.0,0.35,0.41,427.0,700.0,332.0,320.0,0.2,0.2,0.32,0.31,,silica ampoules. 923K. 12h,CP + silica ampoules HP 723K 70MPa 30min,HP,723.0,,,,,,,Wang. J. Y.. Li. X. Y.. & Bao. Y. F. (2016). Thermoelectric properties of Mn dopbed Cu12-xMnxSb4S13 tetrahedrites. Materials Science Forum. 847. 161–165. https://doi.org/10.4028/www.scientific.net/MSF.847.161
Suekuni 2012,Cu10 Mn2,Mn,10.0,,0.07,67.0,340.0,,,,,,,,quartz tube.  973 K (3h). 823 K (30h),CP + quartz tube annealing  at 773 K (25h),CP,773.0,,,,,,,Suekuni. K.. Tsuruta. K.. Ariga. T.. & Koyano. M. (2012). Thermoelectric properties of mineral tetrahedrites Cu 10Tr 2Sb 4S 13 with low thermal conductivity. Applied Physics Express. 5(5). https://doi.org/10.1143/APEX.5.051201
Coelho 2020,Cu11Mn,Mn,11.0,0.61,0.64,377.0,650.0,175.0,179.0,2.2,2.14,0.68,0.71,,quartz tube 10E-3MPa. 1191K. 1h,CP (~512MPa) + Annealing 5 days. 723K + HP 60MPa 90min at  848K,HP,848.0,,96.0,4.7,4.91,,,Coelho. R.. Symeou. E.. Kyratsi. T.. & Pereira Gonçalves. A. (2020). Tetrahedrite Sintering Conditions: The Cu11Mn1Sb4S13 Case. Journal of Electronic Materials. 49(8). 5077–5083. https://doi.org/10.1007/s11664-020-08250-3
Coelho 2020,Cu11Mn,Mn,11.0,0.48,0.54,377.0,650.0,170.0,175.0,1.8,1.71,0.65,0.64,,quartz tube 10E-3MPa. 1191K. 1h,CP (~512MPa) + Annealing 5 days. 723K + HP 60MPa 90min at 788K,HP,788.0,,94.0,4.6,4.94,,,Coelho. R.. Symeou. E.. Kyratsi. T.. & Pereira Gonçalves. A. (2020). Tetrahedrite Sintering Conditions: The Cu11Mn1Sb4S13 Case. Journal of Electronic Materials. 49(8). 5077–5083. https://doi.org/10.1007/s11664-020-08250-3
Chetty 2015 mn,Cu10.6Mn1.4,Mn,10.6,0.34,0.41,450.0,723.0,230.0,260.0,0.77,0.72,0.78,0.88,,quartz ampoule. 973K 3h,Annealing: 773K 30h + HP 30MPa at 823K 2h,HP,823.0,,95.0,,,,,Chetty. R.. Prem Kumar. D. S.. Rogl. G.. Rogl. P.. Bauer. E.. Michor. H.. Suwas. S.. Puchegger. S.. Giester. G.. & Mallik. R. C. (2015). Thermoelectric properties of a Mn substituted synthetic tetrahedrite. Physical Chemistry Chemical Physics. 17(3). 1716–1727. https://doi.org/10.1039/c4cp04039b
Chetty 2015 mn,Cu10.2Mn1.8,Mn,10.2,0.18,0.21,450.0,723.0,330.0,399.0,0.15,0.11,0.62,0.62,,quartz ampoule. 973K 3h,Annealing: 773K 30h + HP 30MPa at 823K 2h,HP,823.0,,98.0,,,,,Chetty. R.. Prem Kumar. D. S.. Rogl. G.. Rogl. P.. Bauer. E.. Michor. H.. Suwas. S.. Puchegger. S.. Giester. G.. & Mallik. R. C. (2015). Thermoelectric properties of a Mn substituted synthetic tetrahedrite. Physical Chemistry Chemical Physics. 17(3). 1716–1727. https://doi.org/10.1039/c4cp04039b
Chetty 2015 mn,Cu11.1Mn0.9,Mn,11.1,0.46,0.55,450.0,723.0,167.0,175.0,2.95,2.68,1.1,1.12,,quartz ampoule. 973K 3h,Annealing: 773K 30h + HP 30MPa at 823K 2h,HP,823.0,,95.0,,,,,Chetty. R.. Prem Kumar. D. S.. Rogl. G.. Rogl. P.. Bauer. E.. Michor. H.. Suwas. S.. Puchegger. S.. Giester. G.. & Mallik. R. C. (2015). Thermoelectric properties of a Mn substituted synthetic tetrahedrite. Physical Chemistry Chemical Physics. 17(3). 1716–1727. https://doi.org/10.1039/c4cp04039b
Chetty 2015 mn,Cu11.6Mn0.4,Mn,11.6,0.56,0.65,402.0,675.0,135.0,150.0,6.17,5.12,1.22,1.31,,quartz ampoule. 973K 3h,Annealing: 773K 30h + HP 30MPa at 823K 2h,HP,823.0,,95.0,,,,,Chetty. R.. Prem Kumar. D. S.. Rogl. G.. Rogl. P.. Bauer. E.. Michor. H.. Suwas. S.. Puchegger. S.. Giester. G.. & Mallik. R. C. (2015). Thermoelectric properties of a Mn substituted synthetic tetrahedrite. Physical Chemistry Chemical Physics. 17(3). 1716–1727. https://doi.org/10.1039/c4cp04039b
Pi 2020,Cu11MnSb4S13,Mn,11.0,0.33,0.46,450.0,723.0,264.0,263.0,0.42,0.5148,0.53,0.54,,MA 350rpm 24h,HP 723K 2h 70MPa,HP,723.0,,97.0,,,,,"Pi, J. H., Lee, G. E., & Kim, I. H. (2020). Thermal Stability, Mechanical Properties and Thermoelectric Performance of Cu11TrSb4S13 (Tr = Mn, Fe, Co, Ni, Cu, and Zn). Journal of Electronic Materials, 49(5), 2710–2718. https://doi.org/10.1007/s11664-019-07570-3"
Kumar 2019,Cu11.65 Cr0.35,Cr,11.65,0.85,1.0,427.0,700.0,185.0,200.0,2.78,2.7,0.71,0.72,,quartz tube.  973 K (3h). 773 K (6h),CP + quartz tube annealing  at 773 K (96h)+ HP 40MPa 723 K (2h),HP,723.0,,97.0,,,,,"Prem Kumar, D. S., Tippireddy, S., Ramakrishnan, A., Chen, K. H., Malar, P., & Mallik, R. C. (2019). Thermoelectric and electronic properties of chromium substituted tetrahedrite. Semiconductor Science and Technology, 34(3). https://doi.org/10.1088/1361-6641/aafa31"
Kumar 2019,Cu11.25 Cr0.75,Cr,11.25,0.73,0.89,427.0,,167.0,180.0,3.23,3.23,0.82,0.82,,quartz tube.  973 K (3h). 773 K (6h),CP + quartz tube annealing  at 773 K (96h)+ HP 40MPa 723 K (2h),HP,723.0,,95.0,,,,,"Prem Kumar, D. S., Tippireddy, S., Ramakrishnan, A., Chen, K. H., Malar, P., & Mallik, R. C. (2019). Thermoelectric and electronic properties of chromium substituted tetrahedrite. Semiconductor Science and Technology, 34(3). https://doi.org/10.1088/1361-6641/aafa32"
Kumar 2019,Cu 11.5 Cr 0.5,Cr,11.5,0.7,0.79,427.0,,155.0,165.0,5.0,5.0,1.05,1.15,,quartz tube.  973 K (3h). 773 K (6h),CP + quartz tube annealing  at 773 K (96h)+ HP 40MPa 723 K (2h),HP,723.0,,93.0,,,,,"Prem Kumar, D. S., Tippireddy, S., Ramakrishnan, A., Chen, K. H., Malar, P., & Mallik, R. C. (2019). Thermoelectric and electronic properties of chromium substituted tetrahedrite. Semiconductor Science and Technology, 34(3). https://doi.org/10.1088/1361-6641/aafa33"
Kumar 2019,Cu11.85 Cr0.15,Cr,11.85,0.61,0.72,427.0,,138.0,150.0,6.67,6.25,1.24,1.26,,quartz tube.  973 K (3h). 773 K (6h),CP + quartz tube annealing  at 773 K (96h)+ HP 40MPa 723 K (2h),HP,723.0,,93.0,,,,,"Prem Kumar, D. S., Tippireddy, S., Ramakrishnan, A., Chen, K. H., Malar, P., & Mallik, R. C. (2019). Thermoelectric and electronic properties of chromium substituted tetrahedrite. Semiconductor Science and Technology, 34(3). https://doi.org/10.1088/1361-6641/aafa34"
Kumar 2019,Cu11.75 Cr0.25,Cr,11.75,0.64,0.71,427.0,,130.0,142.0,8.33,8.33,1.22,1.35,,quartz tube.  973 K (3h). 773 K (6h),CP + quartz tube annealing  at 773 K (96h)+ HP 40MPa 723 K (2h),HP,723.0,,89.0,,,,,"Prem Kumar, D. S., Tippireddy, S., Ramakrishnan, A., Chen, K. H., Malar, P., & Mallik, R. C. (2019). Thermoelectric and electronic properties of chromium substituted tetrahedrite. Semiconductor Science and Technology, 34(3). https://doi.org/10.1088/1361-6641/aafa35"
Kumar 2019,Cu11 Cr,Cr,11.0,0.43,0.5,427.0,,167.0,180.0,3.23,3.23,0.82,0.82,,quartz tube.  973 K (3h). 773 K (6h),CP + quartz tube annealing  at 773 K (96h)+ HP 40MPa 723 K (2h),HP,723.0,,94.0,,,,,"Prem Kumar, D. S., Tippireddy, S., Ramakrishnan, A., Chen, K. H., Malar, P., & Mallik, R. C. (2019). Thermoelectric and electronic properties of chromium substituted tetrahedrite. Semiconductor Science and Technology, 34(3). https://doi.org/10.1088/1361-6641/aafa36"
Zhu 2021,Cu11.7 Gd0.3,Gd,11.7,0.6,0.94,476.0,749.0,118.0,160.0,9.0,6.45,1.46,1.28,,quartz ampoule. 923K 12h,CP + annealing : 723K (1 week) + HP 673K 1h 250MPa,HP,673.0,,96.0,,,,,"Zhu, C., Chen, Q., Ming, H., Qin, X., Yang, Y., Zhang, J., Peng, D., Chen, T., Li, D., & Kawazoe, Y. (2021). Improved Thermoelectric Performance of Cu12Sb4S13 through Gd-Substitution Induced Enhancement of Electronic Density of States and Phonon Scattering. ACS Applied Materials and Interfaces , 13(21), 25092–25101. https://doi.org/10.1021/acsami.1c03493"
Zhu 2021,Cu11.6 Gd0.4,Gd,11.6,0.55,0.89,476.0,749.0,118.0,160.0,8.7,5.8,1.4,1.22,,quartz ampoule. 923K 12h,CP + annealing : 723K (1 week) + HP 673K 1h 250MPa,HP,673.0,,96.0,,,,,"Zhu, C., Chen, Q., Ming, H., Qin, X., Yang, Y., Zhang, J., Peng, D., Chen, T., Li, D., & Kawazoe, Y. (2021). Improved Thermoelectric Performance of Cu12Sb4S13 through Gd-Substitution Induced Enhancement of Electronic Density of States and Phonon Scattering. ACS Applied Materials and Interfaces , 13(21), 25092–25101. https://doi.org/10.1021/acsami.1c03494"
Zhu 2021,Cu11.5 Gd0.5,Gd,11.5,0.53,0.86,476.0,749.0,120.0,165.0,8.3,5.3,1.45,1.24,,quartz ampoule. 923K 12h,CP + annealing : 723K (1 week) + HP 673K 1h 250MPa,HP,673.0,,96.0,,,,,"Zhu, C., Chen, Q., Ming, H., Qin, X., Yang, Y., Zhang, J., Peng, D., Chen, T., Li, D., & Kawazoe, Y. (2021). Improved Thermoelectric Performance of Cu12Sb4S13 through Gd-Substitution Induced Enhancement of Electronic Density of States and Phonon Scattering. ACS Applied Materials and Interfaces , 13(21), 25092–25101. https://doi.org/10.1021/acsami.1c03495"
Zhu 2021,Cu11.9 Gd0.1,Gd,11.9,0.48,0.71,476.0,749.0,115.0,150.0,8.8,5.8,1.51,1.33,,quartz ampoule. 923K 12h,CP + annealing : 723K (1 week) + HP 673K 1h 250MPa,HP,673.0,,97.0,,,,,"Zhu, C., Chen, Q., Ming, H., Qin, X., Yang, Y., Zhang, J., Peng, D., Chen, T., Li, D., & Kawazoe, Y. (2021). Improved Thermoelectric Performance of Cu12Sb4S13 through Gd-Substitution Induced Enhancement of Electronic Density of States and Phonon Scattering. ACS Applied Materials and Interfaces , 13(21), 25092–25101. https://doi.org/10.1021/acsami.1c03496"
Zhu 2021,Cu11.9 Gd0.2,Gd,11.8,0.52,0.75,476.0,749.0,115.0,150.0,8.7,5.8,1.45,1.28,,quartz ampoule. 923K 12h,CP + annealing : 723K (1 week) + HP 673K 1h 250MPa,HP,673.0,,97.0,,,,,"Zhu, C., Chen, Q., Ming, H., Qin, X., Yang, Y., Zhang, J., Peng, D., Chen, T., Li, D., & Kawazoe, Y. (2021). Improved Thermoelectric Performance of Cu12Sb4S13 through Gd-Substitution Induced Enhancement of Electronic Density of States and Phonon Scattering. ACS Applied Materials and Interfaces , 13(21), 25092–25101. https://doi.org/10.1021/acsami.1c03496"
Rout 2024,Cu11.95 Gd0.05 Sb4 S12.6 Se0.4,Gd+Se,11.95,0.64,0.83,456.0,729.0,128.0,146.0,8.1,7.5,1.3,1.24,,Solid State,HP 773K 2h 80MPa,HP,773.0,,98.0,4.92,4.86,,,Rout. U.. & Mallik. R. C. (2024). Thermoelectric properties of Gd and Se double substituted tetrahedrite. Dalton Transactions. 53(8). 3511–3522. https://doi.org/10.1039/D3DT03795A
Kosaka 2017,Cu 11.5Sn0.5,Sn,11.5,0.6,0.66,382.0,,193.0,200.0,1.5,1.5,0.61,0.6,,quartz tube.  523 K (2h) + 1003K (10h),CP 200MPa + annealing 773K 100h + HP773K 15min 50MPa,HP,773.0,,96.0,,,,,"Kosaka, Y., Suekuni, K., Hashikuni, K., Bouyrie, Y., Ohta, M., & Takabatake, T. (2017). Effects of Ge and Sn substitution on the metal-semiconductor transition and thermoelectric properties of Cu12Sb4S13 tetrahedrite. Physical Chemistry Chemical Physics, 19(13), 8874–8879. https://doi.org/10.1039/c7cp00351j"
Kosaka 2017,Cu 11.6Sn0.4,Sn,11.6,0.62,0.67,382.0,,171.0,175.0,2.43,2.38,0.73,0.73,,quartz tube.  523 K (2h) + 1003K (10h),CP 200MPa + annealing 773K 100h + HP773K 15min 50MPa,HP,773.0,,95.0,,,,,"Kosaka, Y., Suekuni, K., Hashikuni, K., Bouyrie, Y., Ohta, M., & Takabatake, T. (2017). Effects of Ge and Sn substitution on the metal-semiconductor transition and thermoelectric properties of Cu12Sb4S13 tetrahedrite. Physical Chemistry Chemical Physics, 19(13), 8874–8879. https://doi.org/10.1039/c7cp00351j"
Kosaka 2017,Cu 11.7Sn0.3,Sn,11.7,0.6,0.63,382.0,,150.0,157.11,4.1,3.85,1.0,1.04,,quartz tube.  523 K (2h) + 1003K (10h),CP 200MPa + annealing 773K 100h + HP773K 15min 50MPa,HP,773.0,,98.0,,,,,"Kosaka, Y., Suekuni, K., Hashikuni, K., Bouyrie, Y., Ohta, M., & Takabatake, T. (2017). Effects of Ge and Sn substitution on the metal-semiconductor transition and thermoelectric properties of Cu12Sb4S13 tetrahedrite. Physical Chemistry Chemical Physics, 19(13), 8874–8879. https://doi.org/10.1039/c7cp00351j"
Kosaka 2017,Cu 11.9Sn0.1,Sn,11.9,0.53,0.59,382.0,,130.0,135.0,6.66,6.25,1.28,1.29,,quartz tube.  523 K (2h) + 1003K (10h),CP 200MPa + annealing 773K 100h + HP773K 15min 50MPa,HP,773.0,,93.0,,,,,"Kosaka, Y., Suekuni, K., Hashikuni, K., Bouyrie, Y., Ohta, M., & Takabatake, T. (2017). Effects of Ge and Sn substitution on the metal-semiconductor transition and thermoelectric properties of Cu12Sb4S13 tetrahedrite. Physical Chemistry Chemical Physics, 19(13), 8874–8879. https://doi.org/10.1039/c7cp00351j"
Kosaka 2017,Cu 11.4Sn0.6,Sn,11.4,0.53,0.59,382.0,,240.0,244.0,0.74,0.75,0.52,0.52,,quartz tube.  523 K (2h) + 1003K (10h),CP 200MPa + annealing 773K 100h + HP773K 15min 50MPa,HP,773.0,,98.0,,,,,"Kosaka, Y., Suekuni, K., Hashikuni, K., Bouyrie, Y., Ohta, M., & Takabatake, T. (2017). Effects of Ge and Sn substitution on the metal-semiconductor transition and thermoelectric properties of Cu12Sb4S13 tetrahedrite. Physical Chemistry Chemical Physics, 19(13), 8874–8879. https://doi.org/10.1039/c7cp00351j"
Yang 2024,Cu11.8Ga0.2Sb3.7Te0.3S13 x=0.1,Ga+Te,11.8,0.8,0.95,500.0,770.0,175.0,250.0,4.2,2.5,0.96,0.98,,973K 24h + 673K 3 days + ball milled,SPS 600K 50MPa,SPS,600.0,,98.0,,,,,"Yang, C., Qu, L., Wang, P., Li, S., Wang, J., Zhu, B., Cheng, S., Jiang, S., Xing, B., & Cui, J. (2024). Improved Thermoelectric Performance in Ga- and Te-Co-introduced Tetrahedrite Cu12Sb4S13. Advanced Engineering Materials, 26(14). https://doi.org/10.1002/adem.202400442"
Yang 2024,Cu11.9Ga0.1Sb3.85Te0.15S14 x=0.05,Ga+Te,11.9,0.52,0.64,500.0,,149.0,206.0,5.1,3.32,1.38,1.4,,973K 24h + 673K 3 days + ball milled,SPS 600K 50MPa,SPS,600.0,,98.0,,,,,"Yang, C., Qu, L., Wang, P., Li, S., Wang, J., Zhu, B., Cheng, S., Jiang, S., Xing, B., & Cui, J. (2024). Improved Thermoelectric Performance in Ga- and Te-Co-introduced Tetrahedrite Cu12Sb4S13. Advanced Engineering Materials, 26(14). https://doi.org/10.1002/adem.202400443"
Yang 2024,Cu11.7Ga0.3Sb3.55Te0.45S15 x=0.15,Ga+Te,11.7,0.67,0.81,500.0,,190.0,249.0,2.8,7.75,0.85,0.86,,973K 24h + 673K 3 days + ball milled,SPS 600K 50MPa,SPS,600.0,,98.0,,,,,"Yang, C., Qu, L., Wang, P., Li, S., Wang, J., Zhu, B., Cheng, S., Jiang, S., Xing, B., & Cui, J. (2024). Improved Thermoelectric Performance in Ga- and Te-Co-introduced Tetrahedrite Cu12Sb4S13. Advanced Engineering Materials, 26(14). https://doi.org/10.1002/adem.202400444"
Huang 2018,Cu11.75 Pb0.25,Pb,11.75,0.52,0.72,450.0,723.0,132.24,154.18,5.65,4.5,1.2,1.2,,"quartz ampoule. 923K, 12h",CP + Annealing 1 week 723K + HP 673K 250MPa 1h,HP,673.0,400.0,98.0,,,,,"Huang, L. L., Wang, Y. S., Zhu, C., Xu, R., Li, J. M., Zhang, J. H., Li, D., Wang, Z. M., Wang, L., Song, C. J., Xin, H. X., Zhang, J., & Qin, X. Y. (2018). Preparation and enhanced thermoelectric performance of Pb-doped tetrahedrite Cu12-xPbxSb4S13. Journal of Alloys and Compounds, 769, 478–483. https://doi.org/10.1016/j.jallcom.2018.07.335"
Huang 2018,Cu11.5 Pb0.5,Pb,11.5,0.56,0.67,450.0,723.0,146.29,166.09,4.4,3.0,1.09,1.05,,"quartz ampoule. 923K, 12h",CP + Annealing 1 week 723K + HP 673K 250MPa 1h,HP,673.0,400.0,99.0,,,,,"Huang, L. L., Wang, Y. S., Zhu, C., Xu, R., Li, J. M., Zhang, J. H., Li, D., Wang, Z. M., Wang, L., Song, C. J., Xin, H. X., Zhang, J., & Qin, X. Y. (2018). Preparation and enhanced thermoelectric performance of Pb-doped tetrahedrite Cu12-xPbxSb4S13. Journal of Alloys and Compounds, 769, 478–483. https://doi.org/10.1016/j.jallcom.2018.07.336"
Huang 2018,Cu11.25 Pb0.75,Pb,11.25,0.44,0.6,450.0,723.0,160.0,185.14,2.55,2.1,1.0,0.98,,"quartz ampoule. 923K, 12h",CP + Annealing 1 week 723K + HP 673K 250MPa 1h,HP,673.0,400.0,96.0,,,,,"Huang, L. L., Wang, Y. S., Zhu, C., Xu, R., Li, J. M., Zhang, J. H., Li, D., Wang, Z. M., Wang, L., Song, C. J., Xin, H. X., Zhang, J., & Qin, X. Y. (2018). Preparation and enhanced thermoelectric performance of Pb-doped tetrahedrite Cu12-xPbxSb4S13. Journal of Alloys and Compounds, 769, 478–483. https://doi.org/10.1016/j.jallcom.2018.07.337"
Huang 2018,Cu11 Pb,Pb,11.0,0.57,0.8,450.0,723.0,181.69,200.41,1.9,1.5,0.68,0.63,,"quartz ampoule. 923K, 12h",CP + Annealing 1 week 723K + HP 673K 250MPa 1h,HP,673.0,400.0,99.0,,,,,"Huang, L. L., Wang, Y. S., Zhu, C., Xu, R., Li, J. M., Zhang, J. H., Li, D., Wang, Z. M., Wang, L., Song, C. J., Xin, H. X., Zhang, J., & Qin, X. Y. (2018). Preparation and enhanced thermoelectric performance of Pb-doped tetrahedrite Cu12-xPbxSb4S13. Journal of Alloys and Compounds, 769, 478–483. https://doi.org/10.1016/j.jallcom.2018.07.338"
Huang 2018,Cu10.75 Pb1.25,Pb,10.75,0.5,0.74,450.0,723.0,194.22,224.37,1.45,1.0,0.68,0.62,,"quartz ampoule. 923K, 12h",CP + Annealing 1 week 723K + HP 673K 250MPa 1h,HP,673.0,400.0,99.0,,,,,"Huang, L. L., Wang, Y. S., Zhu, C., Xu, R., Li, J. M., Zhang, J. H., Li, D., Wang, Z. M., Wang, L., Song, C. J., Xin, H. X., Zhang, J., & Qin, X. Y. (2018). Preparation and enhanced thermoelectric performance of Pb-doped tetrahedrite Cu12-xPbxSb4S13. Journal of Alloys and Compounds, 769, 478–483. https://doi.org/10.1016/j.jallcom.2018.07.339"
Huang 2018,Cu10.5 Pb1.5,Pb,10.5,0.42,0.52,450.0,723.0,237.25,285.37,0.75,0.4,0.69,0.61,,"quartz ampoule. 923K, 12h",CP + Annealing 1 week 723K + HP 673K 250MPa 1h,HP,673.0,400.0,99.0,,,,,"Huang, L. L., Wang, Y. S., Zhu, C., Xu, R., Li, J. M., Zhang, J. H., Li, D., Wang, Z. M., Wang, L., Song, C. J., Xin, H. X., Zhang, J., & Qin, X. Y. (2018). Preparation and enhanced thermoelectric performance of Pb-doped tetrahedrite Cu12-xPbxSb4S13. Journal of Alloys and Compounds, 769, 478–483. https://doi.org/10.1016/j.jallcom.2018.07.335"
Kosaka 2017,Cu 11.5Ge0.5,Ge,11.5,0.54,0.65,382.0,,182.0,191.0,1.47,1.38,0.55,0.54,,quartz tube.  523 K (2h) + 1003K (10h),CP 200MPa + annealing 773K 100h + HP773K 15min 50MPa,HP,773.0,,90.0,,,,,"Kosaka, Y., Suekuni, K., Hashikuni, K., Bouyrie, Y., Ohta, M., & Takabatake, T. (2017). Effects of Ge and Sn substitution on the metal-semiconductor transition and thermoelectric properties of Cu12Sb4S13 tetrahedrite. Physical Chemistry Chemical Physics, 19(13), 8874–8879. https://doi.org/10.1039/c7cp00351j"
Kosaka 2017,Cu 11.6Ge0.4,Ge,11.6,0.58,0.65,382.0,,148.0,152.0,4.2,4.16,1.02,1.05,,quartz tube.  523 K (2h) + 1003K (10h),CP 200MPa + annealing 773K 100h + HP773K 15min 50MPa,HP,773.0,,93.0,,,,,"Kosaka, Y., Suekuni, K., Hashikuni, K., Bouyrie, Y., Ohta, M., & Takabatake, T. (2017). Effects of Ge and Sn substitution on the metal-semiconductor transition and thermoelectric properties of Cu12Sb4S13 tetrahedrite. Physical Chemistry Chemical Physics, 19(13), 8874–8879. https://doi.org/10.1039/c7cp00351j"
Kosaka 2017,Cu 11.7Ge0.3,Ge,11.7,0.58,0.65,382.0,,158.0,163.0,2.8,2.7,0.75,0.77,,quartz tube.  523 K (2h) + 1003K (10h),CP 200MPa + annealing 773K 100h + HP773K 15min 50MPa,HP,773.0,,97.0,,,,,"Kosaka, Y., Suekuni, K., Hashikuni, K., Bouyrie, Y., Ohta, M., & Takabatake, T. (2017). Effects of Ge and Sn substitution on the metal-semiconductor transition and thermoelectric properties of Cu12Sb4S13 tetrahedrite. Physical Chemistry Chemical Physics, 19(13), 8874–8879. https://doi.org/10.1039/c7cp00351j"
Kosaka 2017,Cu 11.4Ge0.6,Ge,11.4,0.5,0.57,382.0,,215.0,226.0,0.82,0.83,0.49,0.49,,quartz tube.  523 K (2h) + 1003K (10h),CP 200MPa + annealing 773K 100h + HP773K 15min 50MPa,HP,773.0,,94.0,,,,,"Kosaka, Y., Suekuni, K., Hashikuni, K., Bouyrie, Y., Ohta, M., & Takabatake, T. (2017). Effects of Ge and Sn substitution on the metal-semiconductor transition and thermoelectric properties of Cu12Sb4S13 tetrahedrite. Physical Chemistry Chemical Physics, 19(13), 8874–8879. https://doi.org/10.1039/c7cp00351j"
Kosaka 2017,Cu 11.9Ge0.1,Ge,11.9,0.5,0.57,382.0,,125.0,132.0,6.5,6.25,1.28,1.27,,quartz tube.  523 K (2h) + 1003K (10h),CP 200MPa + annealing 773K 100h + HP773K 15min 50MPa,HP,773.0,,96.0,,,,,"Kosaka, Y., Suekuni, K., Hashikuni, K., Bouyrie, Y., Ohta, M., & Takabatake, T. (2017). Effects of Ge and Sn substitution on the metal-semiconductor transition and thermoelectric properties of Cu12Sb4S13 tetrahedrite. Physical Chemistry Chemical Physics, 19(13), 8874–8879. https://doi.org/10.1039/c7cp00351j"
Kumar 2016,Cu11.25Cd0.75Sb4S13,Cd,11.25,0.9,0.9,350.0,,155.0,155.0,4.54,4.54,0.72,0.72,,quartz tube.  973 K (3h) + 773K (3h),Annealing: 773K 96h + HP 30MPa at 773K 1h,HP,773.0,,85.0,,,,,"Prem Kumar, D. S., Chetty, R., Rogl, P., Rogl, G., Bauer, E., Malar, P., & Mallik, R. C. (2016). Thermoelectric properties of Cd doped tetrahedrite: Cu12−xCdxSb4S13. Intermetallics, 78, 21–29. https://doi.org/10.1016/j.intermet.2016.08.003"
Kumar 2016,Cu11.5Cd0.5Sb4S13,Cd,11.5,0.84,0.84,350.0,,150.0,150.0,5.26,5.26,0.9,0.9,,quartz tube.  973 K (3h) + 773K (3h),Annealing: 773K 96h + HP 30MPa at 773K 1h,HP,773.0,,92.0,,,,,"Prem Kumar, D. S., Chetty, R., Rogl, P., Rogl, G., Bauer, E., Malar, P., & Mallik, R. C. (2016). Thermoelectric properties of Cd doped tetrahedrite: Cu12−xCdxSb4S13. Intermetallics, 78, 21–29. https://doi.org/10.1016/j.intermet.2016.08.004"
Kumar 2016,Cu11CdSb4S13,Cd,11.0,0.72,0.72,350.0,,185.0,185.0,2.86,2.86,0.85,0.85,,quartz tube.  973 K (3h) + 773K (3h),Annealing: 773K 96h + HP 30MPa at 773K 1h,HP,773.0,,93.0,,,,,"Prem Kumar, D. S., Chetty, R., Rogl, P., Rogl, G., Bauer, E., Malar, P., & Mallik, R. C. (2016). Thermoelectric properties of Cd doped tetrahedrite: Cu12−xCdxSb4S13. Intermetallics, 78, 21–29. https://doi.org/10.1016/j.intermet.2016.08.005"
Kumar 2016,Cu11.75Cd0.25Sb4S13,Cd,11.75,0.6,0.6,350.0,,132.0,132.0,8.33,8.33,1.4,1.4,,quartz tube.  973 K (3h) + 773K (3h),Annealing: 773K 96h + HP 30MPa at 773K 1h,HP,773.0,,92.0,,,,,"Prem Kumar, D. S., Chetty, R., Rogl, P., Rogl, G., Bauer, E., Malar, P., & Mallik, R. C. (2016). Thermoelectric properties of Cd doped tetrahedrite: Cu12−xCdxSb4S13. Intermetallics, 78, 21–29. https://doi.org/10.1016/j.intermet.2016.08.006"
Kumar 2016,Cu10.75Cd1.25Sb4S13,Cd,10.75,0.57,0.57,350.0,,215.0,215.0,1.61,1.61,0.82,0.82,,quartz tube.  973 K (3h) + 773K (3h),Annealing: 773K 96h + HP 30MPa at 773K 1h,HP,773.0,,87.0,,,,,"Prem Kumar, D. S., Chetty, R., Rogl, P., Rogl, G., Bauer, E., Malar, P., & Mallik, R. C. (2016). Thermoelectric properties of Cd doped tetrahedrite: Cu12−xCdxSb4S13. Intermetallics, 78, 21–29. https://doi.org/10.1016/j.intermet.2016.08.007"
Kumar 2016,Cu10.5Cd1.5Sb4S13,Cd,10.5,0.52,0.52,350.0,,255.0,255.0,0.869,0.869,0.65,0.65,,quartz tube.  973 K (3h) + 773K (3h),Annealing: 773K 96h + HP 30MPa at 773K 1h,HP,773.0,,80.0,,,,,"Prem Kumar, D. S., Chetty, R., Rogl, P., Rogl, G., Bauer, E., Malar, P., & Mallik, R. C. (2016). Thermoelectric properties of Cd doped tetrahedrite: Cu12−xCdxSb4S13. Intermetallics, 78, 21–29. https://doi.org/10.1016/j.intermet.2016.08.008"
Lopez 2021,Cu10.5Cd1.5,Cd,10.5,0.02,0.02,350.0,,134.0,134.0,0.08,0.08,0.51,0.51,,MA YPSZ jar 350rpm 6h,HP 350C (1h) 5ton/cm^2,HP,623.0,,85.19269776876268,4.2,4.93,,,"López Cota, F. A., Díaz-Guillén, J. A., Juan Dura, O., López de la Torre, M. A., Rodríguez-Hernández, J., & Fernández Fuentes, A. (2021). Mechanosynthesis and thermoelectric properties of fe, zn, and cd-doped p-type tetrahedrite: Cu12-x mx sb4 s13. Materials, 14(13). https://doi.org/10.3390/ma14133448"
Lopez 2022,Cu10Cd2,Cd,10.0,0.02,0.02,350.0,,129.0,129.0,0.05,0.05,0.29,0.29,,MA YPSZ jar 350rpm 6h,HP 350C (1h) 5ton/cm^3,HP,623.0,,89.24949290060853,4.4,4.93,,,"López Cota, F. A., Díaz-Guillén, J. A., Juan Dura, O., López de la Torre, M. A., Rodríguez-Hernández, J., & Fernández Fuentes, A. (2021). Mechanosynthesis and thermoelectric properties of fe, zn, and cd-doped p-type tetrahedrite: Cu12-x mx sb4 s13. Materials, 14(13). https://doi.org/10.3390/ma14133449"
Tippireddy 2020,Cu11.9Al0.1Sb4S13,Al,11.9,0.54,0.6,400.0,,121.48,127.61,6.8,6.45,1.19,1.21,,quartz ampoule. 923K 3h  + 823K 30h,CP + annealing : 723K (48h) + HP 723K 5min 60MPa,HP,723.0,,96.0,,,,,"Tippireddy, S., Ghosh, S., Biswas, R., Dasgupta, T., Rogl, G., Rogl, P., Bauer, E., & Mallik, R. C. (2020). Thermoelectric properties of Al substituted tetrahedrite. Journal of Applied Physics, 127(3). https://doi.org/10.1063/1.5128409"
Tippireddy 2020,Cu11.75Al0.25Sb4S13,Al,11.75,0.53,0.59,400.0,,122.31,129.14,6.6,6.25,1.18,1.2,,quartz ampoule. 923K 3h  + 823K 30h,CP + annealing : 723K (48h) + HP 723K 5min 60MPa,HP,723.0,,96.0,,,,,"Tippireddy, S., Ghosh, S., Biswas, R., Dasgupta, T., Rogl, G., Rogl, P., Bauer, E., & Mallik, R. C. (2020). Thermoelectric properties of Al substituted tetrahedrite. Journal of Applied Physics, 127(3). https://doi.org/10.1063/1.5128410"
Tippireddy 2020,Cu11.5Al0.5Sb4S13,Al,11.5,0.47,0.53,400.0,,126.42,133.49,5.3,5.0,1.12,1.14,,quartz ampoule. 923K 3h  + 823K 30h,CP + annealing : 723K (48h) + HP 723K 5min 60MPa,HP,723.0,,95.0,,,,,"Tippireddy, S., Ghosh, S., Biswas, R., Dasgupta, T., Rogl, G., Rogl, P., Bauer, E., & Mallik, R. C. (2020). Thermoelectric properties of Al substituted tetrahedrite. Journal of Applied Physics, 127(3). https://doi.org/10.1063/1.5128411"
Tippireddy 2020,Cu11.25Al0.75Sb4S13,Al,11.25,0.42,0.57,400.0,,130.19,137.49,4.48,4.13,1.1,1.1,,quartz ampoule. 923K 3h  + 823K 30h,CP + annealing : 723K (48h) + HP 723K 5min 60MPa,HP,723.0,,94.0,,,,,"Tippireddy, S., Ghosh, S., Biswas, R., Dasgupta, T., Rogl, G., Rogl, P., Bauer, E., & Mallik, R. C. (2020). Thermoelectric properties of Al substituted tetrahedrite. Journal of Applied Physics, 127(3). https://doi.org/10.1063/1.5128412"
Levinsky 2019,Cu11.5 Mg 0.5,Mg,11.5,0.46,0.54,400.0,,135.0,145.0,4.45,4.25,1.01,0.99,,silica tubes. 943K,CP + annealing : 723K (5 days) + SPS 80MPa 4min 723K,SPS,723.0,,95.0,,,,,"Levinsky, P., Candolfi, C., Dauscher, A., Lenoir, B., & Hejtmánek, J. (2019). Thermoelectric Properties of Magnesium-Doped Tetrahedrite Cu 12−x Mg x Sb 4 S 13. Journal of Electronic Materials, 48(4), 1926–1931. https://doi.org/10.1007/s11664-019-07032-w"
Levinsky 2019,Cu11 Mg,Mg,11.0,0.49,0.55,400.0,,155.0,145.0,3.24,3.12,0.915,0.89,,silica tubes. 943K,CP + annealing : 723K (5 days) + SPS 80MPa 4min 723K,SPS,723.0,,95.0,,,,,"Levinsky, P., Candolfi, C., Dauscher, A., Lenoir, B., & Hejtmánek, J. (2019). Thermoelectric Properties of Magnesium-Doped Tetrahedrite Cu 12−x Mg x Sb 4 S 13. Journal of Electronic Materials, 48(4), 1926–1931. https://doi.org/10.1007/s11664-019-07032-w"
Levinsky 2019,Cu10.5 Mg 1.5,Mg,10.5,0.51,0.58,400.0,,160.0,170.0,2.33,2.27,0.72,0.735,,silica tubes. 943K,CP + annealing : 723K (5 days) + SPS 80MPa 4min 723K,SPS,723.0,,95.0,,,,,"Levinsky, P., Candolfi, C., Dauscher, A., Lenoir, B., & Hejtmánek, J. (2019). Thermoelectric Properties of Magnesium-Doped Tetrahedrite Cu 12−x Mg x Sb 4 S 13. Journal of Electronic Materials, 48(4), 1926–1931. https://doi.org/10.1007/s11664-019-07032-w"
Zhu 2022,Cu11.975In0.025Sb4S12.8Se0.2,In+Se,11.975,0.69,0.92,450.0,,120.0,146.0,8.8,6.5,1.15,1.11,,solid-state reaction: silica tubes. 923K 12h,,Other,,,95.0,,,,,"Zhu, C., Ming, H., Zhang, J., Li, D., Chen, T., & Qin, X. (2022). Ultralow Lattice Thermal Conductivity and High Thermoelectric Figure of Merit in Dually Substituted Cu12Sb4S13 Tetrahedrites. Advanced Electronic Materials, 8(10). https://doi.org/10.1002/aelm.202200110"
Zhu 2022,Cu11.95In0.05Sb4S12.8Se0.2,In+Se,11.95,0.72,0.99,450.0,,122.0,149.0,8.4,6.49,1.11,1.04,,solid-state reaction: silica tubes. 923K 12h,,Other,,,96.0,,,,,"Zhu, C., Ming, H., Zhang, J., Li, D., Chen, T., & Qin, X. (2022). Ultralow Lattice Thermal Conductivity and High Thermoelectric Figure of Merit in Dually Substituted Cu12Sb4S13 Tetrahedrites. Advanced Electronic Materials, 8(10). https://doi.org/10.1002/aelm.202200111"
Zhu 2022,Cu11.925In0.075Sb4S12.8Se0.2,In+Se,11.925,0.61,0.85,450.0,,126.0,150.0,7.5,6.13,1.22,1.18,,solid-state reaction: silica tubes. 923K 12h,,Other,,,96.0,,,,,"Zhu, C., Ming, H., Zhang, J., Li, D., Chen, T., & Qin, X. (2022). Ultralow Lattice Thermal Conductivity and High Thermoelectric Figure of Merit in Dually Substituted Cu12Sb4S13 Tetrahedrites. Advanced Electronic Materials, 8(10). https://doi.org/10.1002/aelm.202200112"
Lu 2014,Cu12 Sb3.5 Te0.5 S13,Te,12.0,0.7,0.89,450.0,723.0,145.0,165.0,5.1,4.3,0.99,0.93,,quartz tube.  923 K (12h). BM(5min),CP + quartz tube annealing  at 723 K (1 week)+ HP 80MPa 723 K (30min),HP,723.0,450.0,98.0,,,,,"Lu, X., & Morelli, D. (2014). The effect of Te substitution for sb on thermoelectric properties of tetrahedrite. Journal of Electronic Materials, 43(6), 1983–1987. https://doi.org/10.1007/s11664-013-2931-1"
Lu 2014,Cu12 Sb3 Te S13,Te,12.0,0.76,0.92,450.0,723.0,180.0,200.0,2.7,2.7,0.75,0.77,,quartz tube.  923 K (12h). BM(5min),CP + quartz tube annealing  at 723 K (1 week)+ HP 80MPa 723 K (30min),HP,723.0,450.0,98.0,,,,,"Lu, X., & Morelli, D. (2014). The effect of Te substitution for sb on thermoelectric properties of tetrahedrite. Journal of Electronic Materials, 43(6), 1983–1987. https://doi.org/10.1007/s11664-013-2931-2"
Lu 2014,Cu12 Sb3.9 Te0.1 S13,Te,12.0,0.7,0.89,450.0,723.0,133.0,140.0,7.3,6.5,1.2,1.2,,quartz tube.  923 K (12h). BM(5min),CP + quartz tube annealing  at 723 K (1 week)+ HP 80MPa 723 K (30min),HP,723.0,450.0,98.0,,,,,"Lu, X., & Morelli, D. (2014). The effect of Te substitution for sb on thermoelectric properties of tetrahedrite. Journal of Electronic Materials, 43(6), 1983–1987. https://doi.org/10.1007/s11664-013-2931-2"
Bouyrie 2015 Te,Cu12 Sb3.39 Te0.61 S13,Te,12.0,0.76,0.8,350.0,623.0,183.0,183.0,1.82,1.82,0.5,0.5,,Precursors. quartz tube.  923 K (12h). 723 K ( 14days),SPS 723 K (10min) 80 Mpa,SPS,723.0,450.0,95.0,,,,,"Bouyrie, Y., Candolfi, C., Ohorodniichuk, V., Malaman, B., Dauscher, A., Tobola, J., & Lenoir, B. (2015). Crystal structure, electronic band structure and high-temperature thermoelectric properties of Te-substituted tetrahedrites Cu12Sb4-xTexS13 (0.5 ≤ x ≤ 2.0). Journal of Materials Chemistry C, 3(40), 10476–10487. https://doi.org/10.1039/c5tc01636c"
Bouyrie 2015 Te,Cu12 Sb3.2 Te 0.8 S13,Te,12.0,0.79,0.8,350.0,623.0,175.0,175.0,2.0,2.0,0.5,0.5,,Precursors. quartz tube.  923 K (12h). 723 K (14 days),SPS 723 K (10min) 80 Mpa,SPS,723.0,450.0,95.0,,,,,"Bouyrie, Y., Candolfi, C., Ohorodniichuk, V., Malaman, B., Dauscher, A., Tobola, J., & Lenoir, B. (2015). Crystal structure, electronic band structure and high-temperature thermoelectric properties of Te-substituted tetrahedrites Cu12Sb4-xTexS13 (0.5 ≤ x ≤ 2.0). Journal of Materials Chemistry C, 3(40), 10476–10487. https://doi.org/10.1039/c5tc01636c"
Bouyrie 2015 Te,Cu12 Sb3.6 Te 1.4 S13,Te,12.0,0.54,0.63,350.0,,167.0,167.0,1.34,1.34,0.54,0.54,,Precursors. quartz tube.  923 K (12h). 723 K ( 14days),SPS 723 K (10min) 80 Mpa,SPS,723.0,,95.0,,,,,"Bouyrie, Y., Candolfi, C., Ohorodniichuk, V., Malaman, B., Dauscher, A., Tobola, J., & Lenoir, B. (2015). Crystal structure, electronic band structure and high-temperature thermoelectric properties of Te-substituted tetrahedrites Cu12Sb4-xTexS13 (0.5 ≤ x ≤ 2.0). Journal of Materials Chemistry C, 3(40), 10476–10487. https://doi.org/10.1039/c5tc01636c"
Bouyrie 2015 Te,Cu12 Sb2.19 Te 1.81 S13,Te,12.0,0.39,0.42,350.0,,250.0,250.0,0.46,0.46,0.485,0.485,,Precursors. quartz tube.  923 K (12h). 723 K (14 days),SPS 723 K (10min) 80 Mpa,SPS,723.0,,95.0,,,,,"Bouyrie, Y., Candolfi, C., Ohorodniichuk, V., Malaman, B., Dauscher, A., Tobola, J., & Lenoir, B. (2015). Crystal structure, electronic band structure and high-temperature thermoelectric properties of Te-substituted tetrahedrites Cu12Sb4-xTexS13 (0.5 ≤ x ≤ 2.0). Journal of Materials Chemistry C, 3(40), 10476–10487. https://doi.org/10.1039/c5tc01636c"
Bouyrie 2015 Te,Cu12 Sb2.21 Te 1.79 S13,Te,12.0,0.3,0.36,350.0,,220.0,220.0,0.53,0.53,0.54,0.54,,Precursors. quartz tube.  923 K (12h). 723 K ( 14days),SPS 723 K (10min) 80 Mpa,SPS,723.0,,95.0,,,,,"Bouyrie, Y., Candolfi, C., Ohorodniichuk, V., Malaman, B., Dauscher, A., Tobola, J., & Lenoir, B. (2015). Crystal structure, electronic band structure and high-temperature thermoelectric properties of Te-substituted tetrahedrites Cu12Sb4-xTexS13 (0.5 ≤ x ≤ 2.0). Journal of Materials Chemistry C, 3(40), 10476–10487. https://doi.org/10.1039/c5tc01636c"
Bouyrie 2015 Te,Cu12 Sb3.59 Te 1.41 S13,Te,12.0,0.64,0.71,350.0,,212.0,212.0,1.35,1.35,0.58,0.58,,Precursors. quartz tube.  923 K (12h). 723 K ( 14days),SPS 723 K (10min) 80 Mpa,SPS,723.0,,93.0,,,,,"Bouyrie, Y., Candolfi, C., Ohorodniichuk, V., Malaman, B., Dauscher, A., Tobola, J., & Lenoir, B. (2015). Crystal structure, electronic band structure and high-temperature thermoelectric properties of Te-substituted tetrahedrites Cu12Sb4-xTexS13 (0.5 ≤ x ≤ 2.0). Journal of Materials Chemistry C, 3(40), 10476–10487. https://doi.org/10.1039/c5tc01636c"
Bouyrie 2015 Te,Cu12 Sb2.99 Te 1.01 S13,Te,12.0,0.63,0.7,350.0,,163.0,163.0,2.857,2.857,0.795,0.795,,Precursors. quartz tube.  923 K (12h). 723 K ( 14days),SPS 723 K (10min) 80 Mpa,SPS,723.0,,93.0,,,,,"Bouyrie, Y., Candolfi, C., Ohorodniichuk, V., Malaman, B., Dauscher, A., Tobola, J., & Lenoir, B. (2015). Crystal structure, electronic band structure and high-temperature thermoelectric properties of Te-substituted tetrahedrites Cu12Sb4-xTexS13 (0.5 ≤ x ≤ 2.0). Journal of Materials Chemistry C, 3(40), 10476–10487. https://doi.org/10.1039/c5tc01636c"
Bouyrie 2015 Te,Cu12 Sb3.48 Te 0.52 S13,Te,12.0,0.61,0.69,350.0,,127.0,127.0,6.2,6.2,1.285,1.285,,Precursors. quartz tube.  923 K (12h). 723 K ( 14days),SPS 723 K (10min) 80 Mpa,SPS,723.0,,93.0,,,,,"Bouyrie, Y., Candolfi, C., Ohorodniichuk, V., Malaman, B., Dauscher, A., Tobola, J., & Lenoir, B. (2015). Crystal structure, electronic band structure and high-temperature thermoelectric properties of Te-substituted tetrahedrites Cu12Sb4-xTexS13 (0.5 ≤ x ≤ 2.0). Journal of Materials Chemistry C, 3(40), 10476–10487. https://doi.org/10.1039/c5tc01636c"
Bouyrie 2015 Te,Cu12 Sb2.15 Te 1.85 S13,Te,12.0,0.39,0.43,350.0,,252.0,252.0,0.47,0.47,0.49,0.49,,Precursors. quartz tube.  923 K (12h). 723 K ( 14days),SPS 723 K (10min) 80 Mpa,SPS,723.0,,93.0,,,,,"Bouyrie, Y., Candolfi, C., Ohorodniichuk, V., Malaman, B., Dauscher, A., Tobola, J., & Lenoir, B. (2015). Crystal structure, electronic band structure and high-temperature thermoelectric properties of Te-substituted tetrahedrites Cu12Sb4-xTexS13 (0.5 ≤ x ≤ 2.0). Journal of Materials Chemistry C, 3(40), 10476–10487. https://doi.org/10.1039/c5tc01636c"
Kwak 2021,Cu12Sb3.9Te0.1S13,Te,12.0,0.6,0.8,450.0,723.0,175.0,180.0,2.65,2.6,0.85,0.8,3.56e+18,steel jar. BM 350rpm 24h,HP 723K 2h 70MPa,HP,723.0,,100.0,,,,,"Kwak, S. G., Lee, G. E., & Kim, I. H. (2021). Electronic transport and thermoelectric properties of te-doped tetrahedrites Cu12Sb4-yTeyS13. Journal of Korean Institute of Metals and Materials, 59(8), 560–566. https://doi.org/10.3365/KJMM.2021.59.8.560"
Kwak 2021,Cu12Sb3.8Te0.2S13,Te,12.0,0.55,0.7,450.0,723.0,180.0,185.0,2.05,2.0,0.75,0.76,2.99e+18,steel jar. BM 350rpm 24h,HP 723K 2h 70MPa,HP,723.0,,99.0,,,,,"Kwak, S. G., Lee, G. E., & Kim, I. H. (2021). Electronic transport and thermoelectric properties of te-doped tetrahedrites Cu12Sb4-yTeyS13. Journal of Korean Institute of Metals and Materials, 59(8), 560–566. https://doi.org/10.3365/KJMM.2021.59.8.561"
Kwak 2021,Cu12Sb3.7Te0.3S13,Te,12.0,0.55,0.66,450.0,723.0,185.0,190.0,1.95,1.9,0.75,0.76,2.59e+18,steel jar. BM 350rpm 24h,HP 723K 2h 70MPa,HP,723.0,,99.0,,,,,"Kwak, S. G., Lee, G. E., & Kim, I. H. (2021). Electronic transport and thermoelectric properties of te-doped tetrahedrites Cu12Sb4-yTeyS13. Journal of Korean Institute of Metals and Materials, 59(8), 560–566. https://doi.org/10.3365/KJMM.2021.59.8.561"
Kwak 2021,Cu12Sb3.6Te0.4S13,Te,12.0,0.54,0.65,450.0,723.0,195.0,204.0,1.65,1.6,0.74,0.75,1.74e+18,steel jar. BM 350rpm 24h,HP 723K 2h 70MPa,HP,723.0,,99.0,,,,,"Kwak, S. G., Lee, G. E., & Kim, I. H. (2021). Electronic transport and thermoelectric properties of te-doped tetrahedrites Cu12Sb4-yTeyS13. Journal of Korean Institute of Metals and Materials, 59(8), 560–566. https://doi.org/10.3365/KJMM.2021.59.8.561"
Tippireddy 2019,Cu12 Sb3.65 Sn0.35 S13,Sn,12.0,0.81,0.96,400.0,673.0,165.0,180.0,3.95,3.82,0.89,0.875,,quartz tube.  923 K (3h). 823 K (30h) +CP + annealing : 723K (48h) + BM 300rpm 3h,SPS 753K 10min 70MPa,SPS,753.0,,98.0,,,,,"Tippireddy, S., Prem Kumar, D. S., Karati, A., Ramakrishnan, A., Sarkar, S., Peter, S. C., Malar, P., Chen, K. H., Murty, B. S., & Mallik, R. C. (2019). Effect of Sn Substitution on the Thermoelectric Properties of Synthetic Tetrahedrite. ACS Applied Materials and Interfaces, 11(24), 21686–21696. https://doi.org/10.1021/acsami.9b02956"
Tippireddy 2019,Cu12 Sb3.75 Sn0.25 S13,Sn,12.0,0.8,0.95,400.0,673.0,155.0,160.0,4.78,4.65,0.85,0.83,,quartz tube.  923 K (3h). 823 K (30h) +CP + annealing : 723K (48h) + BM 300rpm 3h,SPS 753K 10min 70MPa,SPS,753.0,,98.0,,,,,"Tippireddy, S., Prem Kumar, D. S., Karati, A., Ramakrishnan, A., Sarkar, S., Peter, S. C., Malar, P., Chen, K. H., Murty, B. S., & Mallik, R. C. (2019). Effect of Sn Substitution on the Thermoelectric Properties of Synthetic Tetrahedrite. ACS Applied Materials and Interfaces, 11(24), 21686–21696. https://doi.org/10.1021/acsami.9b02956"
Tippireddy 2019,Cu12 Sb3.5 Sn0.5 S13,Sn,12.0,0.66,0.76,400.0,673.0,160.0,170.0,3.8,3.64,0.985,0.985,,quartz tube.  923 K (3h). 823 K (30h) +CP + annealing : 723K (48h) + BM 300rpm 3h,SPS 753K 10min 70MPa,SPS,753.0,,98.0,,,,,"Tippireddy, S., Prem Kumar, D. S., Karati, A., Ramakrishnan, A., Sarkar, S., Peter, S. C., Malar, P., Chen, K. H., Murty, B. S., & Mallik, R. C. (2019). Effect of Sn Substitution on the Thermoelectric Properties of Synthetic Tetrahedrite. ACS Applied Materials and Interfaces, 11(24), 21686–21696. https://doi.org/10.1021/acsami.9b02956"
Tippireddy 2019,Cu12 Sb3 Sn S13,Sn,12.0,0.3,0.39,400.0,673.0,135.0,150.0,3.23,3.08,1.25,1.185,,quartz tube.  923 K (3h). 823 K (30h) +CP + annealing : 723K (48h) + BM 300rpm 3h,SPS 753K 10min 70MPa,SPS,753.0,,98.0,,,,,"Tippireddy, S., Prem Kumar, D. S., Karati, A., Ramakrishnan, A., Sarkar, S., Peter, S. C., Malar, P., Chen, K. H., Murty, B. S., & Mallik, R. C. (2019). Effect of Sn Substitution on the Thermoelectric Properties of Synthetic Tetrahedrite. ACS Applied Materials and Interfaces, 11(24), 21686–21696. https://doi.org/10.1021/acsami.9b02956"
Ahn 2021,Cu12Sb3.9Sn0.1S13,Sn,12.0,0.5,0.66,450.0,723.0,170.0,175.0,2.4,2.3,0.87,0.77,1.28e+19,MA in Stainless Steel jar & balls. 350rpm (24h) in Ar,HP 723 K 2h 70MPa,HP,723.0,450.0,99.0,,,,,"Hee-Jae Ahn, I1-Ho Kim. Charge Transport and Thermoelectric Properties of Sn-Doped Tetrahedrites Cu12Sb4-ySnyS13.Korean Journal of Metals and Materials 2021; 59(10): 724-731. http://dx.doi.org/10.3365/KJMM.2021.59.10.724"
Ahn 2021,Cu12Sb3.8Sn0.2S13,Sn,12.0,0.44,0.56,450.0,723.0,175.0,180.0,1.8,1.8,0.85,0.75,6.1e+18,MA in Stainless Steel jar & balls. 350rpm (24h) in Ar,HP 723 K 2h 70MPa,HP,723.0,450.0,100.0,,,,,"Hee-Jae Ahn, I1-Ho Kim. Charge Transport and Thermoelectric Properties of Sn-Doped Tetrahedrites Cu12Sb4-ySnyS13.Korean Journal of Metals and Materials 2021; 59(10): 724-731. http://dx.doi.org/10.3365/KJMM.2021.59.10.724"
Ahn 2021,Cu12Sb3.7Sn0.3S13,Sn,12.0,0.4,0.53,450.0,723.0,200.0,205.0,1.05,1.1,0.71,0.62,2.9e+18,MA in Stainless Steel jar & balls. 350rpm (24h) in Ar,HP 723 K 2h 70MPa,HP,723.0,450.0,99.0,,,,,"Hee-Jae Ahn, I1-Ho Kim. Charge Transport and Thermoelectric Properties of Sn-Doped Tetrahedrites Cu12Sb4-ySnyS13.Korean Journal of Metals and Materials 2021; 59(10): 724-731. http://dx.doi.org/10.3365/KJMM.2021.59.10.724"
Ahn 2021,Cu12Sb3.6Sn0.4S13,Sn,12.0,0.2,0.3,450.0,723.0,238.0,238.0,0.3,0.4,0.61,0.56,1.57e+18,MA in Stainless Steel jar & balls. 350rpm (24h) in Ar,HP 723 K 2h 70MPa,HP,723.0,450.0,99.0,,,,,"Hee-Jae Ahn, I1-Ho Kim. Charge Transport and Thermoelectric Properties of Sn-Doped Tetrahedrites Cu12Sb4-ySnyS13.Korean Journal of Metals and Materials 2021; 59(10): 724-731. http://dx.doi.org/10.3365/KJMM.2021.59.10.724"
Huang 2020,Cu12 Sb4.2 S13,Cu-excess/deficiency,12.0,0.65,0.86,450.0,,135.0,152.0,7.4,5.8,1.24,1.1,,"quartz ampoule. 923K, 12h",CP + Annealing 1 week 723K + HP 673K 250MPa 1h,HP,673.0,400.0,95.0,,,,,"Huang, L., Kong, Y., Zhang, J., Zhu, C., Zhang, J., Li, Y., Li, D., Xin, H., Wang, Z., & Qin, X. (2020). Effects of Sb Deviation from Its Stoichiometric Ratio on the Micro- And Electronic Structures and Thermoelectric Properties of Cu12Sb4S13. ACS Applied Materials and Interfaces, 12(12), 14145–14153. https://doi.org/10.1021/acsami.0c00094"
Huang 2020,Cu12 Sb4.1 S13,Cu-excess/deficiency,12.0,0.59,0.82,450.0,,125.0,142.0,9.0,6.8,1.42,1.21,,"quartz ampoule. 923K, 12h",CP + Annealing 1 week 723K + HP 673K 250MPa 1h,HP,673.0,400.0,97.0,,,,,"Huang, L., Kong, Y., Zhang, J., Zhu, C., Zhang, J., Li, Y., Li, D., Xin, H., Wang, Z., & Qin, X. (2020). Effects of Sb Deviation from Its Stoichiometric Ratio on the Micro- And Electronic Structures and Thermoelectric Properties of Cu12Sb4S13. ACS Applied Materials and Interfaces, 12(12), 14145–14153. https://doi.org/10.1021/acsami.0c00095"
Huang 2020,Cu12 Sb4.3 S13,Cu-excess/deficiency,12.0,0.48,0.63,450.0,,134.0,163.0,6.5,4.5,1.46,1.33,,"quartz ampoule. 923K, 12h",CP + Annealing 1 week 723K + HP 673K 250MPa 1h,HP,673.0,400.0,97.0,,,,,"Huang, L., Kong, Y., Zhang, J., Zhu, C., Zhang, J., Li, Y., Li, D., Xin, H., Wang, Z., & Qin, X. (2020). Effects of Sb Deviation from Its Stoichiometric Ratio on the Micro- And Electronic Structures and Thermoelectric Properties of Cu12Sb4S13. ACS Applied Materials and Interfaces, 12(12), 14145–14153. https://doi.org/10.1021/acsami.0c00096"
Huang 2020,Cu12 Sb3.8 S13,Cu-excess/deficiency,12.0,0.5,0.61,450.0,,135.0,152.0,6.1,4.8,1.25,1.15,,"quartz ampoule. 923K, 12h",CP + Annealing 1 week 723K + HP 673K 250MPa 1h,HP,673.0,400.0,95.0,,,,,"Huang, L., Kong, Y., Zhang, J., Zhu, C., Zhang, J., Li, Y., Li, D., Xin, H., Wang, Z., & Qin, X. (2020). Effects of Sb Deviation from Its Stoichiometric Ratio on the Micro- And Electronic Structures and Thermoelectric Properties of Cu12Sb4S13. ACS Applied Materials and Interfaces, 12(12), 14145–14153. https://doi.org/10.1021/acsami.0c00097"
Huang 2020,Cu12 Sb3.9 S13,Cu-excess/deficiency,12.0,0.47,0.58,450.0,,125.0,145.0,6.9,5.0,1.55,1.48,,"quartz ampoule. 923K, 12h",CP + Annealing 1 week 723K + HP 673K 250MPa 1h,HP,673.0,400.0,95.0,,,,,"Huang, L., Kong, Y., Zhang, J., Zhu, C., Zhang, J., Li, Y., Li, D., Xin, H., Wang, Z., & Qin, X. (2020). Effects of Sb Deviation from Its Stoichiometric Ratio on the Micro- And Electronic Structures and Thermoelectric Properties of Cu12Sb4S13. ACS Applied Materials and Interfaces, 12(12), 14145–14153. https://doi.org/10.1021/acsami.0c00098"
Kumar 2017,Cu12 Sb3.8 Bi0.2 S13,Bi,12.0,0.78,0.84,400.0,,138.0,150.0,6.65,6.25,1.12,1.16,,quartz tube.  973 K (3h) + 773K (3h),Annealing: 773K 96h + HP 30MPa at 773K 1h,HP,773.0,,90.0,,,,,"Prem Kumar, D. S., Chetty, R., Femi, O. E., Chattopadhyay, K., Malar, P., & Mallik, R. C. (2017). Thermoelectric Properties of Bi Doped Tetrahedrite. Journal of Electronic Materials, 46(5), 2616–2622. https://doi.org/10.1007/s11664-016-4826-5"
Kumar 2017,Cu12 Sb3.6 Bi0.4 S13,Bi,12.0,0.71,0.77,400.0,,166.0,175.0,3.9,3.85,0.96,1.01,,quartz tube.  973 K (3h) + 773K (3h),Annealing: 773K 96h + HP 30MPa at 773K 1h,HP,773.0,,90.0,,,,,"Prem Kumar, D. S., Chetty, R., Femi, O. E., Chattopadhyay, K., Malar, P., & Mallik, R. C. (2017). Thermoelectric Properties of Bi Doped Tetrahedrite. Journal of Electronic Materials, 46(5), 2616–2622. https://doi.org/10.1007/s11664-016-4826-6"
Kumar 2017,Cu12 Sb3.4 Bi0.6 S13,Bi,12.0,0.51,0.56,400.0,,180.0,195.0,2.21,2.17,0.92,0.94,,quartz tube.  973 K (3h) + 773K (3h),Annealing: 773K 96h + HP 30MPa at 773K 1h,HP,773.0,,90.0,,,,,"Prem Kumar, D. S., Chetty, R., Femi, O. E., Chattopadhyay, K., Malar, P., & Mallik, R. C. (2017). Thermoelectric Properties of Bi Doped Tetrahedrite. Journal of Electronic Materials, 46(5), 2616–2622. https://doi.org/10.1007/s11664-016-4826-7"
Kumar 2017,Cu12 Sb3.2 Bi0.8 S13,Bi,12.0,0.47,0.52,400.0,,178.0,195.0,1.86,1.81,0.84,0.86,,quartz tube.  973 K (3h) + 773K (3h),Annealing: 773K 96h + HP 30MPa at 773K 1h,HP,773.0,,90.0,,,,,"Prem Kumar, D. S., Chetty, R., Femi, O. E., Chattopadhyay, K., Malar, P., & Mallik, R. C. (2017). Thermoelectric Properties of Bi Doped Tetrahedrite. Journal of Electronic Materials, 46(5), 2616–2622. https://doi.org/10.1007/s11664-016-4826-8"
Kwak 2020,Cu12Sb3.9Bi0.1S13,Bi,12.0,0.7,0.88,450.0,723.0,182.0,185.0,2.8,2.7,0.82,0.81,,steel jar. BM 350rpm 24h,HP 723K 2h 70MPa,HP,723.0,,97.0,,,,,"Kwak, S. G., Pi, J. H., Lee, G. E., & Kim, I. H. (2020). Solid-State Synthesis and Thermoelectric Properties of Tetrahedrites Cu12Sb4-yBiyS13. Journal of Korean Institute of Metals and Materials, 58(4), 272–277. https://doi.org/10.3365/KJMM.2020.58.4.272"
Kwak 2020,Cu12Sb3.8Bi0.2S13,Bi,12.0,0.56,0.82,450.0,723.0,160.0,170.0,3.3,3.2,0.95,0.82,,steel jar. BM 350rpm 24h,HP 723K 2h 70MPa,HP,723.0,,98.0,,,,,"Kwak, S. G., Pi, J. H., Lee, G. E., & Kim, I. H. (2020). Solid-State Synthesis and Thermoelectric Properties of Tetrahedrites Cu12Sb4-yBiyS13. Journal of Korean Institute of Metals and Materials, 58(4), 272–277. https://doi.org/10.3365/KJMM.2020.58.4.273"
Kwak 2020,Cu12Sb3.7Bi0.3S13,Bi,12.0,0.5,0.8,450.0,723.0,150.0,157.0,3.5,3.2,0.95,0.75,,steel jar. BM 350rpm 24h,HP 723K 2h 70MPa,HP,723.0,,98.0,,,,,"Kwak, S. G., Pi, J. H., Lee, G. E., & Kim, I. H. (2020). Solid-State Synthesis and Thermoelectric Properties of Tetrahedrites Cu12Sb4-yBiyS13. Journal of Korean Institute of Metals and Materials, 58(4), 272–277. https://doi.org/10.3365/KJMM.2020.58.4.273"
Kwak 2020,Cu12Sb3.6Bi0.4S13,Bi,12.0,0.45,0.72,450.0,723.0,160.0,170.0,2.0,1.9,0.76,0.63,,steel jar. BM 350rpm 24h,HP 723K 2h 70MPa,HP,723.0,,99.0,,,,,"Kwak, S. G., Pi, J. H., Lee, G. E., & Kim, I. H. (2020). Solid-State Synthesis and Thermoelectric Properties of Tetrahedrites Cu12Sb4-yBiyS13. Journal of Korean Institute of Metals and Materials, 58(4), 272–277. https://doi.org/10.3365/KJMM.2020.58.4.274"
Jeong 2022,Cu12Sb3.9Ge0.1S13,Ge,12.0,0.5,0.72,450.0,723.0,155.0,168.0,3.25,3.2,1.0,0.88,4e+18,,,,,,99.0,,,,,"Jeong, S. I., & Kim, I. H. (2022). Solid-State Synthesis and Thermoelectric Properties of Ge-Doped Tetrahedrites Cu12Sb4-yGeyS13. Journal of Korean Institute of Metals and Materials, 60(5), 376–383. https://doi.org/10.3365/KJMM.2022.60.5.376"
Jeong 2022,Cu12Sb3.8Ge0.2S13,Ge,12.0,0.52,0.74,450.0,723.0,180.0,190.0,2.2,2.2,0.81,0.72,3e+18,,,,,,100.0,,,,,"Jeong, S. I., & Kim, I. H. (2022). Solid-State Synthesis and Thermoelectric Properties of Ge-Doped Tetrahedrites Cu12Sb4-yGeyS13. Journal of Korean Institute of Metals and Materials, 60(5), 376–383. https://doi.org/10.3365/KJMM.2022.60.5.377"
Jeong 2022,Cu12Sb3.7Ge0.3S13,Ge,12.0,0.29,0.41,450.0,723.0,200.0,205.0,1.2,1.2,0.72,0.65,2.2e+18,,,,,,99.0,,,,,"Jeong, S. I., & Kim, I. H. (2022). Solid-State Synthesis and Thermoelectric Properties of Ge-Doped Tetrahedrites Cu12Sb4-yGeyS13. Journal of Korean Institute of Metals and Materials, 60(5), 376–383. https://doi.org/10.3365/KJMM.2022.60.5.378"
Jeong 2022,Cu12Sb3.6Ge0.4S13,Ge,12.0,0.4,0.55,450.0,723.0,224.0,224.0,0.55,0.7,0.6,0.59,2.2e+18,,,,,,98.0,,,,,"Jeong, S. I., & Kim, I. H. (2022). Solid-State Synthesis and Thermoelectric Properties of Ge-Doped Tetrahedrites Cu12Sb4-yGeyS13. Journal of Korean Institute of Metals and Materials, 60(5), 376–383. https://doi.org/10.3365/KJMM.2022.60.5.379"
Zhu 2019,Cu12Sb4S12.8Se0.2,Se,12.0,0.59,0.8,450.0,,114.0,150.0,10.8,8.5,1.51,1.25,,quartz ampoule. 923K 12h,CP + annealing : 723K (1 week) + HP 673K 1h 250MPa,HP,673.0,,98.0,,,,,"Zhu, C., Ming, H., Huang, L., Zhang, B., Lou, X., Li, D., Jabar, B., Xin, H., Zhang, J., & Qin, X. (2019). Achieving high power factor and thermoelectric performance through dual substitution of Zn and Se in tetrahedrites Cu12Sb4S13. Applied Physics Letters, 115(18). https://doi.org/10.1063/1.5119402"
Zhu 2019,Cu12Sb4S12.6Se0.4,Se,12.0,0.48,0.69,450.0,,123.0,165.0,8.6,6.2,1.61,1.35,,quartz ampoule. 923K 12h,CP + annealing : 723K (1 week) + HP 673K 1h 250MPa,HP,674.0,,97.0,,,,,"Zhu, C., Ming, H., Huang, L., Zhang, B., Lou, X., Li, D., Jabar, B., Xin, H., Zhang, J., & Qin, X. (2019). Achieving high power factor and thermoelectric performance through dual substitution of Zn and Se in tetrahedrites Cu12Sb4S13. Applied Physics Letters, 115(18). https://doi.org/10.1063/1.5119403"
Zhu 2019,Cu12Sb4S12.9Se0.1,Se,12.0,0.5,0.66,450.0,,110.0,142.0,9.4,7.2,1.48,1.27,,quartz ampoule. 923K 12h,CP + annealing : 723K (1 week) + HP 673K 1h 250MPa,HP,675.0,,97.0,,,,,"Zhu, C., Ming, H., Huang, L., Zhang, B., Lou, X., Li, D., Jabar, B., Xin, H., Zhang, J., & Qin, X. (2019). Achieving high power factor and thermoelectric performance through dual substitution of Zn and Se in tetrahedrites Cu12Sb4S13. Applied Physics Letters, 115(18). https://doi.org/10.1063/1.5119404"
Zhu 2019,Cu12Sb4S12.7Se0.3,Se,12.0,0.52,0.75,450.0,,115.0,150.0,9.4,7.2,1.48,1.32,,quartz ampoule. 923K 12h,CP + annealing : 723K (1 week) + HP 673K 1h 250MPa,HP,673.0,,98.0,,,,,"Zhu, C., Ming, H., Huang, L., Zhang, B., Lou, X., Li, D., Jabar, B., Xin, H., Zhang, J., & Qin, X. (2019). Achieving high power factor and thermoelectric performance through dual substitution of Zn and Se in tetrahedrites Cu12Sb4S13. Applied Physics Letters, 115(18). https://doi.org/10.1063/1.5119403"
Kwak 2021 Se,Cu12 Sb4 S12.9Se0.1,Se,12.0,0.58,0.84,450.0,723.0,156.0,165.0,3.7,3.63,0.95,0.86,9e+18,MA 350rpm 24h in Argon,HP  723 K 2h 70 MPa in Vacuum,HP,723.0,450.0,97.0,,,,,"Sung-Gyu Kwak, Go-Eun Lee, II-Ho Kim. Effects of Se Doping on Thermoelectric Properties of Tetrahedrite Cu12Sb4S13-zSez.Electronic Materials Letters (2021) 17 164-171. https://doi.org/10.1007/s13391-021-00270-3"
Kwak 2021 Se,Cu12 Sb4 S12.8Se0.2,Se,12.0,0.58,0.87,450.0,723.0,170.0,173.0,3.05,3.05,0.85,0.77,5e+18,MA 350rpm 24h in Argon,HP  723 K 2h 70 MPa in Vacuum,HP,723.0,450.0,99.0,,,,,"Sung-Gyu Kwak, Go-Eun Lee, II-Ho Kim. Effects of Se Doping on Thermoelectric Properties of Tetrahedrite Cu12Sb4S13-zSez.Electronic Materials Letters (2021) 17 164-171. https://doi.org/10.1007/s13391-021-00270-4"
Kwak 2021 Se,Cu12 Sb4 S12.7Se0.3,Se,12.0,0.5,0.65,450.0,723.0,173.0,175.0,1.7,1.8,0.6,0.6,1.7e+18,MA 350rpm 24h in Argon,HP  723 K 2h 70 MPa in Vacuum,HP,723.0,450.0,97.0,,,,,"Sung-Gyu Kwak, Go-Eun Lee, II-Ho Kim. Effects of Se Doping on Thermoelectric Properties of Tetrahedrite Cu12Sb4S13-zSez.Electronic Materials Letters (2021) 17 164-171. https://doi.org/10.1007/s13391-021-00270-5"
Kwak 2021 Se,Cu12 Sb4 S12.6Se0.4,Se,12.0,0.43,0.6,450.0,723.0,212.0,212.0,1.0,1.2,0.65,0.65,2.2e+18,MA 350rpm 24h in Argon,HP  723 K 2h 70 MPa in Vacuum,HP,723.0,450.0,96.0,,,,,"Sung-Gyu Kwak, Go-Eun Lee, II-Ho Kim. Effects of Se Doping on Thermoelectric Properties of Tetrahedrite Cu12Sb4S13-zSez.Electronic Materials Letters (2021) 17 164-171. https://doi.org/10.1007/s13391-021-00270-6"
Lu 2016 Se,Cu12 Sb4 S11.5Se0.5,Se,12.0,0.49,0.72,450.0,,121.0,143.0,1.62,1.39,1.44,1.35,,quartz tube.  923 K (12h). BM(5min),CP + quartz tube annealing  at 723 K (1 week)+ HP 80MPa 723 K (30min),HP,723.0,,,,,,,"Lu, X., Morelli, D. T., Wang, Y., Lai, W., Xia, Y., & Ozolins, V. (2016). Phase Stability, Crystal Structure, and Thermoelectric Properties of Cu12Sb4S13-xSex Solid Solutions. Chemistry of Materials, 28(6), 1781–1786. https://doi.org/10.1021/acs.chemmater.5b04794"
Lu 2016 Se,Cu12 Sb4 S11Se,Se,12.0,0.56,0.86,450.0,,116.0,138.0,1.62,1.39,1.43,1.32,,quartz tube.  923 K (12h). BM(5min),CP + quartz tube annealing  at 723 K (1 week)+ HP 80MPa 723 K (30min),HP,723.0,,,,,,,"Lu, X., Morelli, D. T., Wang, Y., Lai, W., Xia, Y., & Ozolins, V. (2016). Phase Stability, Crystal Structure, and Thermoelectric Properties of Cu12Sb4S13-xSex Solid Solutions. Chemistry of Materials, 28(6), 1781–1786. https://doi.org/10.1021/acs.chemmater.5b04795"
Lu 2016 Se,Cu12 Sb4 S11Se2,Se,12.0,0.47,0.71,450.0,723.0,120.0,140.0,1.62,1.39,1.43,1.3,,quartz tube.  923 K (12h). BM(5min),CP + quartz tube annealing  at 723 K (1 week)+ HP 80MPa 723 K (30min),HP,723.0,,,,,,,"Lu, X., Morelli, D. T., Wang, Y., Lai, W., Xia, Y., & Ozolins, V. (2016). Phase Stability, Crystal Structure, and Thermoelectric Properties of Cu12Sb4S13-xSex Solid Solutions. Chemistry of Materials, 28(6), 1781–1786. https://doi.org/10.1021/acs.chemmater.5b04796"
Thesis_2015 Bouyrie,Cu12Sb3TeS12.8Se0.25,Se+Te,12.0,0.74,0.81,400.0,,182.0,675.0,2.63,2.77,0.72,0.74,,quartz tube.  923 K (12h). HR 0.3/min CR 0.3K/min,SPS 80MPa. 573 K (4min). 723(4min),SPS,723.0,,92.0,,,,,"Bouyrie, Y. (2015). Identification, synthèse et caractérisation de phases tétraédrites pour la conversion d’énergie par effets thermoélectriques. https://theses.hal.science/tel-01599972v1"
Thesis_2015 Bouyrie,Cu12Sb3TeS12.5Se0.5,Se+Te,12.0,0.53,0.63,400.0,,165.0,175.0,2.74,2.46,0.8,0.81,,quartz tube.  923 K (12h). HR 0.3/min CR 0.3K/min,SPS 80MPa. 573 K (4min). 723(4min),SPS,724.0,,91.0,,,,,"Bouyrie, Y. (2015). Identification, synthèse et caractérisation de phases tétraédrites pour la conversion d’énergie par effets thermoélectriques. https://theses.hal.science/tel-01599972v2"
Thesis_2015 Bouyrie,Cu12Sb3TeS12Se,Se+Te,12.0,0.51,0.64,400.0,,162.0,170.0,2.75,2.4,0.83,0.84,,quartz tube.  923 K (12h). HR 0.3/min CR 0.3K/min,SPS 80MPa. 573 K (4min). 723(4min),SPS,725.0,,92.0,,,,,"Bouyrie, Y. (2015). Identification, synthèse et caractérisation de phases tétraédrites pour la conversion d’énergie par effets thermoélectriques. https://theses.hal.science/tel-01599972v3"
Thesis_2015 Bouyrie,Cu12Sb3TeS11.5Se1.5,Se+Te,12.0,0.52,0.68,400.0,,163.0,170.0,3.09,2.8,0.85,0.86,,quartz tube.  923 K (12h). HR 0.3/min CR 0.3K/min,SPS 80MPa. 573 K (4min). 723(4min),SPS,726.0,,95.0,,,,,"Bouyrie, Y. (2015). Identification, synthèse et caractérisation de phases tétraédrites pour la conversion d’énergie par effets thermoélectriques. https://theses.hal.science/tel-01599972v4"
Sun 2017,Cu12 Sb4 S12.6,Cu-excess/deficiency,12.0,0.45,0.65,450.0,723.0,122.0,164.0,5.35,3.32,1.14,1.01,,MA 450rpm 10h,SPS  723 K (10min). 50 MPa,SPS,723.0,450.0,86.0,,,,,"Sun, F. H., Wu, C. F., Li, Z., Pan, Y., Asfandiyar, Dong, J., & Li, J. F. (2017). Powder metallurgically synthesized Cu12Sb4S13 tetrahedrites: phase transition and high thermoelectricity. RSC Advances, 7(31), 18909–18916. https://doi.org/10.1039/c7ra02564e"
Sun 2017,Cu12 Sb4 S12.7,Cu-excess/deficiency,12.0,0.45,0.65,450.0,723.0,118.0,164.21,5.35,3.24,1.06,0.93,,MA 450rpm 10h,SPS  723 K (10min). 50 MPa,SPS,723.0,450.0,86.0,,,,,"Sun, F. H., Wu, C. F., Li, Z., Pan, Y., Asfandiyar, Dong, J., & Li, J. F. (2017). Powder metallurgically synthesized Cu12Sb4S13 tetrahedrites: phase transition and high thermoelectricity. RSC Advances, 7(31), 18909–18916. https://doi.org/10.1039/c7ra02564e"
